date,rank,title,daily_admission,total_admission,showtimes
2025-12-31,1,Avatar: Fire And Ash,141063,4842063,50919
2025-12-31,2,Agak Laen: Menyala Pantiku!,94178,10002213,143476
2025-12-31,3,Dusun Mayit,60334,60334,1221
2025-12-31,4,Janur Ireng: Sewu Dino The Prequel,59046,766334,14155
2025-12-31,5,Modual Nekad,55588,55588,1480
2025-12-31,6,The Spongebob Movie: Search For Squarepants,13949,258590,6086
2025-12-31,7,Zootopia 2,10442,1676642,38021
2025-12-31,8,The Housemaid,9489,9489,550
2025-12-31,9,Comic 8 Revolution Santet K4binet,8479,344710,7872
2025-12-31,10,Anaconda,6903,107611,2538
2025-12-31,11,Timur,3713,398713,11975
2025-12-31,12,Riba,1924,198743,4462
2025-12-31,13,Patah Hati Yang Kupilih,1086,101377,4401
2025-12-30,1,Avatar: Fire And Ash,185609,4701000,48337
2025-12-30,2,Janur Ireng: Sewu Dino The Prequel,107991,707288,12584
2025-12-30,3,Agak Laen: Menyala Pantiku!,106768,9908035,141862
2025-12-30,4,Comic 8 Revolution Santet K4binet,26437,336231,7452
2025-12-30,5,The Spongebob Movie: Search For Squarepants,25426,244641,5591
2025-12-30,6,Zootopia 2,20325,1666200,37705
2025-12-30,7,Anaconda,14711,100708,2328
2025-12-30,8,Patah Hati Yang Kupilih,6330,100291,4315
2025-12-30,9,Timur,5433,395000,11857
2025-12-29,1,Avatar: Fire And Ash,206593,4515391,45153
2025-12-29,2,Agak Laen: Menyala Pantiku!,141591,9801267,139874
2025-12-29,3,Janur Ireng: Sewu Dino The Prequel,101938,599297,10762
2025-12-29,4,The Spongebob Movie: Search For Squarepants,29868,219215,4665
2025-12-29,5,Comic 8 Revolution Santet K4binet,28751,309794,6419
2025-12-29,6,Zootopia 2,21785,1645875,37167
2025-12-29,7,Anaconda,15725,85997,1923
2025-12-29,8,Patah Hati Yang Kupilih,6990,93961,3960
2025-12-29,9,Timur,5259,389567,11688
2025-12-29,10,Riba,1942,196819,4453
2025-12-28,1,Avatar: Fire And Ash,276175,4308798,41975
2025-12-28,2,Agak Laen: Menyala Pantiku!,133748,9659676,137895
2025-12-28,3,Janur Ireng: Sewu Dino The Prequel,71739,497359,9016
2025-12-28,4,Comic 8 Revolution Santet K4binet,37513,281043,5294
2025-12-28,5,The Spongebob Movie: Search For Squarepants,31066,189347,3784
2025-12-28,6,Cyberbullying,26824,485909,864
2025-12-28,7,Zootopia 2,24821,1624090,36673
2025-12-28,8,Anaconda,16325,70272,1508
2025-12-28,9,Patah Hati Yang Kupilih,12422,86971,3559
2025-12-28,10,Danyang Wingit Jumat Kliwon,12213,136725,5591
2025-12-28,11,Timur,5195,384308,11503
2025-12-28,12,The Voice of Hind Rajab,1433,7180,296
2025-12-28,13,#RUNSEOKJIN_EP.TOUR THE MOVIE,292,627,14
2025-12-28,14,Tu Meri Main Tera Main Tera Tu Meri,199,1281,53
2025-12-27,1,Avatar: Fire And Ash,325894,4032623,39766
2025-12-27,2,Agak Laen: Menyala Pantiku!,150738,9525928,136266
2025-12-27,3,Janur Ireng: Sewu Dino The Prequel,76863,425620,7416
2025-12-27,4,Comic 8 Revolution Santet K4binet,41486,243530,4661
2025-12-27,5,The Spongebob Movie: Search For Squarepants,36862,158281,3029
2025-12-27,6,Zootopia 2,31648,1599269,36292
2025-12-27,7,Anaconda,14517,53947,1168
2025-12-27,8,Patah Hati Yang Kupilih,10645,74549,3194
2025-12-27,9,Timur,6060,379113,11343
2025-12-27,10,#RUNSEOKJIN_EP.TOUR THE MOVIE,335,335,8
2025-12-27,11,Tu Meri Main Tera Main Tera Tu Meri,331,1082,43
2025-12-26,1,Avatar: Fire And Ash,314721,3706729,37566
2025-12-26,2,Agak Laen: Menyala Pantiku!,152047,9375190,134680
2025-12-26,3,Janur Ireng: Sewu Dino The Prequel,87755,348757,5790
2025-12-26,4,Comic 8 Revolution Santet K4binet,50433,202044,3985
2025-12-26,5,The Spongebob Movie: Search For Squarepants,38907,121419,2253
2025-12-26,6,Zootopia 2,30369,1567621,35930
2025-12-26,7,Anaconda,13471,39430,883
2025-12-26,8,Patah Hati Yang Kupilih,13167,63904,2772
2025-12-26,9,Timur,6960,373053,11160
2025-12-26,10,Tu Meri Main Tera Main Tera Tu Meri,300,751,31
2025-12-25,1,Avatar: Fire And Ash,363250,3392008,34505
2025-12-25,2,Agak Laen: Menyala Pantiku!,168143,9223143,132895
2025-12-25,3,Janur Ireng: Sewu Dino The Prequel,125625,261002,3861
2025-12-25,4,Comic 8 Revolution Santet K4binet,79660,151611,2730
2025-12-25,5,The Spongebob Movie: Search For Squarepants,50732,82512,1345
2025-12-25,6,Zootopia 2,37421,1537252,35478
2025-12-25,7,Patah Hati Yang Kupilih,18082,50737,2153
2025-12-25,8,Anaconda,16336,25959,612
2025-12-25,9,Timur,12321,366093,10877
2025-12-25,10,Tu Meri Main Tera Main Tera Tu Meri,451,451,16
2025-12-24,1,Avatar: Fire And Ash,264305,3028758,31727
2025-12-24,2,Janur Ireng: Sewu Dino The Prequel,135377,135377,1717
2025-12-24,3,Agak Laen: Menyala Pantiku!,107544,9055000,131265
2025-12-24,4,Comic 8 Revolution Santet K4binet,71951,71951,1432
2025-12-24,5,Patah Hati Yang Kupilih,32655,32655,1258
2025-12-24,6,The Spongebob Movie: Search For Squarepants,31780,31780,452
2025-12-24,7,Qorin 2,23329,228554,8770
2025-12-24,8,Timur,22527,353772,10477
2025-12-24,9,Zootopia 2,20931,1499831,35063
2025-12-24,10,Anaconda,9623,9623,342
2025-12-23,1,Avatar: Fire And Ash,373780,2764453,28907
2025-12-23,2,Agak Laen: Menyala Pantiku!,144373,8947456,129664
2025-12-23,3,Timur,52987,331245,9815
2025-12-23,4,Zootopia 2,38573,1478900,34817
2025-12-23,5,Riba,16978,194877,4410
2025-12-23,6,Mertua Ngeri Kali,1802,171046,5781
2025-12-23,7,Dream Animals: The Movie,43,464,115
2025-12-22,1,Avatar: Fire And Ash,421112,2390673,25828
2025-12-22,2,Agak Laen: Menyala Pantiku!,152986,8803083,127758
2025-12-22,3,Timur,52077,278258,8262
2025-12-22,4,Zootopia 2,37547,1440327,34436
2025-12-22,5,Mertua Ngeri Kali,1699,169244,5739
2025-12-22,6,Dream Animals: The Movie,44,421,111
2025-12-21,1,Avatar: Fire And Ash,429649,1969561,21216
2025-12-21,2,Agak Laen: Menyala Pantiku!,182106,8650097,125529
2025-12-21,3,Timur,61965,226181,6664
2025-12-21,4,Zootopia 2,45659,1402780,33937
2025-12-21,5,Mertua Ngeri Kali,1135,167545,5681
2025-12-21,6,Dream Animals: The Movie,99,377,94
2025-12-20,1,Avatar: Fire And Ash,452402,1539912,18109
2025-12-20,2,Agak Laen: Menyala Pantiku!,166254,8467991,123644
2025-12-20,3,Timur,61869,164216,5073
2025-12-20,4,Zootopia 2,45910,1357121,33566
2025-12-20,5,Mertua Ngeri Kali,1799,166410,5636
2025-12-20,6,Dream Animals: The Movie,154,278,91
2025-12-19,1,Avatar: Fire And Ash,339510,1087510,13479
2025-12-19,2,Agak Laen: Menyala Pantiku!,143220,8301737,121462
2025-12-19,3,Timur,45347,102347,3420
2025-12-19,4,Zootopia 2,24816,1311211,33085
2025-12-19,5,Mertua Ngeri Kali,1843,164611,5574
2025-12-19,6,Dream Animals: The Movie,124,124,56
2025-12-18,1,Avatar: Fire And Ash,349000,748000,8909
2025-12-18,2,Agak Laen: Menyala Pantiku!,137773,8158517,119307
2025-12-18,3,Timur,57000,57000,1760
2025-12-18,4,Wasiat Warisan,22340,103621,1124
2025-12-18,5,Zootopia 2,21000,1286395,32682
2025-12-18,6,Mertua Ngeri Kali,4732,162768,5499
2025-12-17,1,Avatar: Fire And Ash,399000,399000,4447
2025-12-17,2,Agak Laen: Menyala Pantiku!,149765,8020744,117129
2025-12-17,3,Zootopia 2,20634,1265395,32297
2025-12-17,4,Riba,13823,177899,4291
2025-12-17,5,Qorin 2,10846,205225,8095
2025-12-17,6,Mertua Ngeri Kali,7769,158036,5400
2025-12-17,7,Five Nights At Freddys 2,2741,226931,6689
2025-12-16,1,Agak Laen: Menyala Pantiku!,160451,7870979,114396
2025-12-16,2,Zootopia 2,36008,1244761,31596
2025-12-16,3,Qorin 2,19371,194379,7615
2025-12-16,4,Mertua Ngeri Kali,12245,150267,5061
2025-12-16,5,Pangku,10184,562332,27020
2025-12-16,6,Five Nights At Freddys 2,7934,224190,6587
2025-12-16,7,JUJUTSU KAISEN: SHIBUYA INCIDENT X THE CULLING GAME ADVANCE SCREENING - THE MOVIE,1405,104402,3250
2025-12-16,8,The Carpenters Son,623,9825,1175
2025-12-16,9,Nobody,140,1419,192
2025-12-16,10,Scarlet,135,2475,597
2025-12-15,1,Agak Laen: Menyala Pantiku!,206743,7710528,108380
2025-12-15,2,Zootopia 2,41751,1208753,29919
2025-12-15,3,Qorin 2,23969,175008,6499
2025-12-15,4,Mertua Ngeri Kali,14505,138022,4288
2025-12-15,5,Five Nights At Freddys 2,8904,216256,6093
2025-12-15,6,JUJUTSU KAISEN: SHIBUYA INCIDENT X THE CULLING GAME ADVANCE SCREENING - THE MOVIE,1637,102997,3072
2025-12-15,7,The Carpenters Son,812,9202,1057
2025-12-15,8,Nobody,158,1279,165
2025-12-15,9,Scarlet,146,2340,572
2025-12-14,1,Agak Laen: Menyala Pantiku!,351055,7503785,103612
2025-12-14,2,Zootopia 2,75142,1167002,28536
2025-12-14,3,Qorin 2,34066,151039,5471
2025-12-14,4,Danyang Wingit Jumat Kliwon,22819,124512,5432
2025-12-14,5,Mertua Ngeri Kali,22412,123517,3575
2025-12-14,6,Cyberbullying,19447,459085,818
2025-12-14,7,Five Nights At Freddys 2,17469,207352,5712
2025-12-14,8,Sosok Ketiga: Lintrik,5765,786518,27432
2025-12-14,9,The Voice of Hind Rajab,3413,5747,294
2025-12-14,10,JUJUTSU KAISEN: SHIBUYA INCIDENT X THE CULLING GAME ADVANCE SCREENING - THE MOVIE,3343,101360,3051
2025-12-14,11,The Carpenters Son,1888,8390,974
2025-12-14,12,Mengejar Restu,956,28176,1349
2025-12-14,13,Dhurandhar,846,3965,113
2025-12-14,14,Scarlet,568,2194,540
2025-12-14,15,Nobody,378,1121,141
2025-12-14,16,Kis Kisko Pyaar Karoon 2,192,439,46
2025-12-13,1,Agak Laen: Menyala Pantiku!,421812,7152730,98773
2025-12-13,2,Zootopia 2,85377,1091860,27162
2025-12-13,3,Qorin 2,37705,116973,4423
2025-12-13,4,Mertua Ngeri Kali,22909,101105,2832
2025-12-13,5,Five Nights At Freddys 2,20771,189883,5355
2025-12-13,6,JUJUTSU KAISEN: SHIBUYA INCIDENT X THE CULLING GAME ADVANCE SCREENING - THE MOVIE,4052,98017,3032
2025-12-13,7,The Carpenters Son,2084,6502,886
2025-12-13,8,Mengejar Restu,1126,27220,1255
2025-12-13,9,Dhurandhar,938,3119,101
2025-12-13,10,Nobody,380,743,108
2025-12-13,11,Scarlet,323,1626,499
2025-12-13,12,Kis Kisko Pyaar Karoon 2,167,247,33
2025-12-12,1,Agak Laen: Menyala Pantiku!,228783,6730918,92794
2025-12-12,2,Zootopia 2,48791,1006483,25670
2025-12-12,3,Mertua Ngeri Kali,32086,78196,1854
2025-12-12,4,Qorin 2,31016,79268,3136
2025-12-12,5,Five Nights At Freddys 2,12106,169112,4942
2025-12-12,6,Riba,11651,164076,3720
2025-12-12,7,JUJUTSU KAISEN: SHIBUYA INCIDENT X THE CULLING GAME ADVANCE SCREENING - THE MOVIE,2509,93965,2870
2025-12-12,8,Mengejar Restu,1720,26094,1104
2025-12-12,9,The Carpenters Son,1144,4418,749
2025-12-12,10,Dhurandhar,491,2181,87
2025-12-12,11,Nobody,363,363,62
2025-12-12,12,Solata,344,14662,504
2025-12-12,13,Scarlet,279,1303,445
2025-12-12,14,Kis Kisko Pyaar Karoon 2,80,80,19
2025-12-11,1,Agak Laen: Menyala Pantiku!,269490,6502135,87116
2025-12-11,2,Qorin 2,48252,48252,1588
2025-12-11,3,Mertua Ngeri Kali,46110,46110,777
2025-12-11,4,Zootopia 2,37485,957692,24412
2025-12-11,5,Mengejar Restu,24374,24374,789
2025-12-11,6,Five Nights At Freddys 2,7314,157006,4597
2025-12-11,7,JUJUTSU KAISEN: SHIBUYA INCIDENT X THE CULLING GAME ADVANCE SCREENING - THE MOVIE,2407,91456,2708
2025-12-11,8,The Carpenters Son,1301,3274,559
2025-12-11,9,Pesugihan Sate Gagak,861,423008,16365
2025-12-11,10,Dhurandhar,613,1690,67
2025-12-11,11,Scarlet,278,1024,364
2025-12-10,1,Agak Laen: Menyala Pantiku!,229130,6232645,81520
2025-12-10,2,Zootopia 2,38528,920207,23241
2025-12-10,3,Riba,29549,152425,3434
2025-12-10,4,Five Nights At Freddys 2,9864,149692,4290
2025-12-10,5,Sampai Titik Terakhirmu,4067,1555652,40100
2025-12-10,6,JUJUTSU KAISEN: SHIBUYA INCIDENT X THE CULLING GAME ADVANCE SCREENING - THE MOVIE,3844,89049,2527
2025-12-10,7,The Carpenters Son,1973,1973,333
2025-12-10,8,SISU: Road To Revenge,1583,18645,1218
2025-12-10,9,Wicked: For Good,1222,521746,19759
2025-12-10,10,Now You See Me: Now You Dont,821,763552,31523
2025-12-10,11,Scarlet,746,746,269
2025-12-10,12,Dhurandhar,652,1077,37
2025-12-10,13,"13 Days, 13 Nights",481,7865,605
2025-12-10,14,Eternity,161,5406,454
2025-12-09,1,Agak Laen: Menyala Pantiku!,363916,6003515,74520
2025-12-09,2,Zootopia 2,34164,881679,21770
2025-12-09,3,Five Nights At Freddys 2,12643,139828,3741
2025-12-09,4,Riba,11443,122876,3106
2025-12-09,5,Sampai Titik Terakhirmu,5418,1551585,39883
2025-12-09,6,JUJUTSU KAISEN: SHIBUYA INCIDENT X THE CULLING GAME ADVANCE SCREENING - THE MOVIE,5253,85205,2191
2025-12-09,7,SISU: Road To Revenge,2482,17062,1120
2025-12-09,8,Wasiat Warisan,1527,81281,1101
2025-12-09,9,Wicked: For Good,1257,520524,19692
2025-12-09,10,Now You See Me: Now You Dont,1241,762731,31463
2025-12-09,11,Ozora: Penganiayaan Brutal Penguasa Jaksel,743,37235,1781
2025-12-09,12,"13 Days, 13 Nights",602,7384,569
2025-12-09,13,Eternity,456,5245,418
2025-12-09,14,Dhurandhar,425,425,13
2025-12-08,1,Agak Laen: Menyala Pantiku!,338497,5639599,67324
2025-12-08,2,Zootopia 2,46293,847515,20251
2025-12-08,3,Five Nights At Freddys 2,15512,127185,3096
2025-12-08,4,Riba,8336,111433,2751
2025-12-08,5,JUJUTSU KAISEN: SHIBUYA INCIDENT X THE CULLING GAME ADVANCE SCREENING - THE MOVIE,6169,79952,1782
2025-12-08,6,Sampai Titik Terakhirmu,6089,1546167,39662
2025-12-08,7,Wicked: For Good,2214,519267,19596
2025-12-08,8,SISU: Road To Revenge,1870,14580,979
2025-12-08,9,Wasiat Warisan,1553,79754,1063
2025-12-08,10,Now You See Me: Now You Dont,1110,761490,31378
2025-12-08,11,Ozora: Penganiayaan Brutal Penguasa Jaksel,1064,36492,1672
2025-12-08,12,"13 Days, 13 Nights",612,6782,512
2025-12-08,13,Eternity,413,4789,351
2025-12-07,1,Agak Laen: Menyala Pantiku!,620574,5301102,60191
2025-12-07,2,Zootopia 2,90096,801222,18801
2025-12-07,3,Five Nights At Freddys 2,28720,111673,2478
2025-12-07,4,Riba,21310,103097,2310
2025-12-07,5,Wasiat Warisan,13547,78201,942
2025-12-07,6,JUJUTSU KAISEN: SHIBUYA INCIDENT X THE CULLING GAME ADVANCE SCREENING - THE MOVIE,12980,73783,1351
2025-12-07,7,Sampai Titik Terakhirmu,11503,1540078,39442
2025-12-07,8,Cyberbullying,9638,439638,774
2025-12-07,9,Summa: Dendam Perempuan Sinting,5753,5753,51
2025-12-07,10,Wicked: For Good,4770,517053,19513
2025-12-07,11,SISU: Road To Revenge,4669,12710,800
2025-12-07,12,Ozora: Penganiayaan Brutal Penguasa Jaksel,3635,35428,1515
2025-12-07,13,Now You See Me: Now You Dont,2745,760380,31298
2025-12-07,14,"13 Days, 13 Nights",1845,6170,432
2025-12-07,15,Eternity,1049,4376,285
2025-12-07,16,Monsta X: Connect X In Cinemas,361,1121,119
2025-12-07,17,NIA,48,1522,662
2025-12-06,1,Agak Laen: Menyala Pantiku!,678000,4680528,53051
2025-12-06,2,Zootopia 2,101481,711126,17343
2025-12-06,3,Five Nights At Freddys 2,37014,82953,1871
2025-12-06,4,Riba,30624,81787,1861
2025-12-06,5,Wasiat Warisan,17851,64654,808
2025-12-06,6,JUJUTSU KAISEN: SHIBUYA INCIDENT X THE CULLING GAME ADVANCE SCREENING - THE MOVIE,17558,60803,883
2025-12-06,7,Sampai Titik Terakhirmu,11940,1528575,39215
2025-12-06,8,Wicked: For Good,5651,512283,19434
2025-12-06,9,SISU: Road To Revenge,4907,8041,617
2025-12-06,10,Ozora: Penganiayaan Brutal Penguasa Jaksel,4358,31793,1313
2025-12-06,11,Now You See Me: Now You Dont,3222,757635,31216
2025-12-06,12,"13 Days, 13 Nights",2269,4325,343
2025-12-06,13,Eternity,1002,3327,205
2025-12-06,14,Monsta X: Connect X In Cinemas,427,760,97
2025-12-06,15,NIA,259,1474,638
2025-12-05,1,Agak Laen: Menyala Pantiku!,471221,4002528,47628
2025-12-05,2,Zootopia 2,68074,609645,16268
2025-12-05,3,Riba,30424,51163,1389
2025-12-05,4,Five Nights At Freddys 2,22971,45939,1466
2025-12-05,5,Wasiat Warisan,12050,46803,657
2025-12-05,6,JUJUTSU KAISEN: SHIBUYA INCIDENT X THE CULLING GAME ADVANCE SCREENING - THE MOVIE,10621,43245,794
2025-12-05,7,Ozora: Penganiayaan Brutal Penguasa Jaksel,9036,27435,1111
2025-12-05,8,Sampai Titik Terakhirmu,7187,1516635,39009
2025-12-05,9,SISU: Road To Revenge,3134,3134,416
2025-12-05,10,Wicked: For Good,2960,506632,19362
2025-12-05,1,Agak Laen: Menyala Pantiku!,471221,4002528,47628
2025-12-05,2,Zootopia 2,68074,609645,16268
2025-12-05,3,Riba,30424,51163,1389
2025-12-05,4,Five Nights At Freddys 2,22971,45939,1466
2025-12-05,5,Wasiat Warisan,12050,46803,657
2025-12-05,6,JUJUTSU KAISEN: SHIBUYA INCIDENT X THE CULLING GAME ADVANCE SCREENING - THE MOVIE,10621,43245,794
2025-12-05,7,Ozora: Penganiayaan Brutal Penguasa Jaksel,9036,27435,1111
2025-12-05,8,Sampai Titik Terakhirmu,7187,1516635,39009
2025-12-05,9,SISU: Road To Revenge,3134,3134,416
2025-12-05,10,Wicked: For Good,2960,506632,19362
2025-12-04,1,Agak Laen: Menyala Pantiku!,471221,4002528,47628
2025-12-04,2,Zootopia 2,68074,609645,16268
2025-12-04,3,Riba,30424,51163,1389
2025-12-04,4,Five Nights At Freddys 2,22971,45939,1466
2025-12-04,5,Wasiat Warisan,12050,46803,657
2025-12-04,6,JUJUTSU KAISEN: SHIBUYA INCIDENT X THE CULLING GAME ADVANCE SCREENING - THE MOVIE,10621,43245,794
2025-12-04,7,Ozora: Penganiayaan Brutal Penguasa Jaksel,9036,27435,1111
2025-12-04,8,Sampai Titik Terakhirmu,7187,1516635,39009
2025-12-04,9,SISU: Road To Revenge,3134,3134,416
2025-12-04,10,Wicked: For Good,2960,506632,19362
2025-12-03,1,Agak Laen: Menyala Pantiku!,420644,3161317,36379
2025-12-03,2,Zootopia 2,33320,510400,14474
2025-12-03,3,JUJUTSU KAISEN: SHIBUYA INCIDENT X THE CULLING GAME ADVANCE SCREENING - THE MOVIE,23642,23642,156
2025-12-03,4,Sampai Titik Terakhirmu,18163,1496132,38583
2025-12-03,5,Five Nights At Freddys 2,12594,12594,701
2025-12-03,6,Wicked: For Good,2765,501221,19212
2025-12-03,7,Now You See Me: Now You Dont,1704,751642,30977
2025-12-03,8,Legenda Kelam Malin Kundang,1624,51541,3285
2025-12-03,9,Danyang Wingit Jumat Kliwon,1150,101693,5090
2025-12-03,10,Eternity,788,788,45
2025-12-02,1,Agak Laen: Menyala Pantiku!,420644,3161317,36379
2025-12-02,2,Zootopia 2,33320,510400,14474
2025-12-02,3,JUJUTSU KAISEN: SHIBUYA INCIDENT X THE CULLING GAME ADVANCE SCREENING - THE MOVIE,23642,23642,156
2025-12-02,4,Sampai Titik Terakhirmu,18163,1496132,38583
2025-12-02,5,Five Nights At Freddys 2,12594,12594,701
2025-12-02,6,Wicked: For Good,2765,501221,19212
2025-12-02,7,Now You See Me: Now You Dont,1704,751642,30977
2025-12-02,8,Legenda Kelam Malin Kundang,1624,51541,3285
2025-12-02,9,Danyang Wingit Jumat Kliwon,1150,101693,5090
2025-12-02,10,Eternity,788,788,45
2025-12-01,1,Agak Laen: Menyala Pantiku!,420644,3161317,36379
2025-12-01,2,Zootopia 2,33320,510400,14474
2025-12-01,3,JUJUTSU KAISEN: SHIBUYA INCIDENT X THE CULLING GAME ADVANCE SCREENING - THE MOVIE,23642,23642,156
2025-12-01,4,Sampai Titik Terakhirmu,18163,1496132,38583
2025-12-01,5,Five Nights At Freddys 2,12594,12594,701
2025-12-01,6,Wicked: For Good,2765,501221,19212
2025-12-01,7,Now You See Me: Now You Dont,1704,751642,30977
2025-12-01,8,Legenda Kelam Malin Kundang,1624,51541,3285
2025-12-01,9,Danyang Wingit Jumat Kliwon,1150,101693,5090
2025-12-01,10,Eternity,788,788,45
2025-10-31,1,Shutter,28755,60459,4031
2025-10-31,2,Tumbal Darah,14488,226856,14423
2025-10-31,3,Si Paling Aktor,12319,20193,3213
2025-10-31,4,Maju Serem Mundur Horor,12119,163331,9689
2025-10-31,5,Kang Solah From Kang Mak x Nenek Gayung,7805,2414076,77324
2025-10-31,6,Pengin Hijrah,7006,22252,1514
2025-10-31,7,Rosario,5128,5128,936
2025-10-31,8,Air Mata Di Ujung Sajadah 2,3680,137468,10689
2025-10-31,9,Rangga & Cinta,3511,890528,43421
2025-10-31,10,Regretting You,2884,2884,844
2025-10-31,11,Tin Soldier,1993,6709,2086
2025-10-31,12,Getih Ireng,1445,307672,19944
2025-10-31,13,Stolen Girl,1289,46817,6666
2025-10-31,14,Tron: Ares,1051,291409,24347
2025-10-31,15,Caught Stealing,807,3608,1127
2025-10-31,16,Badik,734,3516,163
2025-10-31,17,Shelby Oaks,539,2248,524
2025-10-31,18,G-Dragon In Cinema: Ubermensch,511,9945,520
2025-10-30,1,Shutter,31704,31704,2008
2025-10-30,2,Maju Serem Mundur Horor,16179,151212,8917
2025-10-30,3,Pengin Hijrah,15246,15246,805
2025-10-30,4,Tumbal Darah,13999,212368,13436
2025-10-30,5,Kang Solah From Kang Mak x Nenek Gayung,8837,2406271,76868
2025-10-30,6,Si Paling Aktor,7874,7874,1900
2025-10-30,7,Air Mata Di Ujung Sajadah 2,4081,133788,10360
2025-10-30,8,Rangga & Cinta,3459,887017,43102
2025-10-30,9,Badik,2782,2782,86
2025-10-30,10,Tin Soldier,1937,4716,1630
2025-10-30,11,Getih Ireng,1859,306227,19751
2025-10-30,12,Stolen Girl,1275,45528,6406
2025-10-30,13,Tron: Ares,1049,290358,24183
2025-10-30,14,Caught Stealing,966,2801,924
2025-10-30,15,G-Dragon In Cinema: Ubermensch,964,9434,454
2025-10-30,16,Shelby Oaks,669,1709,399
2025-10-30,17,Murder Report,411,11805,2105
2025-10-30,18,Black Phone 2,233,64372,9710
2025-10-29,11,Getih Ireng,1859,306227,19751
2025-10-29,12,Stolen Girl,18852,135033,8110
2025-10-29,3,Air Mata Di Ujung Sajadah 2,17382,129707,9839
2025-10-29,4,Kang Solah From Kang Mak x Nenek Gayung,11332,2397434,76328
2025-10-29,5,G-Dragon In Cinema: Ubermensch,8470,8470,244
2025-10-29,6,Rangga & Cinta,4729,883558,42737
2025-10-29,7,Getih Ireng,4400,304368,19531
2025-10-29,8,Tin Soldier,2779,2779,1009
2025-10-29,1,Tumbal Darah,21882,198369,12436
2025-10-29,2,Maju Serem Mundur Horor,18852,135033,8110
2025-10-29,3,Air Mata Di Ujung Sajadah 2,17382,129707,9839
2025-10-29,4,Kang Solah From Kang Mak x Nenek Gayung,11332,2397434,76328
2025-10-29,5,G-Dragon In Cinema: Ubermensch,8470,8470,244
2025-10-29,6,Rangga & Cinta,4729,883558,42737
2025-10-29,7,Getih Ireng,4400,304368,19531
2025-10-29,8,Tin Soldier,2779,2779,1009
2025-10-29,9,Caught Stealing,1835,1835,549
2025-10-29,10,Stolen Girl,1652,44253,6067
2025-10-28,1,Tumbal Darah,17176,176487,10887
2025-10-28,2,Kang Solah From Kang Mak x Nenek Gayung,16069,2386102,75319
2025-10-28,3,Maju Serem Mundur Horor,13979,116181,6853
2025-10-28,4,Air Mata Di Ujung Sajadah 2,11521,112325,8841
2025-10-28,5,Rangga & Cinta,6876,878829,41956
2025-10-28,6,Getih Ireng,5481,299968,18923
2025-10-28,7,Stolen Girl,2684,42601,5566
2025-10-28,8,Tron: Ares,1345,288508,23779
2025-10-28,9,Murder Report,950,10461,1781
2025-10-28,10,The Toxic Avenger,799,9606,3746
2025-10-28,11,Black Phone 2,764,63725,9545
2025-10-28,12,Chainsaw Man - The Movie: Reze Arc,692,238711,14328
2025-10-28,13,The Cursed,612,35433,3930
2025-10-28,14,Your Letter,481,9206,1091
2025-10-28,15,One Battle After Another,371,190883,13033
2025-10-28,16,Sentimental Value,248,2044,307
2025-10-28,17,A Writers Odyssey 2,221,17412,1682
2025-10-28,18,The Ugly,121,1307,439
2025-10-27,11,Black Phone 2,764,63725,9545
2025-10-27,12,Chainsaw Man - The Movie: Reze Arc,692,238711,14328
2025-10-27,13,The Cursed,612,35433,3930
2025-10-27,14,Your Letter,481,9206,1091
2025-10-27,15,One Battle After Another,371,190883,13033
2025-10-27,16,Sentimental Value,248,2044,307
2025-10-27,17,A Writers Odyssey 2,221,17412,1682
2025-10-27,18,The Ugly,121,1307,439
2025-10-26,1,Tumbal Darah,31892,140168,7403
2025-10-26,2,Kang Solah From Kang Mak x Nenek Gayung,28992,2357493,73077
2025-10-26,3,Maju Serem Mundur Horor,24412,86625,4224
2025-10-26,4,Air Mata Di Ujung Sajadah 2,16334,92392,6444
2025-10-26,5,Rangga & Cinta,14383,864440,40094
2025-10-26,6,Stolen Girl,9974,36767,4007
2025-10-26,7,Getih Ireng,9855,289775,17418
2025-10-26,8,Tron: Ares,5812,285919,23120
2025-10-26,9,Murder Report,2733,8067,1158
2025-10-26,10,Black Phone 2,2444,62258,9209
2025-10-26,11,Your Letter,1727,7625,870
2025-10-26,12,The Toxic Avenger,1686,8289,3029
2025-10-26,13,One Battle After Another,1558,190345,12890
2025-10-26,14,The Cursed,1454,34325,3715
2025-10-26,15,ONE In A MILL10N,1431,5800,228
2025-10-26,16,Chainsaw Man - The Movie: Reze Arc,1287,237156,14120
2025-10-26,17,A Writers Odyssey 2,1042,16888,1535
2025-10-26,18,Cyberbullying,542,233454,527
2025-10-26,19,Jangan Panggil Mama Kafir,521,55158,6354
2025-10-26,20,Sentimental Value,424,1559,195
2025-10-26,21,The Ugly,358,951,309
2025-10-26,22,Thamma,257,1193,116
2025-10-25,1,Tumbal Darah,32437,108276,5572
2025-10-25,2,Kang Solah From Kang Mak x Nenek Gayung,28695,2328501,71971
2025-10-25,3,Maju Serem Mundur Horor,27125,62213,2972
2025-10-25,4,Rangga & Cinta,20842,850057,39093
2025-10-25,5,Air Mata Di Ujung Sajadah 2,16548,76058,5034
2025-10-25,6,Stolen Girl,12734,26793,3139
2025-10-25,7,Getih Ireng,9480,279920,16703
2025-10-25,8,Tron: Ares,7102,280107,22790
2025-10-25,9,Murder Report,3318,5334,809
2025-10-25,10,Black Phone 2,3035,59814,9058
2025-10-25,11,The Toxic Avenger,2149,6603,2646
2025-10-25,12,Your Letter,1909,5898,738
2025-10-25,13,ONE In A MILL10N,1861,4369,174
2025-10-25,14,Chainsaw Man - The Movie: Reze Arc,1776,235869,14005
2025-10-25,15,One Battle After Another,1686,188787,12821
2025-10-25,16,The Cursed,1498,32871,3625
2025-10-25,17,A Writers Odyssey 2,948,15846,1460
2025-10-25,18,Cyberbullying,822,232912,492
2025-10-25,19,Sentimental Value,703,1135,132
2025-10-25,20,Jangan Panggil Mama Kafir,700,54637,6276
2025-10-25,21,The Ugly,325,593,222
2025-10-25,22,Thamma,234,936,98
2025-10-24,1,Tumbal Darah,25451,75839,3691
2025-10-24,2,Air Mata Di Ujung Sajadah 2,21231,59510,3380
2025-10-24,3,Maju Serem Mundur Horor,15893,35088,1816
2025-10-24,4,Rangga & Cinta,13216,829215,38107
2025-10-24,5,Kang Solah From Kang Mak x Nenek Gayung,12349,2299806,70987
2025-10-24,6,Getih Ireng,5221,270440,16003
2025-10-24,7,Stolen Girl,4494,14059,2292
2025-10-24,8,Tron: Ares,2958,273005,22480
2025-10-24,9,Murder Report,2016,2016,435
2025-10-24,10,Black Phone 2,1335,56779,8902
2025-10-24,11,Your Letter,1069,3989,611
2025-10-24,12,Chainsaw Man - The Movie: Reze Arc,986,234093,13892
2025-10-24,13,The Cursed,921,31373,3535
2025-10-24,14,The Toxic Avenger,812,4454,2271
2025-10-24,15,One Battle After Another,503,187101,12754
2025-10-24,16,Sentimental Value,432,432,73
2025-10-24,17,ONE In A MILL10N,406,2508,120
2025-10-24,18,A Writers Odyssey 2,398,14898,1391
2025-10-24,19,Jangan Panggil Mama Kafir,318,53937,6195
2025-10-24,20,Cyberbullying,311,232090,441
2025-10-24,21,The Ugly,268,268,129
2025-10-24,22,Thamma,118,702,80
2025-10-23,1,Tumbal Darah,50388,50388,1763
2025-10-23,2,Air Mata Di Ujung Sajadah 2,38279,38279,1683
2025-10-23,3,Maju Serem Mundur Horor,19195,19195,726
2025-10-23,4,Kang Solah From Kang Mak x Nenek Gayung,12958,2287457,70130
2025-10-23,5,Rangga & Cinta,11265,815999,37257
2025-10-23,6,Getih Ireng,9969,265219,15201
2025-10-23,7,Pencarian Terakhir,7355,510305,19140
2025-10-23,8,Stolen Girl,4098,9565,1581
2025-10-23,9,Tron: Ares,2303,270047,22209
2025-10-23,10,The Toxic Avenger,1306,3642,1898
2025-10-23,11,Your Letter,1170,2920,472
2025-10-23,12,The Cursed,1113,30452,3429
2025-10-23,13,Black Phone 2,1002,55444,8774
2025-10-23,14,Chainsaw Man - The Movie: Reze Arc,930,233107,13775
2025-10-23,15,Cyberbullying,838,231779,360
2025-10-23,16,Jangan Panggil Mama Kafir,836,53619,6100
2025-10-23,17,Tukar Takdir,461,277699,17232
2025-10-23,18,One Battle After Another,437,186598,12682
2025-10-23,19,ONE In A MILL10N,417,2102,86
2025-10-23,20,A Writers Odyssey 2,394,14500,1324
2025-10-23,21,Thamma,184,584,64
2025-10-23,22,Jembatan Shiratal Mustaqim,97,206458,11021
2025-10-22,1,Andai Ibu Tidak Menikah Dengan Ayah,24410,903277,33043
2025-10-22,2,Getih Ireng,18638,255250,14072
2025-10-22,3,Kang Solah From Kang Mak x Nenek Gayung,16741,2274499,69130
2025-10-22,4,Rangga & Cinta,15754,804734,36331
2025-10-22,5,Stolen Girl,5467,5467,876
2025-10-22,6,Tron: Ares,3007,267744,21890
2025-10-22,7,The Toxic Avenger,2336,2336,1346
2025-10-22,8,Jangan Panggil Mama Kafir,1999,52783,5954
2025-10-22,9,Your Letter,1750,1750,265
2025-10-22,10,Black Phone 2,1717,54442,8575
2025-10-22,11,ONE In A MILL10N,1685,1685,52
2025-10-22,12,The Cursed,1509,29339,3276
2025-10-22,13,Jembatan Shiratal Mustaqim,764,206361,10994
2025-10-22,14,A Writers Odyssey 2,648,14106,1238
2025-10-22,15,Chainsaw Man - The Movie: Reze Arc,515,232177,13645
2025-10-22,16,One Battle After Another,423,186161,12596
2025-10-22,17,Yakin Nikah,286,60825,6023
2025-10-22,18,Thamma,200,400,43
2025-10-22,19,Tukar Takdir,181,277238,17221
2025-10-22,20,Good Fortune,152,3785,848
2025-10-22,21,The Smashing Machine,82,20931,3475
2025-11-30,1,Agak Laen: Menyala Pantiku!,619425,1825342,17912
2025-11-30,2,Zootopia 2,96129,402761,10240
2025-11-30,3,Sampai Titik Terakhirmu,44426,1423272,36483
2025-11-30,4,Cyberbullying,32161,430000,765
2025-11-30,5,Wicked: For Good,12098,489417,18573
2025-11-30,6,Now You See Me: Now You Dont,8487,744120,30333
2025-11-30,7,Legenda Kelam Malin Kundang,7916,41959,2688
2025-11-30,8,Maju Serem Mundur Horor,4042,343640,18490
2025-11-30,9,Danyang Wingit Jumat Kliwon,2428,97184,4797
2025-11-30,10,Pesugihan Sate Gagak,1743,422147,16283
2025-11-30,11,Pangku,1724,550536,26820
2025-11-30,12,Air Mata Mualaf,1106,32446,1485
2025-11-30,13,The Voice of Hind Rajab,350,2065,232
2025-11-30,14,SEVENTEEN WORLD TOUR [NEW_] IN JAPAN: LIVE VIEWING,326,326,25
2025-11-30,15,Tere Ishk Mein,307,662,15
2025-11-30,16,Ha Gom: The Darkness Of Soul,91,719,92
2025-11-29,1,Agak Laen: Menyala Pantiku!,600637,1205917,12681
2025-11-29,2,Zootopia 2,121888,306632,8488
2025-11-29,3,Sampai Titik Terakhirmu,51943,1378846,35660
2025-11-29,4,Wicked: For Good,20272,477319,18251
2025-11-29,5,Now You See Me: Now You Dont,17391,735633,30048
2025-11-29,6,Legenda Kelam Malin Kundang,10002,34043,2400
2025-11-29,7,Danyang Wingit Jumat Kliwon,2641,94756,4697
2025-11-29,8,Pangku,2582,548812,26758
2025-11-29,9,Air Mata Mualaf,2282,31340,1384
2025-11-29,10,Pesugihan Sate Gagak,1527,420404,16253
2025-11-29,11,The Voice of Hind Rajab,413,1715,215
2025-11-29,12,Tere Ishk Mein,355,355,7
2025-11-29,13,Ha Gom: The Darkness Of Soul,171,628,92
2025-11-28,1,Agak Laen: Menyala Pantiku!,332434,605280,7892
2025-11-28,2,Zootopia 2,61189,184744,6742
2025-11-28,3,Sampai Titik Terakhirmu,32730,1326903,34734
2025-11-28,4,Wicked: For Good,12595,457047,17876
2025-11-28,5,Legenda Kelam Malin Kundang,8041,24041,1952
2025-11-28,6,Now You See Me: Now You Dont,8038,718242,29707
2025-11-28,7,Air Mata Mualaf,4758,29058,1158
2025-11-28,8,Pangku,2620,546230,26667
2025-11-28,9,Pesugihan Sate Gagak,1688,418877,16202
2025-11-28,10,Danyang Wingit Jumat Kliwon,1250,92115,4587
2025-11-28,11,The Voice of Hind Rajab,348,1302,190
2025-11-28,12,Ha Gom: The Darkness Of Soul,62,457,92
2025-11-27,1,Agak Laen: Menyala Pantiku!,272846,272846,3722
2025-11-27,2,Zootopia 2,42021,123555,5078
2025-11-27,3,Sampai Titik Terakhirmu,34167,1294173,33692
2025-11-27,4,Air Mata Mualaf,24300,24300,597
2025-11-27,5,Legenda Kelam Malin Kundang,16000,16000,1199
2025-11-27,6,Wicked: For Good,8364,444452,17528
2025-11-27,7,Now You See Me: Now You Dont,7363,710204,29303
2025-11-27,8,Pangku,3855,543610,26519
2025-11-27,9,Pesugihan Sate Gagak,2686,417189,16126
2025-11-27,10,Danyang Wingit Jumat Kliwon,1414,90865,4512
2025-11-27,11,Sosok Ketiga: Lintrik,1013,780753,27284
2025-11-27,12,Keadilan (The Verdict),416,96316,7213
2025-11-27,13,The Voice of Hind Rajab,389,954,157
2025-11-27,14,Ha Gom: The Darkness Of Soul,120,395,92
2025-11-26,1,Zootopia 2,81534,81534,2813
2025-11-26,2,Sampai Titik Terakhirmu,56742,1260006,32294
2025-11-26,3,Sore Istri Dari Masa Depan,34999,3119896,48023
2025-11-26,4,Wicked: For Good,15772,436088,17016
2025-11-26,5,Now You See Me: Now You Dont,14379,702841,28638
2025-11-26,6,Pesugihan Sate Gagak,10275,414503,15875
2025-11-26,7,Pangku,9593,539755,26243
2025-11-26,8,Keadilan (The Verdict),3860,95900,7098
2025-11-26,9,Danyang Wingit Jumat Kliwon,3585,89451,4339
2025-11-26,10,Sosok Ketiga: Lintrik,3132,779740,27201
2025-11-26,11,Predator: Badlands,1011,371769,22462
2025-11-26,12,Dopamin,875,158339,8979
2025-11-26,13,Keeper,715,14307,1736
2025-11-26,14,The Voice of Hind Rajab,565,565,97
2025-11-26,15,Solata,461,14247,504
2025-11-26,16,Ha Gom: The Darkness Of Soul,275,275,52
2025-11-25,1,Sampai Titik Terakhirmu,72159,1203264,30065
2025-11-25,2,Wicked: For Good,22444,420316,15806
2025-11-25,3,Pesugihan Sate Gagak,16440,404228,15128
2025-11-25,4,Now You See Me: Now You Dont,15243,688462,27435
2025-11-25,5,Pangku,13192,530162,25572
2025-11-25,6,Keadilan (The Verdict),7282,92040,6590
2025-11-25,7,Sosok Ketiga: Lintrik,5939,776608,26885
2025-11-25,8,Danyang Wingit Jumat Kliwon,5609,85866,3800
2025-11-25,9,Predator: Badlands,1801,370758,22363
2025-11-25,10,Dopamin,1784,157464,8838
2025-11-25,11,Keeper,1299,13592,1647
2025-11-24,1,Sampai Titik Terakhirmu,66758,1131105,27645
2025-11-24,2,Wicked: For Good,24498,397872,13721
2025-11-24,3,Now You See Me: Now You Dont,16585,673219,25872
2025-11-24,4,Pesugihan Sate Gagak,14186,387788,14188
2025-11-24,5,Pangku,11100,516970,24722
2025-11-24,6,Keadilan (The Verdict),6713,84758,5856
2025-11-24,7,Danyang Wingit Jumat Kliwon,5589,80257,3140
2025-11-24,8,Sosok Ketiga: Lintrik,5031,770669,26517
2025-11-24,9,Dopamin,3437,155680,8570
2025-11-24,10,Keeper,1081,12293,1426
2025-11-24,11,Predator: Badlands,1066,368957,22229
2025-11-24,12,Jujutsu Kaisen: Zero -Revival-,182,1637,325
2025-11-23,1,Sampai Titik Terakhirmu,110124,1064347,25284
2025-11-23,2,Wicked: For Good,84837,373374,11584
2025-11-23,3,Now You See Me: Now You Dont,42330,656634,24274
2025-11-23,4,Pesugihan Sate Gagak,35970,373602,13220
2025-11-23,5,Pangku,18770,505870,23904
2025-11-23,6,Keadilan (The Verdict),10603,78045,5129
2025-11-23,7,Sosok Ketiga: Lintrik,10428,765638,26148
2025-11-23,8,Danyang Wingit Jumat Kliwon,8636,74668,2473
2025-11-23,9,Dopamin,4962,152243,8314
2025-11-23,10,Predator: Badlands,3771,367891,22097
2025-11-23,11,Keeper,2798,11212,1181
2025-11-23,12,"Die, My Love",1692,3462,300
2025-11-23,13,Belum Ada Judul,1314,5742,1350
2025-11-23,14,Jujutsu Kaisen: Zero -Revival-,430,1455,278
2025-11-23,15,Leak 2 (Jimat Dadong),367,5110,294
2025-11-23,16,Solata,348,13786,502
2025-11-23,17,120 Bahadur,298,698,49
2025-11-23,18,Samsara,258,1245,103
2025-11-22,1,Sampai Titik Terakhirmu,116556,954223,22917
2025-11-22,2,Wicked: For Good,109938,288537,9263
2025-11-22,3,Now You See Me: Now You Dont,55234,614304,22652
2025-11-22,4,Pesugihan Sate Gagak,30154,337632,12307
2025-11-22,5,Pangku,21792,487100,23134
2025-11-22,6,Keadilan (The Verdict),13240,67442,4273
2025-11-22,7,Sosok Ketiga: Lintrik,10484,755210,25796
2025-11-22,8,Danyang Wingit Jumat Kliwon,9782,66032,1824
2025-11-22,9,Dopamin,6439,147281,8028
2025-11-22,10,Keeper,5036,8414,883
2025-11-22,11,Predator: Badlands,4871,364120,21962
2025-11-22,12,Belum Ada Judul,1169,4428,1225
2025-11-22,13,Jujutsu Kaisen: Zero -Revival-,516,1025,209
2025-11-22,14,Leak 2 (Jimat Dadong),422,4743,223
2025-11-22,15,120 Bahadur,260,400,31
2025-11-22,16,Samsara,210,987,90
2025-11-21,1,Sampai Titik Terakhirmu,81000,837667,20646
2025-11-21,2,Wicked: For Good,55267,178599,6971
2025-11-21,3,Now You See Me: Now You Dont,29768,559070,21100
2025-11-21,4,Danyang Wingit Jumat Kliwon,26051,56250,1201
2025-11-21,5,Keadilan (The Verdict),22364,54202,3053
2025-11-21,6,Pesugihan Sate Gagak,17820,307478,11467
2025-11-21,7,Pangku,9610,465308,22620
2025-11-21,8,Sosok Ketiga: Lintrik,9149,744726,25454
2025-11-21,9,Dopamin,5719,140842,7706
2025-11-21,10,Keeper,3378,3378,502
2025-11-21,11,Predator: Badlands,1943,359249,21849
2025-11-21,12,Leak 2 (Jimat Dadong),1066,4321,155
2025-11-21,13,Belum Ada Judul,1023,3259,1059
2025-11-21,14,Jujutsu Kaisen: Zero -Revival-,509,509,124
2025-11-21,15,Samsara,148,777,73
2025-11-21,16,120 Bahadur,140,140,14
2026-01-31,1,Alas Roban,64504,1637717,41909
2026-01-31,2,"Kafir, Gerbang Sukma",50470,135526,4336
2026-01-31,3,Papa Zola The Movie,46485,291373,11099
2026-01-31,4,Kuyank,42867,143950,2749
2026-01-31,5,Shelter,35934,107952,5564
2026-01-31,6,Sebelum Dijemput Nenek,10627,172622,8399
2026-01-31,7,Esok Tanpa Ibu,9937,174605,9423
2026-01-31,8,Unexpected Family,9666,287313,11483
2026-01-31,9,"Tuhan, Benarkah Kau Mendengarku?",9659,47270,2298
2026-01-31,10,5 Centimeters Per Second (Live Action),8567,19982,908
2026-01-31,11,Send Help,6910,23237,2906
2026-01-31,12,Sengkolo Petaka Satu Suro,5696,181775,7915
2026-01-31,13,Penerbangan Terakhir,5309,290499,12896
2026-01-31,14,Tolong Saya! (Dowajuseyo),3571,16928,615
2026-01-31,15,Wildcat,3490,6600,1184
2026-01-31,16,Agak Laen: Menyala Pantiku!,2993,10922871,168217
2026-01-31,17,Return To Silent Hill,2868,6017,420
2026-01-31,18,The Housemaid,1979,256833,10405
2026-01-31,19,Mudborn,1460,1993,161
2026-01-31,20,Sinners,1282,63077,2918
2026-01-31,21,Primate,965,37773,3522
2026-01-31,22,Mardaani 3,553,913,79
2026-01-30,1,Kuyank,43727,101083,1809
2026-01-30,2,Alas Roban,43190,1573213,40284
2026-01-30,3,"Kafir, Gerbang Sukma",34897,85056,3305
2026-01-30,4,Shelter,18974,72018,4286
2026-01-30,5,5 Centimeters Per Second (Live Action),11415,11415,470
2026-01-30,6,Papa Zola The Movie,10843,244888,10332
2026-01-30,7,"Tuhan, Benarkah Kau Mendengarku?",6463,37611,1850
2026-01-30,8,Esok Tanpa Ibu,6316,164668,9016
2026-01-30,9,Unexpected Family,4425,277647,11215
2026-01-30,10,Sebelum Dijemput Nenek,4218,161995,8108
2026-01-30,1,Kuyank,4089,285190,12690
2026-01-30,12,Sengkolo Petaka Satu Suro,3223,176079,7735
2026-01-30,13,Tolong Saya! (Dowajuseyo),3221,13357,479
2026-01-30,14,Send Help,3161,16327,2470
2026-01-30,15,Wildcat,3110,3110,701
2026-01-30,16,Agak Laen: Menyala Pantiku!,1526,10919878,168144
2026-01-30,17,Return To Silent Hill,1002,3149,332
2026-01-30,18,The Housemaid,999,254854,10323
2026-01-30,19,Sinners,819,61795,2847
2026-01-30,20,Mudborn,533,533,83
2026-01-30,21,Primate,517,36808,3470
2026-01-30,22,Mardaani 3,360,360,43
2026-01-29,1,Kuyank,57356,57356,809
2026-01-29,2,"Kafir, Gerbang Sukma",50159,50159,1660
2026-01-29,3,Alas Roban,47959,1530023,38818
2026-01-29,4,"Tuhan, Benarkah Kau Mendengarku?",31148,31148,1051
2026-01-29,5,Shelter,18140,53044,3036
2026-01-29,6,Tolong Saya! (Dowajuseyo),10136,10136,325
2026-01-29,7,Papa Zola The Movie,9893,234045,9919
2026-01-29,8,Cyberbullying,8324,506825,1030
2026-01-29,9,Esok Tanpa Ibu,7731,158352,8674
2026-01-29,10,Sebelum Dijemput Nenek,5423,157777,7828
2026-01-29,11,Unexpected Family,4194,273222,10985
2026-01-29,12,Penerbangan Terakhir,4124,281101,12486
2026-01-29,13,Sengkolo Petaka Satu Suro,3934,172856,7558
2026-01-29,14,Send Help,2904,13166,2045
2026-01-29,15,Avatar: Fire And Ash,1228,6267893,88568
2026-01-29,16,Agak Laen: Menyala Pantiku!,1127,10918352,168079
2026-01-29,17,The Housemaid,1038,253855,10257
2026-01-29,18,Return To Silent Hill,886,2147,249
2026-01-29,19,Primate,856,36291,3416
2026-01-29,20,Sinners,684,60976,2772
2026-01-28,1,Alas Roban,40924,1482064,37353
2026-01-28,2,Shelter,34904,34904,1594
2026-01-28,3,Esok Tanpa Ibu,11893,150621,8213
2026-01-28,4,Send Help,10262,10262,1396
2026-01-28,5,Sengkolo Petaka Satu Suro,9785,168922,7182
2026-01-28,6,Sebelum Dijemput Nenek,8884,152354,7445
2026-01-28,7,Papa Zola The Movie,7438,224152,9310
2026-01-28,8,Penerbangan Terakhir,7436,276977,12217
2026-01-28,9,Unexpected Family,5859,269028,10718
2026-01-28,10,Agak Laen: Menyala Pantiku!,1788,10917225,168015
2026-01-28,11,Primate,1474,35435,3313
2026-01-28,12,Avatar: Fire And Ash,1466,6266665,88411
2026-01-28,13,The Housemaid,1425,252817,10146
2026-01-28,14,Return To Silent Hill,1261,1261,140
2026-01-28,15,Uang Passolo,1135,187443,3387
2026-01-28,16,Back To The Past,878,18911,1291
2026-01-28,17,Sinners,746,60292,2687
2026-01-28,18,Mercy,425,39039,5351
2026-01-28,19,Greenland 2 : Migration,410,196804,10659
2026-01-27,1,Alas Roban,43362,1441140,35409
2026-01-27,2,Sebelum Dijemput Nenek,12313,143470,6656
2026-01-27,3,Esok Tanpa Ibu,11564,138728,7428
2026-01-27,4,Sengkolo Petaka Satu Suro,9468,159137,6474
2026-01-27,5,Papa Zola The Movie,8979,216714,8305
2026-01-27,6,Penerbangan Terakhir,8267,269541,11752
2026-01-27,7,Unexpected Family,7222,263169,10334
2026-01-27,8,Primate,3609,33961,3011
2026-01-27,9,Agak Laen: Menyala Pantiku!,2554,10915437,167901
2026-01-27,10,Avatar: Fire And Ash,2177,6265199,88215
2026-01-27,11,Mercy,2091,38614,5209
2026-01-27,12,The Housemaid,1925,251392,10017
2026-01-27,13,Uang Passolo,1544,186308,3331
2026-01-27,14,Back To The Past,1130,18033,1207
2026-01-27,15,Greenland 2 : Migration,838,196394,10587
2026-01-27,16,Coraline,492,8781,853
2026-01-27,17,28 Years Later: The Bone Temple,383,65014,6166
2026-01-27,18,5 Centimeters Per Second (Animation),304,34322,1790
2026-01-26,1,Alas Roban,50276,1397778,33258
2026-01-26,2,Papa Zola The Movie,24707,207735,6692
2026-01-26,3,Sebelum Dijemput Nenek,15907,131157,5658
2026-01-26,4,Sengkolo Petaka Satu Suro,13682,149669,5542
2026-01-26,5,Penerbangan Terakhir,11256,261274,11219
2026-01-26,6,Esok Tanpa Ibu,10402,127164,6392
2026-01-26,7,Unexpected Family,9288,255947,9785
2026-01-26,8,Primate,3632,30352,2384
2026-01-26,9,Avatar: Fire And Ash,2841,6263022,87836
2026-01-26,10,Agak Laen: Menyala Pantiku!,2716,10912883,167767
2026-01-26,11,Mercy,2539,36523,4833
2026-01-26,12,Uang Passolo,1956,184764,3267
2026-01-26,13,The Housemaid,1850,249467,9827
2026-01-26,14,Back To The Past,1228,16903,1071
2026-01-26,15,Coraline,917,8289,755
2026-01-26,16,Greenland 2 : Migration,913,195556,10459
2026-01-26,17,28 Years Later: The Bone Temple,483,64631,6101
2026-01-26,18,5 Centimeters Per Second (Animation),418,34018,1750
2026-01-25,1,Alas Roban,86912,1347502,31109
2026-01-25,2,Papa Zola The Movie,60757,183028,4857
2026-01-25,3,Sebelum Dijemput Nenek,34778,115250,4613
2026-01-25,4,Esok Tanpa Ibu,29530,116762,5300
2026-01-25,5,Unexpected Family,24826,246659,9234
2026-01-25,6,Sengkolo Petaka Satu Suro,22569,135987,4586
2026-01-25,7,Penerbangan Terakhir,17867,250018,10717
2026-01-25,8,Primate,9246,26720,1936
2026-01-25,9,Avatar: Fire And Ash,6919,6260181,87466
2026-01-25,10,Musuh Dalam Selimut,6903,100516,6621
2026-01-25,11,Mercy,6000,33984,4423
2026-01-25,12,Back To The Past,5018,15675,935
2026-01-25,13,Agak Laen: Menyala Pantiku!,4861,10910167,167636
2026-01-25,14,The Housemaid,3954,247617,9662
2026-01-25,15,Cyberbullying,3413,498501,978
2026-01-25,16,Greenland 2 : Migration,2687,194643,10346
2026-01-25,17,Uang Passolo,2293,182808,3195
2026-01-25,18,Coraline,1616,7372,656
2026-01-25,19,28 Years Later: The Bone Temple,1018,64148,6033
2026-01-25,20,5 Centimeters Per Second (Animation),730,33600,1705
2026-01-25,21,Border 2,600,1228,29
2026-01-25,22,Janur Ireng: Sewu Dino The Prequel,439,1339136,32482
2026-01-24,1,Alas Roban,95366,1260590,29092
2026-01-24,2,Papa Zola The Movie,61107,122271,3231
2026-01-24,3,Sengkolo Petaka Satu Suro,33175,113418,3718
2026-01-24,4,Sebelum Dijemput Nenek,29408,80472,3593
2026-01-24,5,Esok Tanpa Ibu,25542,87232,4167
2026-01-24,6,Unexpected Family,24237,221833,8723
2026-01-24,7,Penerbangan Terakhir,16672,232151,10235
2026-01-24,8,Primate,10611,17474,1427
2026-01-24,9,Avatar: Fire And Ash,9730,6253262,87146
2026-01-24,10,Mercy,7516,27984,3977
2026-01-24,11,The Housemaid,5865,243663,9485
2026-01-24,12,Agak Laen: Menyala Pantiku!,4912,10905306,167519
2026-01-24,13,Uang Passolo,4682,180515,3124
2026-01-24,14,Back To The Past,4110,10657,803
2026-01-24,15,Coraline,2365,5756,558
2026-01-24,16,Greenland 2 : Migration,2291,191956,10260
2026-01-24,17,28 Years Later: The Bone Temple,1169,63130,5976
2026-01-24,18,5 Centimeters Per Second (Animation),904,32870,1665
2026-01-24,19,Janur Ireng: Sewu Dino The Prequel,677,1338697,32457
2026-01-24,20,Border 2,429,628,17
2026-01-23,1,Alas Roban,62637,1165224,27033
2026-01-23,2,Papa Zola The Movie,61164,61164,1402
2026-01-23,3,Sengkolo Petaka Satu Suro,40151,80243,2459
2026-01-23,4,Esok Tanpa Ibu,24475,61690,2948
2026-01-23,5,Sebelum Dijemput Nenek,20177,51064,2545
2026-01-23,6,Penerbangan Terakhir,14074,215479,9743
2026-01-23,7,Unexpected Family,12147,197596,8234
2026-01-23,8,Primate,6863,6863,878
2026-01-23,9,Avatar: Fire And Ash,4932,6243532,86750
2026-01-23,10,Mercy,4915,20468,3509
2026-01-23,11,Agak Laen: Menyala Pantiku!,3698,10900394,167411
2026-01-23,12,The Housemaid,2923,237798,9300
2026-01-23,13,Uang Passolo,2608,175833,3062
2026-01-23,14,Back To The Past,2008,6547,672
2026-01-23,15,Greenland 2 : Migration,858,189665,10186
2026-01-23,16,Coraline,679,3391,429
2026-01-23,17,Janur Ireng: Sewu Dino The Prequel,458,1338020,32425
2026-01-23,18,28 Years Later: The Bone Temple,422,61961,5918
2026-01-23,19,5 Centimeters Per Second (Animation),416,31966,1623
2026-01-23,20,Border 2,199,199,9
2026-01-22,1,Alas Roban,73893,1102587,25005
2026-01-22,2,Sengkolo Petaka Satu Suro,40092,40092,1114
2026-01-22,3,Esok Tanpa Ibu,37215,37215,1518
2026-01-22,4,Sebelum Dijemput Nenek,30887,30887,1291
2026-01-22,5,Penerbangan Terakhir,15108,201405,9219
2026-01-22,6,Unexpected Family,6993,185449,7777
2026-01-22,7,Mercy,5309,15553,2870
2026-01-22,8,Avatar: Fire And Ash,4621,6238600,86408
2026-01-22,9,Agak Laen: Menyala Pantiku!,2992,10896696,167302
2026-01-22,10,Uang Passolo,2419,173225,2992
2026-01-22,11,The Housemaid,2334,234875,9137
2026-01-22,12,Back To The Past,2113,4539,527
2026-01-22,13,Greenland 2 : Migration,1154,188807,10107
2026-01-22,14,Janur Ireng: Sewu Dino The Prequel,902,1337562,32384
2026-01-22,15,Coraline,784,2712,315
2026-01-22,16,28 Years Later: The Bone Temple,530,61539,5861
2026-01-22,17,5 Centimeters Per Second (Animation),527,31550,1582
2026-01-22,18,Dusun Mayit,372,771983,22832
2026-02-28,1,Panda Plan: The Magical Tribe,30157,80084,5888
2026-02-28,2,Scream 7,19199,55988,6567
2026-02-28,3,Blades of The Guardians,16096,216019,12220
2026-02-28,4,Kuyank,15717,1021057,26805
2026-02-28,5,Titip Bunda Di Surga-Mu,11179,35042,3438
2026-02-28,6,Marty Supreme,7941,31864,2192
2026-02-28,7,Lift,7346,30280,2128
2026-02-28,8,Iron Lung,7018,19124,1168
2026-02-28,9,Alas Roban,5794,2326114,75959
2026-02-28,10,"Antara Mama, Cinta Dan Surga",5059,68185,4253
2026-02-28,11,Goat,4808,167564,14128
2026-02-28,12,Crime 101,4413,90168,9132
2026-02-28,13,Hamnet,3078,5819,602
2026-02-28,14,"Kafir, Gerbang Sukma",1710,495880,22628
2026-02-28,15,Rajah,1705,4915,982
2026-02-28,16,Kokuho,1498,26927,2400
2026-02-28,17,Wuthering Heights,1318,98236,9130
2026-02-28,18,Agak Laen: Menyala Pantiku!,869,10962105,170423
2026-02-28,19,Once We Were Us,684,10989,2660
2026-02-28,20,TWENTY ONE PILOTS: MORE THAN WE EVER IMAGINED,530,891,59
2026-02-28,21,Epic: Elvis Presley In Concert,494,1290,549
2026-02-28,22,AIUEO Macam Betool Aja,427,59351,5624
2026-02-28,23,Whistle,339,90246,7728
2026-02-28,24,Dead Man's Wire,111,111,9
2026-02-28,25,Sun Children,43,43,9
2026-02-27,1,Kuyank,17756,1005340,26092
2026-02-27,2,Panda Plan: The Magical Tribe,15841,49927,4429
2026-02-27,3,Scream 7,10948,36789,5124
2026-02-27,4,Titip Bunda Di Surga-Mu,8567,23863,2244
2026-02-27,5,Lift,7679,22934,1436
2026-02-27,6,Blades of The Guardians,6829,199923,11501
2026-02-27,7,Marty Supreme,5455,23923,1662
2026-02-27,8,Iron Lung,4238,12106,863
2026-02-27,9,"Antara Mama, Cinta Dan Surga",2847,63126,4049
2026-02-27,10,Hamnet,2741,2741,314
2026-02-27,11,Alas Roban,2429,2320320,75651
2026-02-27,12,Crime 101,1862,85755,8857
2026-02-27,13,Rajah,1376,3210,741
2026-02-27,14,Goat,1261,162756,13913
2026-02-27,15,"Kafir, Gerbang Sukma",1008,494170,22545
2026-02-27,16,Wuthering Heights,702,96918,9010
2026-02-27,17,Once We Were Us,643,10305,2563
2026-02-27,18,Kokuho,624,25429,2320
2026-02-27,19,Agak Laen: Menyala Pantiku!,601,10961236,170372
2026-02-27,20,Epic: Elvis Presley In Concert,578,796,301
2026-02-27,21,AIUEO Macam Betool Aja,283,58924,5586
2026-02-27,22,Whistle,159,89907,7690
2026-02-27,23,Shelter,144,305557,20810
2026-02-27,24,TWENTY ONE PILOTS: MORE THAN WE EVER IMAGINED,140,361,40
2026-02-26,1,Kuyank,16002,987584,25371
2026-02-26,2,Titip Bunda Di Surga-Mu,15296,15296,1161
2026-02-26,3,Lift,15255,15255,651
2026-02-26,4,Panda Plan: The Magical Tribe,12332,34086,3124
2026-02-26,5,Scream 7,9992,25841,3658
2026-02-26,6,Blades of The Guardians,7070,193094,10849
2026-02-26,7,Sebelum Dijemput Nenek,4683,230117,11721
2026-02-26,8,Marty Supreme,3342,18468,1076
2026-02-26,9,Iron Lung,3300,7868,617
2026-02-26,10,Alas Roban,2488,2317891,75399
2026-02-26,11,"Antara Mama, Cinta Dan Surga",2373,60279,3881
2026-02-26,12,Crime 101,2225,83893,8611
2026-02-26,13,Rajah,1834,1834,422
2026-02-26,14,"Kafir, Gerbang Sukma",961,493162,22519
2026-02-26,15,Goat,819,161495,13791
2026-02-26,16,Wuthering Heights,612,96216,8901
2026-02-26,17,Kokuho,584,24805,2244
2026-02-26,18,Once We Were Us,458,9662,2461
2026-02-26,19,AIUEO Macam Betool Aja,428,58641,5539
2026-02-26,20,Agak Laen: Menyala Pantiku!,425,10960635,170324
2026-02-26,21,Shelter,283,305413,20777
2026-02-26,22,TWENTY ONE PILOTS: MORE THAN WE EVER IMAGINED,221,221,20
2026-02-26,23,Whistle,167,89748,7655
2026-02-26,24,Uang Passolo,17,211005,4061
2026-02-25,1,Panda Plan: The Magical Tribe,21754,21754,1688
2026-02-25,2,Kuyank,16536,971582,24668
2026-02-25,3,Scream 7,15849,15849,1953
2026-02-25,4,Blades of The Guardians,7778,186024,10182
2026-02-25,5,"Antara Mama, Cinta Dan Surga",4986,57906,3686
2026-02-25,6,Marty Supreme,4599,15126,651
2026-02-25,7,Iron Lung,4568,4568,359
2026-02-25,8,Alas Roban,3830,2315403,75111
2026-02-25,9,Crime 101,3256,81668,8308
2026-02-25,10,"Kafir, Gerbang Sukma",1552,492201,22479
2026-02-25,11,Goat,1249,160676,13647
2026-02-25,12,Wuthering Heights,894,95604,8763
2026-02-25,13,Kokuho,881,24221,2153
2026-02-25,14,Agak Laen: Menyala Pantiku!,710,10960210,170288
2026-02-25,15,Asrama Putri,643,8720,2375
2026-02-25,16,AIUEO Macam Betool Aja,585,58213,5485
2026-02-25,17,Once We Were Us,483,9204,2349
2026-02-25,18,Whistle,428,89581,7611
2026-02-25,19,Rumah Tanpa Cahaya,396,83120,5539
2026-02-25,20,Shelter,389,305130,20723
2026-02-25,21,Papa Zola The Movie,365,516973,25879
2026-02-25,22,Unexpected Family,195,344018,14939
2026-02-24,1,Kuyank,14690,955046,23869
2026-02-24,2,Blades of The Guardians,9084,178246,9344
2026-02-24,3,Crime 101,6057,78412,7801
2026-02-24,4,"Antara Mama, Cinta Dan Surga",5486,52920,3323
2026-02-24,5,Alas Roban,5103,2311573,74645
2026-02-24,6,Goat,2675,159427,13418
2026-02-24,7,"Kafir, Gerbang Sukma",2235,490649,22310
2026-02-24,8,Wuthering Heights,1723,94710,8571
2026-02-24,9,Once We Were Us,1584,8721,2174
2026-02-24,10,Kokuho,1470,23340,2046
2026-02-24,11,Whistle,1198,89153,7508
2026-02-24,12,Agak Laen: Menyala Pantiku!,1099,10959500,170211
2026-02-24,13,Asrama Putri,814,8077,2195
2026-02-24,14,Shelter,718,304741,20617
2026-02-24,15,AIUEO Macam Betool Aja,682,57628,5382
2026-02-24,16,Rumah Tanpa Cahaya,646,82724,5446
2026-02-24,17,Papa Zola The Movie,600,516608,25776
2026-02-24,18,Taneuh Kalaknat,503,5087,1759
2026-02-24,19,Unexpected Family,347,343823,14899
2026-02-24,20,Three Kingdoms: Starlit Heroes,79,1068,342
2026-02-23,1,Blades of The Guardians,15819,169162,8071
2026-02-23,2,Kuyank,10435,940356,22980
2026-02-23,3,Crime 101,7141,72355,6790
2026-02-23,4,"Antara Mama, Cinta Dan Surga",6217,47434,2777
2026-02-23,5,Alas Roban,5346,2306470,73916
2026-02-23,6,Goat,3581,156752,12910
2026-02-23,7,"Kafir, Gerbang Sukma",3268,488414,22067
2026-02-23,8,Kokuho,2264,21870,1817
2026-02-23,9,Whistle,1459,87955,7240
2026-02-23,10,Wuthering Heights,1429,92987,8145
2026-02-23,11,Once We Were Us,1231,7137,1706
2026-02-23,12,Papa Zola The Movie,1007,516008,25542
2026-02-23,13,Shelter,845,304023,20385
2026-02-23,14,Agak Laen: Menyala Pantiku!,774,10958401,170065
2026-02-23,15,Asrama Putri,729,7263,1903
2026-02-23,16,AIUEO Macam Betool Aja,625,56946,5192
2026-02-23,17,Unexpected Family,567,343476,14819
2026-02-23,18,Rumah Tanpa Cahaya,499,82078,5256
2026-02-23,19,Taneuh Kalaknat,466,4584,1592
2026-02-23,20,Three Kingdoms: Starlit Heroes,71,989,309
2026-02-22,1,Blades of The Guardians,39268,153343,6706
2026-02-22,2,Kuyank,16896,929921,22103
2026-02-22,3,Crime 101,13399,65214,5718
2026-02-22,4,Goat,12598,153171,12144
2026-02-22,5,"Antara Mama, Cinta Dan Surga",10956,41217,2199
2026-02-22,6,Alas Roban,7872,2301124,73128
2026-02-22,7,Sebelum Dijemput Nenek,7224,225434,11563
2026-02-22,8,Tolong Saya! (Dowajuseyo),5561,30285,1712
2026-02-22,9,Uang Passolo,5469,210988,4039
2026-02-22,10,Kokuho,4540,19606,1573
2026-02-22,1,Blades of The Guardians,39268,153343,6706
2026-02-22,2,Kuyank,16896,929921,22103
2026-02-22,3,Crime 101,13399,65214,5718
2026-02-22,4,Goat,12598,153171,12144
2026-02-22,5,"Antara Mama, Cinta Dan Surga",10956,41217,2199
2026-02-22,6,Alas Roban,7872,2301124,73128
2026-02-22,7,Sebelum Dijemput Nenek,7224,225434,11563
2026-02-22,8,Tolong Saya! (Dowajuseyo),5561,30285,1712
2026-02-22,9,Uang Passolo,5469,210988,4039
2026-02-22,10,Kokuho,4540,19606,1573
2026-02-22,21,Once We Were Us,1706,5906,1388
2026-02-22,22,Asrama Putri,1684,6534,1595
2026-02-22,23,Unexpected Family,1648,342909,14739
2026-02-22,24,AIUEO Macam Betool Aja,1398,56321,4993
2026-02-22,25,Rumah Tanpa Cahaya,1387,81579,5075
2026-02-22,26,Taneuh Kalaknat,1212,4118,1410
2026-02-22,27,Pocong Merah,753,753,211
2026-02-22,28,Three Kingdoms: Starlit Heroes,155,918,276
2026-02-22,29,Do Deewane Seher Mein,106,243,44
2026-02-22,30,A Hero,25,160,14
2026-02-22,31,Epic: Elvis Presley In Concert,19,218,54
2026-02-21,1,Blades of The Guardians,34256,114075,5391
2026-02-21,2,Kuyank,19968,913025,21223
2026-02-21,3,Crime 101,19223,51815,4644
2026-02-21,4,Goat,13106,140573,11320
2026-02-21,5,Alas Roban,10469,2293252,72351
2026-02-21,6,"Antara Mama, Cinta Dan Surga",10335,30261,1637
2026-02-21,7,Wuthering Heights,4636,88308,7472
2026-02-21,8,Marty Supreme,4500,6651,167
2026-02-21,9,Kokuho,4437,15066,1316
2026-02-21,10,"Kafir, Gerbang Sukma",4382,481973,21502
2026-02-21,11,Whistle,3200,83531,6745
2026-02-21,12,Papa Zola The Movie,2761,511012,24769
2026-02-21,13,Once We Were Us,2365,4200,983
2026-02-21,14,Shelter,2296,300977,19936
2026-02-21,15,Agak Laen: Menyala Pantiku!,2118,10955681,169780
2026-02-21,16,Unexpected Family,1822,341261,14656
2026-02-21,17,Asrama Putri,1771,4850,1270
2026-02-21,18,AIUEO Macam Betool Aja,1644,54923,4811
2026-02-21,19,Rumah Tanpa Cahaya,1423,80192,4882
2026-02-21,20,Taneuh Kalaknat,996,2906,1189
2026-02-21,21,Three Kingdoms: Starlit Heroes,227,763,234
2026-02-21,22,Late Shift,180,180,14
2026-02-21,23,A Hero,135,135,10
2026-02-21,24,Epic: Elvis Presley In Concert,104,199,36
2026-02-21,25,Do Deewane Seher Mein,100,137,27
2026-02-20,1,Blades of The Guardians,16200,79819,4117
2026-02-20,2,Kuyank,15400,893057,20361
2026-02-20,3,Crime 101,9146,32592,3609
2026-02-20,4,"Antara Mama, Cinta Dan Surga",8022,19926,1064
2026-02-20,5,Alas Roban,6136,2282783,71527
2026-02-20,6,Goat,5514,127467,10609
2026-02-20,7,"Kafir, Gerbang Sukma",3195,477591,21178
2026-02-20,8,Wuthering Heights,2517,83672,7093
2026-02-20,9,Kokuho,2348,10629,1049
2026-02-20,10,Marty Supreme,2151,2151,67
2026-02-20,11,Once We Were Us,1835,1835,489
2026-02-20,12,Papa Zola The Movie,1657,508251,24363
2026-02-20,13,Whistle,1586,80331,6513
2026-02-20,14,Asrama Putri,1525,3079,907
2026-02-20,15,Agak Laen: Menyala Pantiku!,1487,10953563,169644
2026-02-20,16,Shelter,1214,298681,19755
2026-02-20,17,AIUEO Macam Betool Aja,1139,53279,4643
2026-02-20,18,Rumah Tanpa Cahaya,958,78769,4683
2026-02-20,19,Unexpected Family,901,339439,14575
2026-02-20,20,Taneuh Kalaknat,887,1910,916
2026-02-20,21,Three Kingdoms: Starlit Heroes,124,536,186
2026-02-20,22,Epic: Elvis Presley In Concert,95,95,18
2026-02-20,23,Do Deewane Seher Mein,37,37,13
2026-02-19,1,Kuyank,15311,877657,19552
2026-02-19,2,Blades of The Guardians,13043,63619,2983
2026-02-19,3,"Antara Mama, Cinta Dan Surga",11904,11904,567
2026-02-19,4,Crime 101,7754,23446,2563
2026-02-19,5,Alas Roban,7366,2276647,70705
2026-02-19,6,Goat,5870,121953,9995
2026-02-19,7,Wuthering Heights,4813,81155,6783
2026-02-19,8,"Kafir, Gerbang Sukma",4529,474396,20872
2026-02-19,9,Modual Nekad,3541,352575,12433
2026-02-19,10,Kokuho,2404,8281,796
2026-02-19,11,Whistle,2004,78745,6312
2026-02-19,12,Papa Zola The Movie,1989,506594,24102
2026-02-19,13,Agak Laen: Menyala Pantiku!,1925,10952076,169512
2026-02-19,14,Janur Ireng: Sewu Dino The Prequel,1857,1340993,33024
2026-02-19,15,Asrama Putri,1554,1554,509
2026-02-19,16,Unexpected Family,1490,338538,14486
2026-02-19,17,Shelter,1474,297467,19552
2026-02-19,18,Taneuh Kalaknat,1023,1023,559
2026-02-19,19,AIUEO Macam Betool Aja,1019,52140,4468
2026-02-19,20,Rumah Tanpa Cahaya,1001,77811,4452
2026-02-19,21,Three Kingdoms: Starlit Heroes,168,412,139
2026-03-31,1,Danur: The Last Chapter,105372,2614350,39743
2026-03-31,2,Tunggu Aku Sukses Nanti,97710,1900599,32417
2026-03-31,3,Suzzanna: Santet Dosa di Atas Dosa,48836,1173417,23767
2026-03-31,4,Senin Harga Naik,45136,776148,19833
2026-03-31,5,Na Willa,34900,913786,22757
2026-03-31,6,Kuyank,9183,1225998,38111
2026-03-31,7,Hoppers,3518,709195,40317
2026-03-31,8,Pelangi di Mars,1353,231204,8768
2026-03-31,9,Dhurandhar: The Revenge,572,14182,454
2026-03-30,1,Tunggu Aku Sukses Nanti,151924,1802889,29808
2026-03-30,2,Danur: The Last Chapter,127223,2508978,36934
2026-03-30,3,Suzzanna: Santet Dosa di Atas Dosa,58058,1124581,22216
2026-03-30,4,Na Willa,55526,878886,21099
2026-03-30,5,Senin Harga Naik,54577,731012,18373
2026-03-30,6,Hoppers,4264,705677,39800
2026-03-30,7,Pelangi di Mars,3731,229851,8488
2026-03-30,8,Dhurandhar: The Revenge,487,13610,420
2026-03-29,1,Danur: The Last Chapter,186868,2381755,34100
2026-03-29,2,Tunggu Aku Sukses Nanti,146100,1650965,27264
2026-03-29,3,Na Willa,97962,823360,19368
2026-03-29,4,Suzzanna: Santet Dosa di Atas Dosa,86180,1066523,20637
2026-03-29,5,Senin Harga Naik,66550,676435,16993
2026-03-29,6,Panda Plan: The Magical Tribe,20455,291635,23257
2026-03-29,7,Hoppers,13676,701413,39194
2026-03-29,8,Pelangi di Mars,12359,226120,8146
2026-03-29,9,Blades of The Guardians,8722,319634,20869
2026-03-29,10,BRING ME THE HORIZON: L.I.V.E. IN São Paulo (LIVE IMMERSIVE VIRTUAL EXPERIMENT),2602,12698,259
2026-03-29,11,Dhurandhar: The Revenge,1201,13123,381
2026-03-29,12,TAKANASHI KIARA / NINOMAE INA’NIS 1ST CONCERT “DRAWN TO DAWN”: LIVE VIEWING IN CINEMAS,167,377,6
2026-03-28,11,Dhurandhar: The Revenge,1201,13123,381
2026-03-28,2,Tunggu Aku Sukses Nanti,192777,1504865,24696
2026-03-27,1,Danur: The Last Chapter,210236,1936422,27934
2026-03-27,2,Tunggu Aku Sukses Nanti,156859,1312088,22200
2026-03-27,3,Na Willa,87550,611872,15776
2026-03-27,4,Suzzanna: Santet Dosa di Atas Dosa,82177,868291,17292
2026-03-27,5,Senin Harga Naik,69929,520099,14271
2026-03-27,6,Agak Laen: Menyala Pantiku!,16202,10997135,171258
2026-03-27,7,Hoppers,15626,667312,37897
2026-03-27,8,Pelangi di Mars,10170,197317,7337
2026-03-27,9,BRING ME THE HORIZON: L.I.V.E. IN São Paulo (LIVE IMMERSIVE VIRTUAL EXPERIMENT),1974,7139,151
2026-03-27,10,Dhurandhar: The Revenge,817,10260,305
2026-03-26,1,Danur: The Last Chapter,232862,1726186,24786
2026-03-26,2,Tunggu Aku Sukses Nanti,177844,1155229,19739
2026-03-26,3,Suzzanna: Santet Dosa di Atas Dosa,102692,786114,15540
2026-03-26,4,Na Willa,88114,524322,14061
2026-03-26,5,Senin Harga Naik,69335,450170,12948
2026-03-26,6,Hoppers,17444,651686,37233
2026-03-26,7,Pelangi di Mars,13488,187147,6892
2026-03-26,8,BRING ME THE HORIZON: L.I.V.E. IN São Paulo (LIVE IMMERSIVE VIRTUAL EXPERIMENT),1064,5165,103
2026-03-26,9,Dhurandhar: The Revenge,746,9443,268
2026-03-25,1,Danur: The Last Chapter,285046,1493324,21634
2026-03-25,2,Tunggu Aku Sukses Nanti,195849,977385,17291
2026-03-25,3,Suzzanna: Santet Dosa di Atas Dosa,120717,683422,13733
2026-03-25,4,Na Willa,90733,436208,12352
2026-03-25,5,Senin Harga Naik,69120,380835,11662
2026-03-25,6,Hoppers,20738,634242,36516
2026-03-25,7,Pelangi di Mars,11660,173659,6394
2026-03-25,8,BRING ME THE HORIZON: L.I.V.E. IN São Paulo (LIVE IMMERSIVE VIRTUAL EXPERIMENT),4101,4101,58
2026-03-25,9,Dhurandhar: The Revenge,734,8697,234
2026-03-24,1,Danur: The Last Chapter,314244,1208278,18443
2026-03-24,2,Tunggu Aku Sukses Nanti,209420,781536,14855
2026-03-24,3,Suzzanna: Santet Dosa di Atas Dosa,136403,562705,11903
2026-03-24,4,Na Willa,100626,345475,10629
2026-03-24,5,Senin Harga Naik,71569,311715,10439
2026-03-24,6,Hoppers,31372,613504,35802
2026-03-24,7,Pelangi di Mars,16731,161999,5864
2026-03-24,8,Dhurandhar: The Revenge,981,7963,202
2026-03-23,1,Danur: The Last Chapter,277654,894034,15155
2026-03-23,2,Tunggu Aku Sukses Nanti,189917,572116,12503
2026-03-23,3,Suzzanna: Santet Dosa di Atas Dosa,139867,426302,10020
2026-03-23,4,Na Willa,88810,244849,9070
2026-03-23,5,Senin Harga Naik,66943,240146,9218
2026-03-23,6,Hoppers,36810,582132,35038
2026-03-23,7,Pelangi di Mars,27616,145268,5263
2026-03-23,8,Dhurandhar: The Revenge,1130,6982,169
2026-03-22,1,Danur: The Last Chapter,277654,894034,15155
2026-03-22,2,Tunggu Aku Sukses Nanti,189917,572116,12503
2026-03-22,3,Suzzanna: Santet Dosa di Atas Dosa,139867,426302,10020
2026-03-22,4,Na Willa,88810,244849,9070
2026-03-22,5,Senin Harga Naik,66943,240146,9218
2026-03-22,6,Hoppers,36810,582132,35038
2026-03-22,7,Pelangi di Mars,30913,117652,4478
2026-03-22,8,Panda Plan: The Magical Tribe,17597,271180,22200
2025-10-21,1,Getih Ireng,19771,236612,12248
2025-10-21,2,Kang Solah From Kang Mak x Nenek Gayung,19574,2257758,67734
2025-10-21,3,Rangga & Cinta,14733,788980,34967
2025-10-21,4,Tron: Ares,4498,264737,21459
2025-10-21,5,Black Phone 2,2843,52725,8164
2025-10-21,6,The Cursed,2631,27830,2990
2025-10-21,7,Jangan Panggil Mama Kafir,2605,50784,5492
2025-10-21,8,Jembatan Shiratal Mustaqim,2076,205597,10857
2025-10-21,9,One Battle After Another,1119,185738,12522
2025-10-21,10,A Writers Odyssey 2,1026,13458,1123
2025-10-21,11,Chainsaw Man - The Movie: Reze Arc,628,231662,13494
2025-10-21,12,Yakin Nikah,414,60539,5949
2025-10-21,13,Tukar Takdir,394,277057,17180
2025-10-21,14,The Smashing Machine,257,20849,3451
2025-10-21,15,Menuju Pelaminan - The Road To Marriage,252,5317,1270
2025-10-21,16,It Was Just An Accident,252,1940,325
2025-10-21,17,Good Fortune,249,3633,820
2025-10-21,18,Good Boy,202,13386,1401
2025-10-21,19,Thamma,200,200,20
2025-10-21,20,Death Whisperer 3,181,46384,4400
2025-10-20,1,Getih Ireng,26545,216841,10197
2025-10-20,2,Kang Solah From Kang Mak x Nenek Gayung,20988,2238184,66103
2025-10-20,3,Rangga & Cinta,17268,774247,33364
2025-10-20,4,Tron: Ares,4971,260239,20582
2025-10-20,5,Jangan Panggil Mama Kafir,3462,48179,4809
2025-10-20,6,The Cursed,3253,25199,2408
2025-10-20,7,Black Phone 2,2886,49882,7430
2025-10-20,8,Jembatan Shiratal Mustaqim,1757,203521,10617
2025-10-20,9,A Writers Odyssey 2,996,12432,968
2025-10-20,10,One Battle After Another,794,184619,12359
2025-10-20,11,Chainsaw Man - The Movie: Reze Arc,649,231034,13384
2025-10-20,12,Yakin Nikah,459,60125,5815
2025-10-20,13,Tukar Takdir,449,276663,17069
2025-10-20,14,Good Fortune,362,3384,741
2025-10-20,15,Menuju Pelaminan - The Road To Marriage,350,5065,1179
2025-10-20,16,The Smashing Machine,325,20592,3365
2025-10-20,17,Good Boy,240,13184,1352
2025-10-20,18,It Was Just An Accident,201,1688,281
2025-10-20,19,Death Whisperer 3,173,46203,4343
2025-10-19,1,Getih Ireng,54419,190296,8192
2025-10-19,2,Kang Solah From Kang Mak x Nenek Gayung,45092,2217196,64404
2025-10-19,3,Cyberbullying,36040,230941,200
2025-10-19,4,Rangga & Cinta,32971,756979,31741
2025-10-19,5,Tron: Ares,18836,255268,19661
2025-10-19,6,Black Phone 2,8781,46996,6617
2025-10-19,7,The Cursed,7921,21946,1822
2025-10-19,8,Jangan Panggil Mama Kafir,7546,44717,4096
2025-10-19,9,Jembatan Shiratal Mustaqim,5986,201764,10405
2025-10-19,10,A Writers Odyssey 2,3083,11436,812
2025-10-19,11,One Battle After Another,2336,183825,12218
2025-10-19,12,Tukar Takdir,1772,276214,16910
2025-10-19,13,Chainsaw Man - The Movie: Reze Arc,1348,230385,13267
2025-10-19,14,No Other Choice,1301,50848,2524
2025-10-19,15,Menuju Pelaminan - The Road To Marriage,1268,4715,1075
2025-10-19,16,The Smashing Machine,1089,20267,3240
2025-10-19,17,Yakin Nikah,1076,59666,5689
2025-10-19,18,Rest Area,692,94615,5574
2025-10-19,19,Good Fortune,613,3022,658
2025-10-19,20,Good Boy,607,12944,1307
2025-10-19,21,Dongji Rescue,527,10085,1083
2025-10-19,22,It Was Just An Accident,410,1487,236
2025-10-19,23,Death Whisperer 3,339,46030,4303
2025-10-19,24,Cristine,227,2354,408
2025-10-18,1,Getih Ireng,52952,135877,6068
2025-10-18,2,Kang Solah From Kang Mak x Nenek Gayung,48051,2172104,62670
2025-10-18,3,Rangga & Cinta,46280,724008,30040
2025-10-18,4,Tron: Ares,20516,236432,18739
2025-10-18,5,Black Phone 2,11675,38215,5715
2025-10-18,6,The Cursed,10094,14025,1220
2025-10-18,7,Jangan Panggil Mama Kafir,9853,37171,3269
2025-10-18,8,Jembatan Shiratal Mustaqim,5266,195778,10228
2025-10-18,9,One Battle After Another,3209,181489,12088
2025-10-18,10,A Writers Odyssey 2,3130,8353,649
2025-10-18,11,Tukar Takdir,1978,274442,16733
2025-10-18,12,Chainsaw Man - The Movie: Reze Arc,1911,229037,13133
2025-10-18,13,No Other Choice,1434,49547,2469
2025-10-18,14,Menuju Pelaminan - The Road To Marriage,1358,3447,952
2025-10-18,15,The Smashing Machine,1272,19178,3091
2025-10-18,16,Yakin Nikah,1264,58590,5570
2025-10-18,17,Good Fortune,784,2409,552
2025-10-18,18,Good Boy,686,12337,1252
2025-10-18,19,It Was Just An Accident,538,1077,164
2025-10-18,20,Rest Area,519,93923,5533
2025-10-18,21,Dongji Rescue,376,9558,1061
2025-10-18,22,Death Whisperer 3,350,45691,4270
2025-10-18,23,Cristine,270,2127,351
2025-10-17,1,Rangga & Cinta,42832,677728,28348
2025-10-17,2,Getih Ireng,37403,82925,3971
2025-10-17,3,Kang Solah From Kang Mak x Nenek Gayung,24604,2124053,61028
2025-10-17,4,Jangan Panggil Mama Kafir,13233,27318,2287
2025-10-17,5,Tron: Ares,6824,215916,17889
2025-10-17,6,Black Phone 2,6643,26540,4801
2025-10-17,7,The Cursed,3931,3931,691
2025-10-17,8,Tukar Takdir,2776,272464,16515
2025-10-17,9,Jembatan Shiratal Mustaqim,2167,190512,10016
2025-10-17,10,A Writers Odyssey 2,1442,5223,503
2025-10-17,11,One Battle After Another,1349,178280,11963
2025-10-17,12,Chainsaw Man - The Movie: Reze Arc,1132,227126,13005
2025-10-17,13,Yakin Nikah,1014,57326,5456
2025-10-17,14,Menuju Pelaminan - The Road To Marriage,846,2089,818
2025-10-17,15,No Other Choice,774,48113,2417
2025-10-17,16,Cristine,761,1857,281
2025-10-17,17,It Was Just An Accident,539,539,87
2025-10-17,18,Good Fortune,535,1625,447
2025-10-17,19,Rest Area,361,93404,5495
2025-10-17,20,The Smashing Machine,355,17906,2884
2025-10-17,21,Good Boy,353,11651,1198
2025-10-17,22,Dongji Rescue,258,9182,1035
2025-10-17,23,Better Man,136,136,9
2025-10-17,24,Death Whisperer 3,132,45341,4232
2025-10-16,1,Getih Ireng,45522,45522,1900
2025-10-16,2,Rangga & Cinta,27175,634896,26934
2025-10-16,3,Kang Solah From Kang Mak x Nenek Gayung,22299,2099449,59529
2025-10-16,4,Jangan Panggil Mama Kafir,14085,14085,1173
2025-10-16,5,Black Phone 2,8399,19897,3724
2025-10-16,6,Tron: Ares,5214,209092,17206
2025-10-16,7,Jembatan Shiratal Mustaqim,3565,188345,9822
2025-10-16,8,Tukar Takdir,2581,269688,16284
2025-10-16,9,A Writers Odyssey 2,1664,3781,368
2025-10-16,10,Menuju Pelaminan - The Road To Marriage,1243,1243,553
2025-10-16,11,Yakin Nikah,1233,56312,5338
2025-10-16,12,Cristine,1096,1096,164
2025-10-16,13,Chainsaw Man - The Movie: Reze Arc,992,225994,12911
2025-10-16,14,One Battle After Another,980,176931,11867
2025-10-16,15,No Other Choice,715,47339,2372
2025-10-16,16,Good Fortune,593,1090,335
2025-10-16,17,Rest Area,522,93043,5447
2025-10-16,18,Good Boy,475,11298,1151
2025-10-16,19,The Smashing Machine,350,17551,2798
2025-10-16,20,The Conjuring: Last Rites,283,3478416,77479
2025-10-16,21,Dongji Rescue,226,8924,1008
2025-10-16,22,Death Whisperer 3,184,45209,4200
2025-10-15,1,Kang Solah From Kang Mak x Nenek Gayung,31859,2077150,58041
2025-10-15,2,Rangga & Cinta,29366,607721,25600
2025-10-15,3,Black Phone 2,11498,11498,2213
2025-10-15,4,Pencarian Terakhir,9538,502950,19016
2025-10-15,5,Jembatan Shiratal Mustaqim,8204,184780,9511
2025-10-15,6,Tron: Ares,6607,203878,16495
2025-10-15,7,Tukar Takdir,4211,267107,16001
2025-10-15,8,Yakin Nikah,2610,55079,5197
2025-10-15,9,A Writers Odyssey 2,2117,2117,204
2025-10-15,10,Rest Area,1515,92521,5379
2025-10-15,11,Chainsaw Man - The Movie: Reze Arc,1492,225002,12818
2025-10-15,12,One Battle After Another,842,175951,11763
2025-10-15,13,Dibalik Pintu Kematian,648,10621,1277
2025-10-15,14,Death Whisperer 3,514,45025,4162
2025-10-15,15,Good Fortune,497,497,178
2025-10-15,16,The Smashing Machine,478,17201,2734
2025-10-15,17,No Other Choice,451,46624,2327
2025-10-15,18,The Conjuring: Last Rites,421,3478133,77441
2025-10-15,19,Good Boy,361,10823,1092
2025-10-15,20,Dilanjutkan Salah Disudahi Perih,301,88297,4488
2025-10-15,21,Dongji Rescue,294,8698,978
2025-10-15,22,The Strangers: Chapter 2,69,38079,4069
2025-10-14,1,Rangga & Cinta,37035,578355,23799
2025-10-14,2,Kang Solah From Kang Mak x Nenek Gayung,34379,2045291,56108
2025-10-14,3,Jembatan Shiratal Mustaqim,14745,176576,8654
2025-10-14,4,Tron: Ares,10112,197271,15520
2025-10-14,5,Tukar Takdir,5425,262896,15458
2025-10-14,6,Yakin Nikah,2707,52469,4799
2025-10-14,7,Rest Area,1808,91006,5239
2025-10-14,8,Chainsaw Man - The Movie: Reze Arc,1394,223510,12661
2025-10-14,9,One Battle After Another,1337,175109,11666
2025-10-14,10,Death Whisperer 3,999,44511,4061
2025-10-14,11,The Smashing Machine,982,16723,2594
2025-10-14,12,No Other Choice,881,46173,2277
2025-10-14,13,Good Boy,806,10462,1007
2025-10-14,14,Dibalik Pintu Kematian,569,9973,1166
2025-10-14,15,Dongji Rescue,514,8404,939
2025-10-14,16,The Conjuring: Last Rites,393,3477712,77399
2025-10-14,17,Dilanjutkan Salah Disudahi Perih,390,87996,4458
2025-10-14,18,The Strangers: Chapter 2,143,38010,4053
2025-10-13,1,Kang Solah From Kang Mak x Nenek Gayung,38464,2010912,53907
2025-10-13,2,Rangga & Cinta,34295,541320,21875
2025-10-13,3,Jembatan Shiratal Mustaqim,15996,161831,7453
2025-10-13,4,Tron: Ares,12435,187159,13719
2025-10-13,5,Tukar Takdir,6119,257471,14713
2025-10-13,6,Yakin Nikah,3796,49762,4213
2025-10-13,7,Rest Area,1874,89198,5066
2025-10-13,8,Chainsaw Man - The Movie: Reze Arc,1792,222116,12435
2025-10-13,9,The Smashing Machine,1420,15741,2211
2025-10-13,10,One Battle After Another,1165,173772,11505
2025-10-13,11,Dibalik Pintu Kematian,1123,9404,1010
2025-10-13,12,No Other Choice,981,45292,2201
2025-10-13,13,Good Boy,821,9656,867
2025-10-13,14,Dongji Rescue,646,7890,830
2025-10-13,15,Dilanjutkan Salah Disudahi Perih,550,87606,4413
2025-10-13,16,Death Whisperer 3,540,43512,3896
2025-10-13,17,The Conjuring: Last Rites,374,3477319,77353
2025-10-13,18,The Strangers: Chapter 2,146,37867,4014
2025-10-12,1,Kang Solah From Kang Mak x Nenek Gayung,85283,1972448,51719
2025-10-12,2,Rangga & Cinta,53005,507025,20015
2025-10-12,3,Tron: Ares,41004,174724,11711
2025-10-12,4,Jembatan Shiratal Mustaqim,32753,145835,6185
2025-10-12,5,Cyberbullying,27632,194901,175
2025-10-12,6,Yakin Nikah,10987,45966,3491
2025-10-12,7,Pencarian Terakhir,9548,493412,18976
2025-10-12,8,Tukar Takdir,8363,251352,14095
2025-10-12,9,Chainsaw Man - The Movie: Reze Arc,5676,220324,12210
2025-10-12,10,Rest Area,4231,87324,4894
2025-10-12,11,The Smashing Machine,4073,14321,1777
2025-10-12,12,Detective Conan The Movie: One-Eyed Flashback,3961,81750,5876
2025-10-12,13,One Battle After Another,3774,172607,11389
2025-10-12,14,Juara Sejati,3124,229176,20
2025-10-12,15,Good Boy,2576,8835,718
2025-10-12,16,No Other Choice,2421,44311,2125
2025-10-12,17,Dibalik Pintu Kematian,2223,8281,843
2025-10-12,18,Dongji Rescue,1972,7244,729
2025-10-12,19,Death Whisperer 3,1079,42972,3839
2025-10-12,20,The Conjuring: Last Rites,902,3476945,77311
2025-10-12,21,Dilanjutkan Salah Disudahi Perih,777,87056,4374
2025-10-12,22,The Strangers: Chapter 2,332,37721,3980
2025-10-11,1,Kang Solah From Kang Mak x Nenek Gayung,88853,1887165,49534
2025-10-11,2,Rangga & Cinta,77383,454020,18071
2025-10-11,3,Tron: Ares,53064,133720,9599
2025-10-11,4,Jembatan Shiratal Mustaqim,32147,113082,4797
2025-10-11,5,Yakin Nikah,11777,34979,2711
2025-10-11,6,Tukar Takdir,9442,242989,13514
2025-10-11,7,Chainsaw Man - The Movie: Reze Arc,6540,214648,11971
2025-10-11,8,The Smashing Machine,5503,10248,1257
2025-10-11,9,One Battle After Another,4323,168833,11284
2025-10-11,10,Rest Area,4219,83093,4723
2025-10-11,11,No Other Choice,4056,41890,2040
2025-10-11,12,Good Boy,2519,6259,553
2025-10-11,13,Dibalik Pintu Kematian,2315,6058,663
2025-10-11,14,Dongji Rescue,1915,5272,623
2025-10-11,15,Dilanjutkan Salah Disudahi Perih,1143,86279,4335
2025-10-11,16,Death Whisperer 3,1106,41893,3784
2025-10-11,17,The Conjuring: Last Rites,823,3476043,77274
2025-10-11,18,The Strangers: Chapter 2,525,37389,3947
2025-10-10,11,No Other Choice,4056,41890,2040
2025-10-10,12,Good Boy,2519,6259,553
2025-10-10,13,Dibalik Pintu Kematian,2315,6058,663
2025-10-10,14,Dongji Rescue,1915,5272,623
2025-10-10,15,Dilanjutkan Salah Disudahi Perih,1143,86279,4335
2025-10-10,16,Death Whisperer 3,1106,41893,3784
2025-10-10,17,The Conjuring: Last Rites,823,3476043,77274
2025-10-10,18,The Strangers: Chapter 2,525,37389,3947
2025-10-09,1,Kang Solah From Kang Mak x Nenek Gayung,56720,1740628,45555
2025-10-09,2,Jembatan Shiratal Mustaqim,52975,52975,1684
2025-10-09,3,Rangga & Cinta,30221,326997,14594
2025-10-09,4,Tron: Ares,18753,54977,5308
2025-10-09,5,Cyberbullying,15217,167269,163
2025-10-09,6,Yakin Nikah,12529,12529,1020
2025-10-09,7,Pencarian Terakhir,7858,483864,18935
2025-10-09,8,Tukar Takdir,6347,225761,12395
2025-10-09,9,Chainsaw Man - The Movie: Reze Arc,3425,204005,11549
2025-10-09,10,Rest Area,2055,76291,4378
2025-10-09,11,One Battle After Another,1750,162996,11101
2025-10-09,12,Dibalik Pintu Kematian,1746,1746,263
2025-10-09,13,No Other Choice,1470,36638,1894
2025-10-09,14,Dongji Rescue,1219,2391,395
2025-10-09,15,Dilanjutkan Salah Disudahi Perih,1155,84225,4253
2025-10-09,16,Good Boy,1010,2330,258
2025-10-09,17,The Conjuring: Last Rites,774,3474556,77216
2025-10-09,18,Death Whisperer 3,758,40238,3686
2025-10-09,19,The Strangers: Chapter 2,349,36606,3883
2025-10-08,1,Kang Solah From Kang Mak x Nenek Gayung,74950,1683908,43721
2025-10-08,2,Rangga & Cinta,40445,296776,13157
2025-10-08,3,Tron: Ares,36224,36224,2843
2025-10-08,4,Tukar Takdir,17238,219414,11684
2025-10-08,5,Rest Area,6174,74236,4178
2025-10-08,6,Chainsaw Man - The Movie: Reze Arc,4305,200580,11359
2025-10-08,7,Dilanjutkan Salah Disudahi Perih,2192,83070,4200
2025-10-08,8,One Battle After Another,1781,161246,10957
2025-10-08,9,No Other Choice,1657,35168,1805
2025-10-08,10,Death Whisperer 3,1468,39480,3602
2025-10-08,11,Good Boy,1320,1320,129
2025-10-08,12,Dongji Rescue,1172,1172,236
2025-10-08,13,The Conjuring: Last Rites,832,3473782,77173
2025-10-08,14,The Strangers: Chapter 2,652,36257,3819
2025-10-08,15,Maria,61,1662,496
2025-10-07,1,Kang Solah From Kang Mak x Nenek Gayung,74027,1608958,41364
2025-10-07,2,Rangga & Cinta,40964,256331,11331
2025-10-07,3,Tukar Takdir,20047,202176,10551
2025-10-07,4,Rest Area,9266,68062,3740
2025-10-07,5,Chainsaw Man - The Movie: Reze Arc,6599,196275,11061
2025-10-07,6,One Battle After Another,4159,159465,10758
2025-10-07,7,Avatar: The Way of Water (Re-Release) (3D),3293,57591,1850
2025-10-07,8,Death Whisperer 3,3244,38012,3450
2025-10-07,9,Dilanjutkan Salah Disudahi Perih,2970,80878,4099
2025-10-07,10,No Other Choice,2707,33511,1680
2025-10-07,11,The Strangers: Chapter 2,2039,35605,3686
2025-10-07,12,The Conjuring: Last Rites,1767,3472950,77109
2025-10-07,13,Dia Bukan Ibu,811,119767,7059
2025-10-07,14,Andai Ibu Tidak Menikah Dengan Ayah,599,878867,32484
2025-10-07,15,Maria,146,1601,477
2025-10-06,1,Kang Solah From Kang Mak x Nenek Gayung,72373,1534931,38334
2025-10-06,2,Rangga & Cinta,42430,215367,9401
2025-10-06,3,Tukar Takdir,18124,182129,9078
2025-10-06,4,Chainsaw Man - The Movie: Reze Arc,8451,189676,10521
2025-10-06,5,Rest Area,8309,58796,3164
2025-10-06,6,Avatar: The Way of Water (Re-Release) (3D),3605,54298,1606
2025-10-06,7,Dilanjutkan Salah Disudahi Perih,3405,77908,3955
2025-10-06,8,One Battle After Another,3388,155306,10269
2025-10-06,9,Death Whisperer 3,2535,34768,3134
2025-10-06,10,No Other Choice,2504,30804,1458
2025-10-06,11,The Strangers: Chapter 2,2038,33566,3389
2025-10-06,12,The Conjuring: Last Rites,1589,3471183,76948
2025-10-06,13,Dia Bukan Ibu,918,118956,6962
2025-10-06,14,Andai Ibu Tidak Menikah Dengan Ayah,625,878268,32426
2025-10-06,15,Maria,193,1455,434
2025-10-05,11,The Strangers: Chapter 2,2038,33566,3389
2025-10-05,12,The Conjuring: Last Rites,1589,3471183,76948
2025-10-05,13,Dia Bukan Ibu,918,118956,6962
2025-10-05,14,Andai Ibu Tidak Menikah Dengan Ayah,625,878268,32426
2025-10-05,15,Maria,193,1455,434
2025-10-04,1,Kang Solah From Kang Mak x Nenek Gayung,172646,1307175,32036
2025-10-04,2,Rangga & Cinta,54257,132083,5904
2025-10-04,3,Tukar Takdir,40929,132157,5799
2025-10-04,4,Chainsaw Man - The Movie: Reze Arc,17159,167318,9341
2025-10-04,5,Avatar: The Way of Water (Re-Release) (3D),14446,37884,1097
2025-10-04,6,Rest Area,12725,38725,1925
2025-10-04,7,One Battle After Another,12514,141012,9383
2025-10-04,8,No Other Choice,7637,21711,1011
2025-10-04,9,The Strangers: Chapter 2,7312,26125,2688
2025-10-04,10,Death Whisperer 3,5939,26066,2464
2025-10-04,11,Dilanjutkan Salah Disudahi Perih,5690,69050,3677
2025-10-04,12,The Conjuring: Last Rites,4767,3465402,76645
2025-10-04,13,Dia Bukan Ibu,2134,115873,6749
2025-10-04,14,Andai Ibu Tidak Menikah Dengan Ayah,1714,876095,32308
2025-10-04,15,BTS 2019 `LOVE YOURSELF: SPEAK YOURSELF` LONDON REMASTERED,1581,2195,159
2025-10-04,16,Maria,780,780,310
2025-10-04,17,BTS 2021 MUSTER SOWOOZOO Remastered,477,876,143
2025-10-04,18,Sunny Sanskari Ki Tulsi Kumari,442,859,57
2025-10-03,1,Kang Solah From Kang Mak x Nenek Gayung,90914,1134529,29137
2025-10-03,2,Tukar Takdir,33983,91228,3977
2025-10-03,3,Rangga & Cinta,33657,77826,4096
2025-10-03,4,Chainsaw Man - The Movie: Reze Arc,13201,150159,8774
2025-10-03,5,Rest Area,12000,26000,1270
2025-10-03,6,Jadi Tuh Barang,8656,280201,8817
2025-10-03,7,Avatar: The Way of Water (Re-Release) (3D),6572,23438,835
2025-10-03,8,One Battle After Another,6313,128498,9010
2025-10-03,9,Dilanjutkan Salah Disudahi Perih,5019,63360,3530
2025-10-03,10,Death Whisperer 3,4550,20127,2121
2025-10-03,11,No Other Choice,4309,14074,792
2025-10-03,12,The Strangers: Chapter 2,4252,18813,2307
2025-10-03,13,The Conjuring: Last Rites,2762,3460635,76513
2025-10-03,14,Dia Bukan Ibu,1350,113739,6631
2025-10-03,15,Andai Ibu Tidak Menikah Dengan Ayah,1227,874381,32250
2025-10-03,16,Sunny Sanskari Ki Tulsi Kumari,281,417,36
2025-10-03,17,BTS 2021 MUSTER SOWOOZOO Remastered,147,399,96
2025-10-03,18,BTS 2019 `LOVE YOURSELF: SPEAK YOURSELF` LONDON REMASTERED,130,614,105
2025-10-02,1,Kang Solah From Kang Mak x Nenek Gayung,88877,1043615,26565
2025-10-02,2,Tukar Takdir,57245,57245,1891
2025-10-02,3,Rangga & Cinta,44169,44169,2216
2025-10-02,4,Rest Area,14000,14000,626
2025-10-02,5,Pencarian Terakhir,11377,461210,18839
2025-10-02,6,Cyberbullying,10810,152052,131
2025-10-02,7,Chainsaw Man - The Movie: Reze Arc,9845,136958,8280
2025-10-02,8,Avatar: The Way of Water (Re-Release) (3D),5709,16866,576
2025-10-02,9,Death Whisperer 3,4678,15577,1680
2025-10-02,10,One Battle After Another,4446,122185,8611
2025-10-02,11,The Strangers: Chapter 2,4324,14561,1805
2025-10-02,12,No Other Choice,3409,9765,558
2025-10-02,13,Dilanjutkan Salah Disudahi Perih,2937,58341,3375
2025-10-02,14,The Conjuring: Last Rites,2528,3457873,76384
2025-10-02,15,Janji Senja,1446,2714,101
2025-10-02,16,Andai Ibu Tidak Menikah Dengan Ayah,1345,873154,32177
2025-10-02,17,Perempuan Pembawa Sial,1277,183353,8936
2025-10-02,18,Dia Bukan Ibu,1196,112389,6515
2025-10-02,19,The Shadows Edge,419,737752,22090
2025-10-02,20,Detective Conan The Movie: One-Eyed Flashback,190,77789,5670
2025-10-02,21,Sunny Sanskari Ki Tulsi Kumari,136,136,15
2025-10-02,22,BTS 2019 `LOVE YOURSELF: SPEAK YOURSELF` LONDON REMASTERED,105,484,84
2025-10-02,23,BTS 2021 MUSTER SOWOOZOO Remastered,39,252,77
2025-10-01,1,Kang Solah From Kang Mak x Nenek Gayung,98684,954738,24065
2025-10-01,2,Chainsaw Man - The Movie: Reze Arc,12636,127113,7879
2025-10-01,3,Avatar: The Way of Water (Re-Release) (3D),11157,11157,298
2025-10-01,4,Death Whisperer 3,10899,10899,1191
2025-10-01,5,The Strangers: Chapter 2,10237,10237,1242
2025-10-01,6,No Other Choice,6356,6356,329
2025-10-01,7,One Battle After Another,5662,117739,8273
2025-10-01,8,Dilanjutkan Salah Disudahi Perih,5169,55404,3219
2025-10-01,9,Dia Bukan Ibu,4464,111193,6396
2025-10-01,10,The Conjuring: Last Rites,4232,3455345,76265
2025-10-01,11,Andai Ibu Tidak Menikah Dengan Ayah,2899,871809,32097
2025-10-01,12,Gereja Setan,1167,249741,10546
2025-10-01,13,Gabbys Dollhouse: The Movie,974,17101,1832
2025-10-01,14,The Shadows Edge,388,737333,22055
2025-10-01,15,BTS 2019 `LOVE YOURSELF: SPEAK YOURSELF` LONDON REMASTERED,379,379,50
2025-10-01,16,Detective Conan The Movie: One-Eyed Flashback,332,77599,5642
2025-10-01,17,BTS 2021 MUSTER SOWOOZOO Remastered,213,213,50
2025-10-01,18,Afterburn,55,50128,5703
2025-11-20,1,Cyberbullying,98879,397839,756
2025-11-20,2,Sampai Titik Terakhirmu,80031,756667,18567
2025-11-20,3,Wicked: For Good,35545,123332,4843
2025-11-20,4,Keadilan (The Verdict),31838,31838,1616
2025-11-20,5,Danyang Wingit Jumat Kliwon,30199,30199,568
2025-11-20,6,Now You See Me: Now You Dont,26317,529302,19686
2025-11-20,7,Pesugihan Sate Gagak,17580,289658,10691
2025-11-20,8,Pangku,9227,455698,22208
2025-11-20,9,Sosok Ketiga: Lintrik,8290,735577,25119
2025-11-20,10,Dopamin,6035,135123,7408
2025-11-20,11,Leak 2 (Jimat Dadong),3255,3255,87
2025-11-20,12,Belum Ada Judul,2236,2236,726
2025-11-20,13,Predator: Badlands,1666,357306,21748
2025-11-20,14,Solata,1645,13438,499
2025-11-20,15,Samsara,629,629,45
2025-11-20,16,The Running Man,234,34245,4384
2025-11-19,1,Wicked: For Good,87787,87787,2612
2025-11-19,2,Sampai Titik Terakhirmu,77377,676636,16697
2025-11-19,3,Now You See Me: Now You Dont,28737,502985,18309
2025-11-19,4,Pesugihan Sate Gagak,22111,272078,9870
2025-11-19,5,Sosok Ketiga: Lintrik,13755,727287,24739
2025-11-19,6,Pangku,12413,446471,21770
2025-11-19,7,Dopamin,9485,129088,7081
2025-11-19,8,Predator: Badlands,2588,355640,21625
2025-11-19,9,The Running Man,609,34011,4337
2025-11-19,10,The First Ride,148,31842,4642
2025-11-18,1,Sampai Titik Terakhirmu,71419,599259,14418
2025-11-18,2,Now You See Me: Now You Dont,27741,474248,16624
2025-11-18,3,Pesugihan Sate Gagak,23154,249967,8548
2025-11-18,4,Sosok Ketiga: Lintrik,17238,713532,24034
2025-11-18,5,Pangku,14987,434058,20952
2025-11-18,6,Dopamin,10973,119603,6440
2025-11-18,7,Predator: Badlands,3613,353052,21399
2025-11-18,8,The Running Man,1671,33402,4237
2025-11-18,9,Rangga & Cinta,763,919554,46518
2025-11-18,10,The First Ride,246,31694,4611
2025-11-17,1,Sampai Titik Terakhirmu,77034,527840,11886
2025-11-17,2,Now You See Me: Now You Dont,40748,446507,14175
2025-11-17,3,Pesugihan Sate Gagak,26082,226813,6945
2025-11-17,4,Sosok Ketiga: Lintrik,18717,696294,22974
2025-11-17,5,Pangku,18236,419071,19839
2025-11-17,6,Dopamin,12385,108630,5571
2025-11-17,7,Predator: Badlands,4285,349439,20880
2025-11-17,8,The Running Man,1865,31731,3850
2025-11-17,9,Tak Kenal Maka Taaruf,813,13116,776
2025-11-17,10,The First Ride,339,31448,4534
2025-11-16,1,Sampai Titik Terakhirmu,135529,450806,9394
2025-11-16,2,Now You See Me: Now You Dont,91928,405759,11699
2025-11-16,3,Pesugihan Sate Gagak,69460,200731,5340
2025-11-16,4,Sosok Ketiga: Lintrik,37788,677577,21897
2025-11-16,5,Pangku,24887,400835,18737
2025-11-16,6,Dopamin,19337,96245,4719
2025-11-16,7,Predator: Badlands,17716,345154,20350
2025-11-16,8,The Running Man,6440,29866,3451
2025-11-16,9,Tukar Takdir,3847,281546,17273
2025-11-16,10,Sentimental Value,3721,8642,378
2025-11-16,11,Wicked,2351,6543,333
2025-11-16,12,Tak Kenal Maka Taaruf,2052,12303,678
2025-11-16,13,The First Ride,908,31109,4455
2025-11-16,14,Maju Serem Mundur Horor,783,339598,18382
2025-11-16,15,It Was Just An Accident,663,5012,371
2025-11-16,16,J-HOPE Tour - HOPE ON THE STAGE The Movie,553,2192,150
2025-11-16,17,Kuncen,474,65711,5286
2025-11-16,18,The Legend of Hei 2,241,515,126
2025-11-16,19,My Boo 2,120,993,374
2025-11-15,1,Sampai Titik Terakhirmu,130394,315277,6870
2025-11-15,2,Now You See Me: Now You Dont,126967,313831,9183
2025-11-15,3,Pesugihan Sate Gagak,55063,131271,3787
2025-11-15,4,Sosok Ketiga: Lintrik,41152,639789,20800
2025-11-15,5,Pangku,28865,375948,17625
2025-11-15,6,Dopamin,22404,76908,3791
2025-11-15,7,Predator: Badlands,17802,327438,19843
2025-11-15,8,The Running Man,7855,23426,3016
2025-11-15,9,Wicked,2976,4192,220
2025-11-15,10,Tak Kenal Maka Taaruf,1507,10251,564
2025-11-15,11,The First Ride,1174,30201,4386
2025-11-15,12,Kuncen,803,65237,5249
2025-11-15,13,J-HOPE Tour - HOPE ON THE STAGE The Movie,760,1639,119
2025-11-15,14,Maju Serem Mundur Horor,718,338815,18353
2025-11-15,15,My Boo 2,410,873,320
2025-11-15,16,The Legend of Hei 2,144,274,87
2025-11-14,1,Sampai Titik Terakhirmu,82810,184883,4356
2025-11-14,2,Now You See Me: Now You Dont,64281,186864,6800
2025-11-14,3,Pesugihan Sate Gagak,35861,76208,2292
2025-11-14,4,Sosok Ketiga: Lintrik,31654,598637,19645
2025-11-14,5,Pangku,20413,347083,16576
2025-11-14,6,Dopamin,18859,54504,2764
2025-11-14,7,Predator: Badlands,7309,309636,19367
2025-11-14,8,Tak Kenal Maka Taaruf,4345,8744,411
2025-11-14,9,The Running Man,4117,15571,2561
2025-11-14,10,Solata,1339,11793,452
2025-11-14,11,Wicked,1216,1216,110
2025-11-14,12,The First Ride,552,29027,4312
2025-11-14,13,My Boo 2,463,463,218
2025-11-14,14,Maju Serem Mundur Horor,402,338097,18326
2025-11-14,15,Kuncen,260,64434,5209
2025-11-14,16,J-HOPE Tour - HOPE ON THE STAGE The Movie,133,879,85
2025-11-14,17,The Legend of Hei 2,130,130,46
2025-11-13,1,Sampai Titik Terakhirmu,102073,102073,1949
2025-11-13,2,Now You See Me: Now You Dont,53415,122583,4551
2025-11-13,3,Pesugihan Sate Gagak,40347,40347,1001
2025-11-13,4,Sosok Ketiga: Lintrik,37154,566983,18512
2025-11-13,5,Dopamin,35645,35645,1439
2025-11-13,6,Pangku,25745,326670,15578
2025-11-13,7,Predator: Badlands,6665,302327,18976
2025-11-13,8,The Running Man,4691,11454,2039
2025-11-13,9,Tak Kenal Maka Taaruf,4399,4399,225
2025-11-13,10,Maju Serem Mundur Horor,1032,337695,18290
2025-11-13,11,The First Ride,819,28475,4241
2025-11-13,12,Kuncen,617,64174,5168
2025-11-13,13,Kang Solah From Kang Mak x Nenek Gayung,182,2507452,82581
2025-11-13,14,J-HOPE Tour - HOPE ON THE STAGE The Movie,91,746,66
2025-11-12,1,Now You See Me: Now You Dont,69168,69168,2312
2025-11-12,2,Sosok Ketiga: Lintrik,48634,529829,17159
2025-11-12,3,Pangku,40905,300925,14445
2025-11-12,4,Predator: Badlands,10506,295662,18485
2025-11-12,5,The Running Man,6763,6763,1285
2025-11-12,6,Maju Serem Mundur Horor,3944,336663,18199
2025-11-12,7,Kuncen,2104,63557,5089
2025-11-12,8,The First Ride,811,27656,4145
2025-11-12,9,Kang Solah From Kang Mak x Nenek Gayung,772,2507270,82549
2025-11-12,10,J-HOPE Tour - HOPE ON THE STAGE The Movie,655,655,41
2025-11-12,11,Air Mata Di Ujung Sajadah 2,395,166889,13047
2025-11-12,12,Rangga & Cinta,213,918791,46490
2025-11-12,13,Shutter,157,204851,16530
2025-11-12,14,Rosario,97,31113,4862
2025-11-11,1,Sosok Ketiga: Lintrik,52270,481195,14969
2025-11-11,2,Pangku,29942,260020,12504
2025-11-11,3,Predator: Badlands,21009,285156,17268
2025-11-11,4,Maju Serem Mundur Horor,4569,332719,17881
2025-11-11,5,Kuncen,3798,61453,4688
2025-11-11,6,The First Ride,2256,26845,3874
2025-11-11,7,Kang Solah From Kang Mak x Nenek Gayung,1570,2506498,82445
2025-11-11,8,Shutter,648,204694,16463
2025-11-11,9,Air Mata Di Ujung Sajadah 2,638,166494,12994
2025-11-11,10,Solata,604,10454,393
2025-11-11,11,Rangga & Cinta,438,918578,46453
2025-11-11,12,Rosario,435,31016,4828
2025-11-11,13,Tumbal Darah,284,340799,21024
2025-11-11,14,Boss,221,2721,797
2025-11-11,15,"Die, My Love",162,1770,264
2025-11-11,16,Stolen Girl,140,58032,8902
2025-11-11,17,Tin Soldier,138,21193,4686
2025-11-11,18,100 Meters,108,1184,265
2025-11-10,1,Sosok Ketiga: Lintrik,53637,428925,12431
2025-11-10,2,Pangku,28199,230078,10277
2025-11-10,3,Predator: Badlands,21495,264147,14954
2025-11-10,4,Kuncen,8542,57655,3979
2025-11-10,5,Maju Serem Mundur Horor,5694,328150,17361
2025-11-10,6,The First Ride,2624,24589,3194
2025-11-10,7,Kang Solah From Kang Mak x Nenek Gayung,1936,2504928,82222
2025-11-10,8,Solata,922,9850,340
2025-11-10,9,Rangga & Cinta,771,918140,46346
2025-11-10,10,Shutter,727,204046,16227
2025-11-10,11,Air Mata Di Ujung Sajadah 2,667,165856,12900
2025-11-10,12,Tumbal Darah,384,340515,20914
2025-11-10,13,"Die, My Love",242,1608,219
2025-11-10,14,Rosario,236,30581,4731
2025-11-10,15,Boss,204,2500,738
2025-11-10,16,Stolen Girl,147,57892,8803
2025-11-10,17,100 Meters,111,1076,223
2025-11-10,18,Pengin Hijrah,107,51635,4554
2025-11-10,19,Tin Soldier,86,21055,4597
2025-11-09,1,Sosok Ketiga: Lintrik,101399,375288,9815
2025-11-09,2,Cyberbullying,65506,298960,698
2025-11-09,3,Predator: Badlands,59234,242652,12509
2025-11-09,4,Pangku,44826,201879,8176
2025-11-09,5,Maju Serem Mundur Horor,15151,322456,16795
2025-11-09,6,Kuncen,13273,49113,3258
2025-11-09,7,The First Ride,7029,21965,2504
2025-11-09,8,Kang Solah From Kang Mak x Nenek Gayung,5709,2502992,82020
2025-11-09,9,Tumbal Darah,2822,340131,20745
2025-11-09,10,Sore Istri Dari Masa Depan,2818,3084897,47778
2025-11-09,11,Shutter,2534,203319,15977
2025-11-09,12,Solata,1706,8928,283
2025-11-09,13,Air Mata Di Ujung Sajadah 2,1704,165189,12819
2025-11-09,14,Rangga & Cinta,1370,917369,46235
2025-11-09,15,Pengin Hijrah,986,51528,4436
2025-11-09,16,Gara-Gara Cicilan,660,660,8
2025-11-09,17,Rosario,537,30345,4682
2025-11-09,18,Boss,449,2296,672
2025-11-09,19,Stolen Girl,412,57745,8744
2025-11-09,20,"Die, My Love",353,1366,173
2025-11-09,21,Tin Soldier,352,20969,4553
2025-11-09,22,100 Meters,334,965,179
2025-11-09,23,Measure in Love,107,293,213
2025-11-08,1,Sosok Ketiga: Lintrik,94211,273889,7150
2025-11-08,2,Predator: Badlands,73331,183418,10004
2025-11-08,3,Pangku,53825,157053,5981
2025-11-08,4,Maju Serem Mundur Horor,13784,307305,16243
2025-11-08,5,Kuncen,10242,35840,2541
2025-11-08,6,The First Ride,6582,14936,1729
2025-11-08,7,Kang Solah From Kang Mak x Nenek Gayung,4951,2497283,81808
2025-11-08,8,Tumbal Darah,3988,337309,20546
2025-11-08,9,Shutter,3281,200785,15704
2025-11-08,10,Solata,2045,7222,227
2025-11-08,11,Rangga & Cinta,1846,915999,46122
2025-11-08,12,Air Mata Di Ujung Sajadah 2,1400,163485,12743
2025-11-08,13,Pengin Hijrah,1221,50542,4302
2025-11-08,14,Rosario,514,29808,4636
2025-11-08,15,"Die, My Love",429,1013,117
2025-11-08,16,Boss,428,1847,592
2025-11-08,17,Stolen Girl,329,57333,8694
2025-11-08,18,Tin Soldier,314,20617,4502
2025-11-08,19,100 Meters,301,631,129
2025-11-08,20,Measure in Love,50,186,187
2025-11-08,21,Kiss of The Spider Woman,40,174,23
2025-11-07,1,Sosok Ketiga: Lintrik,69789,179678,4565
2025-11-07,2,Pangku,49879,103228,3716
2025-11-07,3,Predator: Badlands,34815,110087,7674
2025-11-07,4,Maju Serem Mundur Horor,12828,293521,15712
2025-11-07,5,The First Ride,8354,8354,865
2025-11-07,6,Kuncen,7541,25598,1808
2025-11-07,7,Tumbal Darah,4157,333321,20300
2025-11-07,8,Kang Solah From Kang Mak x Nenek Gayung,2230,2492332,81650
2025-11-07,9,Shutter,2082,197504,15426
2025-11-07,10,Solata,1722,5177,164
2025-11-07,11,Pengin Hijrah,1314,49321,4148
2025-11-07,12,Rangga & Cinta,1004,914153,46006
2025-11-07,13,Air Mata Di Ujung Sajadah 2,840,162085,12670
2025-11-07,14,"Die, My Love",584,584,60
2025-11-07,15,Rosario,338,29294,4593
2025-11-07,16,100 Meters,330,330,71
2025-11-07,17,Boss,284,1419,509
2025-11-07,18,Stolen Girl,227,57004,8635
2025-11-07,19,Tin Soldier,161,20303,4455
2025-11-07,20,Kiss of The Spider Woman,134,134,10
2025-11-07,21,Measure in Love,28,136,162
2025-11-06,1,Sosok Ketiga: Lintrik,109889,109889,2127
2025-11-06,2,Pangku,53349,53349,1601
2025-11-06,3,Predator: Badlands,30066,75272,5442
2025-11-06,4,Kuncen,18057,18057,977
2025-11-06,5,Maju Serem Mundur Horor,14843,280693,15159
2025-11-06,6,Tumbal Darah,7096,329164,20016
2025-11-06,7,Shutter,4506,195422,15092
2025-11-06,8,Solata,3455,3455,92
2025-11-06,9,Sentimental Value,2877,4921,378
2025-11-06,10,Kang Solah From Kang Mak x Nenek Gayung,2841,2490102,81483
2025-11-06,11,Pengin Hijrah,1763,48007,3954
2025-11-06,12,Rangga & Cinta,1627,913149,45898
2025-11-06,13,Air Mata Di Ujung Sajadah 2,1323,161245,12597
2025-11-06,14,Boss,573,1135,411
2025-11-06,15,Rosario,360,28956,4538
2025-11-06,16,Stolen Girl,308,56777,8589
2025-11-06,17,Getih Ireng,269,319092,21229
2025-11-06,18,Tron: Ares,228,300769,25545
2025-11-06,19,Regretting You,190,9695,2358
2025-11-06,20,Tin Soldier,152,20142,4420
2025-11-06,21,Measure in Love,62,108,137
2025-11-05,1,Predator: Badlands,45206,45206,2920
2025-11-05,2,Maju Serem Mundur Horor,17361,265850,14489
2025-11-05,3,Tumbal Darah,13631,322068,19514
2025-11-05,4,Shutter,10514,190916,14352
2025-11-05,5,Kang Solah From Kang Mak x Nenek Gayung,7637,2487261,81171
2025-11-05,6,Pengin Hijrah,3253,46244,3731
2025-11-05,7,Air Mata Di Ujung Sajadah 2,2810,159922,12484
2025-11-05,8,Rangga & Cinta,2664,911522,45733
2025-11-05,9,Getih Ireng,1251,318823,21145
2025-11-05,10,Rosario,1199,28596,4421
2025-11-05,11,Si Paling Aktor,675,44504,6787
2025-11-05,12,Boss,562,562,252
2025-11-05,13,Stolen Girl,457,56469,8500
2025-11-05,14,Tin Soldier,409,19990,4353
2025-11-05,15,Regretting You,312,9505,2305
2025-11-05,16,Badik,231,6510,468
2025-11-05,17,Tron: Ares,224,300541,25483
2025-11-05,18,Shelby Oaks,169,4962,992
2025-11-05,19,Caught Stealing,104,7599,1866
2025-11-05,20,Measure in Love,46,46,82
2025-11-04,1,Tumbal Darah,14754,308437,18599
2025-11-04,2,Shutter,14441,180402,12732
2025-11-04,3,Maju Serem Mundur Horor,14258,248489,13542
2025-11-04,4,Kang Solah From Kang Mak x Nenek Gayung,9072,2479624,80451
2025-11-04,5,Rangga & Cinta,3972,908858,45354
2025-11-04,6,Pengin Hijrah,3859,42991,3366
2025-11-04,7,Si Paling Aktor,3775,43829,6434
2025-11-04,8,Air Mata Di Ujung Sajadah 2,3172,157112,12185
2025-11-04,9,Rosario,2458,27397,4067
2025-11-04,10,Getih Ireng,1857,317572,20929
2025-11-04,11,Tin Soldier,1536,19581,4128
2025-11-04,12,Regretting You,1096,9193,2202
2025-11-04,13,Tron: Ares,1068,300317,25399
2025-11-04,14,Stolen Girl,1049,56012,8306
2025-11-04,15,Caught Stealing,487,7495,1808
2025-11-04,16,Badik,486,6279,426
2025-11-04,17,Shelby Oaks,304,4793,957
2025-11-03,1,Tumbal Darah,15515,293683,17530
2025-11-03,2,Maju Serem Mundur Horor,14149,234231,12500
2025-11-03,3,Shutter,12912,165961,10655
2025-11-03,4,Kang Solah From Kang Mak x Nenek Gayung,11835,2470552,79594
2025-11-03,5,Rangga & Cinta,3871,904886,44839
2025-11-03,6,Pengin Hijrah,3782,39132,2926
2025-11-03,7,Si Paling Aktor,3493,40054,5837
2025-11-03,8,Air Mata Di Ujung Sajadah 2,3421,153940,11764
2025-11-03,9,Rosario,2474,24939,3407
2025-11-03,10,Getih Ireng,1758,315715,20658
2025-11-03,11,Tin Soldier,1642,18045,3659
2025-11-03,12,Tron: Ares,1160,299249,25085
2025-11-03,13,Stolen Girl,1074,54963,7906
2025-11-03,14,Regretting You,863,8097,1947
2025-11-03,15,Badik,568,5793,359
2025-11-03,16,Shelby Oaks,477,4489,858
2025-11-03,17,Caught Stealing,426,7008,1644
2025-11-02,1,Shutter,43082,153049,8473
2025-11-02,2,Maju Serem Mundur Horor,31334,220082,11493
2025-11-02,3,Tumbal Darah,26545,278168,16485
2025-11-02,4,Kang Solah From Kang Mak x Nenek Gayung,23636,2458717,78748
2025-11-02,5,Rosario,7876,22465,2663
2025-11-02,6,Si Paling Aktor,7096,36561,5190
2025-11-02,7,Air Mata Di Ujung Sajadah 2,6927,150519,11378
2025-11-02,8,Good Boy,6423,19809,1519
2025-11-02,9,Pengin Hijrah,6349,35350,2508
2025-11-02,10,Tin Soldier,4660,16403,3143
2025-11-02,11,Rangga & Cinta,4299,901015,44353
2025-11-02,12,Stolen Girl,3543,53889,7479
2025-11-02,13,Tron: Ares,3452,298089,24810
2025-11-02,14,Getih Ireng,3141,313957,20404
2025-11-02,15,It Was Just An Accident,2409,4349,368
2025-11-02,16,Pencarian Terakhir,1900,512205,19266
2025-11-02,17,G-Dragon In Cinema: Ubermensch,1473,12945,687
2025-11-02,18,Regretting You,1421,7234,1700
2025-11-02,19,Caught Stealing,1373,6582,1493
2025-11-02,20,Shelby Oaks,832,4012,760
2025-11-02,21,Badik,781,5225,292
2025-11-01,1,Shutter,49508,109967,6217
2025-11-01,2,Maju Serem Mundur Horor,25417,188748,10542
2025-11-01,3,Tumbal Darah,24767,251623,15429
2025-11-01,4,Kang Solah From Kang Mak x Nenek Gayung,21005,2435081,77923
2025-11-01,5,Rosario,9461,14589,1849
2025-11-01,6,Si Paling Aktor,9272,29465,4331
2025-11-01,7,Pengin Hijrah,6749,29001,2061
2025-11-01,8,Rangga & Cinta,6188,896716,43853
2025-11-01,9,Air Mata Di Ujung Sajadah 2,6124,143592,11020
2025-11-01,10,Tin Soldier,5034,11743,2615
2025-11-01,11,Stolen Girl,3529,50346,7053
2025-11-01,12,Tron: Ares,3228,294637,24562
2025-11-01,13,Getih Ireng,3144,310816,20168
2025-11-01,14,Regretting You,2929,5813,1383
2025-11-01,15,Caught Stealing,1601,5209,1313
2025-11-01,16,G-Dragon In Cinema: Ubermensch,1527,11472,605
2025-11-01,17,Shelby Oaks,932,3180,641
2025-11-01,18,Badik,928,4444,227
2026-01-21,1,Alas Roban,75238,1028694,22685
2026-01-21,2,Penerbangan Terakhir,19645,186297,8468
2026-01-21,3,Unexpected Family,10507,178456,7245
2026-01-21,4,Mercy,10244,10244,1829
2026-01-21,5,Avatar: Fire And Ash,6182,6233979,85985
2026-01-21,6,Agak Laen: Menyala Pantiku!,5455,10893704,167112
2026-01-21,7,Uang Passolo,3523,170806,2889
2026-01-21,8,Greenland 2 : Migration,3139,187653,9997
2026-01-21,9,The Housemaid,2922,232541,8948
2026-01-21,10,Back To The Past,2426,2426,308
2026-01-21,11,Coraline,1928,1928,145
2026-01-21,12,Janur Ireng: Sewu Dino The Prequel,1559,1336660,32296
2026-01-21,13,28 Years Later: The Bone Temple,1536,61009,5790
2026-01-21,14,5 Centimeters Per Second (Animation),1133,31023,1517
2026-01-21,15,Dusun Mayit,1102,771611,22795
2026-01-21,16,Suka Duka Tawa,200,91772,6268
2026-01-20,1,Alas Roban,84270,953456,19747
2026-01-20,2,Penerbangan Terakhir,16652,166652,7386
2026-01-20,3,Unexpected Family,13105,167949,6575
2026-01-20,4,Agak Laen: Menyala Pantiku!,7529,10888249,166719
2026-01-20,5,Avatar: Fire And Ash,6703,6227797,85498
2026-01-20,6,Uang Passolo,4791,167283,2741
2026-01-20,7,Greenland 2 : Migration,3738,184514,9773
2026-01-20,8,28 Years Later: The Bone Temple,3321,59473,5551
2026-01-20,9,The Housemaid,3012,229619,8689
2026-01-20,10,Janur Ireng: Sewu Dino The Prequel,2367,1335101,32092
2026-01-20,11,Dusun Mayit,2038,770509,22671
2026-01-20,12,5 Centimeters Per Second (Animation),1965,29890,1412
2026-01-20,13,Bidadari Surga,484,24780,2229
2026-01-20,14,Penunggu Rumah: Buto Ijo,414,27751,1730
2026-01-20,15,Suka Duka Tawa,381,91572,6217
2026-01-20,16,Pororo The Movie: Sweet Castle Adventure,89,2883,272
2026-01-19,1,Alas Roban,112811,869186,16102
2026-01-19,2,Penerbangan Terakhir,19335,150000,6276
2026-01-19,3,Unexpected Family,17303,154844,5685
2026-01-19,4,Avatar: Fire And Ash,11036,6221094,84574
2026-01-19,5,Agak Laen: Menyala Pantiku!,8539,10880720,166194
2026-01-19,6,Uang Passolo,5832,162492,2568
2026-01-19,7,Greenland 2 : Migration,4036,180776,9391
2026-01-19,8,The Housemaid,3201,226607,8359
2026-01-19,9,28 Years Later: The Bone Temple,2516,56152,5060
2026-01-19,10,Janur Ireng: Sewu Dino The Prequel,2459,1332734,31794
2026-01-19,11,5 Centimeters Per Second (Animation),2241,27925,1212
2026-01-19,12,Dusun Mayit,2183,768471,22401
2026-01-19,13,Bidadari Surga,768,24296,2101
2026-01-19,14,Penunggu Rumah: Buto Ijo,622,27337,1628
2026-01-19,15,Suka Duka Tawa,380,91191,6144
2026-01-19,16,Pororo The Movie: Sweet Castle Adventure,60,2794,238
2026-01-18,1,Alas Roban,159059,756375,12602
2026-01-18,2,Unexpected Family,35939,137541,4699
2026-01-18,3,Avatar: Fire And Ash,23333,6210058,83719
2026-01-18,4,Penerbangan Terakhir,22574,130665,5173
2026-01-18,5,Agak Laen: Menyala Pantiku!,16316,10872181,165611
2026-01-18,6,Uang Passolo,10387,156660,2386
2026-01-18,7,Greenland 2 : Migration,9825,176740,9000
2026-01-18,8,28 Years Later: The Bone Temple,7362,53636,4586
2026-01-18,9,The Housemaid,6694,223406,8072
2026-01-18,10,Janur Ireng: Sewu Dino The Prequel,6089,1330275,31534
2026-01-18,11,Cyberbullying,5643,495088,913
2026-01-18,12,Bidadari Surga,4732,23528,1904
2026-01-18,13,5 Centimeters Per Second (Animation),4176,25684,1023
2026-01-18,14,Dusun Mayit,4174,766288,22202
2026-01-18,15,Riba,2990,216125,4515
2026-01-18,16,Penunggu Rumah: Buto Ijo,1886,26715,1508
2026-01-18,17,Suka Duka Tawa,1043,90811,6066
2026-01-18,18,Pororo The Movie: Sweet Castle Adventure,679,2734,218
2026-01-18,19,Musuh Dalam Selimut,333,93613,6475
2026-01-18,20,Love Live! NIJIGASAKI High School Idol Club The Movie – FINALE – CHAPTER 2,189,981,154
2026-01-18,21,Happy Patel: Khatarnak Jasoos,88,435,51
2026-01-17,1,Alas Roban,203471,597316,9215
2026-01-17,2,Avatar: Fire And Ash,45100,6186725,82797
2026-01-17,3,Unexpected Family,36287,101602,3794
2026-01-17,4,Penerbangan Terakhir,23091,108091,4039
2026-01-17,5,Agak Laen: Menyala Pantiku!,22775,10855865,164980
2026-01-17,6,Uang Passolo,13138,146273,2217
2026-01-17,7,Greenland 2 : Migration,10927,166915,8644
2026-01-17,8,28 Years Later: The Bone Temple,10235,46274,3998
2026-01-17,9,The Housemaid,10122,216712,7760
2026-01-17,10,5 Centimeters Per Second (Animation),7514,21508,758
2026-01-17,11,Janur Ireng: Sewu Dino The Prequel,7100,1324186,31280
2026-01-17,12,Bidadari Surga,6197,18796,1667
2026-01-17,13,Dusun Mayit,5284,762114,21997
2026-01-17,14,Penunggu Rumah: Buto Ijo,2670,24829,1332
2026-01-17,15,Suka Duka Tawa,1821,89768,5978
2026-01-17,16,Musuh Dalam Selimut,932,93280,6443
2026-01-17,17,Pororo The Movie: Sweet Castle Adventure,777,2055,194
2026-01-17,18,Happy Patel: Khatarnak Jasoos,200,347,35
2026-01-17,19,Love Live! NIJIGASAKI High School Idol Club The Movie – FINALE – CHAPTER 2,180,792,133
2026-01-16,1,Alas Roban,217343,393845,5632
2026-01-16,2,Avatar: Fire And Ash,43043,6141625,81766
2026-01-16,3,Penerbangan Terakhir,41491,85000,2729
2026-01-16,4,Unexpected Family,37042,65315,2926
2026-01-16,5,Agak Laen: Menyala Pantiku!,25412,10833090,164400
2026-01-16,6,Uang Passolo,15324,133135,2047
2026-01-16,7,5 Centimeters Per Second (Animation),13994,13994,394
2026-01-16,8,The Housemaid,13170,206590,7441
2026-01-16,9,Greenland 2 : Migration,12626,155988,8322
2026-01-16,10,28 Years Later: The Bone Temple,12510,36039,3395
2026-01-16,11,Bidadari Surga,8157,12599,1355
2026-01-16,12,Janur Ireng: Sewu Dino The Prequel,7862,1317086,31014
2026-01-16,13,Dusun Mayit,7139,756830,21763
2026-01-16,14,Penunggu Rumah: Buto Ijo,6573,22159,1053
2026-01-16,15,Suka Duka Tawa,2141,87947,5887
2026-01-16,16,Musuh Dalam Selimut,1465,92348,6383
2026-01-16,17,Pororo The Movie: Sweet Castle Adventure,1278,1278,104
2026-01-16,18,Love Live! NIJIGASAKI High School Idol Club The Movie – FINALE – CHAPTER 2,223,612,113
2026-01-16,19,Happy Patel: Khatarnak Jasoos,147,147,18
2026-01-15,1,Alas Roban,176502,176502,2410
2026-01-15,2,Penerbangan Terakhir,43509,43509,1246
2026-01-15,3,Agak Laen: Menyala Pantiku!,23632,10807678,163908
2026-01-15,4,Avatar: Fire And Ash,17469,6098582,80782
2026-01-15,5,Penunggu Rumah: Buto Ijo,15586,15586,549
2026-01-15,6,Unexpected Family,13063,28273,2195
2026-01-15,7,28 Years Later: The Bone Temple,10957,23529,2698
2026-01-15,8,Uang Passolo,8890,117811,1898
2026-01-15,9,Janur Ireng: Sewu Dino The Prequel,6948,1309224,30712
2026-01-15,10,Dusun Mayit,6428,749691,21475
2026-01-15,11,The Housemaid,6263,193420,7118
2026-01-15,12,Greenland 2 : Migration,4994,143362,8036
2026-01-15,13,Bidadari Surga,4442,4442,910
2026-01-15,14,Musuh Dalam Selimut,2099,90883,6261
2026-01-15,15,Suka Duka Tawa,1894,85806,5790
2026-01-15,16,Modual Nekad,466,349034,12167
2026-01-15,17,We Bury The Dead,182,13066,1723
2026-01-15,18,Love Live! NIJIGASAKI High School Idol Club The Movie – FINALE – CHAPTER 2,89,389,84
2026-01-14,1,Avatar: Fire And Ash,16324,6081113,79848
2026-01-14,2,Unexpected Family,15210,15210,1356
2026-01-14,3,Janur Ireng: Sewu Dino The Prequel,15202,1302276,30214
2026-01-14,4,Dusun Mayit,14599,743263,20953
2026-01-14,5,Agak Laen: Menyala Pantiku!,12936,10784046,163358
2026-01-14,6,28 Years Later: The Bone Temple,12572,12572,1710
2026-01-14,7,Uang Passolo,10318,108921,1723
2026-01-14,8,Musuh Dalam Selimut,6404,88784,6045
2026-01-14,9,Greenland 2 : Migration,6080,138368,7726
2026-01-14,10,The Housemaid,5792,187157,6803
2026-01-14,11,Suka Duka Tawa,4396,83912,5661
2026-01-14,12,Malam 3 Yasinan,2883,84178,4352
2026-01-14,13,Modual Nekad,1100,348568,12118
2026-01-14,14,Anaconda,542,171336,4716
2026-01-14,15,We Bury The Dead,393,12884,1697
2026-01-14,16,Love Live! NIJIGASAKI High School Idol Club The Movie – FINALE – CHAPTER 2,300,300,46
2026-01-13,1,Dusun Mayit,18727,728664,19920
2026-01-13,2,Avatar: Fire And Ash,17902,6064789,78560
2026-01-13,3,Agak Laen: Menyala Pantiku!,16676,10771110,162422
2026-01-13,4,Janur Ireng: Sewu Dino The Prequel,14690,1287074,29391
2026-01-13,5,Uang Passolo,11339,98603,1500
2026-01-13,6,Musuh Dalam Selimut,8940,82380,5454
2026-01-13,7,Greenland 2 : Migration,8361,132288,7153
2026-01-13,8,The Housemaid,7322,181365,6432
2026-01-13,9,Suka Duka Tawa,6327,79516,5219
2026-01-13,10,Malam 3 Yasinan,3585,81295,3988
2026-01-13,11,Modual Nekad,2350,347468,11961
2026-01-13,12,We Bury The Dead,1119,12491,1584
2026-01-13,13,Zootopia 2,735,1783533,41258
2026-01-13,14,The Spongebob Movie: Search For Squarepants,702,378607,9936
2026-01-13,15,Anaconda,658,170794,4664
2026-01-12,1,Avatar: Fire And Ash,22760,6046887,76995
2026-01-12,2,Dusun Mayit,22047,709937,18695
2026-01-12,3,Agak Laen: Menyala Pantiku!,18240,10754434,161230
2026-01-12,4,Janur Ireng: Sewu Dino The Prequel,16898,1272384,28469
2026-01-12,5,Uang Passolo,11667,87264,1249
2026-01-12,6,Greenland 2 : Migration,10016,123927,6291
2026-01-12,7,Musuh Dalam Selimut,8210,73440,4647
2026-01-12,8,Suka Duka Tawa,7855,73189,4482
2026-01-12,9,The Housemaid,6674,174043,5938
2026-01-12,10,Malam 3 Yasinan,4674,77710,3450
2026-01-12,11,Modual Nekad,3010,345118,11653
2026-01-12,12,We Bury The Dead,1347,11372,1320
2026-01-12,13,Zootopia 2,1004,1782798,41132
2026-01-12,14,Anaconda,713,170136,4567
2026-01-12,15,The Spongebob Movie: Search For Squarepants,642,377905,9832
2026-01-11,1,Avatar: Fire And Ash,68015,6024127,75145
2026-01-11,2,Dusun Mayit,40720,687890,17429
2026-01-11,3,Agak Laen: Menyala Pantiku!,34849,10736194,159968
2026-01-11,4,Janur Ireng: Sewu Dino The Prequel,31303,1255486,27519
2026-01-11,5,Greenland 2 : Migration,27503,113911,5270
2026-01-11,6,Uang Passolo,20686,75597,999
2026-01-11,7,Malam 3 Yasinan,17953,73036,2894
2026-01-11,8,The Housemaid,16959,167369,5463
2026-01-11,9,Suka Duka Tawa,12824,65334,3741
2026-01-11,10,Musuh Dalam Selimut,12415,65230,3892
2026-01-11,11,Modual Nekad,8688,342108,11318
2026-01-11,12,Zootopia 2,5131,1781794,40986
2026-01-11,13,The Spongebob Movie: Search For Squarepants,4549,377263,9708
2026-01-11,14,We Bury The Dead,3054,10025,1022
2026-01-11,15,Cyberbullying,2379,489445,883
2026-01-11,16,Anaconda,2254,169423,4482
2026-01-11,17,Comic 8 Revolution Santet K4binet,634,386219,9085
2026-01-11,18,Beauty & The Beat,410,1512,31
2026-01-10,1,Avatar: Fire And Ash,83755,5956112,73224
2026-01-10,2,Agak Laen: Menyala Pantiku!,47722,10701345,158700
2026-01-10,3,Dusun Mayit,42956,647170,16170
2026-01-10,4,Greenland 2 : Migration,32699,86408,4257
2026-01-10,5,Janur Ireng: Sewu Dino The Prequel,32501,1224183,26585
2026-01-10,6,The Housemaid,23849,150410,4983
2026-01-10,7,Uang Passolo,20042,54911,747
2026-01-10,8,Suka Duka Tawa,15985,52510,2933
2026-01-10,9,Malam 3 Yasinan,15015,55083,2276
2026-01-10,10,Musuh Dalam Selimut,11688,52815,3057
2026-01-10,11,Modual Nekad,10263,333420,10981
2026-01-10,12,Zootopia 2,6165,1776663,40804
2026-01-10,13,The Spongebob Movie: Search For Squarepants,3950,372714,9545
2026-01-10,14,We Bury The Dead,3807,6971,737
2026-01-10,15,Anaconda,3002,167169,4400
2026-01-10,16,Beauty & The Beat,580,1102,22
2026-01-09,1,Avatar: Fire And Ash,45905,5872357,71322
2026-01-09,2,Dusun Mayit,34824,604214,14950
2026-01-09,3,Agak Laen: Menyala Pantiku!,27820,10653623,157536
2026-01-09,4,Janur Ireng: Sewu Dino The Prequel,23136,1191682,25692
2026-01-09,5,Malam 3 Yasinan,16897,40068,1588
2026-01-09,6,Greenland 2 : Migration,16790,53709,3301
2026-01-09,7,Uang Passolo,16281,34869,509
2026-01-09,8,Musuh Dalam Selimut,15265,41127,2087
2026-01-09,9,Suka Duka Tawa,11911,36525,2040
2026-01-09,10,The Housemaid,11503,126561,4532
2026-01-09,11,Modual Nekad,5932,323157,10654
2026-01-09,12,We Bury The Dead,3164,3164,407
2026-01-09,13,Zootopia 2,2514,1770498,40647
2026-01-09,14,The Spongebob Movie: Search For Squarepants,1757,368764,9403
2026-01-09,15,Anaconda,1181,164167,4321
2026-01-09,16,Beauty & The Beat,522,522,12
2026-01-08,1,Avatar: Fire And Ash,39227,5826452,69564
2026-01-08,2,Dusun Mayit,30609,569390,13778
2026-01-08,3,Musuh Dalam Selimut,25862,25862,1022
2026-01-08,4,Suka Duka Tawa,24614,24614,1054
2026-01-08,5,Malam 3 Yasinan,23171,23171,799
2026-01-08,6,Janur Ireng: Sewu Dino The Prequel,23040,1168546,24840
2026-01-08,7,Agak Laen: Menyala Pantiku!,22896,10625803,156442
2026-01-08,8,Uang Passolo,18588,18588,238
2026-01-08,9,Greenland 2 : Migration,14581,36919,2346
2026-01-08,10,The Housemaid,10214,115058,4148
2026-01-08,11,Modual Nekad,8042,317225,10290
2026-01-08,12,Zootopia 2,3170,1767984,40519
2026-01-08,13,The Spongebob Movie: Search For Squarepants,2046,367007,9297
2026-01-08,14,Anaconda,1287,162986,4250
2026-01-08,15,Cyberbullying,1157,487066,878
2026-01-07,1,Avatar: Fire And Ash,49412,5787225,67792
2026-01-07,2,Agak Laen: Menyala Pantiku!,46405,10602907,155318
2026-01-07,3,Dusun Mayit,37358,538781,12538
2026-01-07,4,Janur Ireng: Sewu Dino The Prequel,33116,1145506,23954
2026-01-07,5,Greenland 2 : Migration,22338,22338,1275
2026-01-07,6,Riba,14205,213135,4482
2026-01-07,7,Modual Nekad,13052,309183,9869
2026-01-07,8,The Housemaid,10319,104844,3765
2026-01-07,9,Zootopia 2,2770,1764814,40384
2026-01-07,10,The Spongebob Movie: Search For Squarepants,2629,364961,9176
2026-01-07,11,Anaconda,2313,161699,4120
2026-01-07,12,Comic 8 Revolution Santet K4binet,960,385585,9027
2026-01-07,13,Moon The Panda,238,9024,787
2026-01-06,1,Avatar: Fire And Ash,78102,5737813,65559
2026-01-06,2,Dusun Mayit,47512,501423,10927
2026-01-06,3,Agak Laen: Menyala Pantiku!,44599,10556502,153726
2026-01-06,4,Janur Ireng: Sewu Dino The Prequel,36765,1112390,22696
2026-01-06,5,Modual Nekad,15647,296131,8999
2026-01-06,6,The Housemaid,12644,94525,3311
2026-01-06,7,The Spongebob Movie: Search For Squarepants,4986,362332,8897
2026-01-06,8,Zootopia 2,4131,1762044,40159
2026-01-06,9,Anaconda,4032,159386,3895
2026-01-06,10,Comic 8 Revolution Santet K4binet,1891,384625,8938
2026-01-06,11,Moon The Panda,400,8786,750
2026-01-05,1,Avatar: Fire And Ash,96711,5659711,63470
2026-01-05,2,Dusun Mayit,53842,453911,9259
2026-01-05,3,Agak Laen: Menyala Pantiku!,53246,10511903,152023
2026-01-05,4,Janur Ireng: Sewu Dino The Prequel,37397,1075625,21362
2026-01-05,5,Modual Nekad,19994,280484,7952
2026-01-05,6,The Housemaid,9108,81881,2797
2026-01-05,7,The Spongebob Movie: Search For Squarepants,7895,357346,8508
2026-01-05,8,Patah Hati Yang Kupilih,7783,109160,4611
2026-01-05,9,Zootopia 2,5266,1757913,39837
2026-01-05,10,Anaconda,3769,155354,3610
2026-01-05,11,Comic 8 Revolution Santet K4binet,2249,382734,8891
2026-01-05,12,Moon The Panda,952,8386,665
2026-01-04,1,Avatar: Fire And Ash,127625,5563000,61383
2026-01-04,2,Agak Laen: Menyala Pantiku!,88522,10458657,150321
2026-01-04,3,Dusun Mayit,69782,400069,7644
2026-01-04,4,Janur Ireng: Sewu Dino The Prequel,49372,1038228,20006
2026-01-04,5,Modual Nekad,37360,260490,6827
2026-01-04,6,The Spongebob Movie: Search For Squarepants,17888,349451,8075
2026-01-04,7,Zootopia 2,16236,1752647,39492
2026-01-04,8,The Housemaid,15888,72773,2354
2026-01-04,9,Anaconda,8454,151585,3396
2026-01-04,10,Timur,7919,406632,12017
2026-01-04,11,Comic 8 Revolution Santet K4binet,6092,380485,8827
2026-01-04,12,Moon The Panda,2305,7434,525
2026-01-04,13,Riba,187,198930,4470
2026-01-03,1,Avatar: Fire And Ash,184211,5435375,58753
2026-01-03,2,Agak Laen: Menyala Pantiku!,116535,10370135,148551
2026-01-03,3,Dusun Mayit,77339,330287,5984
2026-01-03,4,Janur Ireng: Sewu Dino The Prequel,60160,988856,18593
2026-01-03,5,Modual Nekad,48464,223130,5578
2026-01-03,6,The Spongebob Movie: Search For Squarepants,22588,331563,7576
2026-01-03,7,The Housemaid,18185,56885,1901
2026-01-03,8,Zootopia 2,18039,1736411,39092
2026-01-03,9,Anaconda,10717,143131,3178
2026-01-03,10,Comic 8 Revolution Santet K4binet,7530,374393,8624
2026-01-03,11,Moon The Panda,3223,5129,360
2026-01-02,1,Avatar: Fire And Ash,164258,5251164,56123
2026-01-02,2,Agak Laen: Menyala Pantiku!,108380,10253600,146816
2026-01-02,3,Dusun Mayit,82742,252948,4338
2026-01-02,4,Janur Ireng: Sewu Dino The Prequel,67144,928696,17151
2026-01-02,5,Modual Nekad,44650,174666,4292
2026-01-02,6,The Spongebob Movie: Search For Squarepants,21047,308975,7077
2026-01-02,7,Zootopia 2,18136,1718372,38725
2026-01-02,8,The Housemaid,13634,38700,1454
2026-01-02,9,Anaconda,9639,132414,2966
2026-01-02,10,Comic 8 Revolution Santet K4binet,6791,366863,8410
2026-01-02,11,Moon The Panda,1906,1906,182
2026-01-01,1,Avatar: Fire And Ash,244843,5086906,53514
2026-01-01,2,Agak Laen: Menyala Pantiku!,143007,10145220,145132
2026-01-01,3,Dusun Mayit,109872,170206,2760
2026-01-01,4,Janur Ireng: Sewu Dino The Prequel,95218,861552,15683
2026-01-01,5,Modual Nekad,74428,130016,2923
2026-01-01,6,The Spongebob Movie: Search For Squarepants,29338,287928,6598
2026-01-01,7,Zootopia 2,23594,1700236,38371
2026-01-01,8,The Housemaid,15577,25066,1026
2026-01-01,9,Comic 8 Revolution Santet K4binet,15362,360072,8164
2026-01-01,10,Anaconda,15164,122775,2752
2026-02-18,1,Kuyank,22587,862346,18760
2026-02-18,2,Alas Roban,16363,2269281,69719
2026-02-18,3,Crime 101,15692,15692,1466
2026-02-18,4,Goat,11985,116083,9301
2026-02-18,5,Blades of The Guardians,9542,50576,2067
2026-02-18,6,"Kafir, Gerbang Sukma",8812,469867,20572
2026-02-18,7,Papa Zola The Movie,5575,504605,23778
2026-02-18,8,Rumah Tanpa Cahaya,4318,76810,4156
2026-02-18,9,Kokuho,3210,5877,498
2026-02-18,10,Whistle,3120,76741,6084
2026-02-18,11,Wuthering Heights,2782,76342,6438
2026-02-18,12,AIUEO Macam Betool Aja,2513,51121,4289
2026-02-18,13,Shelter,1783,295993,19350
2026-02-18,14,Unexpected Family,1493,337048,14413
2026-02-18,15,Agak Laen: Menyala Pantiku!,1373,10950151,169379
2026-02-18,16,Sebelum Dijemput Nenek,572,218210,11354
2026-02-18,17,"Check Out Sekarang, Pay Later (Caper)",271,71166,7657
2026-02-18,18,Three Kingdoms: Starlit Heroes,244,244,76
2026-02-18,19,Esok Tanpa Ibu,232,225352,12888
2026-02-18,20,5 Centimeters Per Second (Live Action),223,60971,4287
2026-02-17,1,Kuyank,45459,839759,17878
2026-02-17,2,Alas Roban,42097,2252918,68427
2026-02-17,3,Blades of The Guardians,41034,41034,1084
2026-02-17,4,Goat,19093,104098,8445
2026-02-17,5,"Kafir, Gerbang Sukma",15860,461055,20056
2026-02-17,6,Papa Zola The Movie,14423,499030,23237
2026-02-17,7,Rumah Tanpa Cahaya,10593,72492,3719
2026-02-17,8,Whistle,9254,73621,5779
2026-02-17,9,Wuthering Heights,7753,73560,6089
2026-02-17,10,Shelter,7723,294210,19033
2026-02-17,11,AIUEO Macam Betool Aja,6343,48608,3946
2026-02-17,12,Agak Laen: Menyala Pantiku!,1999,10948778,169291
2026-02-17,13,Sebelum Dijemput Nenek,1589,217638,11287
2026-02-17,14,Unexpected Family,1547,335555,14337
2026-02-17,15,Kokuho,1441,2667,195
2026-02-17,16,"Check Out Sekarang, Pay Later (Caper)",1322,70895,7584
2026-02-17,17,Esok Tanpa Ibu,1015,225120,12847
2026-02-17,18,5 Centimeters Per Second (Live Action),801,60748,4251
2026-02-17,19,Panor 2,700,7243,938
2026-02-17,20,Send Help,591,57019,6580
2026-02-17,21,Jangan Seperti Bapak,289,16316,2260
2026-02-16,1,Kuyank,57717,794300,16843
2026-02-16,2,Alas Roban,40069,2210821,66963
2026-02-16,3,Goat,23380,85005,7158
2026-02-16,4,Papa Zola The Movie,20169,484607,22605
2026-02-16,5,"Kafir, Gerbang Sukma",17905,445195,19676
2026-02-16,6,Wuthering Heights,11923,65807,5495
2026-02-16,7,Rumah Tanpa Cahaya,11913,61899,3194
2026-02-16,8,Whistle,11102,64367,5244
2026-02-16,9,Shelter,8579,286487,18562
2026-02-16,10,AIUEO Macam Betool Aja,8249,42265,3437
2026-02-16,11,"Check Out Sekarang, Pay Later (Caper)",2042,69573,7509
2026-02-16,12,Agak Laen: Menyala Pantiku!,1824,10946779,169237
2026-02-16,13,Sebelum Dijemput Nenek,1723,216049,11209
2026-02-16,14,Unexpected Family,1523,334008,14237
2026-02-16,15,Kokuho,1226,1226,140
2026-02-16,16,Waru,1175,9129,1073
2026-02-16,17,Esok Tanpa Ibu,1164,224105,12789
2026-02-16,18,5 Centimeters Per Second (Live Action),1151,59947,4179
2026-02-16,19,Send Help,631,56428,6511
2026-02-16,20,Panor 2,594,6543,868
2026-02-16,21,Jangan Seperti Bapak,513,16027,2170
2026-02-16,22,Taj Mahal: An Eternal Love Story,243,1178,355
2026-02-15,1,Kuyank,54984,736583,15742
2026-02-15,2,Alas Roban,43623,2170752,65417
2026-02-15,3,Goat,26698,61625,5682
2026-02-15,4,"Kafir, Gerbang Sukma",19127,427290,19246
2026-02-15,5,Cyberbullying,15780,540788,1194
2026-02-15,6,Papa Zola The Movie,13882,464438,21994
2026-02-15,7,Wuthering Heights,11589,53884,4673
2026-02-15,8,Whistle,11508,53265,4548
2026-02-15,9,Rumah Tanpa Cahaya,11077,49986,2624
2026-02-15,10,Shelter,10166,277908,17994
2026-02-15,11,AIUEO Macam Betool Aja,8512,34016,2869
2026-02-15,12,Unexpected Family,2793,332485,14125
2026-02-15,13,Agak Laen: Menyala Pantiku!,2150,10944955,169184
2026-02-15,14,Waru,1821,7954,910
2026-02-15,15,5 Centimeters Per Second (Live Action),1561,58796,4095
2026-02-15,16,Sebelum Dijemput Nenek,1518,214326,11128
2026-02-15,17,"Check Out Sekarang, Pay Later (Caper)",1449,67531,7418
2026-02-15,18,Panor 2,1296,5949,779
2026-02-15,19,Jangan Seperti Bapak,1285,15514,2019
2026-02-15,20,Send Help,1097,55797,6433
2026-02-15,21,Esok Tanpa Ibu,929,222941,12723
2026-02-15,22,Taj Mahal: An Eternal Love Story,230,935,316
2026-02-15,23,Three Colors: Blue,230,350,9
2026-02-15,24,O Romeo,160,482,73
2026-02-15,25,Three Colors: Red,118,388,13
2026-02-14,1,Kuyank,52370,681599,14671
2026-02-14,2,Alas Roban,44461,2127129,63912
2026-02-14,3,Goat,23897,34927,3916
2026-02-14,4,Wuthering Heights,17281,42295,3835
2026-02-14,5,"Kafir, Gerbang Sukma",15132,408163,18603
2026-02-14,6,Whistle,14145,41757,3785
2026-02-14,7,Rumah Tanpa Cahaya,10007,38909,2042
2026-02-14,8,AIUEO Macam Betool Aja,9969,25504,2237
2026-02-14,9,Papa Zola The Movie,9870,450556,21223
2026-02-14,10,Shelter,7020,267742,17511
2026-02-14,11,Unexpected Family,2867,329692,14020
2026-02-14,12,5 Centimeters Per Second (Live Action),1904,57235,3999
2026-02-14,13,Agak Laen: Menyala Pantiku!,1872,10942805,169135
2026-02-14,14,Jangan Seperti Bapak,1686,14229,1803
2026-02-14,15,Waru,1543,6133,724
2026-02-14,16,Send Help,1332,54700,6343
2026-02-14,17,Sebelum Dijemput Nenek,1311,212808,11053
2026-02-14,18,Panor 2,1263,4653,660
2026-02-14,19,"Check Out Sekarang, Pay Later (Caper)",1262,66082,7257
2026-02-14,20,Mattaro Janci,1025,2032,34
2026-02-14,21,A Useful Ghost,678,998,19
2026-02-14,22,Esok Tanpa Ibu,571,222012,12668
2026-02-14,23,Taj Mahal: An Eternal Love Story,348,705,256
2026-02-14,24,The Rose: Come Back To Me,322,322,21
2026-02-14,25,Three Colors: Red,270,270,13
2026-02-14,26,O Romeo,180,322,46
2026-02-14,27,Three Colors: Blue,120,120,9
2026-02-13,1,Kuyank,41694,629229,13594
2026-02-13,2,Alas Roban,27192,2082668,62434
2026-02-13,3,Goat,11030,11030,1942
2026-02-13,4,Rumah Tanpa Cahaya,10949,28902,1426
2026-02-13,5,"Kafir, Gerbang Sukma",9980,393031,18029
2026-02-13,6,Wuthering Heights,8461,25014,3023
2026-02-13,7,Whistle,6986,27612,3077
2026-02-13,8,AIUEO Macam Betool Aja,6091,15535,1586
2026-02-13,9,Jangan Seperti Bapak,3064,12543,1391
2026-02-13,10,Waru,2655,4590,506
2026-02-13,11,Shelter,2616,260722,17152
2026-02-13,12,Papa Zola The Movie,2309,440686,20608
2026-02-13,13,Unexpected Family,924,326825,13940
2026-02-13,14,"Check Out Sekarang, Pay Later (Caper)",850,64820,7093
2026-02-13,15,Sebelum Dijemput Nenek,739,211497,10990
2026-02-13,16,Agak Laen: Menyala Pantiku!,683,10940933,169083
2026-02-13,17,Panor 2,647,3390,536
2026-02-13,18,Send Help,608,53368,6259
2026-02-13,19,5 Centimeters Per Second (Live Action),509,55331,3901
2026-02-13,20,Esok Tanpa Ibu,363,221441,12629
2026-02-13,21,Taj Mahal: An Eternal Love Story,357,357,161
2026-02-13,22,A Useful Ghost,320,320,13
2026-02-13,23,O Romeo,142,142,18
2026-02-12,1,Kuyank,31201,587535,12692
2026-02-12,2,Alas Roban,24654,2055476,61165
2026-02-12,3,Rumah Tanpa Cahaya,17953,17953,806
2026-02-12,4,"Kafir, Gerbang Sukma",10629,383051,17683
2026-02-12,5,Jangan Seperti Bapak,9479,9479,810
2026-02-12,6,AIUEO Macam Betool Aja,9444,9444,885
2026-02-12,7,Whistle,8920,20626,2371
2026-02-12,8,Wuthering Heights,7284,16553,2244
2026-02-12,9,Shelter,4041,258106,16832
2026-02-12,10,Papa Zola The Movie,2088,438377,20406
2026-02-12,11,Waru,1935,1935,294
2026-02-12,12,"Check Out Sekarang, Pay Later (Caper)",1102,63970,6988
2026-02-12,13,Panor 2,1100,2743,404
2026-02-12,14,Unexpected Family,1056,325901,13867
2026-02-12,15,Agak Laen: Menyala Pantiku!,985,10940250,169042
2026-02-12,16,5 Centimeters Per Second (Live Action),830,54822,3821
2026-02-12,17,Sebelum Dijemput Nenek,716,210758,10924
2026-02-12,18,Esok Tanpa Ibu,711,221078,12589
2026-02-12,19,Teman Tegar Maira,706,28873,1727
2026-02-12,20,Send Help,686,52760,6178
2026-02-12,21,Sengkolo Petaka Satu Suro,403,206446,9723
2026-02-12,22,Penerbangan Terakhir,307,307667,14293
2026-02-12,23,The Strangers: Chapter 3,232,18836,3175
2026-02-12,24,Wildcat,212,16241,2841
2026-02-12,25,I Was A Stranger,104,14355,3275
2026-02-11,1,Kuyank,28912,556334,11971
2026-02-11,2,Alas Roban,18685,2030822,59897
2026-02-11,3,Whistle,11706,11706,1299
2026-02-11,4,"Kafir, Gerbang Sukma",11476,372422,16971
2026-02-11,5,Wuthering Heights,9269,9269,1249
2026-02-11,6,Shelter,5942,254065,16376
2026-02-11,7,"Check Out Sekarang, Pay Later (Caper)",2860,62868,6715
2026-02-11,8,Papa Zola The Movie,2463,436289,20079
2026-02-11,9,Panor 2,1643,1643,219
2026-02-11,10,Esok Tanpa Ibu,1515,220367,12490
2026-02-11,11,Sebelum Dijemput Nenek,1407,210042,10816
2026-02-11,12,Sengkolo Petaka Satu Suro,1399,206043,9646
2026-02-11,13,Teman Tegar Maira,1250,28167,1665
2026-02-11,14,Agak Laen: Menyala Pantiku!,1118,10939265,168989
2026-02-11,15,5 Centimeters Per Second (Live Action),1110,53992,3688
2026-02-11,16,Unexpected Family,1062,324845,13754
2026-02-11,17,Send Help,870,52074,6033
2026-02-11,18,Penerbangan Terakhir,621,307360,14235
2026-02-11,19,The Strangers: Chapter 3,450,18604,3118
2026-02-11,20,Wildcat,279,16029,2796
2026-02-11,21,I Was A Stranger,159,14251,3240
2026-02-10,1,Kuyank,24442,527422,11082
2026-02-10,2,Alas Roban,20327,2012137,58336
2026-02-10,3,"Kafir, Gerbang Sukma",13208,360946,15990
2026-02-10,4,Shelter,6863,248123,15799
2026-02-10,5,Papa Zola The Movie,4318,433826,19592
2026-02-10,6,"Check Out Sekarang, Pay Later (Caper)",3392,60008,6197
2026-02-10,7,Send Help,2864,51204,5862
2026-02-10,8,Esok Tanpa Ibu,2048,218852,12334
2026-02-10,9,Sebelum Dijemput Nenek,1925,208635,10650
2026-02-10,10,5 Centimeters Per Second (Live Action),1748,52882,3510
2026-02-10,11,Teman Tegar Maira,1483,26917,1560
2026-02-10,12,Unexpected Family,1208,323783,13620
2026-02-10,13,The Strangers: Chapter 3,1176,18154,2956
2026-02-10,14,Sengkolo Petaka Satu Suro,1172,204644,9523
2026-02-10,15,Agak Laen: Menyala Pantiku!,1118,10938147,168916
2026-02-10,16,Penerbangan Terakhir,977,306739,14143
2026-02-10,17,Balas Budi,593,20326,1894
2026-02-10,18,I Was A Stranger,480,14092,3179
2026-02-10,19,Wildcat,479,15750,2737
2026-02-10,20,Ahlan Singapore,246,10345,2878
2026-02-10,21,Sadali,166,12614,2883
2026-02-09,1,Kuyank,32749,502980,10126
2026-02-09,2,Alas Roban,25109,1991810,56536
2026-02-09,3,"Kafir, Gerbang Sukma",14415,347738,14818
2026-02-09,4,Papa Zola The Movie,6008,429508,18846
2026-02-09,5,Shelter,4585,241260,14857
2026-02-09,6,"Check Out Sekarang, Pay Later (Caper)",3062,56616,5415
2026-02-09,7,The Strangers: Chapter 3,1947,16978,2528
2026-02-09,8,Sebelum Dijemput Nenek,1902,206710,10424
2026-02-09,9,5 Centimeters Per Second (Live Action),1829,51134,3209
2026-02-09,10,Esok Tanpa Ibu,1709,216804,12062
2026-02-09,11,Unexpected Family,1274,322575,13415
2026-02-09,12,Send Help,1252,48340,5606
2026-02-09,13,Sengkolo Petaka Satu Suro,1139,203472,9367
2026-02-09,14,Agak Laen: Menyala Pantiku!,1014,10937029,168834
2026-02-09,15,I Was A Stranger,879,13612,2977
2026-02-09,16,Penerbangan Terakhir,764,305762,14028
2026-02-09,17,Teman Tegar Maira,633,25434,1407
2026-02-09,18,Balas Budi,451,19733,1776
2026-02-09,19,Wildcat,345,15271,2611
2026-02-09,20,Sadali,238,12448,2726
2026-02-09,21,Ahlan Singapore,231,10099,2689
2026-02-08,1,Kuyank,53296,470231,9189
2026-02-08,2,Alas Roban,51220,1966701,54711
2026-02-08,3,Papa Zola The Movie,26690,423500,17890
2026-02-08,4,"Kafir, Gerbang Sukma",24560,333323,13760
2026-02-08,5,Shelter,21553,236675,13822
2026-02-08,6,Cyberbullying,18183,525008,1119
2026-02-08,7,"Check Out Sekarang, Pay Later (Caper)",10405,53554,4572
2026-02-08,8,Esok Tanpa Ibu,5536,215095,11789
2026-02-08,9,Unexpected Family,5099,321301,13212
2026-02-08,10,Uang Passolo,4964,205519,3761
2026-02-08,11,The Strangers: Chapter 3,4670,15031,2025
2026-02-08,12,5 Centimeters Per Second (Live Action),4421,49305,2971
2026-02-08,13,Sebelum Dijemput Nenek,4417,204808,10250
2026-02-08,14,Teman Tegar Maira,3130,24801,1200
2026-02-08,15,Stray Kids: The dominATE Experience,2654,12302,438
2026-02-08,16,Send Help,2633,47088,5400
2026-02-08,17,I Was A Stranger,2619,12733,2759
2026-02-08,18,Sengkolo Petaka Satu Suro,2039,202333,9277
2026-02-08,19,Balas Budi,1936,19282,1651
2026-02-08,20,Agak Laen: Menyala Pantiku!,1893,10936015,168755
2026-02-08,21,Sadali,1187,12210,2544
2026-02-08,22,Ahlan Singapore,1045,9868,2482
2026-02-08,23,Penerbangan Terakhir,844,304998,13942
2026-02-08,24,Wildcat,721,14926,2524
2026-02-08,25,Sugar,337,1321,416
2026-02-08,26,One Battle After Another,324,192982,13917
2026-02-08,27,"Tuhan, Benarkah Kau Mendengarku?",145,61853,3679
2026-02-08,28,Aqours Documentary,70,364,101
2026-02-07,1,Alas Roban,54372,1915481,52953
2026-02-07,2,Kuyank,43781,416935,8315
2026-02-07,3,"Kafir, Gerbang Sukma",24969,308763,12737
2026-02-07,4,Papa Zola The Movie,23465,396810,16695
2026-02-07,5,Shelter,20099,215122,12797
2026-02-07,6,"Check Out Sekarang, Pay Later (Caper)",12223,43149,3606
2026-02-07,7,The Strangers: Chapter 3,6016,10361,1442
2026-02-07,8,Esok Tanpa Ibu,5489,209559,11529
2026-02-07,9,Unexpected Family,4921,316202,13016
2026-02-07,10,5 Centimeters Per Second (Live Action),4343,44884,2707
2026-02-07,11,Sebelum Dijemput Nenek,3638,200391,10086
2026-02-07,12,Stray Kids: The dominATE Experience,3542,9648,315
2026-02-07,13,Teman Tegar Maira,3503,21671,979
2026-02-07,14,Send Help,3351,44455,5180
2026-02-07,15,I Was A Stranger,2878,10114,2523
2026-02-07,16,Agak Laen: Menyala Pantiku!,2839,10934122,168683
2026-02-07,17,Sengkolo Petaka Satu Suro,2006,200294,9157
2026-02-07,18,Balas Budi,1950,17346,1442
2026-02-07,19,Sadali,1744,11023,2257
2026-02-07,20,Wildcat,904,14205,2448
2026-02-07,21,Ahlan Singapore,851,8823,2178
2026-02-07,22,Penerbangan Terakhir,816,304154,13874
2026-02-07,23,Sugar,376,984,352
2026-02-07,24,One Battle After Another,364,192658,13877
2026-02-07,25,"Tuhan, Benarkah Kau Mendengarku?",120,61708,3667
2026-02-07,26,Aqours Documentary,65,294,85
2026-02-06,1,Kuyank,48123,373154,7449
2026-02-06,2,Alas Roban,39572,1861109,51250
2026-02-06,3,"Kafir, Gerbang Sukma",16380,283794,11766
2026-02-06,4,Shelter,11677,195023,11918
2026-02-06,5,"Check Out Sekarang, Pay Later (Caper)",7810,30926,2516
2026-02-06,6,Papa Zola The Movie,6318,373345,15721
2026-02-06,7,Stray Kids: The dominATE Experience,6106,6106,154
2026-02-06,8,Balas Budi,5225,15396,1086
2026-02-06,9,Teman Tegar Maira,4836,18168,725
2026-02-06,10,The Strangers: Chapter 3,4345,4345,764
2026-02-06,11,Esok Tanpa Ibu,3909,204070,11323
2026-02-06,12,Unexpected Family,2651,311281,12820
2026-02-06,13,Ahlan Singapore,2544,7972,1644
2026-02-06,14,Sadali,2308,9279,1868
2026-02-06,15,I Was A Stranger,2192,7236,2229
2026-02-06,16,Send Help,2021,41104,4972
2026-02-06,17,5 Centimeters Per Second (Live Action),1966,40541,2502
2026-02-06,18,Sebelum Dijemput Nenek,1418,196753,9970
2026-02-06,19,Sengkolo Petaka Satu Suro,1265,198288,9063
2026-02-06,20,Agak Laen: Menyala Pantiku!,798,10931283,168620
2026-02-06,21,Penerbangan Terakhir,577,303338,13820
2026-02-06,22,Wildcat,375,13301,2380
2026-02-06,23,One Battle After Another,241,192294,13833
2026-02-06,24,Sugar,208,608,281
2026-02-06,25,"Tuhan, Benarkah Kau Mendengarku?",133,61588,3649
2026-02-06,26,Aqours Documentary,38,229,68
2026-02-05,1,Kuyank,39903,325031,6721
2026-02-05,2,Alas Roban,31155,1821537,49836
2026-02-05,3,"Check Out Sekarang, Pay Later (Caper)",23116,23116,1394
2026-02-05,4,"Kafir, Gerbang Sukma",17029,267414,11149
2026-02-05,5,Teman Tegar Maira,13332,13332,395
2026-02-05,6,Balas Budi,10171,10171,607
2026-02-05,7,Shelter,8046,183346,11137
2026-02-05,8,Sadali,6971,6971,1244
2026-02-05,9,Ahlan Singapore,5428,5428,962
2026-02-05,10,Papa Zola The Movie,4368,367027,15418
2026-02-05,11,Esok Tanpa Ibu,2640,200161,11160
2026-02-05,12,Unexpected Family,2554,308630,12659
2026-02-05,13,I Was A Stranger,1893,5044,1859
2026-02-05,14,Send Help,1759,39083,4780
2026-02-05,15,5 Centimeters Per Second (Live Action),1502,38575,2372
2026-02-05,16,Sengkolo Petaka Satu Suro,1291,197023,8999
2026-02-05,17,Sebelum Dijemput Nenek,1151,195335,9866
2026-02-05,18,Mattaro Janci,1007,1007,19
2026-02-05,19,Agak Laen: Menyala Pantiku!,958,10930485,168569
2026-02-05,20,Penerbangan Terakhir,656,302761,13761
2026-02-05,21,Wildcat,480,12926,2318
2026-02-05,22,One Battle After Another,333,192053,13788
2026-02-05,23,Sugar,169,400,214
2026-02-05,24,"Tuhan, Benarkah Kau Mendengarku?",160,61455,3632
2026-02-05,25,Aqours Documentary,67,191,52
2026-02-04,1,Kuyank,38877,285128,6085
2026-02-04,2,Alas Roban,36825,1790382,48693
2026-02-04,3,"Kafir, Gerbang Sukma",21418,250385,10333
2026-02-04,4,Shelter,8810,175300,10390
2026-02-04,5,Papa Zola The Movie,4156,362659,15054
2026-02-04,6,Esok Tanpa Ibu,3873,197521,11009
2026-02-04,7,I Was A Stranger,3151,3151,1296
2026-02-04,8,Tolong Saya! (Dowajuseyo),2820,24724,1361
2026-02-04,9,Sebelum Dijemput Nenek,2655,194184,9754
2026-02-04,10,5 Centimeters Per Second (Live Action),2476,37073,2245
2026-02-04,11,Send Help,2196,37324,4567
2026-02-04,12,Sengkolo Petaka Satu Suro,2162,195732,8908
2026-02-04,13,Unexpected Family,1728,306076,12496
2026-02-04,14,Penerbangan Terakhir,1309,302105,13701
2026-02-04,15,Agak Laen: Menyala Pantiku!,1162,10929527,168518
2026-02-04,16,"Tuhan, Benarkah Kau Mendengarku?",970,61295,3601
2026-02-04,17,Return To Silent Hill,948,11613,799
2026-02-04,18,Wildcat,793,12446,2244
2026-02-04,19,One Battle After Another,503,191720,13729
2026-02-04,20,The Housemaid,444,259844,10721
2026-02-04,21,Primate,349,39908,3811
2026-02-04,22,Sugar,231,231,123
2026-02-04,23,Aqours Documentary,124,124,29
2026-02-03,1,Kuyank,28038,246251,5232
2026-02-03,2,Alas Roban,25331,1753557,47035
2026-02-03,3,"Kafir, Gerbang Sukma",20978,228967,8938
2026-02-03,4,Shelter,9848,166490,9405
2026-02-03,5,Papa Zola The Movie,6388,358503,14327
2026-02-03,6,Esok Tanpa Ibu,4220,193648,10693
2026-02-03,7,Sebelum Dijemput Nenek,3491,191529,9482
2026-02-03,8,5 Centimeters Per Second (Live Action),3355,34597,1997
2026-02-03,9,Send Help,3166,35128,4233
2026-02-03,10,Sengkolo Petaka Satu Suro,2901,193570,8674
2026-02-03,11,Penerbangan Terakhir,2602,300796,13517
2026-02-03,12,Unexpected Family,2516,304348,12287
2026-02-03,13,Tolong Saya! (Dowajuseyo),1788,21904,1222
2026-02-03,14,"Tuhan, Benarkah Kau Mendengarku?",1555,60325,3461
2026-02-03,15,Agak Laen: Menyala Pantiku!,1254,10928365,168448
2026-02-03,16,Wildcat,1149,11653,2057
2026-02-03,17,Return To Silent Hill,957,10665,711
2026-02-03,18,The Housemaid,692,259400,10647
2026-02-03,19,Primate,629,39559,3740
2026-02-03,20,Mudborn,422,4664,372
2026-02-03,21,Sinners,367,64634,3132
2026-02-03,22,Mardaani 3,150,1727,165
2026-02-02,1,Alas Roban,25706,1728226,45332
2026-02-02,2,"Kafir, Gerbang Sukma",24317,207989,7415
2026-02-02,3,Kuyank,21328,218213,4389
2026-02-02,4,Shelter,11525,156642,8181
2026-02-02,5,Papa Zola The Movie,6046,352115,13449
2026-02-02,6,Esok Tanpa Ibu,4303,189428,10299
2026-02-02,7,5 Centimeters Per Second (Live Action),4217,31242,1657
2026-02-02,8,Sebelum Dijemput Nenek,3001,188038,9120
2026-02-02,9,Penerbangan Terakhir,2861,298194,13297
2026-02-02,10,Send Help,2690,31962,3751
2026-02-02,11,Sengkolo Petaka Satu Suro,2642,190669,8401
2026-02-02,12,Unexpected Family,2511,301832,12009
2026-02-02,13,"Tuhan, Benarkah Kau Mendengarku?",1449,58770,3233
2026-02-02,14,Agak Laen: Menyala Pantiku!,1307,10927111,168374
2026-02-02,15,Wildcat,1164,10504,1780
2026-02-02,16,Tolong Saya! (Dowajuseyo),1037,20116,1043
2026-02-02,17,Return To Silent Hill,940,9708,618
2026-02-02,18,The Housemaid,679,258708,10554
2026-02-02,19,Mudborn,594,4242,305
2026-02-02,20,Sinners,367,64267,3060
2026-02-02,21,Primate,259,38930,3622
2026-02-02,22,Mardaani 3,234,1577,135
2026-02-01,1,Alas Roban,64803,1702520,43617
2026-02-01,2,Papa Zola The Movie,54696,346069,12399
2026-02-01,3,Kuyank,52935,196885,3591
2026-02-01,4,"Kafir, Gerbang Sukma",48146,183672,5889
2026-02-01,5,Shelter,37165,145117,6881
2026-02-01,6,Uang Passolo,13112,200555,3539
2026-02-01,7,Sebelum Dijemput Nenek,12415,185037,8748
2026-02-01,8,Unexpected Family,12008,299321,11751
2026-02-01,9,Esok Tanpa Ibu,10520,185125,9843
2026-02-01,10,"Tuhan, Benarkah Kau Mendengarku?",10051,57321,2800
2026-02-01,11,5 Centimeters Per Second (Live Action),7043,27025,1323
2026-02-01,12,Sengkolo Petaka Satu Suro,6252,188027,8159
2026-02-01,13,Send Help,6035,29272,3335
2026-02-01,14,Penerbangan Terakhir,4834,295333,13099
2026-02-01,15,Agak Laen: Menyala Pantiku!,2933,10925804,168297
2026-02-01,16,Return To Silent Hill,2751,8768,521
2026-02-01,17,Wildcat,2740,9340,1500
2026-02-01,18,Tolong Saya! (Dowajuseyo),2151,19079,848
2026-02-01,19,Mudborn,1655,3648,240
2026-02-01,20,The Housemaid,1196,258029,10481
2026-02-01,21,Primate,898,38671,3574
2026-02-01,22,Sinners,823,63900,2992
2026-02-01,23,Mardaani 3,430,1343,107
2026-03-21,1,Danur: The Last Chapter,120738,380000,9218
2026-03-21,2,Tunggu Aku Sukses Nanti,70124,250823,8060
2026-03-21,3,Suzzanna: Santet Dosa di Atas Dosa,61827,170854,6358
2026-03-21,4,Senin Harga Naik,31056,123568,6455
2026-03-21,5,Hoppers,25339,511568,33289
2026-03-21,6,Na Willa,23474,102263,6074
2026-03-21,7,Pelangi di Mars,22013,86739,3591
2026-03-21,8,Alas Roban,14693,2432967,82519
2026-03-21,9,2026 NCT DREAM TOUR <THE DREAM SHOW 4: FUTURE THE DREAM> FINALE in CINEMAS,2072,2072,13
2026-03-21,10,Dhurandhar: The Revenge,1456,4064,87
2026-03-20,1,Danur: The Last Chapter,69262,259262,7056
2026-03-20,2,Tunggu Aku Sukses Nanti,50355,180699,6253
2026-03-20,3,Suzzanna: Santet Dosa di Atas Dosa,28593,109027,4979
2026-03-20,4,Hoppers,23955,486229,32597
2026-03-20,5,Na Willa,21093,78789,4788
2026-03-20,6,Senin Harga Naik,20944,92512,5167
2026-03-20,7,Pelangi di Mars,17378,64726,2857
2026-03-20,8,Dhurandhar: The Revenge,1438,2608,44
2026-03-19,1,Danur: The Last Chapter,78197,190000,4569
2026-03-19,2,Tunggu Aku Sukses Nanti,49458,130344,4212
2026-03-19,3,Suzzanna: Santet Dosa di Atas Dosa,32978,80434,3375
2026-03-19,4,Senin Harga Naik,26283,71568,3609
2026-03-19,5,Na Willa,20821,57696,3274
2026-03-19,6,Pelangi di Mars,20348,47348,1966
2026-03-19,7,Hoppers,19784,462274,31858
2026-03-19,8,Dhurandhar: The Revenge,1170,1170,9
2026-03-18,1,Danur: The Last Chapter,111803,111803,2223
2026-03-18,2,Tunggu Aku Sukses Nanti,80886,80886,2167
2026-03-18,3,Suzzanna: Santet Dosa di Atas Dosa,47456,47456,1707
2026-03-18,4,Senin Harga Naik,45285,45285,1854
2026-03-18,5,Na Willa,36875,36875,1713
2026-03-18,6,Pelangi di Mars,27000,27000,1024
2026-03-18,7,Hoppers,15068,442490,31293
2026-03-17,1,Hoppers,24999,427422,30853
2026-03-17,2,Kuyank,12083,1216815,38018
2026-03-17,3,Panda Plan: The Magical Tribe,6552,253583,21653
2026-03-17,4,Blades of The Guardians,3844,303652,19876
2026-03-17,5,Titip Bunda Di Surga-Mu,3747,132689,14035
2026-03-17,6,Setannya Cuan,3507,40511,5031
2026-03-17,7,Scream 7,3307,148937,18022
2026-03-17,8,Setan Alas!,1975,36745,3369
2026-03-17,9,"Kafir, Gerbang Sukma",1631,525332,23629
2026-03-17,10,Number One,1588,19792,4647
2026-03-17,11,Once We Were Us,1446,35537,5604
2026-03-17,12,Modual Nekad,1008,353583,12633
2026-03-17,13,Crime 101,926,110971,11994
2026-03-17,14,"Antara Mama, Cinta Dan Surga",895,94222,6397
2026-03-17,15,Reminders of Him,667,7544,3719
2026-03-17,16,Hamnet,598,18297,2754
2026-03-17,17,"Good Luck, Have Fun, Dont Die",533,13517,3575
2026-03-17,18,The Bride!,450,25188,5771
2026-03-17,19,PROJECT Y,377,15712,3815
2026-03-17,20,Iron Lung,364,36507,3447
2026-03-17,21,Marty Supreme,309,50143,5243
2026-03-17,22,"We, Everyday",63,1732,1372
2026-03-16,1,Hoppers,30437,402423,28342
2026-03-16,2,Kuyank,13683,1204732,37381
2026-03-16,3,Panda Plan: The Magical Tribe,6996,247031,20809
2026-03-16,4,Titip Bunda Di Surga-Mu,4446,128942,13547
2026-03-16,5,Setannya Cuan,3649,37004,4561
2026-03-16,6,Blades of The Guardians,3295,299808,19488
2026-03-16,7,Scream 7,3090,145630,17536
2026-03-16,8,Setan Alas!,2087,34770,3034
2026-03-16,9,"Kafir, Gerbang Sukma",1733,523701,23595
2026-03-16,10,Number One,1720,18204,4180
2026-03-16,11,Once We Were Us,1403,34091,5399
2026-03-16,12,Crime 101,687,110045,11840
2026-03-16,13,Reminders of Him,671,6877,3495
2026-03-16,14,"Antara Mama, Cinta Dan Surga",639,93327,6296
2026-03-16,15,PROJECT Y,538,15335,3648
2026-03-16,16,"Good Luck, Have Fun, Dont Die",435,12984,3401
2026-03-16,17,Marty Supreme,353,49834,5159
2026-03-16,18,Iron Lung,328,36143,3377
2026-03-16,19,The Bride!,318,24738,5692
2026-03-16,20,Hamnet,279,17699,2623
2026-03-16,21,"We, Everyday",125,1669,1317
2026-03-15,1,Hoppers,48280,371986,25885
2026-03-15,2,Panda Plan: The Magical Tribe,14660,240035,19938
2026-03-15,3,Kuyank,13404,1191049,36741
2026-03-15,4,Alas Roban,8332,2418274,81545
2026-03-15,5,Blades of The Guardians,6433,296513,19070
2026-03-15,6,Titip Bunda Di Surga-Mu,6395,124496,13059
2026-03-15,7,Scream 7,5416,142540,17052
2026-03-15,8,Setannya Cuan,4518,33355,4131
2026-03-15,9,Number One,3121,16484,3696
2026-03-15,10,Setan Alas!,3065,32683,2708
2026-03-15,11,"Kafir, Gerbang Sukma",2779,521968,23562
2026-03-15,12,Once We Were Us,1803,32688,5177
2026-03-15,13,Crime 101,1716,109358,11688
2026-03-15,14,"Antara Mama, Cinta Dan Surga",1155,92688,6216
2026-03-15,15,PROJECT Y,913,14797,3452
2026-03-15,16,Reminders of Him,887,6206,3262
2026-03-15,17,"Good Luck, Have Fun, Dont Die",803,12549,3218
2026-03-15,18,Marty Supreme,588,49481,5058
2026-03-15,19,The Bride!,532,24420,5607
2026-03-15,20,Iron Lung,510,35815,3305
2026-03-15,21,Hamnet,438,17420,2512
2026-03-15,22,"We, Everyday",175,1544,1258
2026-03-15,23,Through The Olive Trees,125,395,13
2026-03-14,1,Hoppers,53105,323706,23445
2026-03-14,2,Kuyank,11788,1177645,36103
2026-03-14,3,Panda Plan: The Magical Tribe,10539,225375,19088
2026-03-14,4,Alas Roban,8629,2409942,81098
2026-03-14,5,Titip Bunda Di Surga-Mu,5751,118101,12562
2026-03-14,6,Blades of The Guardians,5290,290080,18681
2026-03-14,7,Scream 7,4944,137124,16577
2026-03-14,8,Setannya Cuan,4184,28837,3699
2026-03-14,9,Number One,3587,13363,3175
2026-03-14,10,Setan Alas!,2862,29618,2543
2026-03-14,11,"Kafir, Gerbang Sukma",2426,519189,23526
2026-03-14,12,Crime 101,1740,107642,11540
2026-03-14,13,Once We Were Us,1695,30885,4951
2026-03-14,14,"Antara Mama, Cinta Dan Surga",1178,91533,6136
2026-03-14,15,"Good Luck, Have Fun, Dont Die",1050,11746,3061
2026-03-14,16,PROJECT Y,950,13884,3236
2026-03-14,17,Reminders of Him,930,5319,2960
2026-03-14,18,Marty Supreme,914,48893,4953
2026-03-14,19,The Bride!,592,23888,5507
2026-03-14,20,Hamnet,555,16982,2405
2026-03-14,21,Iron Lung,417,35305,3226
2026-03-14,22,Through The Olive Trees,270,270,9
2026-03-14,23,A Separation,262,262,9
2026-03-14,24,"We, Everyday",192,1369,1174
2026-03-14,25,Kill,80,80,18
2026-03-13,1,Hoppers,28043,270601,21029
2026-03-13,2,Kuyank,8714,1165857,35440
2026-03-13,3,Alas Roban,7193,2401313,80631
2026-03-13,4,Titip Bunda Di Surga-Mu,3701,112350,12053
2026-03-13,5,Panda Plan: The Magical Tribe,3690,214836,18307
2026-03-13,6,Scream 7,3350,132180,16099
2026-03-13,7,Number One,3109,9776,2582
2026-03-13,8,Blades of The Guardians,2756,284790,18297
2026-03-13,9,Setannya Cuan,2388,24653,3292
2026-03-13,10,Setan Alas!,2218,26756,2375
2026-03-13,11,"Kafir, Gerbang Sukma",1806,516763,23463
2026-03-13,12,Once We Were Us,1161,29190,4760
2026-03-13,13,"Antara Mama, Cinta Dan Surga",868,90355,6042
2026-03-13,14,PROJECT Y,784,12934,3049
2026-03-13,15,The Bride!,764,23296,5382
2026-03-13,16,Crime 101,717,105902,11404
2026-03-13,17,"Good Luck, Have Fun, Dont Die",479,10696,2910
2026-03-13,18,Reminders of Him,460,4389,2555
2026-03-13,19,Marty Supreme,323,47979,4842
2026-03-13,20,Iron Lung,259,34888,3152
2026-03-13,21,Hamnet,215,16427,2308
2026-03-13,22,"We, Everyday",177,1177,1048
2026-03-12,1,Hoppers,18607,242558,18785
2026-03-12,2,Kuyank,9456,1157143,34790
2026-03-12,3,Alas Roban,5833,2394120,80201
2026-03-12,4,Panda Plan: The Magical Tribe,4076,211146,17665
2026-03-12,5,Titip Bunda Di Surga-Mu,3934,108649,11578
2026-03-12,6,Scream 7,3114,128830,15658
2026-03-12,7,Number One,2829,6667,1873
2026-03-12,8,Blades of The Guardians,2504,282034,17940
2026-03-12,9,Setan Alas!,2503,24538,2010
2026-03-12,10,Setannya Cuan,2458,22265,2895
2026-03-12,11,Reminders of Him,1992,3929,2001
2026-03-12,12,"Kafir, Gerbang Sukma",1809,514957,23321
2026-03-12,13,Once We Were Us,1204,28029,4577
2026-03-12,14,PROJECT Y,637,12150,2856
2026-03-12,15,"Antara Mama, Cinta Dan Surga",551,89487,5943
2026-03-12,16,The Bride!,545,22532,5175
2026-03-12,17,Crime 101,504,105185,11251
2026-03-12,18,"Good Luck, Have Fun, Dont Die",384,10217,2752
2026-03-12,19,Marty Supreme,375,47656,4742
2026-03-12,20,"We, Everyday",370,1000,879
2026-03-12,21,Iron Lung,223,34629,3073
2026-03-12,22,Hamnet,161,16212,2225
2026-03-11,1,Hoppers,18432,223951,16611
2026-03-11,2,Kuyank,8736,1147687,34186
2026-03-11,3,Alas Roban,5468,2388287,79807
2026-03-11,4,Titip Bunda Di Surga-Mu,4240,104715,11090
2026-03-11,5,Number One,3838,3838,975
2026-03-11,6,Panda Plan: The Magical Tribe,3441,207070,17044
2026-03-11,7,Setannya Cuan,2662,19807,2524
2026-03-11,8,Scream 7,2427,125716,15245
2026-03-11,9,Setan Alas!,2300,22035,1853
2026-03-11,10,Blades of The Guardians,2007,279530,17616
2026-03-11,11,Reminders of Him,1937,1937,1158
2026-03-11,12,"Kafir, Gerbang Sukma",1600,513148,23290
2026-03-11,13,Once We Were Us,1007,26825,4396
2026-03-11,14,PROJECT Y,777,11513,2676
2026-03-11,15,"We, Everyday",630,630,527
2026-03-11,16,"Antara Mama, Cinta Dan Surga",602,88936,5871
2026-03-11,17,The Bride!,542,21987,5038
2026-03-11,18,Crime 101,423,104681,11115
2026-03-11,19,"Good Luck, Have Fun, Dont Die",416,9833,2613
2026-03-11,20,Marty Supreme,308,47281,4650
2026-03-11,21,Iron Lung,214,34406,2995
2026-03-11,22,Hamnet,176,16051,2163
2026-03-10,1,Hoppers,21885,205519,14617
2026-03-10,2,Kuyank,8938,1138951,33570
2026-03-10,3,Alas Roban,5288,2382819,79441
2026-03-10,4,Panda Plan: The Magical Tribe,4600,203629,16491
2026-03-10,5,Scream 7,4062,123289,14842
2026-03-10,6,Titip Bunda Di Surga-Mu,4045,100475,10618
2026-03-10,7,Blades of The Guardians,3350,277523,17355
2026-03-10,8,Setan Alas!,2950,19735,1710
2026-03-10,9,Setannya Cuan,2941,17145,2180
2026-03-10,10,Once We Were Us,1545,25818,4227
2026-03-10,11,"Kafir, Gerbang Sukma",1505,511548,23263
2026-03-10,12,PROJECT Y,1161,10736,2484
2026-03-10,13,The Bride!,975,21445,4905
2026-03-10,14,"Good Luck, Have Fun, Dont Die",885,9417,2491
2026-03-10,15,"Antara Mama, Cinta Dan Surga",819,88334,5805
2026-03-10,16,Agak Laen: Menyala Pantiku!,792,10980933,170914
2026-03-10,17,Hamnet,669,15875,2117
2026-03-10,18,Crime 101,523,104258,11015
2026-03-10,19,Iron Lung,445,34192,2917
2026-03-10,20,Rajah,411,11282,2000
2026-03-10,21,Marty Supreme,394,46973,4566
2026-03-10,22,Lift,393,50377,5091
2026-03-10,23,Kokuho,98,29689,2894
2026-03-09,1,Hoppers,20864,183634,12377
2026-03-09,2,Kuyank,9853,1130013,32850
2026-03-09,3,Panda Plan: The Magical Tribe,5883,199029,15626
2026-03-09,4,Alas Roban,5049,2377531,79064
2026-03-09,5,Scream 7,3798,119227,14255
2026-03-09,6,Titip Bunda Di Surga-Mu,3729,96430,10053
2026-03-09,7,Blades of The Guardians,3233,274173,16896
2026-03-09,8,Setan Alas!,3041,16785,1506
2026-03-09,9,Setannya Cuan,2511,14204,1795
2026-03-09,10,Agak Laen: Menyala Pantiku!,2306,10980141,170863
2026-03-09,11,"Kafir, Gerbang Sukma",1428,510043,23231
2026-03-09,12,Once We Were Us,1425,24273,3996
2026-03-09,13,The Bride!,1317,20470,4569
2026-03-09,14,"Antara Mama, Cinta Dan Surga",1273,87515,5674
2026-03-09,15,PROJECT Y,1242,9575,2072
2026-03-09,16,"Good Luck, Have Fun, Dont Die",900,8532,2161
2026-03-09,17,Marty Supreme,622,46579,4411
2026-03-09,18,Crime 101,540,103735,10865
2026-03-09,19,Hamnet,404,15206,1976
2026-03-09,20,Iron Lung,357,33747,2796
2026-03-09,21,Rajah,335,10871,1943
2026-03-09,22,Lift,267,49984,4926
2026-03-09,23,Kokuho,59,29591,2857
2026-03-08,1,Hoppers,55689,162770,10016
2026-03-08,2,Panda Plan: The Magical Tribe,17931,193146,14638
2026-03-08,3,Kuyank,12332,1120160,32148
2026-03-08,4,Blades of The Guardians,8395,270940,16463
2026-03-08,5,Alas Roban,7822,2372482,78676
2026-03-08,6,Titip Bunda Di Surga-Mu,7252,92701,9476
2026-03-08,7,Agak Laen: Menyala Pantiku!,6785,10977835,170811
2026-03-08,8,Scream 7,5854,115429,13690
2026-03-08,9,Setannya Cuan,4261,11693,1449
2026-03-08,10,ENHYPEN [WALK THE LINE SUMMER EDITION] IN CINEMAS,4042,13583,346
2026-03-08,11,Setan Alas!,3819,13744,1101
2026-03-08,12,PROJECT Y,2977,8333,1633
2026-03-08,13,"Antara Mama, Cinta Dan Surga",2764,86242,5527
2026-03-08,14,The Bride!,2525,19153,4119
2026-03-08,15,Once We Were Us,2263,22848,3825
2026-03-08,16,"Good Luck, Have Fun, Dont Die",2182,7632,1797
2026-03-08,17,"Kafir, Gerbang Sukma",1904,508615,23099
2026-03-08,18,Iron Lung,1708,33390,2672
2026-03-08,19,Marty Supreme,1195,45957,4262
2026-03-08,20,Crime 101,1122,103195,10735
2026-03-08,21,Lift,815,49717,4795
2026-03-08,22,Hamnet,787,14802,1877
2026-03-08,23,Rajah,652,10536,1893
2026-03-08,24,Kokuho,209,29532,2821
2026-03-08,25,Wuthering Heights,206,101629,9709
2026-03-08,26,Memoria,200,294,14
2026-03-08,27,Juara Sejati,115,230376,690
2026-03-08,28,Epic: Elvis Presley In Concert,95,2686,1650
2026-03-08,29,Robot Dreams,34,144,13
2026-03-07,1,Hoppers,59717,107081,7701
2026-03-07,2,Panda Plan: The Magical Tribe,17098,175215,13633
2026-03-07,3,Kuyank,12916,1107828,31474
2026-03-07,4,Blades of The Guardians,7577,262545,16055
2026-03-07,5,Titip Bunda Di Surga-Mu,7496,85449,8953
2026-03-07,6,Scream 7,7178,109575,13131
2026-03-07,7,Alas Roban,6676,2364660,78344
2026-03-07,8,ENHYPEN [WALK THE LINE SUMMER EDITION] IN CINEMAS,5915,9541,256
2026-03-07,9,Agak Laen: Menyala Pantiku!,5843,10971050,170765
2026-03-07,10,Setan Alas!,3823,9925,871
2026-03-07,11,Setannya Cuan,3195,7432,1081
2026-03-07,12,PROJECT Y,3051,5356,1154
2026-03-07,13,The Bride!,2999,16628,3650
2026-03-07,14,"Antara Mama, Cinta Dan Surga",2628,83478,5402
2026-03-07,15,"Good Luck, Have Fun, Dont Die",2612,5450,1362
2026-03-07,16,Once We Were Us,2348,20585,3662
2026-03-07,17,"Kafir, Gerbang Sukma",2278,506711,23076
2026-03-07,18,Iron Lung,1614,31682,2544
2026-03-07,19,Crime 101,1580,102073,10629
2026-03-07,20,Marty Supreme,1332,44762,4123
2026-03-07,21,2026 RIIZE CONCERT TOUR [RIIZING LOUD] FINALE IN CINEMAS,1173,1173,7
2026-03-07,22,Hamnet,928,14015,1782
2026-03-07,23,Lift,725,48902,4612
2026-03-07,24,Rajah,507,9884,1845
2026-03-07,25,Wuthering Heights,330,101423,9680
2026-03-07,26,Juara Sejati,319,230261,668
2026-03-07,27,Palestine 36,287,462,32
2026-03-07,28,Kokuho,286,29323,2785
2026-03-07,29,Epic: Elvis Presley In Concert,155,2591,1530
2026-03-07,30,Robot Dreams,110,110,9
2026-03-07,31,Memoria,94,94,4
2026-03-06,1,Hoppers,21470,47364,5511
2026-03-06,2,Kuyank,9735,1094912,30817
2026-03-06,3,Panda Plan: The Magical Tribe,6344,158117,12749
2026-03-06,4,Titip Bunda Di Surga-Mu,5778,77953,8411
2026-03-06,5,Scream 7,3762,102397,12564
2026-03-06,6,Alas Roban,3633,2357984,78001
2026-03-06,7,Blades of The Guardians,3430,254968,15690
2026-03-06,8,The Bride!,3083,13629,3035
2026-03-06,9,"Good Luck, Have Fun, Dont Die",2838,2838,787
2026-03-06,10,PROJECT Y,2305,2305,573
2026-03-06,11,Setan Alas!,2268,6102,422
2026-03-06,12,Setannya Cuan,2189,4237,729
2026-03-06,13,Once We Were Us,1348,18237,3503
2026-03-06,14,"Kafir, Gerbang Sukma",1088,504433,22944
2026-03-06,15,Iron Lung,1064,30068,2400
2026-03-06,16,"Antara Mama, Cinta Dan Surga",1023,80850,5292
2026-03-06,17,ENHYPEN [WALK THE LINE SUMMER EDITION] IN CINEMAS,916,3626,164
2026-03-06,18,Lift,775,48177,4474
2026-03-06,19,Marty Supreme,755,43430,3980
2026-03-06,20,Crime 101,668,100493,10528
2026-03-06,21,Hamnet,595,13087,1678
2026-03-06,22,Rajah,420,9377,1790
2026-03-06,23,Juara Sejati,323,229942,589
2026-03-06,24,Wuthering Heights,294,101093,9643
2026-03-06,25,Agak Laen: Menyala Pantiku!,283,10965207,170721
2026-03-06,26,Palestine 36,175,175,16
2026-03-06,27,Kokuho,160,29037,2747
2026-03-06,28,Epic: Elvis Presley In Concert,153,2436,1410
2026-03-05,1,Hoppers,12447,25894,3787
2026-03-05,2,Kuyank,9637,1085177,30171
2026-03-05,3,Panda Plan: The Magical Tribe,7044,151773,12050
2026-03-05,4,Titip Bunda Di Surga-Mu,6699,72175,7923
2026-03-05,5,Alas Roban,5282,2354351,77708
2026-03-05,6,The Bride!,4531,10546,2370
2026-03-05,7,Scream 7,4357,98635,12045
2026-03-05,8,Setan Alas!,3834,3834,228
2026-03-05,9,Blades of The Guardians,3135,251538,15336
2026-03-05,10,ENHYPEN [WALK THE LINE SUMMER EDITION] IN CINEMAS,2710,2710,83
2026-03-05,11,Setannya Cuan,2048,2048,363
2026-03-05,12,"Kafir, Gerbang Sukma",1345,503345,22928
2026-03-05,13,Once We Were Us,1287,16889,3371
2026-03-05,14,"Antara Mama, Cinta Dan Surga",988,79827,5191
2026-03-05,15,Hamnet,897,12492,1576
2026-03-05,16,Iron Lung,867,29004,2274
2026-03-05,17,Crime 101,784,99825,10422
2026-03-05,18,Marty Supreme,656,42675,3837
2026-03-05,19,Lift,543,47402,4334
2026-03-05,20,Rajah,467,8957,1731
2026-03-05,21,Juara Sejati,443,229619,441
2026-03-05,22,Pocong Merah,369,1122,504
2026-03-05,23,Agak Laen: Menyala Pantiku!,362,10964924,170683
2026-03-05,24,Wuthering Heights,264,100799,9598
2026-03-05,25,Kokuho,171,28877,2712
2026-03-05,26,Goat,135,174651,14984
2026-03-05,27,Epic: Elvis Presley In Concert,125,2283,1308
2026-03-04,1,Hoppers,13447,13447,1974
2026-03-04,2,Kuyank,11906,1075540,29531
2026-03-04,3,Panda Plan: The Magical Tribe,6538,144729,11249
2026-03-04,4,Titip Bunda Di Surga-Mu,6453,65476,7376
2026-03-04,5,The Bride!,6015,6015,1343
2026-03-04,6,Alas Roban,5000,2349069,77417
2026-03-04,7,Scream 7,4832,94278,11401
2026-03-04,8,Blades of The Guardians,4030,248403,14913
2026-03-04,9,Lift,1471,46859,4151
2026-03-04,10,Once We Were Us,1314,15602,3222
2026-03-04,11,"Antara Mama, Cinta Dan Surga",1148,78839,5065
2026-03-04,12,"Kafir, Gerbang Sukma",1143,502000,22906
2026-03-04,13,Hamnet,1018,11595,1457
2026-03-04,14,Iron Lung,834,28137,2140
2026-03-04,15,Crime 101,814,99041,10278
2026-03-04,16,Rajah,557,8490,1651
2026-03-04,17,Marty Supreme,548,42019,3669
2026-03-04,18,Agak Laen: Menyala Pantiku!,518,10964562,170647
2026-03-04,19,Wuthering Heights,295,100535,9535
2026-03-04,20,Goat,189,174516,14945
2026-03-04,21,Kokuho,163,28706,2678
2026-03-04,22,Epic: Elvis Presley In Concert,111,2158,1205
2026-03-03,1,Kuyank,11823,1063634,28872
2026-03-03,2,Panda Plan: The Magical Tribe,11321,138191,10341
2026-03-03,3,Scream 7,8274,89446,10656
2026-03-03,4,Titip Bunda Di Surga-Mu,5966,59023,6601
2026-03-03,5,Alas Roban,5890,2344069,77063
2026-03-03,6,Blades of The Guardians,3437,244373,14463
2026-03-03,7,Lift,3083,45388,3797
2026-03-03,8,"Antara Mama, Cinta Dan Surga",1824,77691,4893
2026-03-03,9,Marty Supreme,1782,41471,3474
2026-03-03,10,Once We Were Us,1579,14288,3088
2026-03-03,11,Crime 101,1441,98227,10108
2026-03-03,12,Iron Lung,1422,27303,1976
2026-03-03,13,"Kafir, Gerbang Sukma",1225,500857,22800
2026-03-03,14,Hamnet,1116,10577,1324
2026-03-03,15,Goat,469,174327,14867
2026-03-03,16,Wuthering Heights,449,100240,9465
2026-03-03,17,Agak Laen: Menyala Pantiku!,365,10964044,170601
2026-03-03,18,AIUEO Macam Betool Aja,339,60483,5754
2026-03-03,19,Rajah,304,7933,1515
2026-03-03,20,Kokuho,294,28543,2636
2026-03-03,21,Whistle,163,90777,7836
2026-03-03,22,Epic: Elvis Presley In Concert,104,2047,1100
2026-03-02,1,Panda Plan: The Magical Tribe,11936,126870,8972
2026-03-02,2,Kuyank,11040,1051811,28141
2026-03-02,3,Scream 7,9363,81172,9360
2026-03-02,4,Blades of The Guardians,8013,240936,13753
2026-03-02,5,Alas Roban,6041,2338179,76645
2026-03-02,6,Titip Bunda Di Surga-Mu,5856,53057,5492
2026-03-02,7,Lift,3213,42305,3265
2026-03-02,8,"Antara Mama, Cinta Dan Surga",2276,75867,4639
2026-03-02,9,Marty Supreme,1945,39689,3084
2026-03-02,10,Crime 101,1918,96786,9774
2026-03-02,11,Iron Lung,1816,25881,1706
2026-03-02,12,"Kafir, Gerbang Sukma",1303,499632,22669
2026-03-02,13,Hamnet,1246,9461,1063
2026-03-02,14,Rajah,1023,7629,1301
2026-03-02,15,Once We Were Us,902,12709,2875
2026-03-02,16,Goat,646,173858,14679
2026-03-02,17,Agak Laen: Menyala Pantiku!,575,10963679,170535
2026-03-02,18,Wuthering Heights,490,99791,9345
2026-03-02,19,Kokuho,348,28249,2557
2026-03-02,20,AIUEO Macam Betool Aja,203,60144,5711
2026-03-02,21,Epic: Elvis Presley In Concert,132,1943,955
2026-03-02,22,Whistle,111,90614,7792
2026-03-01,1,Panda Plan: The Magical Tribe,34850,114934,7426
2026-03-01,2,Kuyank,19714,1040771,27473
2026-03-01,3,Blades of The Guardians,16904,232923,12990
2026-03-01,4,Scream 7,15821,71809,8010
2026-03-01,5,Titip Bunda Di Surga-Mu,12159,47201,4462
2026-03-01,6,Lift,8812,39092,2702
2026-03-01,7,Alas Roban,6024,2332138,76288
2026-03-01,8,Marty Supreme,5880,37744,2662
2026-03-01,9,Goat,5648,173212,14425
2026-03-01,10,"Antara Mama, Cinta Dan Surga",5406,73591,4443
2026-03-01,11,Iron Lung,4941,24065,1452
2026-03-01,12,Crime 101,4700,94868,9448
2026-03-01,13,"Kafir, Gerbang Sukma",2449,498329,22648
2026-03-01,14,Hamnet,2396,8215,846
2026-03-01,15,Rajah,1691,6606,1136
2026-03-01,16,Wuthering Heights,1065,99301,9242
2026-03-01,17,Agak Laen: Menyala Pantiku!,999,10963104,170475
2026-03-01,18,Kokuho,974,27901,2479
2026-03-01,19,Once We Were Us,818,11807,2756
2026-03-01,20,Janur Ireng: Sewu Dino The Prequel,798,1345793,33291
2026-03-01,21,AIUEO Macam Betool Aja,590,59941,5666
2026-03-01,22,Epic: Elvis Presley In Concert,521,1811,798
2026-03-01,23,Whistle,257,90503,7758
2026-03-01,24,TWENTY ONE PILOTS: MORE THAN WE EVER IMAGINED,191,1082,78
2026-03-01,25,Nuremberg,91,91,16
2026-03-01,26,Dead Man's Wire,23,134,9
2026-03-01,27,Sun Children,10,53,12
