city_name,date,precip_mm,temp_c
JAKARTA,2025-03-15,23.9,26.3
JAKARTA,2025-03-16,11.3,27.0
JAKARTA,2025-03-17,33.9,25.7
JAKARTA,2025-03-18,19.5,25.9
JAKARTA,2025-03-19,24.5,26.4
JAKARTA,2025-03-20,0.9,27.4
JAKARTA,2025-03-21,3.8,27.7
JAKARTA,2025-03-22,6.8,27.2
JAKARTA,2025-03-23,7.9,27.9
JAKARTA,2025-03-24,4.1,27.6
JAKARTA,2025-03-25,1.6,27.8
JAKARTA,2025-03-26,7.4,27.3
JAKARTA,2025-03-27,4.5,27.6
JAKARTA,2025-03-28,15.1,26.7
JAKARTA,2025-03-29,1.1,27.9
JAKARTA,2025-03-30,0.3,28.2
JAKARTA,2025-03-31,1.4,28.2
JAKARTA,2025-04-01,28.7,26.2
JAKARTA,2025-04-02,10.8,26.5
JAKARTA,2025-04-03,8.9,26.6
JAKARTA,2025-04-04,15.7,26.2
JAKARTA,2025-04-05,4.3,26.7
JAKARTA,2025-04-06,9.4,26.6
JAKARTA,2025-04-07,2.4,27.5
JAKARTA,2025-04-08,1.6,27.5
JAKARTA,2025-04-09,10.9,27.9
JAKARTA,2025-04-10,5.4,27.6
JAKARTA,2025-04-11,11.0,27.1
JAKARTA,2025-04-12,11.6,26.5
JAKARTA,2025-04-13,17.2,26.0
JAKARTA,2025-04-14,4.0,27.6
JAKARTA,2025-04-15,17.7,26.3
JAKARTA,2025-04-16,4.3,26.9
JAKARTA,2025-04-17,5.9,26.4
JAKARTA,2025-04-18,12.1,27.2
JAKARTA,2025-04-19,3.7,27.6
JAKARTA,2025-04-20,3.8,27.3
JAKARTA,2025-04-21,2.6,27.1
JAKARTA,2025-04-22,0.4,28.2
JAKARTA,2025-04-23,2.9,27.8
JAKARTA,2025-04-24,10.6,27.5
JAKARTA,2025-04-25,7.1,27.3
JAKARTA,2025-04-26,8.3,26.8
JAKARTA,2025-04-27,6.4,27.2
JAKARTA,2025-04-28,3.3,27.8
JAKARTA,2025-04-29,1.1,27.8
JAKARTA,2025-04-30,3.0,28.6
JAKARTA,2025-05-01,2.0,29.0
JAKARTA,2025-05-02,5.1,28.9
JAKARTA,2025-05-03,5.6,28.3
JAKARTA,2025-05-04,13.5,26.8
JAKARTA,2025-05-05,3.0,27.9
JAKARTA,2025-05-06,1.1,28.5
JAKARTA,2025-05-07,3.3,27.9
JAKARTA,2025-05-08,7.0,28.0
JAKARTA,2025-05-09,2.6,28.6
JAKARTA,2025-05-10,18.2,28.1
JAKARTA,2025-05-11,3.7,27.9
JAKARTA,2025-05-12,2.8,27.7
JAKARTA,2025-05-13,13.0,27.8
JAKARTA,2025-05-14,10.0,27.3
JAKARTA,2025-05-15,0.2,28.2
JAKARTA,2025-05-16,29.0,27.3
JAKARTA,2025-05-17,16.8,27.3
JAKARTA,2025-05-18,0.1,28.2
JAKARTA,2025-05-19,0.0,28.5
JAKARTA,2025-05-20,0.0,29.4
JAKARTA,2025-05-21,32.0,27.6
JAKARTA,2025-05-22,7.0,26.5
JAKARTA,2025-05-23,30.2,25.4
JAKARTA,2025-05-24,17.0,26.7
JAKARTA,2025-05-25,15.1,27.0
JAKARTA,2025-05-26,17.7,26.3
JAKARTA,2025-05-27,0.0,28.5
JAKARTA,2025-05-28,0.6,28.4
JAKARTA,2025-05-29,13.7,27.5
JAKARTA,2025-05-30,0.1,27.8
JAKARTA,2025-05-31,7.5,28.4
JAKARTA,2025-06-01,0.2,27.3
JAKARTA,2025-06-02,0.0,28.1
JAKARTA,2025-06-03,1.8,27.6
JAKARTA,2025-06-04,4.0,28.0
JAKARTA,2025-06-05,1.7,28.4
JAKARTA,2025-06-06,10.8,27.3
JAKARTA,2025-06-07,1.3,27.5
JAKARTA,2025-06-08,0.0,27.8
JAKARTA,2025-06-09,1.0,27.9
JAKARTA,2025-06-10,4.2,26.6
JAKARTA,2025-06-11,2.6,27.3
JAKARTA,2025-06-12,1.0,28.4
JAKARTA,2025-06-13,0.0,29.3
JAKARTA,2025-06-14,0.7,28.9
JAKARTA,2025-06-15,1.4,28.5
JAKARTA,2025-06-16,2.5,28.9
JAKARTA,2025-06-17,22.0,27.3
JAKARTA,2025-06-18,12.6,25.5
JAKARTA,2025-06-19,1.9,25.3
JAKARTA,2025-06-20,27.1,26.1
JAKARTA,2025-06-21,27.8,25.6
JAKARTA,2025-06-22,18.2,26.8
JAKARTA,2025-06-23,25.5,26.4
JAKARTA,2025-06-24,4.7,26.8
JAKARTA,2025-06-25,0.2,27.0
JAKARTA,2025-06-26,0.0,27.6
JAKARTA,2025-06-27,1.1,27.7
JAKARTA,2025-06-28,2.5,26.2
JAKARTA,2025-06-29,5.0,25.4
JAKARTA,2025-06-30,9.3,26.4
JAKARTA,2025-07-01,23.3,26.1
JAKARTA,2025-07-02,12.3,26.9
JAKARTA,2025-07-03,21.1,26.1
JAKARTA,2025-07-04,0.7,27.3
JAKARTA,2025-07-05,12.5,26.5
JAKARTA,2025-07-06,9.0,26.0
JAKARTA,2025-07-07,25.8,25.8
JAKARTA,2025-07-08,4.1,26.9
JAKARTA,2025-07-09,5.7,26.7
JAKARTA,2025-07-10,2.4,26.9
JAKARTA,2025-07-11,0.3,27.5
JAKARTA,2025-07-12,0.0,28.3
JAKARTA,2025-07-13,3.8,28.1
JAKARTA,2025-07-14,0.6,27.1
JAKARTA,2025-07-15,7.7,27.9
JAKARTA,2025-07-16,9.7,27.8
JAKARTA,2025-07-17,2.3,27.4
JAKARTA,2025-07-18,3.0,27.1
JAKARTA,2025-07-19,0.1,27.5
JAKARTA,2025-07-20,2.2,28.7
JAKARTA,2025-07-21,0.6,28.6
JAKARTA,2025-07-22,0.0,29.1
JAKARTA,2025-07-23,0.2,29.1
JAKARTA,2025-07-24,0.1,29.3
JAKARTA,2025-07-25,1.9,29.7
JAKARTA,2025-07-26,0.2,29.3
JAKARTA,2025-07-27,3.6,28.8
JAKARTA,2025-07-28,8.6,28.1
JAKARTA,2025-07-29,0.9,28.0
JAKARTA,2025-07-30,3.4,27.9
JAKARTA,2025-07-31,0.3,28.7
JAKARTA,2025-08-01,0.0,29.2
JAKARTA,2025-08-02,0.7,29.3
JAKARTA,2025-08-03,7.0,27.9
JAKARTA,2025-08-04,8.0,26.7
JAKARTA,2025-08-05,4.7,26.9
JAKARTA,2025-08-06,0.0,27.4
JAKARTA,2025-08-07,7.8,27.6
JAKARTA,2025-08-08,5.7,26.6
JAKARTA,2025-08-09,10.1,27.2
JAKARTA,2025-08-10,2.6,27.9
JAKARTA,2025-08-11,12.4,26.8
JAKARTA,2025-08-12,16.5,25.8
JAKARTA,2025-08-13,8.7,25.9
JAKARTA,2025-08-14,7.5,25.2
JAKARTA,2025-08-15,0.0,26.7
JAKARTA,2025-08-16,0.2,27.3
JAKARTA,2025-08-17,0.0,28.0
JAKARTA,2025-08-18,15.5,27.6
JAKARTA,2025-08-19,16.9,25.2
JAKARTA,2025-08-20,2.2,26.7
JAKARTA,2025-08-21,3.1,26.7
JAKARTA,2025-08-22,2.9,26.8
JAKARTA,2025-08-23,3.1,27.5
JAKARTA,2025-08-24,1.5,28.0
JAKARTA,2025-08-25,2.4,27.3
JAKARTA,2025-08-26,0.0,28.3
JAKARTA,2025-08-27,0.3,30.1
JAKARTA,2025-08-28,9.5,28.9
JAKARTA,2025-08-29,9.5,27.4
JAKARTA,2025-08-30,7.1,27.2
JAKARTA,2025-08-31,6.4,27.0
JAKARTA,2025-09-01,1.8,28.6
JAKARTA,2025-09-02,0.0,29.2
JAKARTA,2025-09-03,0.0,29.7
JAKARTA,2025-09-04,1.4,30.1
JAKARTA,2025-09-05,1.6,28.7
JAKARTA,2025-09-06,1.4,28.2
JAKARTA,2025-09-07,0.3,29.0
JAKARTA,2025-09-08,3.3,28.7
JAKARTA,2025-09-09,11.5,27.2
JAKARTA,2025-09-10,18.2,26.7
JAKARTA,2025-09-11,9.6,25.8
JAKARTA,2025-09-12,6.6,26.7
JAKARTA,2025-09-13,0.0,27.6
JAKARTA,2025-09-14,1.0,27.5
JAKARTA,2025-09-15,0.0,28.2
JAKARTA,2025-09-16,3.3,27.9
JAKARTA,2025-09-17,9.2,26.2
JAKARTA,2025-09-18,7.7,25.9
JAKARTA,2025-09-19,6.6,26.7
JAKARTA,2025-09-20,8.5,27.0
JAKARTA,2025-09-21,3.2,28.3
JAKARTA,2025-09-22,7.7,27.6
JAKARTA,2025-09-23,2.1,26.9
JAKARTA,2025-09-24,0.1,27.6
JAKARTA,2025-09-25,3.1,27.7
JAKARTA,2025-09-26,4.1,28.5
JAKARTA,2025-09-27,9.6,28.2
JAKARTA,2025-09-28,1.3,29.6
JAKARTA,2025-09-29,25.9,27.3
JAKARTA,2025-09-30,9.0,26.8
JAKARTA,2025-10-01,11.4,26.8
JAKARTA,2025-10-02,29.4,25.8
JAKARTA,2025-10-03,5.8,27.6
JAKARTA,2025-10-04,0.1,28.3
JAKARTA,2025-10-05,3.0,27.7
JAKARTA,2025-10-06,0.0,28.6
JAKARTA,2025-10-07,13.5,26.4
JAKARTA,2025-10-08,1.2,27.6
JAKARTA,2025-10-09,22.9,28.0
JAKARTA,2025-10-10,2.0,28.4
JAKARTA,2025-10-11,0.5,30.2
JAKARTA,2025-10-12,0.3,30.8
JAKARTA,2025-10-13,1.5,30.0
JAKARTA,2025-10-14,0.2,30.3
JAKARTA,2025-10-15,5.8,29.6
JAKARTA,2025-10-16,0.2,30.3
JAKARTA,2025-10-17,22.6,27.8
JAKARTA,2025-10-18,2.5,28.1
JAKARTA,2025-10-19,0.6,28.8
JAKARTA,2025-10-20,1.4,28.9
JAKARTA,2025-10-21,1.3,29.1
JAKARTA,2025-10-22,12.0,28.5
JAKARTA,2025-10-23,18.2,27.0
JAKARTA,2025-10-24,22.1,26.0
JAKARTA,2025-10-25,0.2,27.5
JAKARTA,2025-10-26,23.1,26.7
JAKARTA,2025-10-27,4.6,27.3
JAKARTA,2025-10-28,13.8,26.2
JAKARTA,2025-10-29,8.2,26.7
JAKARTA,2025-10-30,3.4,27.2
JAKARTA,2025-10-31,5.1,27.6
JAKARTA,2025-11-01,10.4,27.5
JAKARTA,2025-11-02,9.5,27.1
JAKARTA,2025-11-03,9.4,27.4
JAKARTA,2025-11-04,0.6,28.0
JAKARTA,2025-11-05,1.1,26.9
JAKARTA,2025-11-06,5.3,27.3
JAKARTA,2025-11-07,1.4,28.3
JAKARTA,2025-11-08,4.4,26.7
JAKARTA,2025-11-09,0.4,28.9
JAKARTA,2025-11-10,14.9,27.9
JAKARTA,2025-11-11,12.8,26.8
JAKARTA,2025-11-12,8.2,26.5
JAKARTA,2025-11-13,3.3,26.3
JAKARTA,2025-11-14,9.1,25.8
JAKARTA,2025-11-15,14.0,27.1
JAKARTA,2025-11-16,1.8,27.7
JAKARTA,2025-11-17,1.1,28.0
JAKARTA,2025-11-18,16.4,26.2
JAKARTA,2025-11-19,10.3,26.7
JAKARTA,2025-11-20,22.2,25.8
JAKARTA,2025-11-21,1.7,27.2
JAKARTA,2025-11-22,1.5,27.2
JAKARTA,2025-11-23,6.5,27.2
JAKARTA,2025-11-24,0.0,28.4
JAKARTA,2025-11-25,0.0,28.1
JAKARTA,2025-11-26,1.7,28.5
JAKARTA,2025-11-27,2.2,29.0
JAKARTA,2025-11-28,0.8,29.7
JAKARTA,2025-11-29,8.4,29.3
JAKARTA,2025-11-30,4.8,28.3
JAKARTA,2025-12-01,5.1,27.9
JAKARTA,2025-12-02,4.0,27.3
JAKARTA,2025-12-03,12.9,27.0
JAKARTA,2025-12-04,12.0,25.7
JAKARTA,2025-12-05,3.7,26.4
JAKARTA,2025-12-06,2.6,26.3
JAKARTA,2025-12-07,4.8,27.6
JAKARTA,2025-12-08,1.7,27.1
JAKARTA,2025-12-09,1.4,27.3
JAKARTA,2025-12-10,1.5,27.2
JAKARTA,2025-12-11,3.0,27.4
JAKARTA,2025-12-12,2.2,28.8
JAKARTA,2025-12-13,0.2,28.6
JAKARTA,2025-12-14,4.0,27.7
JAKARTA,2025-12-15,3.1,28.0
JAKARTA,2025-12-16,5.3,28.3
JAKARTA,2025-12-17,1.0,27.7
JAKARTA,2025-12-18,10.7,26.8
JAKARTA,2025-12-19,16.0,26.3
JAKARTA,2025-12-20,1.6,27.2
JAKARTA,2025-12-21,11.8,26.6
JAKARTA,2025-12-22,6.7,27.6
JAKARTA,2025-12-23,1.4,28.4
JAKARTA,2025-12-24,11.7,27.6
JAKARTA,2025-12-25,8.3,29.0
JAKARTA,2025-12-26,13.0,27.4
JAKARTA,2025-12-27,1.5,28.3
JAKARTA,2025-12-28,11.8,27.7
JAKARTA,2025-12-29,2.5,27.8
JAKARTA,2025-12-30,35.4,27.0
JAKARTA,2025-12-31,30.6,25.3
JAKARTA,2026-01-01,7.4,26.5
JAKARTA,2026-01-02,36.5,25.9
JAKARTA,2026-01-03,15.6,24.9
JAKARTA,2026-01-04,5.0,26.3
JAKARTA,2026-01-05,3.4,27.3
JAKARTA,2026-01-06,1.6,28.1
JAKARTA,2026-01-07,7.5,27.3
JAKARTA,2026-01-08,0.4,26.8
JAKARTA,2026-01-09,2.3,26.7
JAKARTA,2026-01-10,6.5,25.6
JAKARTA,2026-01-11,9.2,25.4
JAKARTA,2026-01-12,37.8,24.7
JAKARTA,2026-01-13,3.0,25.7
JAKARTA,2026-01-14,11.7,25.6
JAKARTA,2026-01-15,7.4,25.7
JAKARTA,2026-01-16,17.6,26.0
JAKARTA,2026-01-17,40.6,25.2
JAKARTA,2026-01-18,52.2,25.2
JAKARTA,2026-01-19,2.5,26.2
JAKARTA,2026-01-20,13.5,25.6
JAKARTA,2026-01-21,8.5,25.1
JAKARTA,2026-01-22,29.4,24.5
JAKARTA,2026-01-23,44.2,25.0
JAKARTA,2026-01-24,2.5,26.7
JAKARTA,2026-01-25,4.2,26.3
JAKARTA,2026-01-26,3.4,26.6
JAKARTA,2026-01-27,10.9,26.4
JAKARTA,2026-01-28,31.0,25.6
JAKARTA,2026-01-29,29.8,24.8
JAKARTA,2026-01-30,11.1,25.7
JAKARTA,2026-01-31,17.9,26.3
JAKARTA,2026-02-01,22.6,25.6
JAKARTA,2026-02-02,15.9,25.5
JAKARTA,2026-02-03,3.2,26.1
JAKARTA,2026-02-04,7.1,26.3
JAKARTA,2026-02-05,11.2,26.4
JAKARTA,2026-02-06,11.7,26.3
JAKARTA,2026-02-07,5.8,26.1
JAKARTA,2026-02-08,20.9,25.6
JAKARTA,2026-02-09,16.8,26.2
JAKARTA,2026-02-10,13.2,26.6
JAKARTA,2026-02-11,1.6,26.8
JAKARTA,2026-02-12,33.3,26.0
JAKARTA,2026-02-13,6.5,26.3
JAKARTA,2026-02-14,9.9,26.7
JAKARTA,2026-02-15,6.6,26.6
JAKARTA,2026-02-16,11.9,26.2
JAKARTA,2026-02-17,14.3,26.3
JAKARTA,2026-02-18,3.3,26.6
JAKARTA,2026-02-19,31.8,25.4
JAKARTA,2026-02-20,32.7,25.9
JAKARTA,2026-02-21,6.0,26.5
JAKARTA,2026-02-22,28.4,25.6
JAKARTA,2026-02-23,42.0,25.5
JAKARTA,2026-02-24,0.2,26.9
JAKARTA,2026-02-25,0.5,28.3
JAKARTA,2026-02-26,0.0,28.3
JAKARTA,2026-02-27,3.8,26.5
JAKARTA,2026-02-28,1.9,27.3
JAKARTA,2026-03-01,2.5,27.7
JAKARTA,2026-03-02,8.3,26.8
JAKARTA,2026-03-03,13.7,26.1
JAKARTA,2026-03-04,7.0,26.5
JAKARTA,2026-03-05,5.1,26.4
JAKARTA,2026-03-06,3.8,25.6
JAKARTA,2026-03-07,21.4,25.5
JAKARTA,2026-03-08,22.2,24.8
JAKARTA,2026-03-09,3.4,27.0
JAKARTA,2026-03-10,1.5,27.7
JAKARTA,2026-03-11,1.2,27.5
JAKARTA,2026-03-12,0.8,27.7
JAKARTA,2026-03-13,0.1,28.4
JAKARTA,2026-03-14,0.1,29.1
JAKARTA,2026-03-15,3.7,29.5
JAKARTA,2026-03-16,8.6,29.2
JAKARTA,2026-03-17,0.2,28.9
JAKARTA,2026-03-18,0.1,30.0
JAKARTA,2026-03-19,4.3,29.8
JAKARTA,2026-03-20,3.1,29.1
JAKARTA,2026-03-21,8.1,28.2
JAKARTA,2026-03-22,0.3,28.4
JAKARTA,2026-03-23,3.7,28.7
JAKARTA,2026-03-24,10.2,27.9
JAKARTA,2026-03-25,1.4,28.8
JAKARTA,2026-03-26,3.8,27.3
JAKARTA,2026-03-27,7.8,27.2
JAKARTA,2026-03-28,5.8,26.4
JAKARTA,2026-03-29,3.2,27.6
JAKARTA,2026-03-30,0.9,27.1
JAKARTA,2026-03-31,7.1,27.0
TANGERANG,2025-03-15,28.9,25.7
TANGERANG,2025-03-16,18.4,26.2
TANGERANG,2025-03-17,34.8,25.7
TANGERANG,2025-03-18,19.2,25.7
TANGERANG,2025-03-19,30.3,26.1
TANGERANG,2025-03-20,1.3,26.9
TANGERANG,2025-03-21,4.7,27.2
TANGERANG,2025-03-22,13.3,26.7
TANGERANG,2025-03-23,4.3,27.4
TANGERANG,2025-03-24,6.6,27.2
TANGERANG,2025-03-25,3.8,27.3
TANGERANG,2025-03-26,9.6,27.1
TANGERANG,2025-03-27,9.9,27.2
TANGERANG,2025-03-28,21.5,26.3
TANGERANG,2025-03-29,1.5,27.1
TANGERANG,2025-03-30,0.2,27.9
TANGERANG,2025-03-31,7.2,27.5
TANGERANG,2025-04-01,18.4,26.0
TANGERANG,2025-04-02,26.4,26.2
TANGERANG,2025-04-03,18.0,26.0
TANGERANG,2025-04-04,10.7,26.2
TANGERANG,2025-04-05,18.4,26.2
TANGERANG,2025-04-06,13.9,26.1
TANGERANG,2025-04-07,3.5,27.2
TANGERANG,2025-04-08,3.3,27.5
TANGERANG,2025-04-09,10.1,27.5
TANGERANG,2025-04-10,13.2,27.0
TANGERANG,2025-04-11,15.1,26.8
TANGERANG,2025-04-12,22.0,25.8
TANGERANG,2025-04-13,25.5,25.8
TANGERANG,2025-04-14,3.5,27.0
TANGERANG,2025-04-15,31.0,26.0
TANGERANG,2025-04-16,7.8,26.6
TANGERANG,2025-04-17,5.1,26.3
TANGERANG,2025-04-18,15.2,26.7
TANGERANG,2025-04-19,6.3,26.9
TANGERANG,2025-04-20,18.2,26.3
TANGERANG,2025-04-21,1.2,26.8
TANGERANG,2025-04-22,0.8,27.7
TANGERANG,2025-04-23,5.2,26.9
TANGERANG,2025-04-24,6.0,27.1
TANGERANG,2025-04-25,3.5,26.8
TANGERANG,2025-04-26,6.9,26.8
TANGERANG,2025-04-27,2.4,27.0
TANGERANG,2025-04-28,1.8,27.4
TANGERANG,2025-04-29,2.4,27.1
TANGERANG,2025-04-30,5.3,27.5
TANGERANG,2025-05-01,0.9,28.3
TANGERANG,2025-05-02,0.8,28.6
TANGERANG,2025-05-03,2.0,28.0
TANGERANG,2025-05-04,8.5,26.8
TANGERANG,2025-05-05,9.1,27.4
TANGERANG,2025-05-06,1.7,28.0
TANGERANG,2025-05-07,4.3,27.6
TANGERANG,2025-05-08,4.4,27.8
TANGERANG,2025-05-09,6.9,27.8
TANGERANG,2025-05-10,4.4,27.9
TANGERANG,2025-05-11,4.4,27.4
TANGERANG,2025-05-12,8.0,26.8
TANGERANG,2025-05-13,18.5,27.1
TANGERANG,2025-05-14,2.8,26.8
TANGERANG,2025-05-15,0.2,27.7
TANGERANG,2025-05-16,9.9,27.2
TANGERANG,2025-05-17,0.6,27.5
TANGERANG,2025-05-18,0.2,28.0
TANGERANG,2025-05-19,0.4,28.1
TANGERANG,2025-05-20,0.6,28.5
TANGERANG,2025-05-21,27.7,27.2
TANGERANG,2025-05-22,16.3,26.1
TANGERANG,2025-05-23,17.8,25.4
TANGERANG,2025-05-24,18.8,26.3
TANGERANG,2025-05-25,27.3,26.5
TANGERANG,2025-05-26,14.3,25.8
TANGERANG,2025-05-27,0.2,27.7
TANGERANG,2025-05-28,8.2,27.8
TANGERANG,2025-05-29,11.4,26.9
TANGERANG,2025-05-30,0.1,27.2
TANGERANG,2025-05-31,1.0,27.9
TANGERANG,2025-06-01,0.2,26.8
TANGERANG,2025-06-02,0.8,27.8
TANGERANG,2025-06-03,5.5,27.3
TANGERANG,2025-06-04,1.4,27.4
TANGERANG,2025-06-05,1.1,27.7
TANGERANG,2025-06-06,1.9,27.2
TANGERANG,2025-06-07,2.0,27.3
TANGERANG,2025-06-08,0.0,28.0
TANGERANG,2025-06-09,1.0,28.0
TANGERANG,2025-06-10,1.3,27.0
TANGERANG,2025-06-11,4.7,27.1
TANGERANG,2025-06-12,4.0,28.0
TANGERANG,2025-06-13,0.0,28.5
TANGERANG,2025-06-14,1.5,28.1
TANGERANG,2025-06-15,2.3,27.5
TANGERANG,2025-06-16,5.3,28.0
TANGERANG,2025-06-17,33.0,26.5
TANGERANG,2025-06-18,42.3,25.1
TANGERANG,2025-06-19,13.5,24.5
TANGERANG,2025-06-20,44.8,25.4
TANGERANG,2025-06-21,31.5,25.3
TANGERANG,2025-06-22,14.2,26.5
TANGERANG,2025-06-23,32.9,25.9
TANGERANG,2025-06-24,4.2,25.9
TANGERANG,2025-06-25,0.5,26.4
TANGERANG,2025-06-26,0.7,27.0
TANGERANG,2025-06-27,2.2,26.9
TANGERANG,2025-06-28,2.3,25.6
TANGERANG,2025-06-29,7.8,24.6
TANGERANG,2025-06-30,8.5,25.9
TANGERANG,2025-07-01,10.7,25.9
TANGERANG,2025-07-02,19.5,26.2
TANGERANG,2025-07-03,10.4,25.9
TANGERANG,2025-07-04,0.7,26.5
TANGERANG,2025-07-05,14.5,25.8
TANGERANG,2025-07-06,11.5,25.6
TANGERANG,2025-07-07,25.7,25.7
TANGERANG,2025-07-08,5.0,26.2
TANGERANG,2025-07-09,8.0,25.9
TANGERANG,2025-07-10,0.1,26.5
TANGERANG,2025-07-11,0.1,26.1
TANGERANG,2025-07-12,0.0,26.7
TANGERANG,2025-07-13,7.9,26.6
TANGERANG,2025-07-14,4.4,26.4
TANGERANG,2025-07-15,1.5,27.0
TANGERANG,2025-07-16,3.1,27.1
TANGERANG,2025-07-17,5.3,26.4
TANGERANG,2025-07-18,1.3,26.3
TANGERANG,2025-07-19,0.3,26.5
TANGERANG,2025-07-20,0.3,27.1
TANGERANG,2025-07-21,0.9,27.5
TANGERANG,2025-07-22,0.2,27.2
TANGERANG,2025-07-23,0.6,27.6
TANGERANG,2025-07-24,0.1,27.7
TANGERANG,2025-07-25,0.2,28.3
TANGERANG,2025-07-26,0.1,28.6
TANGERANG,2025-07-27,11.0,27.9
TANGERANG,2025-07-28,12.6,26.7
TANGERANG,2025-07-29,1.2,27.6
TANGERANG,2025-07-30,3.9,27.1
TANGERANG,2025-07-31,1.2,27.4
TANGERANG,2025-08-01,0.0,27.8
TANGERANG,2025-08-02,0.0,27.6
TANGERANG,2025-08-03,6.4,27.0
TANGERANG,2025-08-04,2.0,26.7
TANGERANG,2025-08-05,2.3,26.7
TANGERANG,2025-08-06,0.0,27.5
TANGERANG,2025-08-07,4.9,27.4
TANGERANG,2025-08-08,8.0,26.6
TANGERANG,2025-08-09,4.9,26.9
TANGERANG,2025-08-10,2.7,27.1
TANGERANG,2025-08-11,9.6,26.2
TANGERANG,2025-08-12,19.3,25.4
TANGERANG,2025-08-13,14.1,25.1
TANGERANG,2025-08-14,1.1,25.0
TANGERANG,2025-08-15,0.1,26.1
TANGERANG,2025-08-16,1.0,26.3
TANGERANG,2025-08-17,0.1,27.3
TANGERANG,2025-08-18,17.9,26.8
TANGERANG,2025-08-19,10.0,24.6
TANGERANG,2025-08-20,3.4,26.0
TANGERANG,2025-08-21,4.2,26.2
TANGERANG,2025-08-22,3.8,26.4
TANGERANG,2025-08-23,2.7,26.4
TANGERANG,2025-08-24,1.9,26.6
TANGERANG,2025-08-25,4.6,26.1
TANGERANG,2025-08-26,0.0,26.8
TANGERANG,2025-08-27,0.0,27.8
TANGERANG,2025-08-28,16.6,27.0
TANGERANG,2025-08-29,3.1,26.8
TANGERANG,2025-08-30,11.0,27.0
TANGERANG,2025-08-31,12.5,26.2
TANGERANG,2025-09-01,3.2,27.3
TANGERANG,2025-09-02,0.2,27.8
TANGERANG,2025-09-03,0.0,28.1
TANGERANG,2025-09-04,1.4,28.2
TANGERANG,2025-09-05,6.4,27.4
TANGERANG,2025-09-06,1.0,27.6
TANGERANG,2025-09-07,1.7,27.7
TANGERANG,2025-09-08,7.6,28.1
TANGERANG,2025-09-09,4.2,26.9
TANGERANG,2025-09-10,6.2,26.5
TANGERANG,2025-09-11,5.3,25.5
TANGERANG,2025-09-12,5.1,26.2
TANGERANG,2025-09-13,0.0,27.1
TANGERANG,2025-09-14,0.2,27.3
TANGERANG,2025-09-15,0.6,27.7
TANGERANG,2025-09-16,2.0,27.3
TANGERANG,2025-09-17,24.9,26.0
TANGERANG,2025-09-18,2.7,25.5
TANGERANG,2025-09-19,2.7,26.2
TANGERANG,2025-09-20,9.5,26.4
TANGERANG,2025-09-21,5.6,27.3
TANGERANG,2025-09-22,8.2,26.9
TANGERANG,2025-09-23,0.1,26.6
TANGERANG,2025-09-24,0.0,27.4
TANGERANG,2025-09-25,3.3,27.2
TANGERANG,2025-09-26,14.8,27.7
TANGERANG,2025-09-27,4.2,27.6
TANGERANG,2025-09-28,21.6,27.9
TANGERANG,2025-09-29,19.2,26.2
TANGERANG,2025-09-30,12.9,26.2
TANGERANG,2025-10-01,10.9,26.1
TANGERANG,2025-10-02,33.3,25.1
TANGERANG,2025-10-03,0.7,27.2
TANGERANG,2025-10-04,0.5,27.5
TANGERANG,2025-10-05,6.1,26.8
TANGERANG,2025-10-06,2.8,27.4
TANGERANG,2025-10-07,23.0,25.4
TANGERANG,2025-10-08,4.1,27.0
TANGERANG,2025-10-09,2.7,27.3
TANGERANG,2025-10-10,1.3,27.2
TANGERANG,2025-10-11,1.3,28.0
TANGERANG,2025-10-12,0.4,28.3
TANGERANG,2025-10-13,4.6,27.7
TANGERANG,2025-10-14,2.7,28.1
TANGERANG,2025-10-15,6.2,27.9
TANGERANG,2025-10-16,2.9,28.0
TANGERANG,2025-10-17,12.3,27.1
TANGERANG,2025-10-18,5.8,27.3
TANGERANG,2025-10-19,0.3,27.9
TANGERANG,2025-10-20,1.4,28.3
TANGERANG,2025-10-21,2.4,27.9
TANGERANG,2025-10-22,10.2,27.3
TANGERANG,2025-10-23,16.4,26.3
TANGERANG,2025-10-24,7.9,25.2
TANGERANG,2025-10-25,0.2,26.9
TANGERANG,2025-10-26,10.7,26.2
TANGERANG,2025-10-27,5.9,26.7
TANGERANG,2025-10-28,7.0,25.7
TANGERANG,2025-10-29,10.0,26.2
TANGERANG,2025-10-30,1.6,26.7
TANGERANG,2025-10-31,6.0,27.5
TANGERANG,2025-11-01,11.0,27.4
TANGERANG,2025-11-02,12.5,26.9
TANGERANG,2025-11-03,14.2,27.1
TANGERANG,2025-11-04,3.5,27.2
TANGERANG,2025-11-05,1.0,26.1
TANGERANG,2025-11-06,14.9,26.4
TANGERANG,2025-11-07,2.0,27.5
TANGERANG,2025-11-08,10.6,25.7
TANGERANG,2025-11-09,0.3,27.7
TANGERANG,2025-11-10,18.3,26.6
TANGERANG,2025-11-11,17.7,25.5
TANGERANG,2025-11-12,13.6,25.7
TANGERANG,2025-11-13,13.5,25.5
TANGERANG,2025-11-14,20.9,25.1
TANGERANG,2025-11-15,15.7,26.7
TANGERANG,2025-11-16,8.2,26.9
TANGERANG,2025-11-17,1.5,27.2
TANGERANG,2025-11-18,20.1,25.6
TANGERANG,2025-11-19,9.9,26.1
TANGERANG,2025-11-20,26.4,25.5
TANGERANG,2025-11-21,0.8,26.7
TANGERANG,2025-11-22,7.3,26.5
TANGERANG,2025-11-23,0.9,26.5
TANGERANG,2025-11-24,0.0,27.6
TANGERANG,2025-11-25,0.0,27.4
TANGERANG,2025-11-26,0.9,27.0
TANGERANG,2025-11-27,0.3,27.8
TANGERANG,2025-11-28,0.4,28.0
TANGERANG,2025-11-29,1.2,28.2
TANGERANG,2025-11-30,8.9,27.2
TANGERANG,2025-12-01,3.3,27.1
TANGERANG,2025-12-02,15.3,26.8
TANGERANG,2025-12-03,11.0,26.4
TANGERANG,2025-12-04,25.1,25.3
TANGERANG,2025-12-05,1.3,26.3
TANGERANG,2025-12-06,7.5,26.1
TANGERANG,2025-12-07,1.7,26.7
TANGERANG,2025-12-08,4.7,26.1
TANGERANG,2025-12-09,1.7,26.6
TANGERANG,2025-12-10,2.8,26.6
TANGERANG,2025-12-11,2.1,26.5
TANGERANG,2025-12-12,0.9,27.6
TANGERANG,2025-12-13,0.5,27.6
TANGERANG,2025-12-14,0.9,26.4
TANGERANG,2025-12-15,1.9,26.7
TANGERANG,2025-12-16,1.9,26.9
TANGERANG,2025-12-17,7.7,26.5
TANGERANG,2025-12-18,26.0,25.7
TANGERANG,2025-12-19,23.4,25.4
TANGERANG,2025-12-20,1.7,26.3
TANGERANG,2025-12-21,13.4,25.9
TANGERANG,2025-12-22,7.9,27.1
TANGERANG,2025-12-23,9.8,27.6
TANGERANG,2025-12-24,14.6,26.7
TANGERANG,2025-12-25,13.1,27.5
TANGERANG,2025-12-26,32.6,26.3
TANGERANG,2025-12-27,3.7,27.0
TANGERANG,2025-12-28,20.9,27.0
TANGERANG,2025-12-29,13.4,26.7
TANGERANG,2025-12-30,18.1,26.2
TANGERANG,2025-12-31,34.4,25.3
TANGERANG,2026-01-01,6.8,25.9
TANGERANG,2026-01-02,29.2,25.4
TANGERANG,2026-01-03,16.5,24.6
TANGERANG,2026-01-04,6.4,26.0
TANGERANG,2026-01-05,1.8,26.9
TANGERANG,2026-01-06,0.0,27.5
TANGERANG,2026-01-07,11.6,26.7
TANGERANG,2026-01-08,3.0,26.1
TANGERANG,2026-01-09,13.0,26.1
TANGERANG,2026-01-10,9.4,24.9
TANGERANG,2026-01-11,8.1,24.8
TANGERANG,2026-01-12,9.1,24.5
TANGERANG,2026-01-13,4.5,25.5
TANGERANG,2026-01-14,12.2,25.1
TANGERANG,2026-01-15,15.9,25.3
TANGERANG,2026-01-16,10.8,25.4
TANGERANG,2026-01-17,49.2,25.0
TANGERANG,2026-01-18,24.6,24.9
TANGERANG,2026-01-19,4.9,25.5
TANGERANG,2026-01-20,13.1,25.1
TANGERANG,2026-01-21,12.5,24.6
TANGERANG,2026-01-22,23.3,24.3
TANGERANG,2026-01-23,29.3,25.2
TANGERANG,2026-01-24,1.3,26.7
TANGERANG,2026-01-25,6.8,26.1
TANGERANG,2026-01-26,4.8,26.0
TANGERANG,2026-01-27,4.4,26.1
TANGERANG,2026-01-28,29.9,25.4
TANGERANG,2026-01-29,27.1,24.8
TANGERANG,2026-01-30,9.0,25.4
TANGERANG,2026-01-31,18.6,25.6
TANGERANG,2026-02-01,32.2,25.2
TANGERANG,2026-02-02,12.3,25.2
TANGERANG,2026-02-03,14.4,25.7
TANGERANG,2026-02-04,8.4,25.7
TANGERANG,2026-02-05,8.6,25.9
TANGERANG,2026-02-06,5.2,26.0
TANGERANG,2026-02-07,15.8,25.6
TANGERANG,2026-02-08,14.5,25.3
TANGERANG,2026-02-09,6.4,25.8
TANGERANG,2026-02-10,5.3,26.1
TANGERANG,2026-02-11,15.8,26.3
TANGERANG,2026-02-12,34.7,25.6
TANGERANG,2026-02-13,8.0,25.8
TANGERANG,2026-02-14,19.0,26.0
TANGERANG,2026-02-15,4.1,26.1
TANGERANG,2026-02-16,13.4,25.8
TANGERANG,2026-02-17,11.9,25.9
TANGERANG,2026-02-18,3.1,26.4
TANGERANG,2026-02-19,30.3,25.3
TANGERANG,2026-02-20,27.0,25.6
TANGERANG,2026-02-21,7.8,26.3
TANGERANG,2026-02-22,27.6,25.4
TANGERANG,2026-02-23,23.5,25.2
TANGERANG,2026-02-24,2.5,26.0
TANGERANG,2026-02-25,0.8,27.6
TANGERANG,2026-02-26,0.0,27.6
TANGERANG,2026-02-27,3.9,25.9
TANGERANG,2026-02-28,5.5,26.5
TANGERANG,2026-03-01,7.4,26.9
TANGERANG,2026-03-02,8.1,25.9
TANGERANG,2026-03-03,10.5,25.7
TANGERANG,2026-03-04,6.5,25.9
TANGERANG,2026-03-05,8.3,25.7
TANGERANG,2026-03-06,7.0,25.1
TANGERANG,2026-03-07,32.7,24.9
TANGERANG,2026-03-08,28.0,24.5
TANGERANG,2026-03-09,1.7,26.4
TANGERANG,2026-03-10,1.2,27.0
TANGERANG,2026-03-11,4.1,26.8
TANGERANG,2026-03-12,1.9,26.8
TANGERANG,2026-03-13,0.2,27.4
TANGERANG,2026-03-14,0.2,27.4
TANGERANG,2026-03-15,0.3,27.2
TANGERANG,2026-03-16,3.8,27.1
TANGERANG,2026-03-17,0.3,27.6
TANGERANG,2026-03-18,0.4,27.7
TANGERANG,2026-03-19,0.1,28.2
TANGERANG,2026-03-20,7.2,28.4
TANGERANG,2026-03-21,7.8,27.2
TANGERANG,2026-03-22,1.6,27.5
TANGERANG,2026-03-23,3.5,27.4
TANGERANG,2026-03-24,5.5,26.9
TANGERANG,2026-03-25,2.9,27.6
TANGERANG,2026-03-26,5.2,26.4
TANGERANG,2026-03-27,10.8,26.7
TANGERANG,2026-03-28,10.6,26.0
TANGERANG,2026-03-29,4.5,27.5
TANGERANG,2026-03-30,4.1,26.8
TANGERANG,2026-03-31,3.8,26.9
CILEGON,2025-03-15,8.5,26.2
CILEGON,2025-03-16,5.1,27.0
CILEGON,2025-03-17,10.5,26.5
CILEGON,2025-03-18,13.4,26.5
CILEGON,2025-03-19,16.0,26.6
CILEGON,2025-03-20,2.7,27.0
CILEGON,2025-03-21,5.3,28.1
CILEGON,2025-03-22,8.4,27.1
CILEGON,2025-03-23,0.3,28.8
CILEGON,2025-03-24,1.8,28.7
CILEGON,2025-03-25,2.3,28.8
CILEGON,2025-03-26,1.6,29.0
CILEGON,2025-03-27,8.9,28.1
CILEGON,2025-03-28,2.3,27.0
CILEGON,2025-03-29,2.3,27.2
CILEGON,2025-03-30,0.8,27.5
CILEGON,2025-03-31,3.9,27.5
CILEGON,2025-04-01,4.0,26.5
CILEGON,2025-04-02,12.2,26.4
CILEGON,2025-04-03,21.4,26.3
CILEGON,2025-04-04,1.5,27.0
CILEGON,2025-04-05,5.2,26.8
CILEGON,2025-04-06,1.6,27.3
CILEGON,2025-04-07,2.1,27.3
CILEGON,2025-04-08,3.2,27.6
CILEGON,2025-04-09,1.6,27.9
CILEGON,2025-04-10,4.4,27.8
CILEGON,2025-04-11,1.6,27.5
CILEGON,2025-04-12,18.6,26.2
CILEGON,2025-04-13,15.4,25.9
CILEGON,2025-04-14,3.5,26.9
CILEGON,2025-04-15,2.8,26.5
CILEGON,2025-04-16,7.5,27.0
CILEGON,2025-04-17,4.2,26.7
CILEGON,2025-04-18,10.8,26.4
CILEGON,2025-04-19,1.1,27.1
CILEGON,2025-04-20,2.7,27.1
CILEGON,2025-04-21,3.6,26.4
CILEGON,2025-04-22,0.6,28.2
CILEGON,2025-04-23,4.8,27.2
CILEGON,2025-04-24,1.7,27.5
CILEGON,2025-04-25,6.6,27.8
CILEGON,2025-04-26,5.3,27.4
CILEGON,2025-04-27,1.5,27.9
CILEGON,2025-04-28,0.1,28.3
CILEGON,2025-04-29,2.0,28.1
CILEGON,2025-04-30,2.1,28.5
CILEGON,2025-05-01,1.3,28.7
CILEGON,2025-05-02,1.5,28.4
CILEGON,2025-05-03,0.8,28.9
CILEGON,2025-05-04,5.1,27.2
CILEGON,2025-05-05,2.3,27.9
CILEGON,2025-05-06,3.3,28.4
CILEGON,2025-05-07,1.2,28.4
CILEGON,2025-05-08,1.1,28.4
CILEGON,2025-05-09,2.0,28.4
CILEGON,2025-05-10,3.3,29.1
CILEGON,2025-05-11,5.6,28.2
CILEGON,2025-05-12,1.3,27.5
CILEGON,2025-05-13,1.5,28.2
CILEGON,2025-05-14,7.0,27.6
CILEGON,2025-05-15,0.0,28.7
CILEGON,2025-05-16,0.5,28.1
CILEGON,2025-05-17,0.1,28.5
CILEGON,2025-05-18,0.0,29.2
CILEGON,2025-05-19,0.0,29.5
CILEGON,2025-05-20,0.9,29.2
CILEGON,2025-05-21,3.8,27.6
CILEGON,2025-05-22,11.4,25.7
CILEGON,2025-05-23,17.4,25.9
CILEGON,2025-05-24,11.8,26.8
CILEGON,2025-05-25,21.6,26.0
CILEGON,2025-05-26,44.4,25.5
CILEGON,2025-05-27,0.3,27.8
CILEGON,2025-05-28,0.7,27.9
CILEGON,2025-05-29,4.3,27.1
CILEGON,2025-05-30,0.0,27.2
CILEGON,2025-05-31,0.0,27.8
CILEGON,2025-06-01,0.0,27.0
CILEGON,2025-06-02,0.7,27.9
CILEGON,2025-06-03,2.3,27.2
CILEGON,2025-06-04,0.9,27.6
CILEGON,2025-06-05,0.2,27.5
CILEGON,2025-06-06,0.5,27.7
CILEGON,2025-06-07,1.8,27.5
CILEGON,2025-06-08,0.0,27.9
CILEGON,2025-06-09,1.0,28.1
CILEGON,2025-06-10,1.5,27.4
CILEGON,2025-06-11,4.4,27.4
CILEGON,2025-06-12,6.2,27.3
CILEGON,2025-06-13,0.0,27.9
CILEGON,2025-06-14,1.9,27.6
CILEGON,2025-06-15,6.8,26.7
CILEGON,2025-06-16,1.5,27.3
CILEGON,2025-06-17,15.5,26.0
CILEGON,2025-06-18,47.0,24.9
CILEGON,2025-06-19,41.4,24.3
CILEGON,2025-06-20,15.3,25.5
CILEGON,2025-06-21,6.7,25.3
CILEGON,2025-06-22,14.7,25.9
CILEGON,2025-06-23,36.1,25.1
CILEGON,2025-06-24,2.4,26.0
CILEGON,2025-06-25,0.9,26.3
CILEGON,2025-06-26,0.0,26.8
CILEGON,2025-06-27,1.0,26.7
CILEGON,2025-06-28,4.6,25.3
CILEGON,2025-06-29,9.0,24.7
CILEGON,2025-06-30,18.1,25.1
CILEGON,2025-07-01,9.2,25.5
CILEGON,2025-07-02,9.9,26.0
CILEGON,2025-07-03,4.8,25.5
CILEGON,2025-07-04,0.9,26.6
CILEGON,2025-07-05,18.4,25.6
CILEGON,2025-07-06,1.0,26.0
CILEGON,2025-07-07,4.2,25.9
CILEGON,2025-07-08,8.1,26.0
CILEGON,2025-07-09,0.0,26.2
CILEGON,2025-07-10,0.2,25.9
CILEGON,2025-07-11,2.6,25.8
CILEGON,2025-07-12,0.1,26.3
CILEGON,2025-07-13,8.1,26.5
CILEGON,2025-07-14,5.1,25.9
CILEGON,2025-07-15,0.7,27.0
CILEGON,2025-07-16,0.8,27.0
CILEGON,2025-07-17,3.3,26.6
CILEGON,2025-07-18,0.9,26.0
CILEGON,2025-07-19,0.0,25.7
CILEGON,2025-07-20,0.9,26.2
CILEGON,2025-07-21,1.2,27.0
CILEGON,2025-07-22,0.1,26.7
CILEGON,2025-07-23,0.0,27.0
CILEGON,2025-07-24,0.0,27.7
CILEGON,2025-07-25,0.7,28.1
CILEGON,2025-07-26,0.6,28.0
CILEGON,2025-07-27,2.1,27.7
CILEGON,2025-07-28,0.9,27.1
CILEGON,2025-07-29,1.8,27.6
CILEGON,2025-07-30,5.2,27.1
CILEGON,2025-07-31,2.1,27.5
CILEGON,2025-08-01,0.0,27.9
CILEGON,2025-08-02,0.0,27.3
CILEGON,2025-08-03,5.8,27.1
CILEGON,2025-08-04,4.3,26.6
CILEGON,2025-08-05,1.1,27.0
CILEGON,2025-08-06,0.4,27.9
CILEGON,2025-08-07,0.7,27.6
CILEGON,2025-08-08,1.6,27.2
CILEGON,2025-08-09,1.1,27.0
CILEGON,2025-08-10,1.5,27.1
CILEGON,2025-08-11,9.4,26.3
CILEGON,2025-08-12,12.4,25.5
CILEGON,2025-08-13,9.9,25.1
CILEGON,2025-08-14,0.4,25.3
CILEGON,2025-08-15,0.0,25.9
CILEGON,2025-08-16,0.3,26.8
CILEGON,2025-08-17,0.9,27.0
CILEGON,2025-08-18,25.4,26.0
CILEGON,2025-08-19,7.7,24.7
CILEGON,2025-08-20,21.8,25.8
CILEGON,2025-08-21,4.3,26.1
CILEGON,2025-08-22,4.2,25.9
CILEGON,2025-08-23,2.2,26.0
CILEGON,2025-08-24,1.9,26.5
CILEGON,2025-08-25,5.6,26.2
CILEGON,2025-08-26,0.3,26.9
CILEGON,2025-08-27,0.0,28.0
CILEGON,2025-08-28,1.8,27.9
CILEGON,2025-08-29,2.1,27.4
CILEGON,2025-08-30,4.0,27.6
CILEGON,2025-08-31,5.7,26.4
CILEGON,2025-09-01,3.5,27.5
CILEGON,2025-09-02,1.6,27.7
CILEGON,2025-09-03,0.0,28.1
CILEGON,2025-09-04,0.1,28.1
CILEGON,2025-09-05,0.8,27.4
CILEGON,2025-09-06,1.1,27.8
CILEGON,2025-09-07,1.2,27.8
CILEGON,2025-09-08,0.0,28.3
CILEGON,2025-09-09,2.5,27.7
CILEGON,2025-09-10,1.2,27.5
CILEGON,2025-09-11,12.1,25.5
CILEGON,2025-09-12,1.7,26.4
CILEGON,2025-09-13,0.2,27.4
CILEGON,2025-09-14,0.5,27.4
CILEGON,2025-09-15,0.0,27.9
CILEGON,2025-09-16,0.7,27.7
CILEGON,2025-09-17,10.9,26.3
CILEGON,2025-09-18,0.7,26.1
CILEGON,2025-09-19,3.3,26.7
CILEGON,2025-09-20,13.6,26.2
CILEGON,2025-09-21,14.9,27.0
CILEGON,2025-09-22,1.0,27.4
CILEGON,2025-09-23,1.3,26.9
CILEGON,2025-09-24,0.1,27.7
CILEGON,2025-09-25,0.6,27.3
CILEGON,2025-09-26,0.0,28.2
CILEGON,2025-09-27,3.5,27.9
CILEGON,2025-09-28,6.9,27.5
CILEGON,2025-09-29,4.4,26.8
CILEGON,2025-09-30,6.2,26.9
CILEGON,2025-10-01,8.6,25.6
CILEGON,2025-10-02,38.0,24.6
CILEGON,2025-10-03,0.4,26.8
CILEGON,2025-10-04,0.1,27.6
CILEGON,2025-10-05,0.9,26.9
CILEGON,2025-10-06,8.2,27.4
CILEGON,2025-10-07,15.5,25.2
CILEGON,2025-10-08,0.0,27.0
CILEGON,2025-10-09,0.2,27.5
CILEGON,2025-10-10,1.5,27.6
CILEGON,2025-10-11,2.2,28.0
CILEGON,2025-10-12,0.0,28.3
CILEGON,2025-10-13,3.7,27.6
CILEGON,2025-10-14,3.5,27.8
CILEGON,2025-10-15,5.6,27.7
CILEGON,2025-10-16,3.4,27.7
CILEGON,2025-10-17,2.2,27.9
CILEGON,2025-10-18,1.3,27.5
CILEGON,2025-10-19,0.3,27.9
CILEGON,2025-10-20,1.3,28.2
CILEGON,2025-10-21,2.2,28.2
CILEGON,2025-10-22,6.2,27.4
CILEGON,2025-10-23,3.1,26.7
CILEGON,2025-10-24,26.5,24.9
CILEGON,2025-10-25,0.9,26.7
CILEGON,2025-10-26,3.7,26.4
CILEGON,2025-10-27,1.0,26.9
CILEGON,2025-10-28,15.5,24.7
CILEGON,2025-10-29,3.5,26.5
CILEGON,2025-10-30,1.1,26.9
CILEGON,2025-10-31,1.1,27.1
CILEGON,2025-11-01,2.2,27.4
CILEGON,2025-11-02,19.4,26.8
CILEGON,2025-11-03,5.8,27.4
CILEGON,2025-11-04,1.7,27.4
CILEGON,2025-11-05,3.1,26.1
CILEGON,2025-11-06,2.9,26.7
CILEGON,2025-11-07,3.8,27.1
CILEGON,2025-11-08,30.4,25.7
CILEGON,2025-11-09,3.1,27.7
CILEGON,2025-11-10,7.3,26.3
CILEGON,2025-11-11,32.6,25.1
CILEGON,2025-11-12,29.1,25.4
CILEGON,2025-11-13,27.9,24.6
CILEGON,2025-11-14,25.0,24.9
CILEGON,2025-11-15,18.3,26.6
CILEGON,2025-11-16,5.0,26.5
CILEGON,2025-11-17,2.7,27.2
CILEGON,2025-11-18,10.3,25.8
CILEGON,2025-11-19,6.2,26.5
CILEGON,2025-11-20,19.3,25.2
CILEGON,2025-11-21,0.9,26.4
CILEGON,2025-11-22,15.7,25.7
CILEGON,2025-11-23,0.7,26.4
CILEGON,2025-11-24,0.6,27.1
CILEGON,2025-11-25,0.0,27.3
CILEGON,2025-11-26,0.2,26.4
CILEGON,2025-11-27,0.6,27.6
CILEGON,2025-11-28,4.8,26.9
CILEGON,2025-11-29,3.8,26.9
CILEGON,2025-11-30,6.9,26.7
CILEGON,2025-12-01,0.8,27.0
CILEGON,2025-12-02,9.9,26.5
CILEGON,2025-12-03,2.5,26.7
CILEGON,2025-12-04,13.8,25.2
CILEGON,2025-12-05,6.2,26.1
CILEGON,2025-12-06,3.9,26.4
CILEGON,2025-12-07,3.1,26.8
CILEGON,2025-12-08,14.4,25.6
CILEGON,2025-12-09,6.0,26.4
CILEGON,2025-12-10,4.9,26.6
CILEGON,2025-12-11,3.4,26.9
CILEGON,2025-12-12,1.1,27.7
CILEGON,2025-12-13,3.6,27.3
CILEGON,2025-12-14,16.2,25.6
CILEGON,2025-12-15,10.9,25.8
CILEGON,2025-12-16,6.5,25.9
CILEGON,2025-12-17,16.2,25.7
CILEGON,2025-12-18,32.5,24.9
CILEGON,2025-12-19,27.6,25.3
CILEGON,2025-12-20,4.6,26.8
CILEGON,2025-12-21,14.5,26.9
CILEGON,2025-12-22,10.4,27.3
CILEGON,2025-12-23,5.7,27.3
CILEGON,2025-12-24,29.6,26.3
CILEGON,2025-12-25,2.0,27.0
CILEGON,2025-12-26,51.9,26.2
CILEGON,2025-12-27,8.7,26.7
CILEGON,2025-12-28,7.9,26.7
CILEGON,2025-12-29,2.7,26.0
CILEGON,2025-12-30,16.3,26.2
CILEGON,2025-12-31,24.6,26.0
CILEGON,2026-01-01,7.7,26.1
CILEGON,2026-01-02,42.3,25.3
CILEGON,2026-01-03,16.1,25.3
CILEGON,2026-01-04,6.1,26.5
CILEGON,2026-01-05,3.3,27.2
CILEGON,2026-01-06,0.0,27.3
CILEGON,2026-01-07,8.0,27.0
CILEGON,2026-01-08,5.2,26.0
CILEGON,2026-01-09,2.0,26.2
CILEGON,2026-01-10,15.9,25.0
CILEGON,2026-01-11,10.0,24.8
CILEGON,2026-01-12,17.8,24.2
CILEGON,2026-01-13,9.2,25.5
CILEGON,2026-01-14,13.8,24.9
CILEGON,2026-01-15,8.7,25.3
CILEGON,2026-01-16,4.8,26.3
CILEGON,2026-01-17,36.6,25.1
CILEGON,2026-01-18,21.8,25.6
CILEGON,2026-01-19,7.0,25.9
CILEGON,2026-01-20,18.0,25.2
CILEGON,2026-01-21,20.8,25.0
CILEGON,2026-01-22,27.8,24.8
CILEGON,2026-01-23,10.8,25.6
CILEGON,2026-01-24,0.6,26.9
CILEGON,2026-01-25,2.6,27.0
CILEGON,2026-01-26,2.5,26.4
CILEGON,2026-01-27,2.9,26.4
CILEGON,2026-01-28,21.7,25.7
CILEGON,2026-01-29,46.3,25.1
CILEGON,2026-01-30,11.4,25.5
CILEGON,2026-01-31,15.8,25.3
CILEGON,2026-02-01,12.3,25.1
CILEGON,2026-02-02,13.9,25.1
CILEGON,2026-02-03,6.1,25.9
CILEGON,2026-02-04,12.8,25.6
CILEGON,2026-02-05,1.8,26.1
CILEGON,2026-02-06,9.9,25.9
CILEGON,2026-02-07,6.9,25.8
CILEGON,2026-02-08,7.9,25.6
CILEGON,2026-02-09,7.3,26.2
CILEGON,2026-02-10,6.1,26.2
CILEGON,2026-02-11,8.8,26.4
CILEGON,2026-02-12,17.7,25.4
CILEGON,2026-02-13,6.9,25.9
CILEGON,2026-02-14,6.1,26.4
CILEGON,2026-02-15,9.4,26.0
CILEGON,2026-02-16,16.9,26.1
CILEGON,2026-02-17,15.8,26.5
CILEGON,2026-02-18,5.5,26.8
CILEGON,2026-02-19,19.1,26.0
CILEGON,2026-02-20,14.8,26.0
CILEGON,2026-02-21,20.9,26.4
CILEGON,2026-02-22,31.4,25.9
CILEGON,2026-02-23,40.6,25.4
CILEGON,2026-02-24,4.4,26.4
CILEGON,2026-02-25,0.1,27.4
CILEGON,2026-02-26,0.0,27.9
CILEGON,2026-02-27,3.6,26.6
CILEGON,2026-02-28,1.1,27.3
CILEGON,2026-03-01,2.7,27.5
CILEGON,2026-03-02,10.1,26.6
CILEGON,2026-03-03,11.4,26.3
CILEGON,2026-03-04,4.0,26.4
CILEGON,2026-03-05,4.9,25.7
CILEGON,2026-03-06,9.2,25.4
CILEGON,2026-03-07,42.3,24.9
CILEGON,2026-03-08,67.6,24.9
CILEGON,2026-03-09,2.8,26.4
CILEGON,2026-03-10,0.5,27.4
CILEGON,2026-03-11,1.6,26.8
CILEGON,2026-03-12,0.7,27.1
CILEGON,2026-03-13,0.2,27.7
CILEGON,2026-03-14,0.0,28.2
CILEGON,2026-03-15,0.0,28.5
CILEGON,2026-03-16,0.9,28.0
CILEGON,2026-03-17,7.4,28.5
CILEGON,2026-03-18,0.8,28.6
CILEGON,2026-03-19,0.0,28.6
CILEGON,2026-03-20,1.8,28.8
CILEGON,2026-03-21,0.8,27.7
CILEGON,2026-03-22,3.2,28.4
CILEGON,2026-03-23,2.2,28.1
CILEGON,2026-03-24,2.5,27.5
CILEGON,2026-03-25,2.5,28.1
CILEGON,2026-03-26,3.4,27.3
CILEGON,2026-03-27,3.2,26.8
CILEGON,2026-03-28,9.2,26.3
CILEGON,2026-03-29,5.1,27.6
CILEGON,2026-03-30,20.2,27.0
CILEGON,2026-03-31,2.8,27.0
BOGOR,2025-03-15,35.3,24.9
BOGOR,2025-03-16,17.5,25.5
BOGOR,2025-03-17,40.3,24.9
BOGOR,2025-03-18,12.1,25.3
BOGOR,2025-03-19,3.2,26.4
BOGOR,2025-03-20,1.3,26.3
BOGOR,2025-03-21,7.2,26.1
BOGOR,2025-03-22,7.3,25.4
BOGOR,2025-03-23,4.7,25.8
BOGOR,2025-03-24,6.3,25.4
BOGOR,2025-03-25,3.2,26.0
BOGOR,2025-03-26,13.8,25.7
BOGOR,2025-03-27,9.2,26.0
BOGOR,2025-03-28,7.9,25.7
BOGOR,2025-03-29,0.9,26.4
BOGOR,2025-03-30,0.8,26.7
BOGOR,2025-03-31,2.8,26.1
BOGOR,2025-04-01,8.7,25.0
BOGOR,2025-04-02,32.8,25.3
BOGOR,2025-04-03,7.9,25.2
BOGOR,2025-04-04,10.3,25.2
BOGOR,2025-04-05,3.4,25.2
BOGOR,2025-04-06,3.6,25.0
BOGOR,2025-04-07,1.2,25.7
BOGOR,2025-04-08,3.8,25.5
BOGOR,2025-04-09,4.8,25.8
BOGOR,2025-04-10,15.7,25.9
BOGOR,2025-04-11,17.5,25.5
BOGOR,2025-04-12,20.7,25.5
BOGOR,2025-04-13,18.5,25.0
BOGOR,2025-04-14,5.6,26.0
BOGOR,2025-04-15,23.7,25.1
BOGOR,2025-04-16,1.5,25.9
BOGOR,2025-04-17,0.4,25.7
BOGOR,2025-04-18,3.3,26.0
BOGOR,2025-04-19,13.8,25.9
BOGOR,2025-04-20,6.0,26.1
BOGOR,2025-04-21,1.9,25.1
BOGOR,2025-04-22,0.2,26.7
BOGOR,2025-04-23,6.7,26.4
BOGOR,2025-04-24,8.8,26.2
BOGOR,2025-04-25,2.9,25.9
BOGOR,2025-04-26,4.6,25.7
BOGOR,2025-04-27,2.9,25.7
BOGOR,2025-04-28,0.2,26.6
BOGOR,2025-04-29,1.3,25.9
BOGOR,2025-04-30,0.3,26.5
BOGOR,2025-05-01,2.5,26.5
BOGOR,2025-05-02,0.1,27.2
BOGOR,2025-05-03,0.8,27.3
BOGOR,2025-05-04,6.1,25.8
BOGOR,2025-05-05,0.7,27.5
BOGOR,2025-05-06,0.1,27.7
BOGOR,2025-05-07,2.3,26.2
BOGOR,2025-05-08,5.5,26.2
BOGOR,2025-05-09,0.8,27.2
BOGOR,2025-05-10,4.1,26.4
BOGOR,2025-05-11,0.4,26.8
BOGOR,2025-05-12,6.2,26.7
BOGOR,2025-05-13,13.9,26.6
BOGOR,2025-05-14,13.5,26.3
BOGOR,2025-05-15,14.2,26.2
BOGOR,2025-05-16,9.4,25.8
BOGOR,2025-05-17,2.6,25.8
BOGOR,2025-05-18,0.1,26.4
BOGOR,2025-05-19,2.8,26.1
BOGOR,2025-05-20,0.1,26.7
BOGOR,2025-05-21,64.6,25.1
BOGOR,2025-05-22,13.3,24.9
BOGOR,2025-05-23,5.5,24.9
BOGOR,2025-05-24,17.7,25.4
BOGOR,2025-05-25,28.5,25.4
BOGOR,2025-05-26,32.3,24.8
BOGOR,2025-05-27,0.0,26.3
BOGOR,2025-05-28,0.8,26.8
BOGOR,2025-05-29,7.7,25.9
BOGOR,2025-05-30,0.0,26.5
BOGOR,2025-05-31,15.7,26.1
BOGOR,2025-06-01,0.0,25.6
BOGOR,2025-06-02,0.0,26.2
BOGOR,2025-06-03,0.9,25.5
BOGOR,2025-06-04,4.4,26.3
BOGOR,2025-06-05,0.4,26.7
BOGOR,2025-06-06,8.6,25.9
BOGOR,2025-06-07,1.8,26.3
BOGOR,2025-06-08,1.2,26.6
BOGOR,2025-06-09,3.9,25.9
BOGOR,2025-06-10,14.3,25.7
BOGOR,2025-06-11,0.9,25.9
BOGOR,2025-06-12,0.8,26.4
BOGOR,2025-06-13,0.1,26.8
BOGOR,2025-06-14,0.1,26.5
BOGOR,2025-06-15,1.9,26.3
BOGOR,2025-06-16,0.5,26.8
BOGOR,2025-06-17,6.8,26.0
BOGOR,2025-06-18,13.7,24.7
BOGOR,2025-06-19,0.2,24.7
BOGOR,2025-06-20,13.3,25.2
BOGOR,2025-06-21,14.7,24.8
BOGOR,2025-06-22,3.4,25.6
BOGOR,2025-06-23,3.7,25.4
BOGOR,2025-06-24,2.7,25.2
BOGOR,2025-06-25,0.6,25.4
BOGOR,2025-06-26,0.1,26.2
BOGOR,2025-06-27,0.1,26.7
BOGOR,2025-06-28,8.6,24.4
BOGOR,2025-06-29,1.6,24.3
BOGOR,2025-06-30,5.3,24.7
BOGOR,2025-07-01,8.2,24.9
BOGOR,2025-07-02,1.0,25.6
BOGOR,2025-07-03,2.2,25.2
BOGOR,2025-07-04,2.9,25.8
BOGOR,2025-07-05,5.5,24.9
BOGOR,2025-07-06,6.9,25.0
BOGOR,2025-07-07,10.7,24.7
BOGOR,2025-07-08,0.9,25.4
BOGOR,2025-07-09,12.2,25.1
BOGOR,2025-07-10,0.5,25.6
BOGOR,2025-07-11,2.1,25.2
BOGOR,2025-07-12,0.0,25.9
BOGOR,2025-07-13,1.1,25.9
BOGOR,2025-07-14,1.3,25.8
BOGOR,2025-07-15,2.6,26.9
BOGOR,2025-07-16,1.3,27.1
BOGOR,2025-07-17,1.5,26.4
BOGOR,2025-07-18,0.2,27.0
BOGOR,2025-07-19,0.2,27.1
BOGOR,2025-07-20,0.0,27.6
BOGOR,2025-07-21,0.6,27.8
BOGOR,2025-07-22,0.0,26.6
BOGOR,2025-07-23,0.0,27.2
BOGOR,2025-07-24,0.1,27.5
BOGOR,2025-07-25,0.8,27.7
BOGOR,2025-07-26,0.0,28.2
BOGOR,2025-07-27,0.2,27.2
BOGOR,2025-07-28,1.2,26.6
BOGOR,2025-07-29,0.3,26.9
BOGOR,2025-07-30,2.0,27.0
BOGOR,2025-07-31,0.2,27.7
BOGOR,2025-08-01,0.0,27.7
BOGOR,2025-08-02,0.4,27.4
BOGOR,2025-08-03,2.4,26.5
BOGOR,2025-08-04,3.1,25.4
BOGOR,2025-08-05,0.2,25.9
BOGOR,2025-08-06,0.1,26.4
BOGOR,2025-08-07,1.2,26.6
BOGOR,2025-08-08,1.5,26.4
BOGOR,2025-08-09,1.9,26.2
BOGOR,2025-08-10,3.6,26.7
BOGOR,2025-08-11,5.1,25.6
BOGOR,2025-08-12,5.7,24.7
BOGOR,2025-08-13,11.8,24.5
BOGOR,2025-08-14,8.6,24.6
BOGOR,2025-08-15,0.1,25.5
BOGOR,2025-08-16,0.2,25.7
BOGOR,2025-08-17,0.6,26.4
BOGOR,2025-08-18,13.7,25.6
BOGOR,2025-08-19,7.8,24.3
BOGOR,2025-08-20,7.6,25.5
BOGOR,2025-08-21,2.0,25.2
BOGOR,2025-08-22,13.2,25.4
BOGOR,2025-08-23,3.0,25.6
BOGOR,2025-08-24,2.3,25.9
BOGOR,2025-08-25,11.4,24.9
BOGOR,2025-08-26,0.0,25.6
BOGOR,2025-08-27,0.3,26.1
BOGOR,2025-08-28,2.2,26.0
BOGOR,2025-08-29,0.7,25.8
BOGOR,2025-08-30,11.6,26.1
BOGOR,2025-08-31,2.8,25.5
BOGOR,2025-09-01,1.4,26.8
BOGOR,2025-09-02,0.0,27.4
BOGOR,2025-09-03,0.0,27.3
BOGOR,2025-09-04,0.5,27.6
BOGOR,2025-09-05,1.0,26.7
BOGOR,2025-09-06,2.0,26.3
BOGOR,2025-09-07,0.6,26.3
BOGOR,2025-09-08,0.1,26.9
BOGOR,2025-09-09,16.7,25.9
BOGOR,2025-09-10,24.4,26.0
BOGOR,2025-09-11,7.7,24.9
BOGOR,2025-09-12,2.4,25.7
BOGOR,2025-09-13,0.0,26.3
BOGOR,2025-09-14,8.3,26.7
BOGOR,2025-09-15,1.2,27.3
BOGOR,2025-09-16,4.0,26.5
BOGOR,2025-09-17,27.1,25.1
BOGOR,2025-09-18,1.6,25.1
BOGOR,2025-09-19,2.1,25.6
BOGOR,2025-09-20,2.5,25.5
BOGOR,2025-09-21,0.0,26.3
BOGOR,2025-09-22,1.2,26.6
BOGOR,2025-09-23,1.3,26.5
BOGOR,2025-09-24,0.1,27.1
BOGOR,2025-09-25,4.0,26.2
BOGOR,2025-09-26,5.1,27.2
BOGOR,2025-09-27,11.9,26.6
BOGOR,2025-09-28,2.5,26.6
BOGOR,2025-09-29,14.3,25.6
BOGOR,2025-09-30,7.3,26.0
BOGOR,2025-10-01,5.0,25.6
BOGOR,2025-10-02,14.3,24.5
BOGOR,2025-10-03,8.2,26.6
BOGOR,2025-10-04,0.8,27.4
BOGOR,2025-10-05,2.2,26.1
BOGOR,2025-10-06,0.1,27.0
BOGOR,2025-10-07,19.6,25.0
BOGOR,2025-10-08,1.1,26.6
BOGOR,2025-10-09,1.9,26.8
BOGOR,2025-10-10,1.4,27.0
BOGOR,2025-10-11,0.3,27.9
BOGOR,2025-10-12,0.1,28.2
BOGOR,2025-10-13,8.2,27.4
BOGOR,2025-10-14,2.2,27.8
BOGOR,2025-10-15,3.4,27.7
BOGOR,2025-10-16,0.2,28.7
BOGOR,2025-10-17,5.2,27.0
BOGOR,2025-10-18,2.1,27.2
BOGOR,2025-10-19,2.1,27.7
BOGOR,2025-10-20,2.0,27.8
BOGOR,2025-10-21,1.4,27.8
BOGOR,2025-10-22,14.4,27.0
BOGOR,2025-10-23,12.1,26.2
BOGOR,2025-10-24,36.2,25.3
BOGOR,2025-10-25,0.0,26.7
BOGOR,2025-10-26,20.5,25.5
BOGOR,2025-10-27,2.1,26.0
BOGOR,2025-10-28,8.8,25.2
BOGOR,2025-10-29,4.8,26.0
BOGOR,2025-10-30,5.8,26.2
BOGOR,2025-10-31,0.5,26.4
BOGOR,2025-11-01,10.7,26.5
BOGOR,2025-11-02,7.1,26.1
BOGOR,2025-11-03,2.8,26.0
BOGOR,2025-11-04,5.1,26.6
BOGOR,2025-11-05,0.8,26.1
BOGOR,2025-11-06,11.1,26.2
BOGOR,2025-11-07,4.1,26.7
BOGOR,2025-11-08,11.1,25.5
BOGOR,2025-11-09,1.5,26.4
BOGOR,2025-11-10,8.7,26.0
BOGOR,2025-11-11,18.0,24.8
BOGOR,2025-11-12,15.0,25.1
BOGOR,2025-11-13,18.9,24.6
BOGOR,2025-11-14,15.5,24.7
BOGOR,2025-11-15,9.8,26.1
BOGOR,2025-11-16,7.6,26.1
BOGOR,2025-11-17,3.9,26.2
BOGOR,2025-11-18,20.1,24.7
BOGOR,2025-11-19,17.2,25.5
BOGOR,2025-11-20,22.8,24.6
BOGOR,2025-11-21,5.7,26.2
BOGOR,2025-11-22,3.8,25.6
BOGOR,2025-11-23,12.3,25.4
BOGOR,2025-11-24,0.0,26.6
BOGOR,2025-11-25,0.0,26.6
BOGOR,2025-11-26,0.8,26.5
BOGOR,2025-11-27,0.0,27.1
BOGOR,2025-11-28,0.3,27.4
BOGOR,2025-11-29,3.8,27.0
BOGOR,2025-11-30,1.5,26.4
BOGOR,2025-12-01,3.3,26.2
BOGOR,2025-12-02,15.4,26.0
BOGOR,2025-12-03,9.6,25.8
BOGOR,2025-12-04,24.5,24.6
BOGOR,2025-12-05,6.2,25.4
BOGOR,2025-12-06,1.0,25.4
BOGOR,2025-12-07,8.6,26.3
BOGOR,2025-12-08,21.2,25.8
BOGOR,2025-12-09,0.2,26.2
BOGOR,2025-12-10,2.5,25.6
BOGOR,2025-12-11,12.9,25.4
BOGOR,2025-12-12,0.2,27.3
BOGOR,2025-12-13,1.0,26.7
BOGOR,2025-12-14,1.0,26.0
BOGOR,2025-12-15,1.9,26.8
BOGOR,2025-12-16,11.5,26.1
BOGOR,2025-12-17,15.6,25.9
BOGOR,2025-12-18,12.0,25.2
BOGOR,2025-12-19,13.2,25.0
BOGOR,2025-12-20,13.8,25.3
BOGOR,2025-12-21,20.1,25.5
BOGOR,2025-12-22,6.4,25.7
BOGOR,2025-12-23,2.5,26.4
BOGOR,2025-12-24,9.5,26.1
BOGOR,2025-12-25,7.0,26.9
BOGOR,2025-12-26,8.9,26.2
BOGOR,2025-12-27,7.7,26.3
BOGOR,2025-12-28,13.5,26.0
BOGOR,2025-12-29,17.5,25.8
BOGOR,2025-12-30,21.4,25.4
BOGOR,2025-12-31,33.8,24.0
BOGOR,2026-01-01,15.9,24.9
BOGOR,2026-01-02,25.1,24.8
BOGOR,2026-01-03,24.3,23.8
BOGOR,2026-01-04,14.3,24.8
BOGOR,2026-01-05,1.3,26.4
BOGOR,2026-01-06,6.8,26.4
BOGOR,2026-01-07,1.6,26.2
BOGOR,2026-01-08,1.5,25.3
BOGOR,2026-01-09,7.1,25.4
BOGOR,2026-01-10,8.6,24.3
BOGOR,2026-01-11,10.7,23.7
BOGOR,2026-01-12,22.6,23.3
BOGOR,2026-01-13,5.5,24.2
BOGOR,2026-01-14,5.4,24.0
BOGOR,2026-01-15,2.9,24.6
BOGOR,2026-01-16,5.5,24.6
BOGOR,2026-01-17,31.0,24.1
BOGOR,2026-01-18,17.4,24.2
BOGOR,2026-01-19,1.9,25.1
BOGOR,2026-01-20,10.2,24.6
BOGOR,2026-01-21,5.6,24.3
BOGOR,2026-01-22,34.1,23.2
BOGOR,2026-01-23,68.5,23.4
BOGOR,2026-01-24,25.0,24.2
BOGOR,2026-01-25,5.2,25.2
BOGOR,2026-01-26,3.8,25.4
BOGOR,2026-01-27,8.7,25.0
BOGOR,2026-01-28,50.7,23.9
BOGOR,2026-01-29,34.8,23.7
BOGOR,2026-01-30,4.6,24.4
BOGOR,2026-01-31,8.0,24.5
BOGOR,2026-02-01,16.4,24.1
BOGOR,2026-02-02,16.1,23.8
BOGOR,2026-02-03,17.1,24.6
BOGOR,2026-02-04,10.2,24.6
BOGOR,2026-02-05,6.6,24.7
BOGOR,2026-02-06,5.0,25.3
BOGOR,2026-02-07,9.9,24.6
BOGOR,2026-02-08,19.3,24.9
BOGOR,2026-02-09,17.2,24.5
BOGOR,2026-02-10,5.4,24.3
BOGOR,2026-02-11,14.5,25.0
BOGOR,2026-02-12,28.2,24.7
BOGOR,2026-02-13,7.1,24.5
BOGOR,2026-02-14,13.1,25.4
BOGOR,2026-02-15,7.2,25.0
BOGOR,2026-02-16,17.1,24.8
BOGOR,2026-02-17,2.9,25.6
BOGOR,2026-02-18,5.6,24.8
BOGOR,2026-02-19,51.3,23.7
BOGOR,2026-02-20,19.7,24.6
BOGOR,2026-02-21,17.9,24.9
BOGOR,2026-02-22,46.1,24.3
BOGOR,2026-02-23,28.3,24.6
BOGOR,2026-02-24,1.2,26.0
BOGOR,2026-02-25,0.0,26.6
BOGOR,2026-02-26,0.0,26.4
BOGOR,2026-02-27,9.4,25.0
BOGOR,2026-02-28,0.7,25.4
BOGOR,2026-03-01,6.0,25.6
BOGOR,2026-03-02,9.0,25.5
BOGOR,2026-03-03,28.4,25.3
BOGOR,2026-03-04,11.1,25.5
BOGOR,2026-03-05,2.0,25.6
BOGOR,2026-03-06,4.2,24.5
BOGOR,2026-03-07,19.5,24.4
BOGOR,2026-03-08,33.1,23.5
BOGOR,2026-03-09,8.4,25.3
BOGOR,2026-03-10,1.7,26.7
BOGOR,2026-03-11,0.8,26.4
BOGOR,2026-03-12,0.4,26.3
BOGOR,2026-03-13,0.8,26.3
BOGOR,2026-03-14,0.2,26.2
BOGOR,2026-03-15,0.0,26.2
BOGOR,2026-03-16,0.0,26.4
BOGOR,2026-03-17,0.2,27.2
BOGOR,2026-03-18,0.0,27.2
BOGOR,2026-03-19,3.4,27.3
BOGOR,2026-03-20,0.3,27.9
BOGOR,2026-03-21,0.2,27.0
BOGOR,2026-03-22,1.2,26.7
BOGOR,2026-03-23,0.2,27.2
BOGOR,2026-03-24,1.6,26.5
BOGOR,2026-03-25,2.6,26.7
BOGOR,2026-03-26,4.6,25.3
BOGOR,2026-03-27,2.0,25.5
BOGOR,2026-03-28,10.0,25.1
BOGOR,2026-03-29,6.8,25.9
BOGOR,2026-03-30,10.5,25.8
BOGOR,2026-03-31,10.7,25.8
BEKASI,2025-03-15,17.1,26.3
BEKASI,2025-03-16,13.2,26.7
BEKASI,2025-03-17,28.0,25.6
BEKASI,2025-03-18,23.8,25.6
BEKASI,2025-03-19,19.1,26.3
BEKASI,2025-03-20,3.0,27.0
BEKASI,2025-03-21,3.9,27.3
BEKASI,2025-03-22,6.1,26.9
BEKASI,2025-03-23,5.5,27.5
BEKASI,2025-03-24,3.7,27.2
BEKASI,2025-03-25,2.1,27.3
BEKASI,2025-03-26,12.2,27.0
BEKASI,2025-03-27,2.2,27.3
BEKASI,2025-03-28,14.2,26.8
BEKASI,2025-03-29,1.0,28.0
BEKASI,2025-03-30,0.6,28.1
BEKASI,2025-03-31,3.0,28.0
BEKASI,2025-04-01,5.5,26.1
BEKASI,2025-04-02,20.3,26.3
BEKASI,2025-04-03,12.4,26.2
BEKASI,2025-04-04,20.1,26.0
BEKASI,2025-04-05,5.6,26.5
BEKASI,2025-04-06,7.3,26.3
BEKASI,2025-04-07,2.8,27.3
BEKASI,2025-04-08,3.3,27.0
BEKASI,2025-04-09,12.9,27.4
BEKASI,2025-04-10,10.6,27.0
BEKASI,2025-04-11,9.0,26.8
BEKASI,2025-04-12,10.7,26.2
BEKASI,2025-04-13,30.0,26.0
BEKASI,2025-04-14,12.8,26.9
BEKASI,2025-04-15,22.0,26.1
BEKASI,2025-04-16,2.9,26.8
BEKASI,2025-04-17,13.2,25.9
BEKASI,2025-04-18,7.4,26.8
BEKASI,2025-04-19,6.5,27.0
BEKASI,2025-04-20,4.5,27.2
BEKASI,2025-04-21,6.5,26.6
BEKASI,2025-04-22,0.0,27.6
BEKASI,2025-04-23,4.5,27.3
BEKASI,2025-04-24,8.2,27.0
BEKASI,2025-04-25,7.5,26.9
BEKASI,2025-04-26,1.1,26.7
BEKASI,2025-04-27,1.8,27.0
BEKASI,2025-04-28,1.0,27.5
BEKASI,2025-04-29,0.3,27.5
BEKASI,2025-04-30,1.3,28.1
BEKASI,2025-05-01,0.5,28.7
BEKASI,2025-05-02,3.3,28.3
BEKASI,2025-05-03,12.3,27.6
BEKASI,2025-05-04,19.1,26.3
BEKASI,2025-05-05,8.3,27.5
BEKASI,2025-05-06,0.5,28.2
BEKASI,2025-05-07,4.0,27.7
BEKASI,2025-05-08,8.4,27.5
BEKASI,2025-05-09,3.9,28.0
BEKASI,2025-05-10,14.3,27.6
BEKASI,2025-05-11,2.0,27.6
BEKASI,2025-05-12,4.1,27.7
BEKASI,2025-05-13,15.8,27.3
BEKASI,2025-05-14,22.8,27.0
BEKASI,2025-05-15,12.0,27.5
BEKASI,2025-05-16,37.0,26.6
BEKASI,2025-05-17,12.8,26.9
BEKASI,2025-05-18,0.0,27.7
BEKASI,2025-05-19,0.0,27.6
BEKASI,2025-05-20,0.5,27.9
BEKASI,2025-05-21,21.7,26.6
BEKASI,2025-05-22,17.9,26.1
BEKASI,2025-05-23,14.2,25.3
BEKASI,2025-05-24,6.2,26.6
BEKASI,2025-05-25,12.0,26.7
BEKASI,2025-05-26,31.9,26.0
BEKASI,2025-05-27,0.0,28.1
BEKASI,2025-05-28,0.9,28.2
BEKASI,2025-05-29,8.2,27.2
BEKASI,2025-05-30,0.2,27.6
BEKASI,2025-05-31,8.4,27.9
BEKASI,2025-06-01,0.0,27.0
BEKASI,2025-06-02,0.7,27.9
BEKASI,2025-06-03,2.2,27.4
BEKASI,2025-06-04,1.9,28.0
BEKASI,2025-06-05,2.2,28.4
BEKASI,2025-06-06,21.8,26.9
BEKASI,2025-06-07,5.8,27.1
BEKASI,2025-06-08,0.0,27.5
BEKASI,2025-06-09,0.3,27.5
BEKASI,2025-06-10,3.5,26.4
BEKASI,2025-06-11,2.9,26.9
BEKASI,2025-06-12,2.1,27.9
BEKASI,2025-06-13,0.0,28.4
BEKASI,2025-06-14,0.6,28.1
BEKASI,2025-06-15,3.0,27.7
BEKASI,2025-06-16,3.8,28.3
BEKASI,2025-06-17,47.6,26.9
BEKASI,2025-06-18,34.3,25.4
BEKASI,2025-06-19,0.1,25.5
BEKASI,2025-06-20,19.5,25.9
BEKASI,2025-06-21,22.0,25.4
BEKASI,2025-06-22,5.4,26.7
BEKASI,2025-06-23,13.8,26.4
BEKASI,2025-06-24,2.7,26.6
BEKASI,2025-06-25,0.2,26.9
BEKASI,2025-06-26,0.1,27.4
BEKASI,2025-06-27,0.9,27.4
BEKASI,2025-06-28,18.4,26.1
BEKASI,2025-06-29,5.4,24.9
BEKASI,2025-06-30,14.5,26.2
BEKASI,2025-07-01,22.0,25.7
BEKASI,2025-07-02,4.3,26.6
BEKASI,2025-07-03,7.0,26.0
BEKASI,2025-07-04,0.1,27.0
BEKASI,2025-07-05,14.7,26.2
BEKASI,2025-07-06,2.2,25.6
BEKASI,2025-07-07,33.6,25.4
BEKASI,2025-07-08,3.6,26.6
BEKASI,2025-07-09,9.2,26.3
BEKASI,2025-07-10,1.6,26.6
BEKASI,2025-07-11,0.0,26.9
BEKASI,2025-07-12,0.0,26.8
BEKASI,2025-07-13,4.4,26.8
BEKASI,2025-07-14,1.2,26.3
BEKASI,2025-07-15,4.9,27.6
BEKASI,2025-07-16,11.1,27.2
BEKASI,2025-07-17,3.8,26.7
BEKASI,2025-07-18,1.8,26.9
BEKASI,2025-07-19,0.0,27.5
BEKASI,2025-07-20,2.0,28.1
BEKASI,2025-07-21,0.3,28.4
BEKASI,2025-07-22,0.0,28.3
BEKASI,2025-07-23,0.0,28.6
BEKASI,2025-07-24,0.2,29.0
BEKASI,2025-07-25,0.8,29.3
BEKASI,2025-07-26,0.3,29.3
BEKASI,2025-07-27,5.5,28.2
BEKASI,2025-07-28,6.2,27.6
BEKASI,2025-07-29,0.7,28.3
BEKASI,2025-07-30,2.3,28.5
BEKASI,2025-07-31,0.0,28.9
BEKASI,2025-08-01,0.0,29.1
BEKASI,2025-08-02,0.2,29.0
BEKASI,2025-08-03,14.2,27.8
BEKASI,2025-08-04,7.6,26.6
BEKASI,2025-08-05,4.8,26.4
BEKASI,2025-08-06,0.2,27.1
BEKASI,2025-08-07,0.8,27.4
BEKASI,2025-08-08,4.2,26.7
BEKASI,2025-08-09,6.4,26.8
BEKASI,2025-08-10,1.5,27.6
BEKASI,2025-08-11,9.4,26.5
BEKASI,2025-08-12,10.4,25.5
BEKASI,2025-08-13,7.1,25.9
BEKASI,2025-08-14,28.2,24.8
BEKASI,2025-08-15,0.1,26.7
BEKASI,2025-08-16,0.2,26.8
BEKASI,2025-08-17,0.0,27.3
BEKASI,2025-08-18,6.0,27.1
BEKASI,2025-08-19,8.7,25.1
BEKASI,2025-08-20,6.3,26.3
BEKASI,2025-08-21,2.9,26.1
BEKASI,2025-08-22,0.8,26.5
BEKASI,2025-08-23,1.1,27.1
BEKASI,2025-08-24,0.2,27.6
BEKASI,2025-08-25,3.6,26.6
BEKASI,2025-08-26,0.0,27.5
BEKASI,2025-08-27,0.2,28.7
BEKASI,2025-08-28,3.6,28.5
BEKASI,2025-08-29,0.5,27.7
BEKASI,2025-08-30,7.5,27.5
BEKASI,2025-08-31,7.4,27.1
BEKASI,2025-09-01,0.1,29.0
BEKASI,2025-09-02,0.0,29.5
BEKASI,2025-09-03,0.0,29.9
BEKASI,2025-09-04,0.1,30.0
BEKASI,2025-09-05,11.3,28.8
BEKASI,2025-09-06,6.6,27.8
BEKASI,2025-09-07,0.0,28.7
BEKASI,2025-09-08,0.2,29.0
BEKASI,2025-09-09,4.7,27.7
BEKASI,2025-09-10,6.3,27.8
BEKASI,2025-09-11,7.3,25.7
BEKASI,2025-09-12,5.2,26.4
BEKASI,2025-09-13,0.7,27.5
BEKASI,2025-09-14,0.3,27.8
BEKASI,2025-09-15,0.4,28.0
BEKASI,2025-09-16,22.4,27.3
BEKASI,2025-09-17,15.3,26.0
BEKASI,2025-09-18,3.8,25.6
BEKASI,2025-09-19,6.9,26.4
BEKASI,2025-09-20,8.3,26.7
BEKASI,2025-09-21,0.7,28.0
BEKASI,2025-09-22,9.7,27.8
BEKASI,2025-09-23,4.2,27.0
BEKASI,2025-09-24,0.5,27.7
BEKASI,2025-09-25,6.6,27.8
BEKASI,2025-09-26,1.7,29.1
BEKASI,2025-09-27,6.1,29.0
BEKASI,2025-09-28,1.1,29.9
BEKASI,2025-09-29,40.4,26.8
BEKASI,2025-09-30,12.5,26.9
BEKASI,2025-10-01,11.0,26.5
BEKASI,2025-10-02,39.5,25.8
BEKASI,2025-10-03,0.1,27.5
BEKASI,2025-10-04,0.7,28.2
BEKASI,2025-10-05,1.8,27.6
BEKASI,2025-10-06,0.2,28.0
BEKASI,2025-10-07,4.1,26.7
BEKASI,2025-10-08,3.5,27.5
BEKASI,2025-10-09,6.7,27.5
BEKASI,2025-10-10,1.1,27.7
BEKASI,2025-10-11,0.0,29.1
BEKASI,2025-10-12,0.4,30.3
BEKASI,2025-10-13,2.6,29.9
BEKASI,2025-10-14,0.0,29.4
BEKASI,2025-10-15,5.4,29.2
BEKASI,2025-10-16,0.2,30.4
BEKASI,2025-10-17,20.6,28.5
BEKASI,2025-10-18,1.0,28.0
BEKASI,2025-10-19,0.8,28.6
BEKASI,2025-10-20,1.7,29.1
BEKASI,2025-10-21,0.9,29.4
BEKASI,2025-10-22,7.1,28.8
BEKASI,2025-10-23,27.5,27.0
BEKASI,2025-10-24,31.1,26.2
BEKASI,2025-10-25,0.8,27.3
BEKASI,2025-10-26,8.5,26.4
BEKASI,2025-10-27,3.4,26.6
BEKASI,2025-10-28,10.5,25.9
BEKASI,2025-10-29,4.0,26.6
BEKASI,2025-10-30,7.2,27.0
BEKASI,2025-10-31,1.7,27.4
BEKASI,2025-11-01,7.7,27.2
BEKASI,2025-11-02,16.1,26.8
BEKASI,2025-11-03,4.7,27.0
BEKASI,2025-11-04,0.6,27.7
BEKASI,2025-11-05,0.5,27.1
BEKASI,2025-11-06,4.2,27.5
BEKASI,2025-11-07,1.6,28.1
BEKASI,2025-11-08,3.6,26.5
BEKASI,2025-11-09,0.2,28.8
BEKASI,2025-11-10,19.6,28.0
BEKASI,2025-11-11,13.5,27.0
BEKASI,2025-11-12,8.1,26.4
BEKASI,2025-11-13,2.0,26.2
BEKASI,2025-11-14,13.5,25.9
BEKASI,2025-11-15,13.7,27.1
BEKASI,2025-11-16,9.8,27.4
BEKASI,2025-11-17,1.4,27.8
BEKASI,2025-11-18,14.6,25.9
BEKASI,2025-11-19,1.4,26.6
BEKASI,2025-11-20,15.9,25.8
BEKASI,2025-11-21,0.5,27.2
BEKASI,2025-11-22,1.5,27.2
BEKASI,2025-11-23,3.9,27.2
BEKASI,2025-11-24,0.0,28.2
BEKASI,2025-11-25,0.0,28.1
BEKASI,2025-11-26,1.0,28.7
BEKASI,2025-11-27,0.3,29.0
BEKASI,2025-11-28,1.0,29.4
BEKASI,2025-11-29,1.7,29.2
BEKASI,2025-11-30,8.3,28.0
BEKASI,2025-12-01,4.7,27.5
BEKASI,2025-12-02,18.0,27.0
BEKASI,2025-12-03,24.9,26.7
BEKASI,2025-12-04,14.7,25.1
BEKASI,2025-12-05,1.5,26.3
BEKASI,2025-12-06,1.7,26.3
BEKASI,2025-12-07,2.5,27.3
BEKASI,2025-12-08,1.6,27.1
BEKASI,2025-12-09,0.6,27.0
BEKASI,2025-12-10,1.7,27.0
BEKASI,2025-12-11,1.9,27.0
BEKASI,2025-12-12,7.5,28.1
BEKASI,2025-12-13,1.0,28.2
BEKASI,2025-12-14,3.5,27.7
BEKASI,2025-12-15,2.9,28.1
BEKASI,2025-12-16,8.0,28.3
BEKASI,2025-12-17,0.6,28.2
BEKASI,2025-12-18,7.2,27.1
BEKASI,2025-12-19,6.9,26.5
BEKASI,2025-12-20,1.5,27.4
BEKASI,2025-12-21,11.1,26.6
BEKASI,2025-12-22,8.5,27.4
BEKASI,2025-12-23,2.1,27.9
BEKASI,2025-12-24,13.7,27.0
BEKASI,2025-12-25,21.2,28.1
BEKASI,2025-12-26,7.6,27.4
BEKASI,2025-12-27,2.3,27.9
BEKASI,2025-12-28,15.7,27.2
BEKASI,2025-12-29,3.9,27.1
BEKASI,2025-12-30,33.8,26.5
BEKASI,2025-12-31,24.3,25.0
BEKASI,2026-01-01,6.5,26.4
BEKASI,2026-01-02,32.1,26.0
BEKASI,2026-01-03,16.1,24.7
BEKASI,2026-01-04,7.4,25.9
BEKASI,2026-01-05,6.6,26.9
BEKASI,2026-01-06,5.0,27.7
BEKASI,2026-01-07,5.9,26.9
BEKASI,2026-01-08,1.3,26.8
BEKASI,2026-01-09,3.4,26.8
BEKASI,2026-01-10,5.1,25.7
BEKASI,2026-01-11,8.0,25.4
BEKASI,2026-01-12,50.0,24.6
BEKASI,2026-01-13,5.8,25.8
BEKASI,2026-01-14,8.6,25.6
BEKASI,2026-01-15,2.9,25.7
BEKASI,2026-01-16,7.1,25.9
BEKASI,2026-01-17,42.5,25.2
BEKASI,2026-01-18,58.9,25.1
BEKASI,2026-01-19,2.8,26.1
BEKASI,2026-01-20,6.6,25.5
BEKASI,2026-01-21,5.7,25.2
BEKASI,2026-01-22,34.2,24.3
BEKASI,2026-01-23,38.8,24.8
BEKASI,2026-01-24,4.5,26.4
BEKASI,2026-01-25,2.8,26.0
BEKASI,2026-01-26,5.8,26.2
BEKASI,2026-01-27,21.2,25.9
BEKASI,2026-01-28,20.2,25.5
BEKASI,2026-01-29,32.9,24.6
BEKASI,2026-01-30,6.8,25.2
BEKASI,2026-01-31,15.3,25.9
BEKASI,2026-02-01,9.5,25.6
BEKASI,2026-02-02,14.7,25.2
BEKASI,2026-02-03,5.2,25.8
BEKASI,2026-02-04,8.5,26.2
BEKASI,2026-02-05,9.5,26.2
BEKASI,2026-02-06,9.2,26.3
BEKASI,2026-02-07,4.9,25.9
BEKASI,2026-02-08,15.9,25.4
BEKASI,2026-02-09,20.1,25.8
BEKASI,2026-02-10,5.1,26.2
BEKASI,2026-02-11,2.4,26.6
BEKASI,2026-02-12,22.9,25.9
BEKASI,2026-02-13,5.1,25.9
BEKASI,2026-02-14,18.8,26.5
BEKASI,2026-02-15,7.2,26.3
BEKASI,2026-02-16,16.1,26.1
BEKASI,2026-02-17,18.0,26.2
BEKASI,2026-02-18,4.8,26.3
BEKASI,2026-02-19,39.5,25.1
BEKASI,2026-02-20,25.2,25.4
BEKASI,2026-02-21,5.4,26.4
BEKASI,2026-02-22,20.0,25.5
BEKASI,2026-02-23,44.9,25.3
BEKASI,2026-02-24,0.0,26.7
BEKASI,2026-02-25,0.0,28.0
BEKASI,2026-02-26,0.0,27.9
BEKASI,2026-02-27,3.3,26.3
BEKASI,2026-02-28,4.2,27.1
BEKASI,2026-03-01,6.8,27.3
BEKASI,2026-03-02,4.6,26.7
BEKASI,2026-03-03,15.0,26.2
BEKASI,2026-03-04,8.3,26.6
BEKASI,2026-03-05,2.5,26.5
BEKASI,2026-03-06,2.9,25.7
BEKASI,2026-03-07,24.0,25.5
BEKASI,2026-03-08,30.1,24.6
BEKASI,2026-03-09,1.6,26.7
BEKASI,2026-03-10,2.5,27.3
BEKASI,2026-03-11,1.2,27.1
BEKASI,2026-03-12,5.7,27.0
BEKASI,2026-03-13,0.9,27.4
BEKASI,2026-03-14,0.1,27.8
BEKASI,2026-03-15,2.6,28.0
BEKASI,2026-03-16,10.1,27.7
BEKASI,2026-03-17,0.3,27.5
BEKASI,2026-03-18,0.5,27.8
BEKASI,2026-03-19,0.5,28.4
BEKASI,2026-03-20,3.1,28.0
BEKASI,2026-03-21,3.4,27.5
BEKASI,2026-03-22,0.3,28.2
BEKASI,2026-03-23,1.7,28.3
BEKASI,2026-03-24,8.3,27.5
BEKASI,2026-03-25,2.5,28.3
BEKASI,2026-03-26,4.0,26.9
BEKASI,2026-03-27,8.0,26.4
BEKASI,2026-03-28,10.0,26.0
BEKASI,2026-03-29,11.1,27.3
BEKASI,2026-03-30,0.9,27.0
BEKASI,2026-03-31,11.9,26.9
BANDUNG,2025-03-15,20.7,22.8
BANDUNG,2025-03-16,4.6,23.0
BANDUNG,2025-03-17,8.4,22.9
BANDUNG,2025-03-18,8.7,22.8
BANDUNG,2025-03-19,7.9,23.2
BANDUNG,2025-03-20,0.0,24.0
BANDUNG,2025-03-21,0.7,23.8
BANDUNG,2025-03-22,1.2,23.6
BANDUNG,2025-03-23,0.9,23.8
BANDUNG,2025-03-24,0.3,23.8
BANDUNG,2025-03-25,0.6,24.4
BANDUNG,2025-03-26,4.5,23.5
BANDUNG,2025-03-27,1.9,24.2
BANDUNG,2025-03-28,19.5,22.9
BANDUNG,2025-03-29,0.1,24.0
BANDUNG,2025-03-30,0.2,23.9
BANDUNG,2025-03-31,0.3,23.8
BANDUNG,2025-04-01,8.2,22.2
BANDUNG,2025-04-02,14.9,22.4
BANDUNG,2025-04-03,8.9,23.1
BANDUNG,2025-04-04,4.7,22.5
BANDUNG,2025-04-05,7.4,22.7
BANDUNG,2025-04-06,3.6,23.1
BANDUNG,2025-04-07,1.4,24.3
BANDUNG,2025-04-08,0.4,23.9
BANDUNG,2025-04-09,7.0,24.1
BANDUNG,2025-04-10,8.3,23.1
BANDUNG,2025-04-11,3.2,23.5
BANDUNG,2025-04-12,32.9,22.5
BANDUNG,2025-04-13,32.4,22.5
BANDUNG,2025-04-14,3.6,22.9
BANDUNG,2025-04-15,14.3,22.5
BANDUNG,2025-04-16,1.0,23.7
BANDUNG,2025-04-17,1.3,23.1
BANDUNG,2025-04-18,8.5,22.9
BANDUNG,2025-04-19,9.6,23.7
BANDUNG,2025-04-20,8.1,23.6
BANDUNG,2025-04-21,1.8,23.3
BANDUNG,2025-04-22,0.2,23.9
BANDUNG,2025-04-23,3.9,22.7
BANDUNG,2025-04-24,5.4,22.5
BANDUNG,2025-04-25,1.4,23.1
BANDUNG,2025-04-26,7.3,22.7
BANDUNG,2025-04-27,0.4,23.5
BANDUNG,2025-04-28,0.0,23.8
BANDUNG,2025-04-29,0.0,23.5
BANDUNG,2025-04-30,0.3,23.7
BANDUNG,2025-05-01,0.5,24.2
BANDUNG,2025-05-02,8.6,23.3
BANDUNG,2025-05-03,1.0,23.4
BANDUNG,2025-05-04,20.3,23.0
BANDUNG,2025-05-05,2.9,23.2
BANDUNG,2025-05-06,1.3,23.5
BANDUNG,2025-05-07,13.4,23.0
BANDUNG,2025-05-08,18.1,22.9
BANDUNG,2025-05-09,1.3,23.6
BANDUNG,2025-05-10,4.1,23.6
BANDUNG,2025-05-11,3.7,23.7
BANDUNG,2025-05-12,0.0,23.7
BANDUNG,2025-05-13,22.3,23.4
BANDUNG,2025-05-14,21.4,22.9
BANDUNG,2025-05-15,11.6,23.1
BANDUNG,2025-05-16,13.2,23.2
BANDUNG,2025-05-17,5.6,23.5
BANDUNG,2025-05-18,21.2,23.1
BANDUNG,2025-05-19,0.2,23.3
BANDUNG,2025-05-20,0.7,24.0
BANDUNG,2025-05-21,14.7,22.2
BANDUNG,2025-05-22,50.8,22.6
BANDUNG,2025-05-23,34.2,21.9
BANDUNG,2025-05-24,22.0,22.6
BANDUNG,2025-05-25,9.1,23.2
BANDUNG,2025-05-26,25.1,22.7
BANDUNG,2025-05-27,0.1,24.3
BANDUNG,2025-05-28,0.3,24.2
BANDUNG,2025-05-29,1.8,23.3
BANDUNG,2025-05-30,0.0,23.6
BANDUNG,2025-05-31,1.1,23.5
BANDUNG,2025-06-01,0.3,23.1
BANDUNG,2025-06-02,1.8,23.7
BANDUNG,2025-06-03,2.6,22.5
BANDUNG,2025-06-04,2.9,23.0
BANDUNG,2025-06-05,0.5,23.8
BANDUNG,2025-06-06,16.0,22.9
BANDUNG,2025-06-07,1.7,23.2
BANDUNG,2025-06-08,0.0,23.3
BANDUNG,2025-06-09,0.6,22.9
BANDUNG,2025-06-10,9.0,22.5
BANDUNG,2025-06-11,7.1,22.6
BANDUNG,2025-06-12,1.1,23.8
BANDUNG,2025-06-13,0.0,24.4
BANDUNG,2025-06-14,0.8,24.0
BANDUNG,2025-06-15,2.8,23.6
BANDUNG,2025-06-16,2.3,23.8
BANDUNG,2025-06-17,2.8,22.9
BANDUNG,2025-06-18,13.3,22.4
BANDUNG,2025-06-19,1.5,22.4
BANDUNG,2025-06-20,3.6,22.1
BANDUNG,2025-06-21,14.1,22.2
BANDUNG,2025-06-22,0.7,23.3
BANDUNG,2025-06-23,1.4,22.8
BANDUNG,2025-06-24,1.6,22.1
BANDUNG,2025-06-25,1.1,22.1
BANDUNG,2025-06-26,0.0,23.3
BANDUNG,2025-06-27,0.1,23.4
BANDUNG,2025-06-28,13.2,22.0
BANDUNG,2025-06-29,6.7,21.6
BANDUNG,2025-06-30,1.6,22.9
BANDUNG,2025-07-01,25.2,22.4
BANDUNG,2025-07-02,2.9,22.2
BANDUNG,2025-07-03,0.7,22.7
BANDUNG,2025-07-04,1.3,22.4
BANDUNG,2025-07-05,24.9,22.1
BANDUNG,2025-07-06,17.8,21.9
BANDUNG,2025-07-07,2.9,22.0
BANDUNG,2025-07-08,1.0,23.2
BANDUNG,2025-07-09,0.0,22.5
BANDUNG,2025-07-10,0.1,21.7
BANDUNG,2025-07-11,3.4,21.6
BANDUNG,2025-07-12,0.0,22.3
BANDUNG,2025-07-13,1.4,22.8
BANDUNG,2025-07-14,8.4,22.8
BANDUNG,2025-07-15,0.0,22.9
BANDUNG,2025-07-16,0.2,22.9
BANDUNG,2025-07-17,0.1,23.3
BANDUNG,2025-07-18,0.0,22.1
BANDUNG,2025-07-19,0.0,23.2
BANDUNG,2025-07-20,0.0,22.8
BANDUNG,2025-07-21,0.0,23.3
BANDUNG,2025-07-22,0.0,22.6
BANDUNG,2025-07-23,0.0,23.2
BANDUNG,2025-07-24,0.8,23.2
BANDUNG,2025-07-25,3.6,23.3
BANDUNG,2025-07-26,1.0,23.3
BANDUNG,2025-07-27,2.5,23.1
BANDUNG,2025-07-28,4.0,23.1
BANDUNG,2025-07-29,0.0,23.6
BANDUNG,2025-07-30,4.4,23.8
BANDUNG,2025-07-31,0.5,24.3
BANDUNG,2025-08-01,4.3,23.9
BANDUNG,2025-08-02,1.6,23.8
BANDUNG,2025-08-03,2.3,23.3
BANDUNG,2025-08-04,6.7,22.8
BANDUNG,2025-08-05,15.2,22.6
BANDUNG,2025-08-06,0.4,23.2
BANDUNG,2025-08-07,0.9,23.6
BANDUNG,2025-08-08,0.7,23.8
BANDUNG,2025-08-09,2.7,23.1
BANDUNG,2025-08-10,0.5,23.8
BANDUNG,2025-08-11,17.6,22.3
BANDUNG,2025-08-12,1.0,21.9
BANDUNG,2025-08-13,20.3,21.6
BANDUNG,2025-08-14,11.5,21.5
BANDUNG,2025-08-15,1.7,21.5
BANDUNG,2025-08-16,0.9,22.4
BANDUNG,2025-08-17,0.0,22.7
BANDUNG,2025-08-18,3.5,22.4
BANDUNG,2025-08-19,10.1,21.9
BANDUNG,2025-08-20,3.2,22.8
BANDUNG,2025-08-21,0.3,22.8
BANDUNG,2025-08-22,7.5,22.6
BANDUNG,2025-08-23,2.0,22.9
BANDUNG,2025-08-24,0.9,23.6
BANDUNG,2025-08-25,1.1,22.8
BANDUNG,2025-08-26,0.0,22.3
BANDUNG,2025-08-27,0.1,22.2
BANDUNG,2025-08-28,0.8,23.4
BANDUNG,2025-08-29,2.2,23.1
BANDUNG,2025-08-30,6.5,23.4
BANDUNG,2025-08-31,20.3,22.7
BANDUNG,2025-09-01,1.7,23.9
BANDUNG,2025-09-02,0.5,23.2
BANDUNG,2025-09-03,0.0,23.9
BANDUNG,2025-09-04,0.0,24.1
BANDUNG,2025-09-05,14.5,22.4
BANDUNG,2025-09-06,0.0,23.5
BANDUNG,2025-09-07,0.0,22.8
BANDUNG,2025-09-08,16.7,22.4
BANDUNG,2025-09-09,19.8,22.2
BANDUNG,2025-09-10,13.0,22.7
BANDUNG,2025-09-11,21.1,22.3
BANDUNG,2025-09-12,6.9,22.6
BANDUNG,2025-09-13,0.0,23.3
BANDUNG,2025-09-14,0.0,23.4
BANDUNG,2025-09-15,0.5,23.3
BANDUNG,2025-09-16,3.9,23.0
BANDUNG,2025-09-17,4.8,22.6
BANDUNG,2025-09-18,0.4,22.7
BANDUNG,2025-09-19,15.8,22.9
BANDUNG,2025-09-20,2.6,22.5
BANDUNG,2025-09-21,8.9,22.8
BANDUNG,2025-09-22,0.2,24.3
BANDUNG,2025-09-23,0.1,24.2
BANDUNG,2025-09-24,0.1,24.2
BANDUNG,2025-09-25,5.4,23.5
BANDUNG,2025-09-26,1.4,24.1
BANDUNG,2025-09-27,1.3,24.6
BANDUNG,2025-09-28,0.7,24.3
BANDUNG,2025-09-29,5.0,22.6
BANDUNG,2025-09-30,9.9,23.1
BANDUNG,2025-10-01,1.9,23.0
BANDUNG,2025-10-02,45.8,22.1
BANDUNG,2025-10-03,1.1,24.0
BANDUNG,2025-10-04,0.0,24.7
BANDUNG,2025-10-05,0.2,23.6
BANDUNG,2025-10-06,0.1,24.1
BANDUNG,2025-10-07,0.3,24.1
BANDUNG,2025-10-08,0.1,23.9
BANDUNG,2025-10-09,0.9,24.0
BANDUNG,2025-10-10,2.2,24.3
BANDUNG,2025-10-11,5.6,23.6
BANDUNG,2025-10-12,0.3,24.9
BANDUNG,2025-10-13,3.6,24.0
BANDUNG,2025-10-14,0.1,25.3
BANDUNG,2025-10-15,0.4,25.6
BANDUNG,2025-10-16,0.1,26.0
BANDUNG,2025-10-17,1.0,25.9
BANDUNG,2025-10-18,1.6,25.6
BANDUNG,2025-10-19,2.0,25.0
BANDUNG,2025-10-20,2.5,25.7
BANDUNG,2025-10-21,32.9,24.1
BANDUNG,2025-10-22,8.7,23.4
BANDUNG,2025-10-23,8.5,23.0
BANDUNG,2025-10-24,6.7,22.4
BANDUNG,2025-10-25,0.6,23.5
BANDUNG,2025-10-26,2.1,22.0
BANDUNG,2025-10-27,9.0,23.1
BANDUNG,2025-10-28,2.5,22.6
BANDUNG,2025-10-29,3.6,22.8
BANDUNG,2025-10-30,15.6,23.0
BANDUNG,2025-10-31,24.5,23.0
BANDUNG,2025-11-01,28.9,23.5
BANDUNG,2025-11-02,35.3,23.2
BANDUNG,2025-11-03,15.8,23.0
BANDUNG,2025-11-04,0.9,23.9
BANDUNG,2025-11-05,0.9,23.4
BANDUNG,2025-11-06,11.6,23.7
BANDUNG,2025-11-07,6.0,24.4
BANDUNG,2025-11-08,16.7,23.0
BANDUNG,2025-11-09,5.4,24.1
BANDUNG,2025-11-10,8.3,23.9
BANDUNG,2025-11-11,15.2,22.9
BANDUNG,2025-11-12,6.1,22.7
BANDUNG,2025-11-13,9.7,22.6
BANDUNG,2025-11-14,12.3,22.6
BANDUNG,2025-11-15,7.4,23.7
BANDUNG,2025-11-16,2.5,23.5
BANDUNG,2025-11-17,4.2,23.1
BANDUNG,2025-11-18,14.8,22.8
BANDUNG,2025-11-19,4.2,22.7
BANDUNG,2025-11-20,21.5,22.9
BANDUNG,2025-11-21,6.6,23.9
BANDUNG,2025-11-22,29.2,23.0
BANDUNG,2025-11-23,11.4,22.2
BANDUNG,2025-11-24,0.1,23.9
BANDUNG,2025-11-25,0.0,23.7
BANDUNG,2025-11-26,0.1,23.9
BANDUNG,2025-11-27,1.0,23.5
BANDUNG,2025-11-28,0.0,23.7
BANDUNG,2025-11-29,2.1,23.6
BANDUNG,2025-11-30,2.4,22.9
BANDUNG,2025-12-01,0.3,23.0
BANDUNG,2025-12-02,2.1,23.6
BANDUNG,2025-12-03,11.1,23.2
BANDUNG,2025-12-04,22.5,22.1
BANDUNG,2025-12-05,17.6,22.8
BANDUNG,2025-12-06,1.7,22.9
BANDUNG,2025-12-07,7.5,23.5
BANDUNG,2025-12-08,3.4,22.5
BANDUNG,2025-12-09,1.5,22.9
BANDUNG,2025-12-10,14.8,22.8
BANDUNG,2025-12-11,3.5,23.4
BANDUNG,2025-12-12,0.0,24.0
BANDUNG,2025-12-13,1.1,24.1
BANDUNG,2025-12-14,10.9,23.1
BANDUNG,2025-12-15,0.3,24.3
BANDUNG,2025-12-16,7.3,24.3
BANDUNG,2025-12-17,10.5,23.5
BANDUNG,2025-12-18,1.8,23.6
BANDUNG,2025-12-19,2.6,23.4
BANDUNG,2025-12-20,5.2,22.9
BANDUNG,2025-12-21,2.7,23.2
BANDUNG,2025-12-22,4.8,23.2
BANDUNG,2025-12-23,3.8,23.5
BANDUNG,2025-12-24,0.8,24.2
BANDUNG,2025-12-25,1.5,24.5
BANDUNG,2025-12-26,1.6,24.4
BANDUNG,2025-12-27,2.8,24.3
BANDUNG,2025-12-28,4.4,24.2
BANDUNG,2025-12-29,1.5,24.2
BANDUNG,2025-12-30,11.3,23.0
BANDUNG,2025-12-31,9.9,22.1
BANDUNG,2026-01-01,3.6,22.7
BANDUNG,2026-01-02,4.4,23.0
BANDUNG,2026-01-03,25.5,21.7
BANDUNG,2026-01-04,2.2,22.7
BANDUNG,2026-01-05,0.8,23.7
BANDUNG,2026-01-06,0.5,24.1
BANDUNG,2026-01-07,1.5,23.9
BANDUNG,2026-01-08,1.3,23.0
BANDUNG,2026-01-09,9.3,23.1
BANDUNG,2026-01-10,5.3,22.3
BANDUNG,2026-01-11,3.7,21.8
BANDUNG,2026-01-12,2.5,21.1
BANDUNG,2026-01-13,1.5,22.5
BANDUNG,2026-01-14,2.4,22.6
BANDUNG,2026-01-15,19.6,21.7
BANDUNG,2026-01-16,0.8,23.1
BANDUNG,2026-01-17,4.6,22.7
BANDUNG,2026-01-18,10.2,21.9
BANDUNG,2026-01-19,0.7,23.0
BANDUNG,2026-01-20,4.8,22.6
BANDUNG,2026-01-21,7.1,21.7
BANDUNG,2026-01-22,16.3,21.2
BANDUNG,2026-01-23,17.8,21.8
BANDUNG,2026-01-24,4.2,21.6
BANDUNG,2026-01-25,0.4,22.6
BANDUNG,2026-01-26,0.9,22.9
BANDUNG,2026-01-27,1.1,22.5
BANDUNG,2026-01-28,30.6,21.8
BANDUNG,2026-01-29,20.2,21.9
BANDUNG,2026-01-30,2.3,22.6
BANDUNG,2026-01-31,6.5,22.8
BANDUNG,2026-02-01,2.4,22.6
BANDUNG,2026-02-02,4.9,22.4
BANDUNG,2026-02-03,0.9,22.6
BANDUNG,2026-02-04,3.3,22.7
BANDUNG,2026-02-05,5.6,22.9
BANDUNG,2026-02-06,2.6,23.1
BANDUNG,2026-02-07,2.1,22.7
BANDUNG,2026-02-08,1.2,23.0
BANDUNG,2026-02-09,4.3,22.2
BANDUNG,2026-02-10,2.2,22.4
BANDUNG,2026-02-11,4.3,23.4
BANDUNG,2026-02-12,15.5,22.8
BANDUNG,2026-02-13,4.0,22.8
BANDUNG,2026-02-14,2.7,23.4
BANDUNG,2026-02-15,2.4,23.2
BANDUNG,2026-02-16,3.7,22.9
BANDUNG,2026-02-17,8.0,23.5
BANDUNG,2026-02-18,2.7,22.4
BANDUNG,2026-02-19,5.7,22.0
BANDUNG,2026-02-20,4.3,22.2
BANDUNG,2026-02-21,1.8,23.0
BANDUNG,2026-02-22,9.2,22.6
BANDUNG,2026-02-23,12.4,21.9
BANDUNG,2026-02-24,2.0,23.1
BANDUNG,2026-02-25,0.6,23.8
BANDUNG,2026-02-26,0.5,23.4
BANDUNG,2026-02-27,2.0,22.7
BANDUNG,2026-02-28,12.9,22.7
BANDUNG,2026-03-01,2.3,23.2
BANDUNG,2026-03-02,11.9,23.1
BANDUNG,2026-03-03,25.1,22.7
BANDUNG,2026-03-04,9.2,22.7
BANDUNG,2026-03-05,3.5,23.1
BANDUNG,2026-03-06,9.2,22.4
BANDUNG,2026-03-07,10.3,22.3
BANDUNG,2026-03-08,9.8,22.0
BANDUNG,2026-03-09,6.6,22.7
BANDUNG,2026-03-10,0.0,23.9
BANDUNG,2026-03-11,0.2,24.0
BANDUNG,2026-03-12,0.4,24.0
BANDUNG,2026-03-13,0.3,23.8
BANDUNG,2026-03-14,1.8,23.2
BANDUNG,2026-03-15,0.0,23.9
BANDUNG,2026-03-16,0.1,24.4
BANDUNG,2026-03-17,0.4,24.8
BANDUNG,2026-03-18,0.4,24.8
BANDUNG,2026-03-19,0.2,24.0
BANDUNG,2026-03-20,2.5,24.0
BANDUNG,2026-03-21,2.0,23.7
BANDUNG,2026-03-22,0.6,23.9
BANDUNG,2026-03-23,0.6,23.7
BANDUNG,2026-03-24,0.9,23.8
BANDUNG,2026-03-25,3.7,23.6
BANDUNG,2026-03-26,2.0,23.0
BANDUNG,2026-03-27,8.1,22.7
BANDUNG,2026-03-28,18.3,22.7
BANDUNG,2026-03-29,13.1,23.1
BANDUNG,2026-03-30,0.9,22.8
BANDUNG,2026-03-31,2.7,23.2
DEPOK,2025-03-15,28.5,25.4
DEPOK,2025-03-16,7.0,25.8
DEPOK,2025-03-17,36.4,25.3
DEPOK,2025-03-18,11.5,25.7
DEPOK,2025-03-19,4.5,26.2
DEPOK,2025-03-20,1.3,26.5
DEPOK,2025-03-21,2.9,26.7
DEPOK,2025-03-22,1.4,26.0
DEPOK,2025-03-23,9.9,26.4
DEPOK,2025-03-24,9.5,26.3
DEPOK,2025-03-25,3.5,26.7
DEPOK,2025-03-26,16.9,26.0
DEPOK,2025-03-27,3.1,26.5
DEPOK,2025-03-28,10.3,26.1
DEPOK,2025-03-29,1.1,27.1
DEPOK,2025-03-30,0.4,27.0
DEPOK,2025-03-31,3.1,26.5
DEPOK,2025-04-01,24.3,25.3
DEPOK,2025-04-02,12.5,25.6
DEPOK,2025-04-03,8.0,25.6
DEPOK,2025-04-04,14.2,25.5
DEPOK,2025-04-05,15.8,25.7
DEPOK,2025-04-06,22.8,25.5
DEPOK,2025-04-07,14.3,26.2
DEPOK,2025-04-08,3.1,26.4
DEPOK,2025-04-09,12.1,26.8
DEPOK,2025-04-10,12.2,26.3
DEPOK,2025-04-11,17.9,26.0
DEPOK,2025-04-12,21.7,25.5
DEPOK,2025-04-13,32.7,25.2
DEPOK,2025-04-14,17.0,26.3
DEPOK,2025-04-15,46.0,25.5
DEPOK,2025-04-16,2.3,26.1
DEPOK,2025-04-17,2.5,26.0
DEPOK,2025-04-18,6.4,26.3
DEPOK,2025-04-19,13.2,26.4
DEPOK,2025-04-20,3.9,26.3
DEPOK,2025-04-21,8.6,25.9
DEPOK,2025-04-22,0.0,26.9
DEPOK,2025-04-23,8.2,26.5
DEPOK,2025-04-24,9.8,26.3
DEPOK,2025-04-25,5.4,26.4
DEPOK,2025-04-26,18.9,26.1
DEPOK,2025-04-27,3.6,26.5
DEPOK,2025-04-28,1.7,27.1
DEPOK,2025-04-29,1.3,26.6
DEPOK,2025-04-30,0.6,27.1
DEPOK,2025-05-01,2.8,26.9
DEPOK,2025-05-02,0.6,27.5
DEPOK,2025-05-03,2.6,27.3
DEPOK,2025-05-04,15.4,25.6
DEPOK,2025-05-05,4.3,27.1
DEPOK,2025-05-06,0.7,27.7
DEPOK,2025-05-07,12.4,26.6
DEPOK,2025-05-08,4.0,27.2
DEPOK,2025-05-09,5.3,27.6
DEPOK,2025-05-10,21.9,26.8
DEPOK,2025-05-11,3.2,27.1
DEPOK,2025-05-12,14.1,27.0
DEPOK,2025-05-13,12.0,27.0
DEPOK,2025-05-14,14.6,26.5
DEPOK,2025-05-15,4.7,26.9
DEPOK,2025-05-16,24.2,26.4
DEPOK,2025-05-17,13.1,26.2
DEPOK,2025-05-18,0.2,27.3
DEPOK,2025-05-19,0.6,27.1
DEPOK,2025-05-20,0.2,27.7
DEPOK,2025-05-21,69.7,25.7
DEPOK,2025-05-22,31.1,25.2
DEPOK,2025-05-23,15.6,25.4
DEPOK,2025-05-24,18.6,25.9
DEPOK,2025-05-25,27.0,26.0
DEPOK,2025-05-26,38.4,25.2
DEPOK,2025-05-27,0.0,27.0
DEPOK,2025-05-28,1.0,27.3
DEPOK,2025-05-29,7.0,26.6
DEPOK,2025-05-30,0.4,27.4
DEPOK,2025-05-31,0.2,27.0
DEPOK,2025-06-01,0.0,25.9
DEPOK,2025-06-02,0.4,26.7
DEPOK,2025-06-03,6.8,26.2
DEPOK,2025-06-04,1.1,26.8
DEPOK,2025-06-05,0.4,27.5
DEPOK,2025-06-06,3.8,26.4
DEPOK,2025-06-07,5.1,26.6
DEPOK,2025-06-08,0.2,27.0
DEPOK,2025-06-09,0.3,26.8
DEPOK,2025-06-10,11.3,25.9
DEPOK,2025-06-11,5.5,26.3
DEPOK,2025-06-12,2.1,26.8
DEPOK,2025-06-13,0.1,27.0
DEPOK,2025-06-14,0.2,26.9
DEPOK,2025-06-15,12.0,26.5
DEPOK,2025-06-16,1.1,26.7
DEPOK,2025-06-17,22.9,26.1
DEPOK,2025-06-18,21.6,25.0
DEPOK,2025-06-19,0.1,24.8
DEPOK,2025-06-20,39.3,25.4
DEPOK,2025-06-21,20.2,25.0
DEPOK,2025-06-22,19.7,25.9
DEPOK,2025-06-23,21.5,25.6
DEPOK,2025-06-24,6.4,25.5
DEPOK,2025-06-25,1.1,26.0
DEPOK,2025-06-26,0.6,26.7
DEPOK,2025-06-27,0.3,26.9
DEPOK,2025-06-28,11.4,25.1
DEPOK,2025-06-29,3.9,24.5
DEPOK,2025-06-30,11.8,25.2
DEPOK,2025-07-01,6.6,25.6
DEPOK,2025-07-02,9.5,26.1
DEPOK,2025-07-03,9.7,25.4
DEPOK,2025-07-04,0.6,26.2
DEPOK,2025-07-05,16.4,25.4
DEPOK,2025-07-06,10.3,25.2
DEPOK,2025-07-07,18.9,25.2
DEPOK,2025-07-08,4.2,26.0
DEPOK,2025-07-09,22.2,25.4
DEPOK,2025-07-10,0.6,26.2
DEPOK,2025-07-11,0.1,25.9
DEPOK,2025-07-12,0.0,26.2
DEPOK,2025-07-13,4.1,25.9
DEPOK,2025-07-14,1.3,25.7
DEPOK,2025-07-15,2.9,27.1
DEPOK,2025-07-16,4.5,26.9
DEPOK,2025-07-17,4.4,26.4
DEPOK,2025-07-18,1.0,26.7
DEPOK,2025-07-19,0.9,27.1
DEPOK,2025-07-20,1.6,27.7
DEPOK,2025-07-21,0.3,27.9
DEPOK,2025-07-22,0.0,27.3
DEPOK,2025-07-23,0.0,27.6
DEPOK,2025-07-24,0.0,28.0
DEPOK,2025-07-25,1.9,28.2
DEPOK,2025-07-26,0.0,28.3
DEPOK,2025-07-27,5.3,27.3
DEPOK,2025-07-28,8.0,26.7
DEPOK,2025-07-29,1.0,26.9
DEPOK,2025-07-30,2.4,27.1
DEPOK,2025-07-31,0.4,27.6
DEPOK,2025-08-01,0.6,27.7
DEPOK,2025-08-02,0.0,27.8
DEPOK,2025-08-03,3.2,26.8
DEPOK,2025-08-04,11.4,25.7
DEPOK,2025-08-05,1.3,26.1
DEPOK,2025-08-06,3.2,26.8
DEPOK,2025-08-07,2.3,26.7
DEPOK,2025-08-08,3.2,26.0
DEPOK,2025-08-09,1.5,26.2
DEPOK,2025-08-10,1.0,26.7
DEPOK,2025-08-11,3.7,25.6
DEPOK,2025-08-12,16.7,24.8
DEPOK,2025-08-13,29.7,24.9
DEPOK,2025-08-14,5.1,24.7
DEPOK,2025-08-15,0.5,26.0
DEPOK,2025-08-16,0.5,26.1
DEPOK,2025-08-17,0.1,26.2
DEPOK,2025-08-18,24.7,25.7
DEPOK,2025-08-19,6.5,24.5
DEPOK,2025-08-20,2.8,25.7
DEPOK,2025-08-21,1.9,25.6
DEPOK,2025-08-22,2.2,25.8
DEPOK,2025-08-23,4.0,25.8
DEPOK,2025-08-24,0.5,26.3
DEPOK,2025-08-25,10.0,25.5
DEPOK,2025-08-26,0.0,26.5
DEPOK,2025-08-27,0.1,26.7
DEPOK,2025-08-28,3.1,26.5
DEPOK,2025-08-29,0.3,26.4
DEPOK,2025-08-30,27.7,26.2
DEPOK,2025-08-31,9.6,25.8
DEPOK,2025-09-01,0.4,26.8
DEPOK,2025-09-02,0.0,26.9
DEPOK,2025-09-03,0.0,27.1
DEPOK,2025-09-04,0.7,27.2
DEPOK,2025-09-05,17.6,26.5
DEPOK,2025-09-06,6.2,26.7
DEPOK,2025-09-07,1.0,26.9
DEPOK,2025-09-08,2.4,27.3
DEPOK,2025-09-09,10.7,26.2
DEPOK,2025-09-10,30.4,25.5
DEPOK,2025-09-11,5.9,25.2
DEPOK,2025-09-12,4.7,25.8
DEPOK,2025-09-13,0.7,26.7
DEPOK,2025-09-14,18.8,26.7
DEPOK,2025-09-15,0.0,27.3
DEPOK,2025-09-16,3.8,26.5
DEPOK,2025-09-17,23.2,25.3
DEPOK,2025-09-18,2.1,25.4
DEPOK,2025-09-19,2.5,25.9
DEPOK,2025-09-20,12.0,25.8
DEPOK,2025-09-21,1.0,26.7
DEPOK,2025-09-22,2.4,26.9
DEPOK,2025-09-23,0.3,26.5
DEPOK,2025-09-24,0.3,26.9
DEPOK,2025-09-25,5.3,26.2
DEPOK,2025-09-26,11.7,27.3
DEPOK,2025-09-27,4.0,27.0
DEPOK,2025-09-28,6.0,26.5
DEPOK,2025-09-29,13.0,25.8
DEPOK,2025-09-30,14.6,26.2
DEPOK,2025-10-01,9.2,25.9
DEPOK,2025-10-02,13.9,24.9
DEPOK,2025-10-03,5.4,27.1
DEPOK,2025-10-04,1.6,27.4
DEPOK,2025-10-05,7.3,26.7
DEPOK,2025-10-06,0.4,27.4
DEPOK,2025-10-07,22.1,24.8
DEPOK,2025-10-08,1.0,26.8
DEPOK,2025-10-09,3.9,27.0
DEPOK,2025-10-10,2.2,27.3
DEPOK,2025-10-11,1.5,28.3
DEPOK,2025-10-12,0.9,28.9
DEPOK,2025-10-13,8.5,27.7
DEPOK,2025-10-14,2.2,28.5
DEPOK,2025-10-15,2.2,28.4
DEPOK,2025-10-16,0.3,29.3
DEPOK,2025-10-17,23.7,27.5
DEPOK,2025-10-18,2.8,27.5
DEPOK,2025-10-19,1.3,28.1
DEPOK,2025-10-20,4.3,27.8
DEPOK,2025-10-21,3.9,28.0
DEPOK,2025-10-22,15.6,27.1
DEPOK,2025-10-23,34.2,26.3
DEPOK,2025-10-24,23.3,25.5
DEPOK,2025-10-25,0.2,26.8
DEPOK,2025-10-26,28.6,25.8
DEPOK,2025-10-27,11.6,25.9
DEPOK,2025-10-28,13.6,25.6
DEPOK,2025-10-29,0.3,26.0
DEPOK,2025-10-30,3.6,26.2
DEPOK,2025-10-31,7.0,26.9
DEPOK,2025-11-01,5.1,26.6
DEPOK,2025-11-02,7.1,26.3
DEPOK,2025-11-03,14.4,26.3
DEPOK,2025-11-04,0.5,27.2
DEPOK,2025-11-05,4.2,26.2
DEPOK,2025-11-06,4.1,26.7
DEPOK,2025-11-07,3.5,27.1
DEPOK,2025-11-08,7.2,25.8
DEPOK,2025-11-09,0.2,26.8
DEPOK,2025-11-10,8.5,26.3
DEPOK,2025-11-11,14.2,25.4
DEPOK,2025-11-12,8.0,25.4
DEPOK,2025-11-13,8.5,25.3
DEPOK,2025-11-14,12.9,25.1
DEPOK,2025-11-15,11.8,26.3
DEPOK,2025-11-16,19.0,26.7
DEPOK,2025-11-17,3.1,26.9
DEPOK,2025-11-18,15.1,25.3
DEPOK,2025-11-19,7.6,25.7
DEPOK,2025-11-20,35.3,25.1
DEPOK,2025-11-21,1.9,26.5
DEPOK,2025-11-22,3.2,26.0
DEPOK,2025-11-23,2.5,26.2
DEPOK,2025-11-24,0.0,27.1
DEPOK,2025-11-25,0.0,27.0
DEPOK,2025-11-26,0.8,26.9
DEPOK,2025-11-27,0.1,27.5
DEPOK,2025-11-28,0.4,27.8
DEPOK,2025-11-29,3.0,27.6
DEPOK,2025-11-30,3.2,27.0
DEPOK,2025-12-01,4.1,26.5
DEPOK,2025-12-02,12.5,26.5
DEPOK,2025-12-03,21.0,25.9
DEPOK,2025-12-04,17.8,25.1
DEPOK,2025-12-05,2.1,25.8
DEPOK,2025-12-06,4.9,25.6
DEPOK,2025-12-07,3.3,26.4
DEPOK,2025-12-08,3.7,26.1
DEPOK,2025-12-09,0.1,26.5
DEPOK,2025-12-10,9.5,26.0
DEPOK,2025-12-11,3.3,26.0
DEPOK,2025-12-12,1.1,27.4
DEPOK,2025-12-13,0.9,27.0
DEPOK,2025-12-14,5.8,26.2
DEPOK,2025-12-15,1.3,26.5
DEPOK,2025-12-16,11.1,26.1
DEPOK,2025-12-17,1.6,26.2
DEPOK,2025-12-18,13.8,25.6
DEPOK,2025-12-19,12.5,25.5
DEPOK,2025-12-20,11.7,25.8
DEPOK,2025-12-21,11.7,25.9
DEPOK,2025-12-22,7.3,26.2
DEPOK,2025-12-23,3.9,27.1
DEPOK,2025-12-24,15.7,26.4
DEPOK,2025-12-25,8.7,27.3
DEPOK,2025-12-26,9.6,26.4
DEPOK,2025-12-27,3.4,26.8
DEPOK,2025-12-28,18.8,26.2
DEPOK,2025-12-29,8.0,26.2
DEPOK,2025-12-30,21.2,25.6
DEPOK,2025-12-31,30.9,24.3
DEPOK,2026-01-01,12.1,25.5
DEPOK,2026-01-02,26.5,25.2
DEPOK,2026-01-03,25.3,24.2
DEPOK,2026-01-04,14.1,25.2
DEPOK,2026-01-05,2.3,26.6
DEPOK,2026-01-06,6.3,27.0
DEPOK,2026-01-07,2.4,26.5
DEPOK,2026-01-08,1.5,25.8
DEPOK,2026-01-09,1.0,26.2
DEPOK,2026-01-10,5.7,24.7
DEPOK,2026-01-11,5.5,24.6
DEPOK,2026-01-12,36.7,23.9
DEPOK,2026-01-13,9.0,24.7
DEPOK,2026-01-14,7.5,24.6
DEPOK,2026-01-15,1.4,25.0
DEPOK,2026-01-16,9.8,25.4
DEPOK,2026-01-17,24.5,24.5
DEPOK,2026-01-18,16.7,24.5
DEPOK,2026-01-19,2.7,25.3
DEPOK,2026-01-20,12.5,24.8
DEPOK,2026-01-21,11.2,24.5
DEPOK,2026-01-22,39.4,23.7
DEPOK,2026-01-23,36.5,24.0
DEPOK,2026-01-24,4.4,25.0
DEPOK,2026-01-25,5.8,25.7
DEPOK,2026-01-26,5.6,25.7
DEPOK,2026-01-27,16.3,25.5
DEPOK,2026-01-28,56.9,24.5
DEPOK,2026-01-29,31.6,24.2
DEPOK,2026-01-30,6.9,24.9
DEPOK,2026-01-31,10.8,25.1
DEPOK,2026-02-01,23.6,24.5
DEPOK,2026-02-02,20.3,24.4
DEPOK,2026-02-03,9.2,25.2
DEPOK,2026-02-04,8.0,25.2
DEPOK,2026-02-05,8.7,25.7
DEPOK,2026-02-06,3.1,25.7
DEPOK,2026-02-07,8.2,25.3
DEPOK,2026-02-08,11.0,25.3
DEPOK,2026-02-09,17.7,25.0
DEPOK,2026-02-10,12.9,25.1
DEPOK,2026-02-11,16.3,25.6
DEPOK,2026-02-12,19.6,25.1
DEPOK,2026-02-13,5.5,25.1
DEPOK,2026-02-14,14.3,25.6
DEPOK,2026-02-15,15.1,25.4
DEPOK,2026-02-16,10.1,25.3
DEPOK,2026-02-17,4.4,26.0
DEPOK,2026-02-18,3.3,25.4
DEPOK,2026-02-19,31.3,24.2
DEPOK,2026-02-20,22.5,25.1
DEPOK,2026-02-21,15.6,25.4
DEPOK,2026-02-22,48.5,24.7
DEPOK,2026-02-23,28.3,24.9
DEPOK,2026-02-24,0.0,26.2
DEPOK,2026-02-25,0.0,27.0
DEPOK,2026-02-26,0.0,26.6
DEPOK,2026-02-27,9.0,25.3
DEPOK,2026-02-28,4.1,26.1
DEPOK,2026-03-01,6.2,26.3
DEPOK,2026-03-02,16.8,25.8
DEPOK,2026-03-03,15.4,25.7
DEPOK,2026-03-04,10.0,25.9
DEPOK,2026-03-05,1.1,25.9
DEPOK,2026-03-06,6.6,24.9
DEPOK,2026-03-07,22.5,24.8
DEPOK,2026-03-08,23.6,23.8
DEPOK,2026-03-09,15.8,25.7
DEPOK,2026-03-10,0.8,26.9
DEPOK,2026-03-11,0.8,26.7
DEPOK,2026-03-12,0.2,26.8
DEPOK,2026-03-13,0.0,27.0
DEPOK,2026-03-14,0.1,26.9
DEPOK,2026-03-15,0.0,26.7
DEPOK,2026-03-16,1.0,27.2
DEPOK,2026-03-17,0.7,28.5
DEPOK,2026-03-18,0.0,29.3
DEPOK,2026-03-19,2.1,29.4
DEPOK,2026-03-20,1.8,29.1
DEPOK,2026-03-21,1.6,27.9
DEPOK,2026-03-22,0.2,27.9
DEPOK,2026-03-23,1.8,28.2
DEPOK,2026-03-24,7.1,27.2
DEPOK,2026-03-25,3.2,27.3
DEPOK,2026-03-26,5.9,26.1
DEPOK,2026-03-27,11.7,25.9
DEPOK,2026-03-28,6.1,25.6
DEPOK,2026-03-29,3.6,26.8
DEPOK,2026-03-30,5.6,26.0
DEPOK,2026-03-31,7.0,26.4
CIKARANG,2025-03-15,19.4,26.2
CIKARANG,2025-03-16,15.5,26.2
CIKARANG,2025-03-17,28.1,25.7
CIKARANG,2025-03-18,20.8,25.9
CIKARANG,2025-03-19,4.7,26.5
CIKARANG,2025-03-20,6.4,27.1
CIKARANG,2025-03-21,2.4,27.3
CIKARANG,2025-03-22,4.7,26.6
CIKARANG,2025-03-23,9.5,27.3
CIKARANG,2025-03-24,1.3,27.4
CIKARANG,2025-03-25,1.1,27.4
CIKARANG,2025-03-26,11.1,26.9
CIKARANG,2025-03-27,5.0,27.2
CIKARANG,2025-03-28,15.1,26.8
CIKARANG,2025-03-29,0.2,27.9
CIKARANG,2025-03-30,0.2,27.9
CIKARANG,2025-03-31,1.3,27.6
CIKARANG,2025-04-01,8.0,26.1
CIKARANG,2025-04-02,13.9,26.0
CIKARANG,2025-04-03,12.9,26.3
CIKARANG,2025-04-04,11.1,26.0
CIKARANG,2025-04-05,16.7,26.4
CIKARANG,2025-04-06,12.0,26.2
CIKARANG,2025-04-07,18.4,27.4
CIKARANG,2025-04-08,2.9,27.1
CIKARANG,2025-04-09,13.4,27.3
CIKARANG,2025-04-10,16.1,26.8
CIKARANG,2025-04-11,24.8,26.7
CIKARANG,2025-04-12,14.4,26.0
CIKARANG,2025-04-13,21.1,26.1
CIKARANG,2025-04-14,22.2,26.5
CIKARANG,2025-04-15,30.6,26.0
CIKARANG,2025-04-16,4.5,26.7
CIKARANG,2025-04-17,10.3,26.2
CIKARANG,2025-04-18,9.0,26.7
CIKARANG,2025-04-19,2.8,26.9
CIKARANG,2025-04-20,5.1,27.0
CIKARANG,2025-04-21,9.0,26.5
CIKARANG,2025-04-22,0.4,27.2
CIKARANG,2025-04-23,16.7,27.0
CIKARANG,2025-04-24,9.2,26.6
CIKARANG,2025-04-25,2.3,27.0
CIKARANG,2025-04-26,8.9,26.6
CIKARANG,2025-04-27,3.3,27.1
CIKARANG,2025-04-28,2.3,27.5
CIKARANG,2025-04-29,0.5,27.7
CIKARANG,2025-04-30,0.5,27.6
CIKARANG,2025-05-01,0.9,28.1
CIKARANG,2025-05-02,3.0,27.7
CIKARANG,2025-05-03,7.7,27.3
CIKARANG,2025-05-04,29.0,26.0
CIKARANG,2025-05-05,3.0,27.4
CIKARANG,2025-05-06,0.9,28.0
CIKARANG,2025-05-07,2.7,27.3
CIKARANG,2025-05-08,8.0,27.5
CIKARANG,2025-05-09,1.7,28.0
CIKARANG,2025-05-10,7.1,27.7
CIKARANG,2025-05-11,7.3,27.2
CIKARANG,2025-05-12,3.4,27.6
CIKARANG,2025-05-13,24.3,27.2
CIKARANG,2025-05-14,24.7,26.7
CIKARANG,2025-05-15,3.8,27.2
CIKARANG,2025-05-16,28.5,26.5
CIKARANG,2025-05-17,2.4,26.8
CIKARANG,2025-05-18,0.3,27.7
CIKARANG,2025-05-19,0.1,27.1
CIKARANG,2025-05-20,0.4,27.7
CIKARANG,2025-05-21,14.7,26.8
CIKARANG,2025-05-22,27.5,26.0
CIKARANG,2025-05-23,9.5,25.6
CIKARANG,2025-05-24,19.5,26.6
CIKARANG,2025-05-25,28.5,26.4
CIKARANG,2025-05-26,27.6,26.0
CIKARANG,2025-05-27,0.0,28.2
CIKARANG,2025-05-28,1.0,27.9
CIKARANG,2025-05-29,8.4,27.2
CIKARANG,2025-05-30,0.2,27.9
CIKARANG,2025-05-31,1.0,28.0
CIKARANG,2025-06-01,0.1,26.8
CIKARANG,2025-06-02,0.7,27.8
CIKARANG,2025-06-03,6.3,27.1
CIKARANG,2025-06-04,0.6,28.2
CIKARANG,2025-06-05,0.4,29.2
CIKARANG,2025-06-06,18.0,27.1
CIKARANG,2025-06-07,1.1,27.2
CIKARANG,2025-06-08,0.0,27.7
CIKARANG,2025-06-09,1.3,27.4
CIKARANG,2025-06-10,2.4,26.4
CIKARANG,2025-06-11,3.0,26.8
CIKARANG,2025-06-12,1.2,27.6
CIKARANG,2025-06-13,0.0,27.8
CIKARANG,2025-06-14,0.3,27.3
CIKARANG,2025-06-15,1.9,27.3
CIKARANG,2025-06-16,1.0,28.0
CIKARANG,2025-06-17,52.0,26.7
CIKARANG,2025-06-18,32.2,25.0
CIKARANG,2025-06-19,0.0,25.4
CIKARANG,2025-06-20,26.5,26.0
CIKARANG,2025-06-21,6.4,25.5
CIKARANG,2025-06-22,6.7,26.7
CIKARANG,2025-06-23,6.1,26.3
CIKARANG,2025-06-24,1.8,26.6
CIKARANG,2025-06-25,1.5,26.7
CIKARANG,2025-06-26,0.5,27.5
CIKARANG,2025-06-27,0.5,27.6
CIKARANG,2025-06-28,7.2,26.1
CIKARANG,2025-06-29,3.3,25.2
CIKARANG,2025-06-30,10.9,26.3
CIKARANG,2025-07-01,17.6,25.9
CIKARANG,2025-07-02,10.8,26.5
CIKARANG,2025-07-03,15.0,25.5
CIKARANG,2025-07-04,0.0,26.8
CIKARANG,2025-07-05,34.7,25.8
CIKARANG,2025-07-06,8.2,25.6
CIKARANG,2025-07-07,24.3,25.4
CIKARANG,2025-07-08,4.2,26.5
CIKARANG,2025-07-09,2.1,26.3
CIKARANG,2025-07-10,0.8,26.7
CIKARANG,2025-07-11,0.0,26.6
CIKARANG,2025-07-12,0.0,26.5
CIKARANG,2025-07-13,9.8,26.7
CIKARANG,2025-07-14,2.9,25.9
CIKARANG,2025-07-15,0.0,27.5
CIKARANG,2025-07-16,4.5,27.3
CIKARANG,2025-07-17,1.4,26.9
CIKARANG,2025-07-18,0.4,27.5
CIKARANG,2025-07-19,0.0,28.2
CIKARANG,2025-07-20,0.5,28.5
CIKARANG,2025-07-21,0.6,28.4
CIKARANG,2025-07-22,0.0,27.8
CIKARANG,2025-07-23,0.0,28.1
CIKARANG,2025-07-24,0.0,28.3
CIKARANG,2025-07-25,0.1,28.5
CIKARANG,2025-07-26,0.0,28.9
CIKARANG,2025-07-27,7.5,28.2
CIKARANG,2025-07-28,0.8,27.5
CIKARANG,2025-07-29,0.6,28.1
CIKARANG,2025-07-30,3.6,28.0
CIKARANG,2025-07-31,0.0,28.4
CIKARANG,2025-08-01,0.0,28.4
CIKARANG,2025-08-02,0.0,28.3
CIKARANG,2025-08-03,7.3,27.6
CIKARANG,2025-08-04,8.2,26.7
CIKARANG,2025-08-05,6.5,26.3
CIKARANG,2025-08-06,0.5,27.4
CIKARANG,2025-08-07,1.0,27.7
CIKARANG,2025-08-08,3.6,26.9
CIKARANG,2025-08-09,5.1,26.9
CIKARANG,2025-08-10,4.7,27.4
CIKARANG,2025-08-11,15.6,26.4
CIKARANG,2025-08-12,13.0,25.5
CIKARANG,2025-08-13,11.4,26.0
CIKARANG,2025-08-14,17.0,25.1
CIKARANG,2025-08-15,0.0,26.6
CIKARANG,2025-08-16,0.0,26.5
CIKARANG,2025-08-17,0.0,27.0
CIKARANG,2025-08-18,1.4,27.0
CIKARANG,2025-08-19,5.5,25.2
CIKARANG,2025-08-20,1.2,26.5
CIKARANG,2025-08-21,4.9,26.2
CIKARANG,2025-08-22,3.5,26.5
CIKARANG,2025-08-23,1.0,27.2
CIKARANG,2025-08-24,0.1,27.9
CIKARANG,2025-08-25,7.9,26.5
CIKARANG,2025-08-26,0.0,27.7
CIKARANG,2025-08-27,0.4,28.7
CIKARANG,2025-08-28,1.8,28.7
CIKARANG,2025-08-29,2.9,28.0
CIKARANG,2025-08-30,6.5,27.7
CIKARANG,2025-08-31,23.0,27.0
CIKARANG,2025-09-01,0.1,28.5
CIKARANG,2025-09-02,0.4,29.3
CIKARANG,2025-09-03,0.0,29.7
CIKARANG,2025-09-04,0.2,29.6
CIKARANG,2025-09-05,0.7,29.4
CIKARANG,2025-09-06,1.2,28.6
CIKARANG,2025-09-07,0.0,29.6
CIKARANG,2025-09-08,0.7,29.0
CIKARANG,2025-09-09,11.0,28.0
CIKARANG,2025-09-10,8.9,28.1
CIKARANG,2025-09-11,9.4,25.9
CIKARANG,2025-09-12,2.5,26.7
CIKARANG,2025-09-13,0.1,27.8
CIKARANG,2025-09-14,0.6,28.4
CIKARANG,2025-09-15,0.2,29.4
CIKARANG,2025-09-16,2.4,28.4
CIKARANG,2025-09-17,24.3,26.8
CIKARANG,2025-09-18,4.6,26.2
CIKARANG,2025-09-19,7.9,26.3
CIKARANG,2025-09-20,8.3,26.9
CIKARANG,2025-09-21,0.4,28.0
CIKARANG,2025-09-22,5.5,27.7
CIKARANG,2025-09-23,8.4,27.4
CIKARANG,2025-09-24,1.8,27.9
CIKARANG,2025-09-25,8.9,27.4
CIKARANG,2025-09-26,0.7,28.5
CIKARANG,2025-09-27,0.5,29.0
CIKARANG,2025-09-28,4.6,29.5
CIKARANG,2025-09-29,24.0,26.9
CIKARANG,2025-09-30,7.4,27.2
CIKARANG,2025-10-01,8.7,26.6
CIKARANG,2025-10-02,18.0,25.9
CIKARANG,2025-10-03,0.0,27.7
CIKARANG,2025-10-04,0.8,28.4
CIKARANG,2025-10-05,0.9,27.8
CIKARANG,2025-10-06,0.2,28.2
CIKARANG,2025-10-07,3.3,27.3
CIKARANG,2025-10-08,0.2,27.9
CIKARANG,2025-10-09,6.4,27.9
CIKARANG,2025-10-10,1.1,28.2
CIKARANG,2025-10-11,0.1,29.0
CIKARANG,2025-10-12,0.0,29.9
CIKARANG,2025-10-13,1.2,29.8
CIKARANG,2025-10-14,0.1,29.8
CIKARANG,2025-10-15,4.1,29.6
CIKARANG,2025-10-16,0.2,29.8
CIKARANG,2025-10-17,19.3,28.6
CIKARANG,2025-10-18,0.8,28.1
CIKARANG,2025-10-19,0.7,28.8
CIKARANG,2025-10-20,0.7,29.8
CIKARANG,2025-10-21,9.7,29.2
CIKARANG,2025-10-22,10.5,28.1
CIKARANG,2025-10-23,40.6,26.5
CIKARANG,2025-10-24,29.0,26.1
CIKARANG,2025-10-25,0.1,27.2
CIKARANG,2025-10-26,9.4,26.4
CIKARANG,2025-10-27,12.7,26.6
CIKARANG,2025-10-28,10.6,26.1
CIKARANG,2025-10-29,1.8,26.9
CIKARANG,2025-10-30,12.1,27.0
CIKARANG,2025-10-31,4.8,27.2
CIKARANG,2025-11-01,8.2,27.2
CIKARANG,2025-11-02,8.2,27.3
CIKARANG,2025-11-03,14.2,27.0
CIKARANG,2025-11-04,4.2,27.6
CIKARANG,2025-11-05,1.0,27.2
CIKARANG,2025-11-06,4.1,27.8
CIKARANG,2025-11-07,4.7,28.0
CIKARANG,2025-11-08,2.3,26.6
CIKARANG,2025-11-09,0.3,28.2
CIKARANG,2025-11-10,15.8,27.2
CIKARANG,2025-11-11,14.4,26.7
CIKARANG,2025-11-12,4.2,26.4
CIKARANG,2025-11-13,6.4,26.2
CIKARANG,2025-11-14,14.7,26.2
CIKARANG,2025-11-15,10.0,27.3
CIKARANG,2025-11-16,5.1,27.2
CIKARANG,2025-11-17,0.8,27.7
CIKARANG,2025-11-18,21.9,25.9
CIKARANG,2025-11-19,11.1,26.5
CIKARANG,2025-11-20,17.5,26.0
CIKARANG,2025-11-21,2.5,27.2
CIKARANG,2025-11-22,4.3,27.3
CIKARANG,2025-11-23,6.0,26.7
CIKARANG,2025-11-24,0.4,28.1
CIKARANG,2025-11-25,0.0,28.0
CIKARANG,2025-11-26,2.7,28.3
CIKARANG,2025-11-27,1.7,28.1
CIKARANG,2025-11-28,0.8,28.8
CIKARANG,2025-11-29,5.8,28.5
CIKARANG,2025-11-30,1.6,27.8
CIKARANG,2025-12-01,1.3,27.1
CIKARANG,2025-12-02,15.1,26.9
CIKARANG,2025-12-03,22.9,26.9
CIKARANG,2025-12-04,22.4,25.1
CIKARANG,2025-12-05,4.2,26.2
CIKARANG,2025-12-06,1.4,26.2
CIKARANG,2025-12-07,3.5,27.2
CIKARANG,2025-12-08,1.2,27.0
CIKARANG,2025-12-09,0.6,26.9
CIKARANG,2025-12-10,3.4,27.0
CIKARANG,2025-12-11,5.9,26.8
CIKARANG,2025-12-12,14.3,27.8
CIKARANG,2025-12-13,0.0,28.3
CIKARANG,2025-12-14,0.9,27.9
CIKARANG,2025-12-15,0.4,28.5
CIKARANG,2025-12-16,3.5,28.3
CIKARANG,2025-12-17,2.9,28.1
CIKARANG,2025-12-18,8.4,27.0
CIKARANG,2025-12-19,11.6,27.0
CIKARANG,2025-12-20,2.2,27.5
CIKARANG,2025-12-21,13.3,27.1
CIKARANG,2025-12-22,8.0,27.5
CIKARANG,2025-12-23,8.0,27.9
CIKARANG,2025-12-24,14.2,26.8
CIKARANG,2025-12-25,19.2,27.9
CIKARANG,2025-12-26,9.7,27.2
CIKARANG,2025-12-27,7.4,28.0
CIKARANG,2025-12-28,16.4,26.9
CIKARANG,2025-12-29,5.1,26.9
CIKARANG,2025-12-30,7.6,26.5
CIKARANG,2025-12-31,26.2,25.0
CIKARANG,2026-01-01,3.9,26.5
CIKARANG,2026-01-02,26.5,26.0
CIKARANG,2026-01-03,15.7,24.9
CIKARANG,2026-01-04,4.1,25.9
CIKARANG,2026-01-05,3.8,26.9
CIKARANG,2026-01-06,16.1,27.5
CIKARANG,2026-01-07,2.7,26.9
CIKARANG,2026-01-08,0.7,26.6
CIKARANG,2026-01-09,8.9,26.8
CIKARANG,2026-01-10,2.4,25.8
CIKARANG,2026-01-11,8.9,25.6
CIKARANG,2026-01-12,53.2,24.5
CIKARANG,2026-01-13,3.3,25.9
CIKARANG,2026-01-14,5.9,25.8
CIKARANG,2026-01-15,6.9,26.0
CIKARANG,2026-01-16,5.9,26.2
CIKARANG,2026-01-17,41.9,25.3
CIKARANG,2026-01-18,38.8,25.1
CIKARANG,2026-01-19,2.2,26.1
CIKARANG,2026-01-20,7.8,25.8
CIKARANG,2026-01-21,4.1,25.4
CIKARANG,2026-01-22,28.3,24.2
CIKARANG,2026-01-23,42.8,24.7
CIKARANG,2026-01-24,4.9,25.8
CIKARANG,2026-01-25,1.8,26.1
CIKARANG,2026-01-26,5.9,26.2
CIKARANG,2026-01-27,21.4,25.7
CIKARANG,2026-01-28,18.1,25.3
CIKARANG,2026-01-29,28.4,24.4
CIKARANG,2026-01-30,3.8,25.3
CIKARANG,2026-01-31,20.9,25.8
CIKARANG,2026-02-01,6.4,25.6
CIKARANG,2026-02-02,34.7,25.3
CIKARANG,2026-02-03,7.4,25.8
CIKARANG,2026-02-04,9.3,26.2
CIKARANG,2026-02-05,9.5,26.3
CIKARANG,2026-02-06,10.0,26.4
CIKARANG,2026-02-07,8.9,26.1
CIKARANG,2026-02-08,26.4,25.7
CIKARANG,2026-02-09,17.0,25.7
CIKARANG,2026-02-10,4.9,25.9
CIKARANG,2026-02-11,4.3,26.4
CIKARANG,2026-02-12,11.3,26.0
CIKARANG,2026-02-13,5.0,25.9
CIKARANG,2026-02-14,5.6,26.4
CIKARANG,2026-02-15,6.2,26.3
CIKARANG,2026-02-16,13.8,26.0
CIKARANG,2026-02-17,7.6,26.5
CIKARANG,2026-02-18,6.7,26.2
CIKARANG,2026-02-19,35.3,25.1
CIKARANG,2026-02-20,22.0,25.2
CIKARANG,2026-02-21,6.3,26.4
CIKARANG,2026-02-22,15.0,25.5
CIKARANG,2026-02-23,37.4,25.3
CIKARANG,2026-02-24,0.0,26.8
CIKARANG,2026-02-25,0.0,27.8
CIKARANG,2026-02-26,0.0,27.4
CIKARANG,2026-02-27,2.4,26.5
CIKARANG,2026-02-28,1.0,27.2
CIKARANG,2026-03-01,3.3,27.5
CIKARANG,2026-03-02,18.0,26.8
CIKARANG,2026-03-03,8.8,26.6
CIKARANG,2026-03-04,2.7,27.1
CIKARANG,2026-03-05,1.3,27.1
CIKARANG,2026-03-06,1.4,25.9
CIKARANG,2026-03-07,22.2,25.7
CIKARANG,2026-03-08,29.6,24.7
CIKARANG,2026-03-09,1.7,26.7
CIKARANG,2026-03-10,2.0,27.3
CIKARANG,2026-03-11,0.9,27.2
CIKARANG,2026-03-12,4.4,27.1
CIKARANG,2026-03-13,0.5,27.2
CIKARANG,2026-03-14,1.1,27.4
CIKARANG,2026-03-15,2.1,27.6
CIKARANG,2026-03-16,4.0,27.9
CIKARANG,2026-03-17,9.2,27.9
CIKARANG,2026-03-18,0.0,28.0
CIKARANG,2026-03-19,1.4,28.3
CIKARANG,2026-03-20,5.4,27.6
CIKARANG,2026-03-21,1.9,27.2
CIKARANG,2026-03-22,0.5,28.1
CIKARANG,2026-03-23,1.1,28.3
CIKARANG,2026-03-24,7.2,27.4
CIKARANG,2026-03-25,6.3,28.2
CIKARANG,2026-03-26,4.5,26.8
CIKARANG,2026-03-27,16.1,26.1
CIKARANG,2026-03-28,12.2,26.0
CIKARANG,2026-03-29,13.7,27.3
CIKARANG,2026-03-30,3.7,26.9
CIKARANG,2026-03-31,4.7,27.2
KARAWANG,2025-03-15,19.5,26.2
KARAWANG,2025-03-16,16.9,26.0
KARAWANG,2025-03-17,23.3,25.8
KARAWANG,2025-03-18,17.0,26.0
KARAWANG,2025-03-19,2.1,26.8
KARAWANG,2025-03-20,2.1,27.2
KARAWANG,2025-03-21,1.3,27.4
KARAWANG,2025-03-22,6.9,26.7
KARAWANG,2025-03-23,3.9,27.3
KARAWANG,2025-03-24,2.7,27.3
KARAWANG,2025-03-25,2.2,27.5
KARAWANG,2025-03-26,9.3,27.1
KARAWANG,2025-03-27,7.3,27.2
KARAWANG,2025-03-28,9.9,26.9
KARAWANG,2025-03-29,0.6,27.9
KARAWANG,2025-03-30,0.8,28.1
KARAWANG,2025-03-31,5.7,27.5
KARAWANG,2025-04-01,8.4,26.2
KARAWANG,2025-04-02,8.6,26.3
KARAWANG,2025-04-03,18.4,26.2
KARAWANG,2025-04-04,15.6,25.9
KARAWANG,2025-04-05,16.5,26.3
KARAWANG,2025-04-06,4.7,26.3
KARAWANG,2025-04-07,9.3,27.7
KARAWANG,2025-04-08,1.9,27.4
KARAWANG,2025-04-09,6.2,27.6
KARAWANG,2025-04-10,6.4,27.1
KARAWANG,2025-04-11,16.6,27.3
KARAWANG,2025-04-12,15.9,26.1
KARAWANG,2025-04-13,24.0,26.2
KARAWANG,2025-04-14,10.9,26.7
KARAWANG,2025-04-15,37.5,26.2
KARAWANG,2025-04-16,11.3,26.7
KARAWANG,2025-04-17,5.1,26.4
KARAWANG,2025-04-18,11.8,26.7
KARAWANG,2025-04-19,3.1,27.1
KARAWANG,2025-04-20,2.5,27.0
KARAWANG,2025-04-21,2.0,26.6
KARAWANG,2025-04-22,0.1,27.6
KARAWANG,2025-04-23,8.9,27.4
KARAWANG,2025-04-24,12.6,27.0
KARAWANG,2025-04-25,10.6,27.0
KARAWANG,2025-04-26,12.9,26.6
KARAWANG,2025-04-27,4.6,27.3
KARAWANG,2025-04-28,1.9,27.6
KARAWANG,2025-04-29,0.8,27.9
KARAWANG,2025-04-30,0.2,27.8
KARAWANG,2025-05-01,0.7,28.4
KARAWANG,2025-05-02,8.1,27.7
KARAWANG,2025-05-03,4.9,27.0
KARAWANG,2025-05-04,20.1,26.3
KARAWANG,2025-05-05,1.9,27.7
KARAWANG,2025-05-06,0.1,28.1
KARAWANG,2025-05-07,3.1,27.8
KARAWANG,2025-05-08,4.9,28.0
KARAWANG,2025-05-09,8.1,27.9
KARAWANG,2025-05-10,23.6,27.3
KARAWANG,2025-05-11,7.3,27.0
KARAWANG,2025-05-12,1.9,27.5
KARAWANG,2025-05-13,18.8,27.2
KARAWANG,2025-05-14,16.2,27.1
KARAWANG,2025-05-15,16.0,27.4
KARAWANG,2025-05-16,32.8,26.5
KARAWANG,2025-05-17,12.1,26.9
KARAWANG,2025-05-18,0.2,27.9
KARAWANG,2025-05-19,0.0,26.9
KARAWANG,2025-05-20,0.8,27.7
KARAWANG,2025-05-21,10.1,26.8
KARAWANG,2025-05-22,37.0,26.0
KARAWANG,2025-05-23,17.0,25.3
KARAWANG,2025-05-24,1.9,26.8
KARAWANG,2025-05-25,30.9,26.6
KARAWANG,2025-05-26,26.4,26.1
KARAWANG,2025-05-27,0.0,28.2
KARAWANG,2025-05-28,1.4,28.0
KARAWANG,2025-05-29,5.4,27.5
KARAWANG,2025-05-30,0.2,27.8
KARAWANG,2025-05-31,5.3,28.1
KARAWANG,2025-06-01,0.2,26.9
KARAWANG,2025-06-02,1.8,27.7
KARAWANG,2025-06-03,12.8,26.6
KARAWANG,2025-06-04,0.7,27.9
KARAWANG,2025-06-05,0.3,28.3
KARAWANG,2025-06-06,8.7,26.9
KARAWANG,2025-06-07,1.0,27.4
KARAWANG,2025-06-08,0.0,27.6
KARAWANG,2025-06-09,1.6,27.5
KARAWANG,2025-06-10,9.9,26.1
KARAWANG,2025-06-11,3.7,26.7
KARAWANG,2025-06-12,0.6,27.6
KARAWANG,2025-06-13,0.0,28.0
KARAWANG,2025-06-14,0.1,27.5
KARAWANG,2025-06-15,4.2,27.3
KARAWANG,2025-06-16,0.4,27.9
KARAWANG,2025-06-17,28.9,26.6
KARAWANG,2025-06-18,18.6,25.2
KARAWANG,2025-06-19,1.2,25.4
KARAWANG,2025-06-20,10.5,26.2
KARAWANG,2025-06-21,13.6,25.6
KARAWANG,2025-06-22,6.8,26.9
KARAWANG,2025-06-23,8.9,26.2
KARAWANG,2025-06-24,0.7,26.6
KARAWANG,2025-06-25,0.3,27.1
KARAWANG,2025-06-26,0.5,27.6
KARAWANG,2025-06-27,0.7,27.5
KARAWANG,2025-06-28,2.3,26.2
KARAWANG,2025-06-29,3.2,25.0
KARAWANG,2025-06-30,6.7,26.3
KARAWANG,2025-07-01,23.2,26.0
KARAWANG,2025-07-02,13.7,26.8
KARAWANG,2025-07-03,18.9,25.5
KARAWANG,2025-07-04,0.3,27.0
KARAWANG,2025-07-05,25.1,26.1
KARAWANG,2025-07-06,10.5,25.7
KARAWANG,2025-07-07,31.4,25.2
KARAWANG,2025-07-08,4.3,26.6
KARAWANG,2025-07-09,3.3,26.2
KARAWANG,2025-07-10,0.6,26.7
KARAWANG,2025-07-11,0.0,26.5
KARAWANG,2025-07-12,0.0,26.6
KARAWANG,2025-07-13,16.0,26.8
KARAWANG,2025-07-14,12.4,25.8
KARAWANG,2025-07-15,0.1,27.6
KARAWANG,2025-07-16,0.8,27.3
KARAWANG,2025-07-17,0.5,27.2
KARAWANG,2025-07-18,0.3,27.7
KARAWANG,2025-07-19,0.0,27.5
KARAWANG,2025-07-20,0.4,28.2
KARAWANG,2025-07-21,0.1,27.9
KARAWANG,2025-07-22,0.0,27.4
KARAWANG,2025-07-23,0.0,27.9
KARAWANG,2025-07-24,0.0,28.2
KARAWANG,2025-07-25,0.4,28.5
KARAWANG,2025-07-26,0.0,28.6
KARAWANG,2025-07-27,7.5,28.2
KARAWANG,2025-07-28,10.9,26.9
KARAWANG,2025-07-29,0.1,27.8
KARAWANG,2025-07-30,2.9,27.7
KARAWANG,2025-07-31,0.2,28.0
KARAWANG,2025-08-01,0.0,27.9
KARAWANG,2025-08-02,0.0,27.7
KARAWANG,2025-08-03,1.8,27.7
KARAWANG,2025-08-04,4.7,26.7
KARAWANG,2025-08-05,3.0,26.6
KARAWANG,2025-08-06,0.2,27.2
KARAWANG,2025-08-07,0.2,27.9
KARAWANG,2025-08-08,1.7,26.7
KARAWANG,2025-08-09,1.4,27.1
KARAWANG,2025-08-10,0.7,27.2
KARAWANG,2025-08-11,15.4,26.4
KARAWANG,2025-08-12,11.2,25.5
KARAWANG,2025-08-13,6.2,26.2
KARAWANG,2025-08-14,5.0,25.7
KARAWANG,2025-08-15,0.0,26.5
KARAWANG,2025-08-16,0.0,26.6
KARAWANG,2025-08-17,0.1,27.1
KARAWANG,2025-08-18,1.8,26.9
KARAWANG,2025-08-19,7.0,25.2
KARAWANG,2025-08-20,0.3,26.4
KARAWANG,2025-08-21,2.6,26.5
KARAWANG,2025-08-22,5.2,26.5
KARAWANG,2025-08-23,0.8,27.6
KARAWANG,2025-08-24,0.0,28.0
KARAWANG,2025-08-25,4.5,26.4
KARAWANG,2025-08-26,0.0,27.0
KARAWANG,2025-08-27,0.0,27.8
KARAWANG,2025-08-28,1.3,27.9
KARAWANG,2025-08-29,0.6,28.1
KARAWANG,2025-08-30,3.3,28.0
KARAWANG,2025-08-31,0.9,27.6
KARAWANG,2025-09-01,0.0,28.6
KARAWANG,2025-09-02,0.0,29.3
KARAWANG,2025-09-03,0.0,29.7
KARAWANG,2025-09-04,0.3,29.4
KARAWANG,2025-09-05,4.1,29.5
KARAWANG,2025-09-06,0.8,29.3
KARAWANG,2025-09-07,0.0,29.6
KARAWANG,2025-09-08,0.5,29.0
KARAWANG,2025-09-09,1.4,28.7
KARAWANG,2025-09-10,12.4,28.4
KARAWANG,2025-09-11,10.0,25.9
KARAWANG,2025-09-12,3.1,26.9
KARAWANG,2025-09-13,0.9,28.1
KARAWANG,2025-09-14,0.3,28.6
KARAWANG,2025-09-15,0.5,28.9
KARAWANG,2025-09-16,2.1,28.3
KARAWANG,2025-09-17,13.5,26.7
KARAWANG,2025-09-18,11.1,26.1
KARAWANG,2025-09-19,6.2,26.4
KARAWANG,2025-09-20,4.6,27.1
KARAWANG,2025-09-21,0.2,28.2
KARAWANG,2025-09-22,5.2,28.2
KARAWANG,2025-09-23,0.7,27.7
KARAWANG,2025-09-24,1.8,28.2
KARAWANG,2025-09-25,1.8,27.5
KARAWANG,2025-09-26,0.3,28.4
KARAWANG,2025-09-27,0.6,29.1
KARAWANG,2025-09-28,0.5,29.7
KARAWANG,2025-09-29,24.9,27.0
KARAWANG,2025-09-30,12.0,27.3
KARAWANG,2025-10-01,8.6,26.7
KARAWANG,2025-10-02,20.1,26.0
KARAWANG,2025-10-03,0.0,28.0
KARAWANG,2025-10-04,0.1,28.6
KARAWANG,2025-10-05,0.5,28.2
KARAWANG,2025-10-06,0.4,28.6
KARAWANG,2025-10-07,10.0,27.5
KARAWANG,2025-10-08,2.5,28.0
KARAWANG,2025-10-09,5.1,28.0
KARAWANG,2025-10-10,1.2,27.7
KARAWANG,2025-10-11,0.1,28.2
KARAWANG,2025-10-12,0.1,28.9
KARAWANG,2025-10-13,0.7,28.9
KARAWANG,2025-10-14,0.0,28.8
KARAWANG,2025-10-15,2.3,28.7
KARAWANG,2025-10-16,0.1,29.2
KARAWANG,2025-10-17,8.4,28.6
KARAWANG,2025-10-18,1.0,28.4
KARAWANG,2025-10-19,1.4,28.8
KARAWANG,2025-10-20,0.4,29.9
KARAWANG,2025-10-21,7.7,29.3
KARAWANG,2025-10-22,8.9,28.0
KARAWANG,2025-10-23,18.1,26.6
KARAWANG,2025-10-24,27.8,26.0
KARAWANG,2025-10-25,0.3,27.2
KARAWANG,2025-10-26,6.8,27.0
KARAWANG,2025-10-27,4.7,27.0
KARAWANG,2025-10-28,7.8,26.1
KARAWANG,2025-10-29,0.9,27.1
KARAWANG,2025-10-30,11.5,27.0
KARAWANG,2025-10-31,11.0,27.5
KARAWANG,2025-11-01,19.7,27.4
KARAWANG,2025-11-02,10.0,27.7
KARAWANG,2025-11-03,19.0,27.1
KARAWANG,2025-11-04,6.1,27.8
KARAWANG,2025-11-05,0.3,27.4
KARAWANG,2025-11-06,4.2,27.9
KARAWANG,2025-11-07,3.4,27.7
KARAWANG,2025-11-08,7.3,26.6
KARAWANG,2025-11-09,0.3,28.3
KARAWANG,2025-11-10,5.1,27.6
KARAWANG,2025-11-11,13.8,26.9
KARAWANG,2025-11-12,7.8,26.5
KARAWANG,2025-11-13,2.8,26.2
KARAWANG,2025-11-14,9.3,26.4
KARAWANG,2025-11-15,6.1,27.7
KARAWANG,2025-11-16,5.0,27.3
KARAWANG,2025-11-17,2.0,27.5
KARAWANG,2025-11-18,32.7,25.9
KARAWANG,2025-11-19,12.1,26.9
KARAWANG,2025-11-20,19.8,26.1
KARAWANG,2025-11-21,1.1,27.2
KARAWANG,2025-11-22,4.4,27.2
KARAWANG,2025-11-23,3.3,26.9
KARAWANG,2025-11-24,0.5,28.1
KARAWANG,2025-11-25,0.0,28.3
KARAWANG,2025-11-26,3.6,28.5
KARAWANG,2025-11-27,3.5,27.9
KARAWANG,2025-11-28,0.6,28.3
KARAWANG,2025-11-29,2.4,27.7
KARAWANG,2025-11-30,1.0,27.9
KARAWANG,2025-12-01,11.5,27.4
KARAWANG,2025-12-02,1.6,27.4
KARAWANG,2025-12-03,19.7,26.9
KARAWANG,2025-12-04,15.9,25.3
KARAWANG,2025-12-05,7.7,26.4
KARAWANG,2025-12-06,4.1,26.5
KARAWANG,2025-12-07,3.0,27.4
KARAWANG,2025-12-08,2.5,26.7
KARAWANG,2025-12-09,0.8,26.8
KARAWANG,2025-12-10,1.8,27.1
KARAWANG,2025-12-11,2.4,26.6
KARAWANG,2025-12-12,1.5,27.8
KARAWANG,2025-12-13,0.1,28.3
KARAWANG,2025-12-14,0.5,28.2
KARAWANG,2025-12-15,1.3,28.9
KARAWANG,2025-12-16,1.6,28.6
KARAWANG,2025-12-17,5.8,27.6
KARAWANG,2025-12-18,6.0,26.7
KARAWANG,2025-12-19,7.7,27.0
KARAWANG,2025-12-20,1.6,27.4
KARAWANG,2025-12-21,5.9,27.1
KARAWANG,2025-12-22,3.5,27.6
KARAWANG,2025-12-23,12.8,27.9
KARAWANG,2025-12-24,15.1,26.8
KARAWANG,2025-12-25,16.6,28.0
KARAWANG,2025-12-26,4.3,27.2
KARAWANG,2025-12-27,2.8,28.0
KARAWANG,2025-12-28,7.8,27.1
KARAWANG,2025-12-29,2.6,26.9
KARAWANG,2025-12-30,9.9,26.5
KARAWANG,2025-12-31,27.8,24.8
KARAWANG,2026-01-01,3.4,26.5
KARAWANG,2026-01-02,21.6,26.1
KARAWANG,2026-01-03,12.9,24.8
KARAWANG,2026-01-04,5.1,25.9
KARAWANG,2026-01-05,2.0,27.1
KARAWANG,2026-01-06,19.7,27.6
KARAWANG,2026-01-07,7.3,26.8
KARAWANG,2026-01-08,2.2,26.7
KARAWANG,2026-01-09,10.2,26.8
KARAWANG,2026-01-10,1.8,25.9
KARAWANG,2026-01-11,8.8,25.5
KARAWANG,2026-01-12,46.8,24.4
KARAWANG,2026-01-13,3.5,25.9
KARAWANG,2026-01-14,8.2,25.8
KARAWANG,2026-01-15,1.3,26.0
KARAWANG,2026-01-16,6.8,26.2
KARAWANG,2026-01-17,42.3,25.3
KARAWANG,2026-01-18,28.5,25.1
KARAWANG,2026-01-19,1.8,26.1
KARAWANG,2026-01-20,6.3,25.7
KARAWANG,2026-01-21,5.5,25.4
KARAWANG,2026-01-22,35.2,24.2
KARAWANG,2026-01-23,25.4,24.8
KARAWANG,2026-01-24,5.8,25.7
KARAWANG,2026-01-25,2.3,26.2
KARAWANG,2026-01-26,6.6,26.3
KARAWANG,2026-01-27,17.8,25.7
KARAWANG,2026-01-28,21.9,25.2
KARAWANG,2026-01-29,20.6,24.5
KARAWANG,2026-01-30,4.0,25.2
KARAWANG,2026-01-31,9.1,26.0
KARAWANG,2026-02-01,4.7,25.6
KARAWANG,2026-02-02,23.6,25.3
KARAWANG,2026-02-03,2.6,25.8
KARAWANG,2026-02-04,3.8,26.2
KARAWANG,2026-02-05,5.1,26.2
KARAWANG,2026-02-06,20.7,26.4
KARAWANG,2026-02-07,6.4,25.9
KARAWANG,2026-02-08,14.0,25.6
KARAWANG,2026-02-09,18.7,25.7
KARAWANG,2026-02-10,2.8,26.2
KARAWANG,2026-02-11,6.4,26.4
KARAWANG,2026-02-12,14.9,25.8
KARAWANG,2026-02-13,3.8,25.8
KARAWANG,2026-02-14,10.1,26.4
KARAWANG,2026-02-15,3.8,26.3
KARAWANG,2026-02-16,6.4,26.0
KARAWANG,2026-02-17,4.1,26.6
KARAWANG,2026-02-18,12.1,26.1
KARAWANG,2026-02-19,37.1,25.0
KARAWANG,2026-02-20,29.0,25.2
KARAWANG,2026-02-21,3.3,26.5
KARAWANG,2026-02-22,16.8,25.6
KARAWANG,2026-02-23,31.0,25.3
KARAWANG,2026-02-24,0.0,26.8
KARAWANG,2026-02-25,0.0,27.9
KARAWANG,2026-02-26,0.0,27.4
KARAWANG,2026-02-27,1.7,26.5
KARAWANG,2026-02-28,0.9,27.4
KARAWANG,2026-03-01,2.8,27.5
KARAWANG,2026-03-02,4.3,27.0
KARAWANG,2026-03-03,11.8,26.9
KARAWANG,2026-03-04,3.6,27.3
KARAWANG,2026-03-05,1.2,27.6
KARAWANG,2026-03-06,1.4,26.3
KARAWANG,2026-03-07,21.1,25.8
KARAWANG,2026-03-08,30.2,24.8
KARAWANG,2026-03-09,1.3,26.8
KARAWANG,2026-03-10,1.8,27.5
KARAWANG,2026-03-11,0.4,27.3
KARAWANG,2026-03-12,5.4,27.4
KARAWANG,2026-03-13,1.6,27.2
KARAWANG,2026-03-14,3.6,27.4
KARAWANG,2026-03-15,1.6,27.7
KARAWANG,2026-03-16,4.4,28.1
KARAWANG,2026-03-17,2.9,27.9
KARAWANG,2026-03-18,1.6,27.9
KARAWANG,2026-03-19,2.1,28.3
KARAWANG,2026-03-20,7.8,27.0
KARAWANG,2026-03-21,5.8,26.8
KARAWANG,2026-03-22,0.2,27.6
KARAWANG,2026-03-23,3.7,27.9
KARAWANG,2026-03-24,6.6,27.0
KARAWANG,2026-03-25,2.2,27.9
KARAWANG,2026-03-26,5.7,26.4
KARAWANG,2026-03-27,9.8,25.9
KARAWANG,2026-03-28,11.5,26.1
KARAWANG,2026-03-29,1.8,27.8
KARAWANG,2026-03-30,0.7,27.3
KARAWANG,2026-03-31,4.2,27.4
CIREBON,2025-03-15,27.6,26.7
CIREBON,2025-03-16,4.7,26.5
CIREBON,2025-03-17,9.3,26.4
CIREBON,2025-03-18,1.9,26.1
CIREBON,2025-03-19,5.4,27.0
CIREBON,2025-03-20,16.7,27.1
CIREBON,2025-03-21,0.9,28.1
CIREBON,2025-03-22,20.7,26.8
CIREBON,2025-03-23,9.5,27.2
CIREBON,2025-03-24,1.8,27.6
CIREBON,2025-03-25,3.3,27.4
CIREBON,2025-03-26,6.2,27.4
CIREBON,2025-03-27,4.7,27.9
CIREBON,2025-03-28,32.6,26.8
CIREBON,2025-03-29,7.4,27.1
CIREBON,2025-03-30,11.6,27.6
CIREBON,2025-03-31,12.6,26.7
CIREBON,2025-04-01,5.7,26.0
CIREBON,2025-04-02,49.6,26.2
CIREBON,2025-04-03,10.6,26.4
CIREBON,2025-04-04,27.4,26.5
CIREBON,2025-04-05,8.3,26.5
CIREBON,2025-04-06,10.4,26.8
CIREBON,2025-04-07,0.5,27.4
CIREBON,2025-04-08,0.8,27.4
CIREBON,2025-04-09,0.2,28.1
CIREBON,2025-04-10,0.8,27.7
CIREBON,2025-04-11,16.0,27.3
CIREBON,2025-04-12,8.8,26.9
CIREBON,2025-04-13,1.5,27.1
CIREBON,2025-04-14,6.8,27.1
CIREBON,2025-04-15,1.4,27.4
CIREBON,2025-04-16,0.1,28.0
CIREBON,2025-04-17,1.7,26.7
CIREBON,2025-04-18,19.3,26.8
CIREBON,2025-04-19,16.3,27.2
CIREBON,2025-04-20,18.6,26.8
CIREBON,2025-04-21,2.0,27.2
CIREBON,2025-04-22,30.6,27.3
CIREBON,2025-04-23,5.6,27.1
CIREBON,2025-04-24,10.4,27.0
CIREBON,2025-04-25,4.1,27.6
CIREBON,2025-04-26,7.1,26.9
CIREBON,2025-04-27,1.0,27.8
CIREBON,2025-04-28,0.1,27.1
CIREBON,2025-04-29,0.5,27.2
CIREBON,2025-04-30,0.3,27.8
CIREBON,2025-05-01,1.6,28.4
CIREBON,2025-05-02,8.0,27.6
CIREBON,2025-05-03,9.9,27.0
CIREBON,2025-05-04,6.2,27.1
CIREBON,2025-05-05,0.0,28.3
CIREBON,2025-05-06,1.1,28.2
CIREBON,2025-05-07,1.1,28.0
CIREBON,2025-05-08,0.0,28.2
CIREBON,2025-05-09,5.5,28.1
CIREBON,2025-05-10,11.2,27.6
CIREBON,2025-05-11,9.8,27.1
CIREBON,2025-05-12,16.3,27.1
CIREBON,2025-05-13,2.4,27.1
CIREBON,2025-05-14,6.9,27.3
CIREBON,2025-05-15,0.3,27.9
CIREBON,2025-05-16,11.6,26.9
CIREBON,2025-05-17,3.3,26.9
CIREBON,2025-05-18,1.4,27.2
CIREBON,2025-05-19,2.6,27.0
CIREBON,2025-05-20,0.0,27.9
CIREBON,2025-05-21,1.8,27.4
CIREBON,2025-05-22,22.6,26.6
CIREBON,2025-05-23,24.2,25.6
CIREBON,2025-05-24,0.9,27.0
CIREBON,2025-05-25,4.3,27.5
CIREBON,2025-05-26,21.4,26.8
CIREBON,2025-05-27,3.0,27.9
CIREBON,2025-05-28,0.2,28.3
CIREBON,2025-05-29,1.2,28.4
CIREBON,2025-05-30,0.0,28.0
CIREBON,2025-05-31,0.2,28.0
CIREBON,2025-06-01,0.4,27.5
CIREBON,2025-06-02,0.0,28.2
CIREBON,2025-06-03,0.0,28.3
CIREBON,2025-06-04,0.0,29.4
CIREBON,2025-06-05,0.7,29.6
CIREBON,2025-06-06,1.0,28.2
CIREBON,2025-06-07,1.0,28.0
CIREBON,2025-06-08,0.0,28.5
CIREBON,2025-06-09,0.1,28.3
CIREBON,2025-06-10,4.4,28.2
CIREBON,2025-06-11,4.0,27.2
CIREBON,2025-06-12,0.5,29.3
CIREBON,2025-06-13,0.0,29.8
CIREBON,2025-06-14,0.7,28.9
CIREBON,2025-06-15,0.0,29.8
CIREBON,2025-06-16,0.2,29.4
CIREBON,2025-06-17,2.9,28.3
CIREBON,2025-06-18,5.8,26.8
CIREBON,2025-06-19,0.0,27.0
CIREBON,2025-06-20,0.0,28.1
CIREBON,2025-06-21,0.2,27.9
CIREBON,2025-06-22,1.7,28.2
CIREBON,2025-06-23,0.5,29.1
CIREBON,2025-06-24,0.0,29.1
CIREBON,2025-06-25,0.4,29.3
CIREBON,2025-06-26,0.1,29.5
CIREBON,2025-06-27,0.0,29.1
CIREBON,2025-06-28,0.6,28.8
CIREBON,2025-06-29,4.2,28.1
CIREBON,2025-06-30,2.5,28.4
CIREBON,2025-07-01,3.0,27.8
CIREBON,2025-07-02,1.2,28.7
CIREBON,2025-07-03,0.2,27.3
CIREBON,2025-07-04,0.2,28.6
CIREBON,2025-07-05,5.3,28.0
CIREBON,2025-07-06,8.3,27.0
CIREBON,2025-07-07,12.3,27.0
CIREBON,2025-07-08,0.2,27.5
CIREBON,2025-07-09,0.0,27.6
CIREBON,2025-07-10,0.0,27.4
CIREBON,2025-07-11,0.0,27.6
CIREBON,2025-07-12,0.0,28.7
CIREBON,2025-07-13,0.3,29.6
CIREBON,2025-07-14,0.2,28.9
CIREBON,2025-07-15,0.7,29.1
CIREBON,2025-07-16,0.3,29.4
CIREBON,2025-07-17,0.0,29.0
CIREBON,2025-07-18,0.0,28.6
CIREBON,2025-07-19,0.0,28.3
CIREBON,2025-07-20,0.0,28.3
CIREBON,2025-07-21,0.0,28.0
CIREBON,2025-07-22,0.0,27.5
CIREBON,2025-07-23,0.0,28.3
CIREBON,2025-07-24,0.0,28.7
CIREBON,2025-07-25,0.0,29.1
CIREBON,2025-07-26,0.0,29.1
CIREBON,2025-07-27,0.7,29.3
CIREBON,2025-07-28,0.2,29.4
CIREBON,2025-07-29,2.4,29.1
CIREBON,2025-07-30,1.8,29.3
CIREBON,2025-07-31,0.1,29.5
CIREBON,2025-08-01,0.0,29.2
CIREBON,2025-08-02,0.0,28.9
CIREBON,2025-08-03,0.1,29.5
CIREBON,2025-08-04,3.1,28.5
CIREBON,2025-08-05,1.2,28.6
CIREBON,2025-08-06,0.0,29.2
CIREBON,2025-08-07,13.8,28.4
CIREBON,2025-08-08,1.8,28.0
CIREBON,2025-08-09,1.8,28.8
CIREBON,2025-08-10,1.4,28.9
CIREBON,2025-08-11,6.7,28.2
CIREBON,2025-08-12,29.5,25.4
CIREBON,2025-08-13,0.0,27.0
CIREBON,2025-08-14,1.0,28.0
CIREBON,2025-08-15,0.0,28.2
CIREBON,2025-08-16,0.0,28.3
CIREBON,2025-08-17,0.0,28.9
CIREBON,2025-08-18,9.7,28.9
CIREBON,2025-08-19,9.9,25.9
CIREBON,2025-08-20,0.8,26.8
CIREBON,2025-08-21,0.4,27.1
CIREBON,2025-08-22,0.6,27.6
CIREBON,2025-08-23,0.0,29.1
CIREBON,2025-08-24,1.4,29.0
CIREBON,2025-08-25,3.4,27.5
CIREBON,2025-08-26,0.0,28.0
CIREBON,2025-08-27,0.2,28.5
CIREBON,2025-08-28,0.1,29.0
CIREBON,2025-08-29,0.5,28.7
CIREBON,2025-08-30,0.7,29.3
CIREBON,2025-08-31,0.5,29.3
CIREBON,2025-09-01,0.0,29.6
CIREBON,2025-09-02,0.2,29.5
CIREBON,2025-09-03,0.3,29.7
CIREBON,2025-09-04,0.1,29.3
CIREBON,2025-09-05,0.0,29.8
CIREBON,2025-09-06,0.0,29.6
CIREBON,2025-09-07,0.0,29.2
CIREBON,2025-09-08,0.0,29.4
CIREBON,2025-09-09,0.4,30.1
CIREBON,2025-09-10,1.4,29.8
CIREBON,2025-09-11,23.3,27.0
CIREBON,2025-09-12,1.0,27.7
CIREBON,2025-09-13,0.0,28.1
CIREBON,2025-09-14,0.4,29.0
CIREBON,2025-09-15,0.0,29.4
CIREBON,2025-09-16,0.1,29.5
CIREBON,2025-09-17,7.5,28.1
CIREBON,2025-09-18,2.3,27.0
CIREBON,2025-09-19,0.0,29.4
CIREBON,2025-09-20,2.2,28.9
CIREBON,2025-09-21,0.3,29.6
CIREBON,2025-09-22,0.0,30.2
CIREBON,2025-09-23,0.0,30.5
CIREBON,2025-09-24,0.7,30.2
CIREBON,2025-09-25,0.0,29.7
CIREBON,2025-09-26,0.0,30.2
CIREBON,2025-09-27,0.7,30.0
CIREBON,2025-09-28,0.1,30.2
CIREBON,2025-09-29,3.9,30.1
CIREBON,2025-09-30,3.0,29.0
CIREBON,2025-10-01,5.7,28.1
CIREBON,2025-10-02,2.4,28.7
CIREBON,2025-10-03,0.0,30.3
CIREBON,2025-10-04,0.0,30.3
CIREBON,2025-10-05,0.0,29.9
CIREBON,2025-10-06,0.0,30.1
CIREBON,2025-10-07,4.1,29.5
CIREBON,2025-10-08,1.4,30.8
CIREBON,2025-10-09,0.7,30.3
CIREBON,2025-10-10,0.5,30.3
CIREBON,2025-10-11,0.1,30.3
CIREBON,2025-10-12,0.0,30.6
CIREBON,2025-10-13,0.4,30.8
CIREBON,2025-10-14,0.1,30.7
CIREBON,2025-10-15,1.3,30.6
CIREBON,2025-10-16,0.0,31.1
CIREBON,2025-10-17,0.4,31.0
CIREBON,2025-10-18,0.0,29.8
CIREBON,2025-10-19,0.6,30.6
CIREBON,2025-10-20,0.4,31.0
CIREBON,2025-10-21,1.4,29.3
CIREBON,2025-10-22,40.3,27.1
CIREBON,2025-10-23,14.9,26.9
CIREBON,2025-10-24,11.0,26.7
CIREBON,2025-10-25,0.7,27.2
CIREBON,2025-10-26,8.5,27.2
CIREBON,2025-10-27,0.3,28.2
CIREBON,2025-10-28,4.1,26.1
CIREBON,2025-10-29,0.3,27.5
CIREBON,2025-10-30,13.3,28.1
CIREBON,2025-10-31,0.2,27.8
CIREBON,2025-11-01,2.0,28.1
CIREBON,2025-11-02,3.3,28.8
CIREBON,2025-11-03,9.5,27.9
CIREBON,2025-11-04,8.5,28.0
CIREBON,2025-11-05,2.8,28.6
CIREBON,2025-11-06,2.5,28.2
CIREBON,2025-11-07,14.9,27.2
CIREBON,2025-11-08,10.3,27.5
CIREBON,2025-11-09,5.4,27.9
CIREBON,2025-11-10,8.8,27.8
CIREBON,2025-11-11,35.7,26.4
CIREBON,2025-11-12,24.0,26.5
CIREBON,2025-11-13,12.3,26.5
CIREBON,2025-11-14,5.5,26.9
CIREBON,2025-11-15,26.7,27.4
CIREBON,2025-11-16,4.4,27.2
CIREBON,2025-11-17,8.2,27.8
CIREBON,2025-11-18,18.5,27.0
CIREBON,2025-11-19,26.9,27.2
CIREBON,2025-11-20,11.3,26.9
CIREBON,2025-11-21,12.8,27.3
CIREBON,2025-11-22,1.3,27.5
CIREBON,2025-11-23,15.4,26.8
CIREBON,2025-11-24,8.8,27.9
CIREBON,2025-11-25,0.0,28.4
CIREBON,2025-11-26,0.1,28.7
CIREBON,2025-11-27,0.9,28.3
CIREBON,2025-11-28,0.3,28.4
CIREBON,2025-11-29,0.5,28.4
CIREBON,2025-11-30,2.4,27.8
CIREBON,2025-12-01,5.7,28.1
CIREBON,2025-12-02,2.0,28.5
CIREBON,2025-12-03,9.1,27.7
CIREBON,2025-12-04,11.3,26.3
CIREBON,2025-12-05,26.1,26.7
CIREBON,2025-12-06,0.8,27.0
CIREBON,2025-12-07,3.8,27.6
CIREBON,2025-12-08,3.1,26.5
CIREBON,2025-12-09,3.0,26.4
CIREBON,2025-12-10,8.6,27.0
CIREBON,2025-12-11,3.0,27.1
CIREBON,2025-12-12,4.9,27.8
CIREBON,2025-12-13,17.4,27.2
CIREBON,2025-12-14,26.0,26.7
CIREBON,2025-12-15,3.5,27.6
CIREBON,2025-12-16,0.5,27.8
CIREBON,2025-12-17,17.0,27.2
CIREBON,2025-12-18,17.2,27.2
CIREBON,2025-12-19,4.5,26.9
CIREBON,2025-12-20,20.8,26.4
CIREBON,2025-12-21,2.1,27.2
CIREBON,2025-12-22,9.5,27.5
CIREBON,2025-12-23,19.4,28.0
CIREBON,2025-12-24,2.7,27.8
CIREBON,2025-12-25,8.0,27.9
CIREBON,2025-12-26,8.5,27.7
CIREBON,2025-12-27,5.3,27.8
CIREBON,2025-12-28,29.4,27.3
CIREBON,2025-12-29,3.3,27.4
CIREBON,2025-12-30,12.9,27.3
CIREBON,2025-12-31,12.8,25.3
CIREBON,2026-01-01,8.6,26.3
CIREBON,2026-01-02,6.2,26.5
CIREBON,2026-01-03,5.2,25.2
CIREBON,2026-01-04,11.4,26.2
CIREBON,2026-01-05,6.1,26.8
CIREBON,2026-01-06,15.7,27.4
CIREBON,2026-01-07,12.0,26.8
CIREBON,2026-01-08,11.5,27.0
CIREBON,2026-01-09,14.3,26.4
CIREBON,2026-01-10,7.8,26.8
CIREBON,2026-01-11,15.8,25.4
CIREBON,2026-01-12,6.9,24.9
CIREBON,2026-01-13,7.1,26.1
CIREBON,2026-01-14,7.4,26.1
CIREBON,2026-01-15,20.1,25.8
CIREBON,2026-01-16,4.6,26.5
CIREBON,2026-01-17,7.3,26.2
CIREBON,2026-01-18,18.4,25.8
CIREBON,2026-01-19,0.8,27.0
CIREBON,2026-01-20,9.6,26.7
CIREBON,2026-01-21,2.4,25.8
CIREBON,2026-01-22,24.6,24.7
CIREBON,2026-01-23,15.1,25.2
CIREBON,2026-01-24,1.7,26.8
CIREBON,2026-01-25,1.2,27.0
CIREBON,2026-01-26,2.2,26.9
CIREBON,2026-01-27,3.0,26.0
CIREBON,2026-01-28,13.3,25.4
CIREBON,2026-01-29,6.3,25.9
CIREBON,2026-01-30,1.2,26.3
CIREBON,2026-01-31,11.9,26.8
CIREBON,2026-02-01,5.5,26.0
CIREBON,2026-02-02,27.6,25.7
CIREBON,2026-02-03,10.3,26.3
CIREBON,2026-02-04,14.2,26.4
CIREBON,2026-02-05,3.9,26.4
CIREBON,2026-02-06,10.0,26.6
CIREBON,2026-02-07,1.7,26.5
CIREBON,2026-02-08,4.1,27.0
CIREBON,2026-02-09,9.8,26.1
CIREBON,2026-02-10,18.9,26.4
CIREBON,2026-02-11,34.9,26.6
CIREBON,2026-02-12,48.6,26.3
CIREBON,2026-02-13,5.2,26.2
CIREBON,2026-02-14,22.1,26.7
CIREBON,2026-02-15,4.3,26.9
CIREBON,2026-02-16,10.6,26.4
CIREBON,2026-02-17,8.0,26.6
CIREBON,2026-02-18,5.7,26.0
CIREBON,2026-02-19,9.3,26.1
CIREBON,2026-02-20,3.7,25.7
CIREBON,2026-02-21,3.8,26.5
CIREBON,2026-02-22,9.2,26.2
CIREBON,2026-02-23,33.4,25.6
CIREBON,2026-02-24,0.1,26.8
CIREBON,2026-02-25,2.9,27.0
CIREBON,2026-02-26,9.5,26.8
CIREBON,2026-02-27,5.0,27.1
CIREBON,2026-02-28,0.5,27.4
CIREBON,2026-03-01,2.5,27.4
CIREBON,2026-03-02,4.8,27.1
CIREBON,2026-03-03,2.6,27.3
CIREBON,2026-03-04,2.7,26.9
CIREBON,2026-03-05,8.2,27.1
CIREBON,2026-03-06,6.7,26.6
CIREBON,2026-03-07,14.2,26.2
CIREBON,2026-03-08,14.0,25.7
CIREBON,2026-03-09,2.2,27.2
CIREBON,2026-03-10,21.7,26.8
CIREBON,2026-03-11,10.2,26.6
CIREBON,2026-03-12,3.6,27.1
CIREBON,2026-03-13,20.1,26.7
CIREBON,2026-03-14,2.2,26.9
CIREBON,2026-03-15,7.4,27.5
CIREBON,2026-03-16,2.4,27.6
CIREBON,2026-03-17,5.8,27.1
CIREBON,2026-03-18,3.7,27.2
CIREBON,2026-03-19,13.5,27.1
CIREBON,2026-03-20,4.3,27.1
CIREBON,2026-03-21,11.3,26.9
CIREBON,2026-03-22,16.6,26.9
CIREBON,2026-03-23,6.9,27.1
CIREBON,2026-03-24,4.1,26.6
CIREBON,2026-03-25,13.8,27.0
CIREBON,2026-03-26,12.1,25.7
CIREBON,2026-03-27,5.4,26.0
CIREBON,2026-03-28,11.8,26.8
CIREBON,2026-03-29,0.2,27.8
CIREBON,2026-03-30,1.3,27.5
CIREBON,2026-03-31,0.7,27.5
GARUT,2025-03-15,11.8,21.6
GARUT,2025-03-16,11.5,21.6
GARUT,2025-03-17,4.5,21.9
GARUT,2025-03-18,4.3,22.0
GARUT,2025-03-19,8.2,21.5
GARUT,2025-03-20,3.3,22.7
GARUT,2025-03-21,3.3,22.8
GARUT,2025-03-22,9.2,22.2
GARUT,2025-03-23,2.3,22.4
GARUT,2025-03-24,1.8,22.7
GARUT,2025-03-25,1.6,22.9
GARUT,2025-03-26,8.0,22.5
GARUT,2025-03-27,4.3,22.7
GARUT,2025-03-28,17.3,21.9
GARUT,2025-03-29,4.5,22.4
GARUT,2025-03-30,1.3,22.1
GARUT,2025-03-31,2.8,22.1
GARUT,2025-04-01,9.1,21.0
GARUT,2025-04-02,25.1,21.3
GARUT,2025-04-03,5.7,21.8
GARUT,2025-04-04,17.4,21.4
GARUT,2025-04-05,30.0,21.6
GARUT,2025-04-06,28.3,21.5
GARUT,2025-04-07,2.5,22.1
GARUT,2025-04-08,1.6,22.7
GARUT,2025-04-09,3.2,22.2
GARUT,2025-04-10,16.5,21.6
GARUT,2025-04-11,2.3,22.2
GARUT,2025-04-12,7.9,21.8
GARUT,2025-04-13,48.2,21.9
GARUT,2025-04-14,12.8,21.6
GARUT,2025-04-15,7.2,22.1
GARUT,2025-04-16,1.6,22.5
GARUT,2025-04-17,0.3,22.2
GARUT,2025-04-18,6.5,21.9
GARUT,2025-04-19,6.6,22.4
GARUT,2025-04-20,4.2,21.9
GARUT,2025-04-21,13.3,22.0
GARUT,2025-04-22,7.2,22.6
GARUT,2025-04-23,10.5,21.5
GARUT,2025-04-24,0.5,21.7
GARUT,2025-04-25,3.0,21.8
GARUT,2025-04-26,8.1,21.8
GARUT,2025-04-27,1.4,22.2
GARUT,2025-04-28,0.0,22.0
GARUT,2025-04-29,1.9,20.8
GARUT,2025-04-30,2.0,21.8
GARUT,2025-05-01,0.9,21.7
GARUT,2025-05-02,9.2,21.6
GARUT,2025-05-03,6.5,21.9
GARUT,2025-05-04,13.8,21.8
GARUT,2025-05-05,6.5,21.9
GARUT,2025-05-06,7.8,21.8
GARUT,2025-05-07,10.3,21.9
GARUT,2025-05-08,8.5,22.5
GARUT,2025-05-09,1.4,22.2
GARUT,2025-05-10,11.4,21.9
GARUT,2025-05-11,5.5,22.1
GARUT,2025-05-12,12.6,21.9
GARUT,2025-05-13,13.9,21.8
GARUT,2025-05-14,12.8,21.8
GARUT,2025-05-15,10.1,21.8
GARUT,2025-05-16,39.3,21.9
GARUT,2025-05-17,20.9,21.8
GARUT,2025-05-18,10.7,22.1
GARUT,2025-05-19,4.7,21.8
GARUT,2025-05-20,0.4,22.4
GARUT,2025-05-21,35.2,21.5
GARUT,2025-05-22,23.7,22.0
GARUT,2025-05-23,18.5,21.4
GARUT,2025-05-24,16.6,21.7
GARUT,2025-05-25,1.9,22.3
GARUT,2025-05-26,9.0,21.8
GARUT,2025-05-27,1.2,22.2
GARUT,2025-05-28,2.0,22.3
GARUT,2025-05-29,1.8,22.6
GARUT,2025-05-30,0.0,22.4
GARUT,2025-05-31,0.9,22.3
GARUT,2025-06-01,1.1,22.0
GARUT,2025-06-02,0.3,22.3
GARUT,2025-06-03,0.5,21.9
GARUT,2025-06-04,0.2,22.0
GARUT,2025-06-05,1.4,21.8
GARUT,2025-06-06,3.7,22.2
GARUT,2025-06-07,1.6,22.3
GARUT,2025-06-08,0.0,21.6
GARUT,2025-06-09,1.6,22.3
GARUT,2025-06-10,4.4,22.0
GARUT,2025-06-11,23.3,21.0
GARUT,2025-06-12,1.4,22.7
GARUT,2025-06-13,3.2,22.7
GARUT,2025-06-14,2.7,22.5
GARUT,2025-06-15,1.0,22.8
GARUT,2025-06-16,3.9,22.4
GARUT,2025-06-17,9.8,21.7
GARUT,2025-06-18,2.7,21.9
GARUT,2025-06-19,0.5,21.3
GARUT,2025-06-20,1.7,21.1
GARUT,2025-06-21,10.0,21.2
GARUT,2025-06-22,6.2,21.6
GARUT,2025-06-23,0.5,22.3
GARUT,2025-06-24,2.9,22.0
GARUT,2025-06-25,2.4,21.8
GARUT,2025-06-26,1.5,21.9
GARUT,2025-06-27,1.6,21.7
GARUT,2025-06-28,8.0,21.1
GARUT,2025-06-29,3.8,21.2
GARUT,2025-06-30,4.2,21.9
GARUT,2025-07-01,7.2,21.6
GARUT,2025-07-02,9.1,21.3
GARUT,2025-07-03,3.2,21.4
GARUT,2025-07-04,2.9,21.3
GARUT,2025-07-05,26.5,21.6
GARUT,2025-07-06,10.9,21.2
GARUT,2025-07-07,2.0,21.4
GARUT,2025-07-08,2.2,21.9
GARUT,2025-07-09,1.1,20.3
GARUT,2025-07-10,0.0,20.1
GARUT,2025-07-11,0.5,20.5
GARUT,2025-07-12,0.0,20.6
GARUT,2025-07-13,2.7,20.9
GARUT,2025-07-14,10.8,21.2
GARUT,2025-07-15,1.7,21.1
GARUT,2025-07-16,2.1,21.7
GARUT,2025-07-17,0.8,21.2
GARUT,2025-07-18,0.0,20.3
GARUT,2025-07-19,0.0,20.2
GARUT,2025-07-20,0.0,20.1
GARUT,2025-07-21,0.0,19.8
GARUT,2025-07-22,0.0,20.0
GARUT,2025-07-23,0.2,21.6
GARUT,2025-07-24,0.7,22.0
GARUT,2025-07-25,3.0,21.9
GARUT,2025-07-26,0.5,22.9
GARUT,2025-07-27,2.1,22.3
GARUT,2025-07-28,4.5,21.4
GARUT,2025-07-29,13.8,20.8
GARUT,2025-07-30,10.0,21.0
GARUT,2025-07-31,3.6,21.8
GARUT,2025-08-01,0.6,22.9
GARUT,2025-08-02,0.0,22.9
GARUT,2025-08-03,11.7,21.7
GARUT,2025-08-04,4.7,21.6
GARUT,2025-08-05,20.4,21.3
GARUT,2025-08-06,0.3,22.2
GARUT,2025-08-07,0.9,22.2
GARUT,2025-08-08,0.5,23.0
GARUT,2025-08-09,9.1,22.2
GARUT,2025-08-10,1.0,22.1
GARUT,2025-08-11,10.0,21.5
GARUT,2025-08-12,11.1,20.7
GARUT,2025-08-13,14.5,21.1
GARUT,2025-08-14,21.8,19.9
GARUT,2025-08-15,0.2,20.2
GARUT,2025-08-16,2.1,21.4
GARUT,2025-08-17,1.0,22.8
GARUT,2025-08-18,11.6,21.8
GARUT,2025-08-19,4.4,21.1
GARUT,2025-08-20,10.9,21.7
GARUT,2025-08-21,4.8,21.5
GARUT,2025-08-22,1.9,21.8
GARUT,2025-08-23,0.1,22.3
GARUT,2025-08-24,2.1,21.7
GARUT,2025-08-25,3.1,21.6
GARUT,2025-08-26,0.5,20.5
GARUT,2025-08-27,6.7,19.9
GARUT,2025-08-28,8.2,20.2
GARUT,2025-08-29,3.7,20.4
GARUT,2025-08-30,10.4,20.9
GARUT,2025-08-31,10.7,21.3
GARUT,2025-09-01,1.7,22.5
GARUT,2025-09-02,2.0,22.9
GARUT,2025-09-03,1.7,23.1
GARUT,2025-09-04,0.3,23.0
GARUT,2025-09-05,11.8,21.9
GARUT,2025-09-06,1.0,20.9
GARUT,2025-09-07,0.2,20.9
GARUT,2025-09-08,10.1,21.1
GARUT,2025-09-09,5.6,21.1
GARUT,2025-09-10,6.4,21.4
GARUT,2025-09-11,32.5,21.3
GARUT,2025-09-12,7.0,21.6
GARUT,2025-09-13,0.1,21.5
GARUT,2025-09-14,0.0,21.1
GARUT,2025-09-15,0.6,20.9
GARUT,2025-09-16,1.2,21.6
GARUT,2025-09-17,5.9,21.5
GARUT,2025-09-18,2.8,21.6
GARUT,2025-09-19,21.8,21.9
GARUT,2025-09-20,4.5,22.1
GARUT,2025-09-21,11.6,22.3
GARUT,2025-09-22,1.1,22.5
GARUT,2025-09-23,0.0,22.3
GARUT,2025-09-24,1.5,21.5
GARUT,2025-09-25,4.1,21.9
GARUT,2025-09-26,2.7,21.9
GARUT,2025-09-27,2.9,22.1
GARUT,2025-09-28,3.4,22.5
GARUT,2025-09-29,6.8,22.0
GARUT,2025-09-30,10.5,22.0
GARUT,2025-10-01,2.4,22.2
GARUT,2025-10-02,15.8,21.5
GARUT,2025-10-03,0.0,22.8
GARUT,2025-10-04,0.0,22.5
GARUT,2025-10-05,0.5,21.5
GARUT,2025-10-06,0.7,22.7
GARUT,2025-10-07,2.2,23.3
GARUT,2025-10-08,1.8,21.8
GARUT,2025-10-09,0.6,21.5
GARUT,2025-10-10,1.8,21.5
GARUT,2025-10-11,12.8,21.9
GARUT,2025-10-12,2.2,23.4
GARUT,2025-10-13,14.6,22.6
GARUT,2025-10-14,2.8,23.6
GARUT,2025-10-15,1.4,23.5
GARUT,2025-10-16,2.3,22.9
GARUT,2025-10-17,3.4,23.1
GARUT,2025-10-18,6.8,22.7
GARUT,2025-10-19,8.1,22.5
GARUT,2025-10-20,2.3,22.5
GARUT,2025-10-21,32.9,22.1
GARUT,2025-10-22,17.2,22.3
GARUT,2025-10-23,4.6,21.7
GARUT,2025-10-24,12.1,21.1
GARUT,2025-10-25,1.2,22.1
GARUT,2025-10-26,7.4,21.2
GARUT,2025-10-27,4.9,22.0
GARUT,2025-10-28,15.2,21.2
GARUT,2025-10-29,0.1,22.2
GARUT,2025-10-30,10.5,21.9
GARUT,2025-10-31,15.5,22.1
GARUT,2025-11-01,18.0,22.2
GARUT,2025-11-02,6.8,22.8
GARUT,2025-11-03,19.8,21.8
GARUT,2025-11-04,3.8,21.6
GARUT,2025-11-05,4.5,22.0
GARUT,2025-11-06,21.0,22.0
GARUT,2025-11-07,4.5,22.6
GARUT,2025-11-08,10.6,22.4
GARUT,2025-11-09,19.6,22.1
GARUT,2025-11-10,8.7,22.0
GARUT,2025-11-11,25.5,21.6
GARUT,2025-11-12,25.1,21.6
GARUT,2025-11-13,9.0,21.5
GARUT,2025-11-14,7.5,21.5
GARUT,2025-11-15,9.0,22.4
GARUT,2025-11-16,15.4,21.9
GARUT,2025-11-17,10.7,21.6
GARUT,2025-11-18,15.8,22.0
GARUT,2025-11-19,8.8,22.2
GARUT,2025-11-20,26.4,21.9
GARUT,2025-11-21,2.7,22.9
GARUT,2025-11-22,2.8,21.7
GARUT,2025-11-23,38.6,21.9
GARUT,2025-11-24,1.2,22.3
GARUT,2025-11-25,1.1,23.0
GARUT,2025-11-26,1.7,22.7
GARUT,2025-11-27,1.8,22.5
GARUT,2025-11-28,0.4,22.2
GARUT,2025-11-29,2.7,21.7
GARUT,2025-11-30,1.7,21.8
GARUT,2025-12-01,9.8,21.8
GARUT,2025-12-02,15.5,22.6
GARUT,2025-12-03,14.2,22.3
GARUT,2025-12-04,18.7,21.1
GARUT,2025-12-05,14.5,21.4
GARUT,2025-12-06,7.7,21.4
GARUT,2025-12-07,2.0,22.0
GARUT,2025-12-08,5.7,21.6
GARUT,2025-12-09,1.4,21.5
GARUT,2025-12-10,2.2,22.0
GARUT,2025-12-11,2.1,22.5
GARUT,2025-12-12,2.2,22.6
GARUT,2025-12-13,1.4,23.0
GARUT,2025-12-14,3.6,22.8
GARUT,2025-12-15,0.2,23.2
GARUT,2025-12-16,1.3,22.4
GARUT,2025-12-17,8.5,22.0
GARUT,2025-12-18,7.0,21.8
GARUT,2025-12-19,3.8,22.0
GARUT,2025-12-20,14.8,21.5
GARUT,2025-12-21,11.0,21.8
GARUT,2025-12-22,17.6,21.9
GARUT,2025-12-23,5.3,22.3
GARUT,2025-12-24,0.4,22.9
GARUT,2025-12-25,12.9,22.2
GARUT,2025-12-26,12.4,22.3
GARUT,2025-12-27,12.7,21.9
GARUT,2025-12-28,9.4,22.6
GARUT,2025-12-29,1.0,22.5
GARUT,2025-12-30,15.9,22.1
GARUT,2025-12-31,4.3,21.4
GARUT,2026-01-01,3.8,21.8
GARUT,2026-01-02,5.8,21.9
GARUT,2026-01-03,13.8,21.0
GARUT,2026-01-04,8.1,21.6
GARUT,2026-01-05,7.0,22.2
GARUT,2026-01-06,9.3,22.2
GARUT,2026-01-07,7.1,21.6
GARUT,2026-01-08,0.5,22.2
GARUT,2026-01-09,9.4,21.7
GARUT,2026-01-10,7.8,21.3
GARUT,2026-01-11,16.5,20.0
GARUT,2026-01-12,5.1,20.5
GARUT,2026-01-13,4.2,21.1
GARUT,2026-01-14,10.6,21.9
GARUT,2026-01-15,13.2,20.6
GARUT,2026-01-16,6.7,21.5
GARUT,2026-01-17,2.2,21.4
GARUT,2026-01-18,8.5,20.9
GARUT,2026-01-19,6.5,22.1
GARUT,2026-01-20,5.4,21.8
GARUT,2026-01-21,5.1,21.0
GARUT,2026-01-22,10.1,20.6
GARUT,2026-01-23,7.1,21.2
GARUT,2026-01-24,3.6,21.3
GARUT,2026-01-25,0.6,21.9
GARUT,2026-01-26,20.1,21.6
GARUT,2026-01-27,1.6,21.8
GARUT,2026-01-28,24.3,21.0
GARUT,2026-01-29,14.2,21.4
GARUT,2026-01-30,5.0,21.8
GARUT,2026-01-31,6.4,21.7
GARUT,2026-02-01,18.1,21.1
GARUT,2026-02-02,7.7,21.4
GARUT,2026-02-03,13.1,21.1
GARUT,2026-02-04,20.4,20.9
GARUT,2026-02-05,15.9,21.8
GARUT,2026-02-06,11.8,21.4
GARUT,2026-02-07,6.4,21.5
GARUT,2026-02-08,2.0,21.6
GARUT,2026-02-09,7.5,21.7
GARUT,2026-02-10,3.5,21.2
GARUT,2026-02-11,16.5,21.5
GARUT,2026-02-12,28.2,21.6
GARUT,2026-02-13,11.4,21.5
GARUT,2026-02-14,8.6,22.1
GARUT,2026-02-15,8.5,21.9
GARUT,2026-02-16,12.1,21.9
GARUT,2026-02-17,3.5,21.9
GARUT,2026-02-18,1.8,21.4
GARUT,2026-02-19,15.6,21.1
GARUT,2026-02-20,2.6,21.7
GARUT,2026-02-21,7.4,21.5
GARUT,2026-02-22,18.6,21.6
GARUT,2026-02-23,38.1,20.9
GARUT,2026-02-24,1.6,21.0
GARUT,2026-02-25,6.7,22.3
GARUT,2026-02-26,0.1,22.5
GARUT,2026-02-27,15.8,21.2
GARUT,2026-02-28,4.6,21.6
GARUT,2026-03-01,13.1,21.6
GARUT,2026-03-02,9.8,22.2
GARUT,2026-03-03,10.5,21.5
GARUT,2026-03-04,3.2,21.4
GARUT,2026-03-05,5.7,21.5
GARUT,2026-03-06,5.8,21.4
GARUT,2026-03-07,12.9,21.0
GARUT,2026-03-08,4.1,21.4
GARUT,2026-03-09,7.0,21.4
GARUT,2026-03-10,4.5,21.7
GARUT,2026-03-11,3.0,21.7
GARUT,2026-03-12,1.3,22.4
GARUT,2026-03-13,1.7,21.9
GARUT,2026-03-14,4.4,21.4
GARUT,2026-03-15,1.2,21.8
GARUT,2026-03-16,0.2,22.3
GARUT,2026-03-17,0.9,22.2
GARUT,2026-03-18,9.1,22.3
GARUT,2026-03-19,8.6,21.5
GARUT,2026-03-20,2.1,22.1
GARUT,2026-03-21,3.7,22.1
GARUT,2026-03-22,3.4,22.2
GARUT,2026-03-23,0.1,22.1
GARUT,2026-03-24,1.2,22.5
GARUT,2026-03-25,2.8,21.9
GARUT,2026-03-26,3.3,21.7
GARUT,2026-03-27,6.3,21.8
GARUT,2026-03-28,9.6,21.9
GARUT,2026-03-29,8.2,22.1
GARUT,2026-03-30,6.1,21.6
GARUT,2026-03-31,1.7,22.2
TASIKMALAYA,2025-03-15,13.2,23.9
TASIKMALAYA,2025-03-16,1.4,24.1
TASIKMALAYA,2025-03-17,29.8,24.2
TASIKMALAYA,2025-03-18,5.0,24.1
TASIKMALAYA,2025-03-19,6.0,23.8
TASIKMALAYA,2025-03-20,1.7,25.3
TASIKMALAYA,2025-03-21,2.1,25.5
TASIKMALAYA,2025-03-22,0.4,25.3
TASIKMALAYA,2025-03-23,0.8,25.4
TASIKMALAYA,2025-03-24,3.7,25.3
TASIKMALAYA,2025-03-25,2.3,26.1
TASIKMALAYA,2025-03-26,6.5,25.5
TASIKMALAYA,2025-03-27,20.7,25.3
TASIKMALAYA,2025-03-28,14.6,24.3
TASIKMALAYA,2025-03-29,1.0,25.0
TASIKMALAYA,2025-03-30,2.3,25.1
TASIKMALAYA,2025-03-31,3.5,24.6
TASIKMALAYA,2025-04-01,10.9,23.8
TASIKMALAYA,2025-04-02,41.7,24.0
TASIKMALAYA,2025-04-03,24.2,23.9
TASIKMALAYA,2025-04-04,2.6,24.1
TASIKMALAYA,2025-04-05,15.5,23.9
TASIKMALAYA,2025-04-06,27.7,24.2
TASIKMALAYA,2025-04-07,1.1,24.7
TASIKMALAYA,2025-04-08,2.5,24.7
TASIKMALAYA,2025-04-09,5.6,24.8
TASIKMALAYA,2025-04-10,22.8,24.3
TASIKMALAYA,2025-04-11,11.1,24.1
TASIKMALAYA,2025-04-12,21.2,23.9
TASIKMALAYA,2025-04-13,25.0,24.0
TASIKMALAYA,2025-04-14,14.8,24.0
TASIKMALAYA,2025-04-15,0.6,24.9
TASIKMALAYA,2025-04-16,1.0,25.3
TASIKMALAYA,2025-04-17,1.2,24.6
TASIKMALAYA,2025-04-18,15.4,24.0
TASIKMALAYA,2025-04-19,8.9,24.3
TASIKMALAYA,2025-04-20,10.0,24.3
TASIKMALAYA,2025-04-21,5.1,24.5
TASIKMALAYA,2025-04-22,2.7,25.1
TASIKMALAYA,2025-04-23,5.1,24.0
TASIKMALAYA,2025-04-24,14.9,23.9
TASIKMALAYA,2025-04-25,13.1,24.0
TASIKMALAYA,2025-04-26,12.4,23.3
TASIKMALAYA,2025-04-27,2.9,24.3
TASIKMALAYA,2025-04-28,0.3,24.2
TASIKMALAYA,2025-04-29,2.1,23.7
TASIKMALAYA,2025-04-30,2.6,24.0
TASIKMALAYA,2025-05-01,3.1,23.7
TASIKMALAYA,2025-05-02,7.5,24.0
TASIKMALAYA,2025-05-03,5.9,24.2
TASIKMALAYA,2025-05-04,24.2,24.0
TASIKMALAYA,2025-05-05,4.0,24.7
TASIKMALAYA,2025-05-06,7.1,24.0
TASIKMALAYA,2025-05-07,19.9,23.8
TASIKMALAYA,2025-05-08,15.7,24.3
TASIKMALAYA,2025-05-09,10.6,24.3
TASIKMALAYA,2025-05-10,5.8,24.5
TASIKMALAYA,2025-05-11,14.3,24.2
TASIKMALAYA,2025-05-12,14.6,24.1
TASIKMALAYA,2025-05-13,10.4,24.2
TASIKMALAYA,2025-05-14,31.7,23.9
TASIKMALAYA,2025-05-15,9.2,24.2
TASIKMALAYA,2025-05-16,9.4,24.5
TASIKMALAYA,2025-05-17,34.4,24.3
TASIKMALAYA,2025-05-18,11.0,24.2
TASIKMALAYA,2025-05-19,6.3,23.8
TASIKMALAYA,2025-05-20,3.4,24.6
TASIKMALAYA,2025-05-21,50.6,23.6
TASIKMALAYA,2025-05-22,27.5,23.6
TASIKMALAYA,2025-05-23,14.5,23.4
TASIKMALAYA,2025-05-24,15.3,24.0
TASIKMALAYA,2025-05-25,10.9,24.1
TASIKMALAYA,2025-05-26,24.1,23.5
TASIKMALAYA,2025-05-27,2.1,24.5
TASIKMALAYA,2025-05-28,7.4,24.7
TASIKMALAYA,2025-05-29,2.7,24.6
TASIKMALAYA,2025-05-30,0.0,24.9
TASIKMALAYA,2025-05-31,6.7,24.7
TASIKMALAYA,2025-06-01,2.7,24.6
TASIKMALAYA,2025-06-02,1.1,24.5
TASIKMALAYA,2025-06-03,0.8,24.6
TASIKMALAYA,2025-06-04,5.8,24.1
TASIKMALAYA,2025-06-05,2.9,24.3
TASIKMALAYA,2025-06-06,0.7,24.6
TASIKMALAYA,2025-06-07,5.1,24.3
TASIKMALAYA,2025-06-08,0.7,23.9
TASIKMALAYA,2025-06-09,3.7,24.1
TASIKMALAYA,2025-06-10,20.5,23.5
TASIKMALAYA,2025-06-11,45.0,22.7
TASIKMALAYA,2025-06-12,4.6,24.6
TASIKMALAYA,2025-06-13,5.6,24.6
TASIKMALAYA,2025-06-14,4.4,24.4
TASIKMALAYA,2025-06-15,9.8,24.6
TASIKMALAYA,2025-06-16,8.8,24.5
TASIKMALAYA,2025-06-17,6.1,23.9
TASIKMALAYA,2025-06-18,1.6,24.2
TASIKMALAYA,2025-06-19,1.2,23.6
TASIKMALAYA,2025-06-20,1.3,23.4
TASIKMALAYA,2025-06-21,12.1,23.1
TASIKMALAYA,2025-06-22,2.7,23.8
TASIKMALAYA,2025-06-23,4.7,24.0
TASIKMALAYA,2025-06-24,2.7,24.1
TASIKMALAYA,2025-06-25,4.5,23.7
TASIKMALAYA,2025-06-26,2.9,23.9
TASIKMALAYA,2025-06-27,4.0,23.8
TASIKMALAYA,2025-06-28,34.8,22.0
TASIKMALAYA,2025-06-29,5.9,23.2
TASIKMALAYA,2025-06-30,7.4,23.7
TASIKMALAYA,2025-07-01,10.5,23.5
TASIKMALAYA,2025-07-02,5.1,23.6
TASIKMALAYA,2025-07-03,3.7,23.6
TASIKMALAYA,2025-07-04,9.0,22.8
TASIKMALAYA,2025-07-05,12.0,23.5
TASIKMALAYA,2025-07-06,7.2,23.1
TASIKMALAYA,2025-07-07,7.4,23.6
TASIKMALAYA,2025-07-08,7.7,23.9
TASIKMALAYA,2025-07-09,2.7,22.9
TASIKMALAYA,2025-07-10,0.0,22.2
TASIKMALAYA,2025-07-11,0.0,22.5
TASIKMALAYA,2025-07-12,0.4,22.6
TASIKMALAYA,2025-07-13,12.5,22.8
TASIKMALAYA,2025-07-14,5.5,23.2
TASIKMALAYA,2025-07-15,5.7,22.9
TASIKMALAYA,2025-07-16,4.0,23.7
TASIKMALAYA,2025-07-17,0.5,23.3
TASIKMALAYA,2025-07-18,0.6,22.4
TASIKMALAYA,2025-07-19,0.1,22.5
TASIKMALAYA,2025-07-20,0.2,22.5
TASIKMALAYA,2025-07-21,0.0,22.0
TASIKMALAYA,2025-07-22,0.3,22.4
TASIKMALAYA,2025-07-23,6.3,23.3
TASIKMALAYA,2025-07-24,3.7,23.7
TASIKMALAYA,2025-07-25,2.8,23.8
TASIKMALAYA,2025-07-26,1.9,24.6
TASIKMALAYA,2025-07-27,8.4,23.9
TASIKMALAYA,2025-07-28,12.7,22.7
TASIKMALAYA,2025-07-29,23.1,22.5
TASIKMALAYA,2025-07-30,14.6,22.6
TASIKMALAYA,2025-07-31,3.4,23.5
TASIKMALAYA,2025-08-01,1.8,24.5
TASIKMALAYA,2025-08-02,1.6,25.0
TASIKMALAYA,2025-08-03,18.0,23.8
TASIKMALAYA,2025-08-04,20.6,23.5
TASIKMALAYA,2025-08-05,5.4,23.7
TASIKMALAYA,2025-08-06,0.7,24.1
TASIKMALAYA,2025-08-07,0.9,23.9
TASIKMALAYA,2025-08-08,2.1,24.8
TASIKMALAYA,2025-08-09,9.1,24.4
TASIKMALAYA,2025-08-10,6.2,23.8
TASIKMALAYA,2025-08-11,15.4,23.0
TASIKMALAYA,2025-08-12,30.1,22.4
TASIKMALAYA,2025-08-13,17.5,22.8
TASIKMALAYA,2025-08-14,18.3,22.3
TASIKMALAYA,2025-08-15,0.5,22.5
TASIKMALAYA,2025-08-16,2.4,23.6
TASIKMALAYA,2025-08-17,0.7,24.8
TASIKMALAYA,2025-08-18,10.9,24.3
TASIKMALAYA,2025-08-19,18.5,22.8
TASIKMALAYA,2025-08-20,8.7,23.5
TASIKMALAYA,2025-08-21,5.8,23.6
TASIKMALAYA,2025-08-22,8.6,24.1
TASIKMALAYA,2025-08-23,0.7,24.5
TASIKMALAYA,2025-08-24,2.6,24.3
TASIKMALAYA,2025-08-25,5.7,23.3
TASIKMALAYA,2025-08-26,1.7,22.9
TASIKMALAYA,2025-08-27,19.2,22.0
TASIKMALAYA,2025-08-28,18.0,22.2
TASIKMALAYA,2025-08-29,21.4,21.5
TASIKMALAYA,2025-08-30,30.6,22.5
TASIKMALAYA,2025-08-31,10.0,23.1
TASIKMALAYA,2025-09-01,3.2,24.2
TASIKMALAYA,2025-09-02,4.5,24.5
TASIKMALAYA,2025-09-03,1.5,25.1
TASIKMALAYA,2025-09-04,8.2,24.8
TASIKMALAYA,2025-09-05,8.6,23.9
TASIKMALAYA,2025-09-06,3.6,23.2
TASIKMALAYA,2025-09-07,4.4,22.4
TASIKMALAYA,2025-09-08,6.9,23.2
TASIKMALAYA,2025-09-09,16.2,22.7
TASIKMALAYA,2025-09-10,24.8,23.0
TASIKMALAYA,2025-09-11,37.8,23.0
TASIKMALAYA,2025-09-12,9.5,23.1
TASIKMALAYA,2025-09-13,0.9,24.1
TASIKMALAYA,2025-09-14,2.9,23.6
TASIKMALAYA,2025-09-15,2.0,23.1
TASIKMALAYA,2025-09-16,9.1,23.0
TASIKMALAYA,2025-09-17,17.5,22.8
TASIKMALAYA,2025-09-18,4.3,23.4
TASIKMALAYA,2025-09-19,21.7,23.5
TASIKMALAYA,2025-09-20,6.8,24.3
TASIKMALAYA,2025-09-21,6.6,24.8
TASIKMALAYA,2025-09-22,4.5,24.4
TASIKMALAYA,2025-09-23,0.0,24.7
TASIKMALAYA,2025-09-24,0.7,24.1
TASIKMALAYA,2025-09-25,14.6,23.5
TASIKMALAYA,2025-09-26,4.9,24.2
TASIKMALAYA,2025-09-27,2.4,24.6
TASIKMALAYA,2025-09-28,4.8,24.5
TASIKMALAYA,2025-09-29,17.4,23.7
TASIKMALAYA,2025-09-30,13.3,23.6
TASIKMALAYA,2025-10-01,8.3,24.4
TASIKMALAYA,2025-10-02,19.5,24.2
TASIKMALAYA,2025-10-03,0.0,24.9
TASIKMALAYA,2025-10-04,0.0,24.9
TASIKMALAYA,2025-10-05,0.9,24.0
TASIKMALAYA,2025-10-06,4.7,24.7
TASIKMALAYA,2025-10-07,2.8,25.3
TASIKMALAYA,2025-10-08,2.7,23.8
TASIKMALAYA,2025-10-09,2.5,23.4
TASIKMALAYA,2025-10-10,10.2,23.6
TASIKMALAYA,2025-10-11,18.5,23.9
TASIKMALAYA,2025-10-12,5.9,24.9
TASIKMALAYA,2025-10-13,12.8,24.6
TASIKMALAYA,2025-10-14,4.1,25.5
TASIKMALAYA,2025-10-15,1.9,25.4
TASIKMALAYA,2025-10-16,9.2,24.9
TASIKMALAYA,2025-10-17,5.5,25.0
TASIKMALAYA,2025-10-18,2.2,25.1
TASIKMALAYA,2025-10-19,10.7,24.6
TASIKMALAYA,2025-10-20,10.4,24.9
TASIKMALAYA,2025-10-21,14.0,24.4
TASIKMALAYA,2025-10-22,15.3,23.8
TASIKMALAYA,2025-10-23,6.4,23.6
TASIKMALAYA,2025-10-24,23.1,22.7
TASIKMALAYA,2025-10-25,3.2,24.1
TASIKMALAYA,2025-10-26,17.7,23.3
TASIKMALAYA,2025-10-27,8.4,23.8
TASIKMALAYA,2025-10-28,16.9,22.8
TASIKMALAYA,2025-10-29,2.0,24.1
TASIKMALAYA,2025-10-30,19.6,23.9
TASIKMALAYA,2025-10-31,20.4,23.8
TASIKMALAYA,2025-11-01,23.0,23.9
TASIKMALAYA,2025-11-02,12.3,24.5
TASIKMALAYA,2025-11-03,18.8,23.7
TASIKMALAYA,2025-11-04,9.8,24.1
TASIKMALAYA,2025-11-05,6.0,24.0
TASIKMALAYA,2025-11-06,20.1,23.9
TASIKMALAYA,2025-11-07,20.0,24.3
TASIKMALAYA,2025-11-08,20.5,23.8
TASIKMALAYA,2025-11-09,6.5,24.0
TASIKMALAYA,2025-11-10,5.5,24.5
TASIKMALAYA,2025-11-11,31.5,23.1
TASIKMALAYA,2025-11-12,6.1,23.8
TASIKMALAYA,2025-11-13,10.5,23.7
TASIKMALAYA,2025-11-14,21.1,23.4
TASIKMALAYA,2025-11-15,16.8,24.1
TASIKMALAYA,2025-11-16,4.0,24.8
TASIKMALAYA,2025-11-17,11.8,24.3
TASIKMALAYA,2025-11-18,28.5,24.1
TASIKMALAYA,2025-11-19,33.7,23.9
TASIKMALAYA,2025-11-20,32.7,24.2
TASIKMALAYA,2025-11-21,0.4,24.4
TASIKMALAYA,2025-11-22,2.2,24.1
TASIKMALAYA,2025-11-23,25.4,24.1
TASIKMALAYA,2025-11-24,0.7,24.4
TASIKMALAYA,2025-11-25,0.4,24.5
TASIKMALAYA,2025-11-26,6.3,24.3
TASIKMALAYA,2025-11-27,1.0,24.8
TASIKMALAYA,2025-11-28,1.4,24.4
TASIKMALAYA,2025-11-29,1.5,24.0
TASIKMALAYA,2025-11-30,5.9,23.8
TASIKMALAYA,2025-12-01,3.5,24.1
TASIKMALAYA,2025-12-02,14.6,24.7
TASIKMALAYA,2025-12-03,17.0,24.3
TASIKMALAYA,2025-12-04,33.5,23.4
TASIKMALAYA,2025-12-05,13.2,23.4
TASIKMALAYA,2025-12-06,2.5,23.6
TASIKMALAYA,2025-12-07,3.7,24.2
TASIKMALAYA,2025-12-08,8.2,23.3
TASIKMALAYA,2025-12-09,1.1,23.8
TASIKMALAYA,2025-12-10,8.6,24.5
TASIKMALAYA,2025-12-11,0.9,25.0
TASIKMALAYA,2025-12-12,0.0,24.8
TASIKMALAYA,2025-12-13,1.0,25.0
TASIKMALAYA,2025-12-14,0.5,24.9
TASIKMALAYA,2025-12-15,0.0,25.1
TASIKMALAYA,2025-12-16,0.0,24.7
TASIKMALAYA,2025-12-17,15.7,24.0
TASIKMALAYA,2025-12-18,12.7,24.0
TASIKMALAYA,2025-12-19,1.0,24.6
TASIKMALAYA,2025-12-20,16.9,24.0
TASIKMALAYA,2025-12-21,35.3,23.9
TASIKMALAYA,2025-12-22,13.3,24.1
TASIKMALAYA,2025-12-23,4.8,25.0
TASIKMALAYA,2025-12-24,9.6,24.6
TASIKMALAYA,2025-12-25,6.8,24.5
TASIKMALAYA,2025-12-26,6.5,24.9
TASIKMALAYA,2025-12-27,5.7,25.0
TASIKMALAYA,2025-12-28,1.4,25.2
TASIKMALAYA,2025-12-29,4.2,24.6
TASIKMALAYA,2025-12-30,29.8,24.1
TASIKMALAYA,2025-12-31,17.8,24.5
TASIKMALAYA,2026-01-01,26.7,23.7
TASIKMALAYA,2026-01-02,19.6,24.0
TASIKMALAYA,2026-01-03,18.8,23.4
TASIKMALAYA,2026-01-04,28.6,23.6
TASIKMALAYA,2026-01-05,1.3,25.1
TASIKMALAYA,2026-01-06,2.6,25.0
TASIKMALAYA,2026-01-07,10.4,24.3
TASIKMALAYA,2026-01-08,0.0,25.6
TASIKMALAYA,2026-01-09,3.2,24.6
TASIKMALAYA,2026-01-10,7.1,24.0
TASIKMALAYA,2026-01-11,33.0,22.5
TASIKMALAYA,2026-01-12,5.9,23.0
TASIKMALAYA,2026-01-13,3.6,24.1
TASIKMALAYA,2026-01-14,10.5,24.6
TASIKMALAYA,2026-01-15,7.8,23.2
TASIKMALAYA,2026-01-16,0.8,24.3
TASIKMALAYA,2026-01-17,19.8,24.2
TASIKMALAYA,2026-01-18,8.5,23.1
TASIKMALAYA,2026-01-19,32.0,23.7
TASIKMALAYA,2026-01-20,6.0,24.3
TASIKMALAYA,2026-01-21,4.9,23.6
TASIKMALAYA,2026-01-22,10.8,23.2
TASIKMALAYA,2026-01-23,3.6,24.3
TASIKMALAYA,2026-01-24,0.2,25.0
TASIKMALAYA,2026-01-25,5.9,24.6
TASIKMALAYA,2026-01-26,19.7,24.3
TASIKMALAYA,2026-01-27,24.3,23.8
TASIKMALAYA,2026-01-28,28.9,23.1
TASIKMALAYA,2026-01-29,20.5,23.6
TASIKMALAYA,2026-01-30,5.7,24.2
TASIKMALAYA,2026-01-31,1.6,24.8
TASIKMALAYA,2026-02-01,3.6,24.0
TASIKMALAYA,2026-02-02,10.8,23.6
TASIKMALAYA,2026-02-03,12.0,23.4
TASIKMALAYA,2026-02-04,10.9,23.5
TASIKMALAYA,2026-02-05,4.2,24.4
TASIKMALAYA,2026-02-06,1.3,24.3
TASIKMALAYA,2026-02-07,15.1,23.8
TASIKMALAYA,2026-02-08,2.0,23.8
TASIKMALAYA,2026-02-09,6.9,23.8
TASIKMALAYA,2026-02-10,10.3,23.6
TASIKMALAYA,2026-02-11,7.1,24.0
TASIKMALAYA,2026-02-12,7.7,24.3
TASIKMALAYA,2026-02-13,16.2,24.2
TASIKMALAYA,2026-02-14,18.8,24.2
TASIKMALAYA,2026-02-15,22.0,24.6
TASIKMALAYA,2026-02-16,31.3,24.2
TASIKMALAYA,2026-02-17,6.0,24.6
TASIKMALAYA,2026-02-18,1.6,24.2
TASIKMALAYA,2026-02-19,22.7,24.0
TASIKMALAYA,2026-02-20,0.6,25.1
TASIKMALAYA,2026-02-21,23.8,24.0
TASIKMALAYA,2026-02-22,21.3,23.8
TASIKMALAYA,2026-02-23,47.7,23.2
TASIKMALAYA,2026-02-24,2.1,23.6
TASIKMALAYA,2026-02-25,1.9,24.8
TASIKMALAYA,2026-02-26,0.3,24.7
TASIKMALAYA,2026-02-27,7.1,24.0
TASIKMALAYA,2026-02-28,9.3,23.9
TASIKMALAYA,2026-03-01,3.6,24.3
TASIKMALAYA,2026-03-02,13.9,24.3
TASIKMALAYA,2026-03-03,8.4,24.3
TASIKMALAYA,2026-03-04,4.3,24.1
TASIKMALAYA,2026-03-05,14.9,24.0
TASIKMALAYA,2026-03-06,2.1,24.3
TASIKMALAYA,2026-03-07,22.5,22.9
TASIKMALAYA,2026-03-08,3.3,24.4
TASIKMALAYA,2026-03-09,10.5,23.8
TASIKMALAYA,2026-03-10,4.9,24.5
TASIKMALAYA,2026-03-11,4.2,24.5
TASIKMALAYA,2026-03-12,1.0,24.7
TASIKMALAYA,2026-03-13,0.1,24.7
TASIKMALAYA,2026-03-14,1.5,24.3
TASIKMALAYA,2026-03-15,24.6,23.8
TASIKMALAYA,2026-03-16,7.9,24.1
TASIKMALAYA,2026-03-17,1.4,24.9
TASIKMALAYA,2026-03-18,0.0,25.1
TASIKMALAYA,2026-03-19,3.6,24.4
TASIKMALAYA,2026-03-20,0.3,24.9
TASIKMALAYA,2026-03-21,3.2,24.2
TASIKMALAYA,2026-03-22,0.3,24.8
TASIKMALAYA,2026-03-23,1.5,24.2
TASIKMALAYA,2026-03-24,1.6,24.5
TASIKMALAYA,2026-03-25,2.2,24.2
TASIKMALAYA,2026-03-26,6.7,24.3
TASIKMALAYA,2026-03-27,11.3,23.8
TASIKMALAYA,2026-03-28,38.4,23.9
TASIKMALAYA,2026-03-29,3.2,25.2
TASIKMALAYA,2026-03-30,10.4,23.8
TASIKMALAYA,2026-03-31,1.7,24.7
SUMEDANG,2025-03-15,16.5,23.3
SUMEDANG,2025-03-16,15.0,23.2
SUMEDANG,2025-03-17,27.3,23.1
SUMEDANG,2025-03-18,4.4,23.7
SUMEDANG,2025-03-19,1.9,24.2
SUMEDANG,2025-03-20,11.7,24.1
SUMEDANG,2025-03-21,2.8,24.6
SUMEDANG,2025-03-22,22.6,23.9
SUMEDANG,2025-03-23,4.3,24.1
SUMEDANG,2025-03-24,3.4,24.3
SUMEDANG,2025-03-25,3.4,24.3
SUMEDANG,2025-03-26,7.8,23.9
SUMEDANG,2025-03-27,5.1,24.5
SUMEDANG,2025-03-28,34.8,23.8
SUMEDANG,2025-03-29,2.9,24.3
SUMEDANG,2025-03-30,7.5,24.7
SUMEDANG,2025-03-31,5.8,23.8
SUMEDANG,2025-04-01,9.7,22.9
SUMEDANG,2025-04-02,38.7,22.9
SUMEDANG,2025-04-03,15.0,23.5
SUMEDANG,2025-04-04,12.5,23.3
SUMEDANG,2025-04-05,18.1,23.3
SUMEDANG,2025-04-06,9.4,23.8
SUMEDANG,2025-04-07,5.8,24.7
SUMEDANG,2025-04-08,1.1,24.4
SUMEDANG,2025-04-09,2.9,24.6
SUMEDANG,2025-04-10,11.6,24.3
SUMEDANG,2025-04-11,14.5,24.3
SUMEDANG,2025-04-12,7.6,23.6
SUMEDANG,2025-04-13,23.2,23.9
SUMEDANG,2025-04-14,29.7,23.7
SUMEDANG,2025-04-15,9.2,23.8
SUMEDANG,2025-04-16,1.6,24.6
SUMEDANG,2025-04-17,0.3,24.1
SUMEDANG,2025-04-18,6.7,23.8
SUMEDANG,2025-04-19,6.8,24.4
SUMEDANG,2025-04-20,32.2,23.7
SUMEDANG,2025-04-21,4.3,24.1
SUMEDANG,2025-04-22,12.2,24.2
SUMEDANG,2025-04-23,16.2,23.7
SUMEDANG,2025-04-24,9.5,23.5
SUMEDANG,2025-04-25,8.6,23.7
SUMEDANG,2025-04-26,16.3,23.4
SUMEDANG,2025-04-27,1.1,24.4
SUMEDANG,2025-04-28,0.3,24.6
SUMEDANG,2025-04-29,1.6,23.6
SUMEDANG,2025-04-30,0.5,24.0
SUMEDANG,2025-05-01,1.9,24.4
SUMEDANG,2025-05-02,2.1,24.0
SUMEDANG,2025-05-03,13.3,24.0
SUMEDANG,2025-05-04,12.0,23.8
SUMEDANG,2025-05-05,3.1,24.8
SUMEDANG,2025-05-06,0.4,24.5
SUMEDANG,2025-05-07,8.8,24.0
SUMEDANG,2025-05-08,3.9,24.4
SUMEDANG,2025-05-09,4.6,24.4
SUMEDANG,2025-05-10,14.2,24.4
SUMEDANG,2025-05-11,29.6,24.1
SUMEDANG,2025-05-12,11.7,24.6
SUMEDANG,2025-05-13,4.5,24.1
SUMEDANG,2025-05-14,4.4,24.4
SUMEDANG,2025-05-15,6.5,24.2
SUMEDANG,2025-05-16,19.5,24.0
SUMEDANG,2025-05-17,12.0,23.8
SUMEDANG,2025-05-18,15.2,24.0
SUMEDANG,2025-05-19,17.7,23.8
SUMEDANG,2025-05-20,0.0,24.6
SUMEDANG,2025-05-21,14.0,23.6
SUMEDANG,2025-05-22,5.4,23.4
SUMEDANG,2025-05-23,34.5,22.8
SUMEDANG,2025-05-24,7.7,23.8
SUMEDANG,2025-05-25,4.3,24.3
SUMEDANG,2025-05-26,22.5,23.6
SUMEDANG,2025-05-27,0.6,24.4
SUMEDANG,2025-05-28,4.1,24.6
SUMEDANG,2025-05-29,15.8,24.5
SUMEDANG,2025-05-30,0.5,24.8
SUMEDANG,2025-05-31,6.3,24.9
SUMEDANG,2025-06-01,0.8,23.8
SUMEDANG,2025-06-02,0.1,24.7
SUMEDANG,2025-06-03,1.7,24.3
SUMEDANG,2025-06-04,0.1,25.1
SUMEDANG,2025-06-05,0.7,24.8
SUMEDANG,2025-06-06,10.3,24.0
SUMEDANG,2025-06-07,0.3,24.2
SUMEDANG,2025-06-08,0.0,24.3
SUMEDANG,2025-06-09,1.5,23.9
SUMEDANG,2025-06-10,10.0,23.6
SUMEDANG,2025-06-11,5.6,23.3
SUMEDANG,2025-06-12,2.9,24.3
SUMEDANG,2025-06-13,0.0,24.9
SUMEDANG,2025-06-14,2.1,24.2
SUMEDANG,2025-06-15,1.3,25.1
SUMEDANG,2025-06-16,1.0,24.5
SUMEDANG,2025-06-17,11.5,23.9
SUMEDANG,2025-06-18,7.0,23.2
SUMEDANG,2025-06-19,0.3,23.3
SUMEDANG,2025-06-20,5.9,23.5
SUMEDANG,2025-06-21,6.4,23.0
SUMEDANG,2025-06-22,2.5,23.7
SUMEDANG,2025-06-23,0.3,23.8
SUMEDANG,2025-06-24,0.4,23.7
SUMEDANG,2025-06-25,1.9,23.5
SUMEDANG,2025-06-26,0.0,24.2
SUMEDANG,2025-06-27,0.6,24.1
SUMEDANG,2025-06-28,8.4,23.0
SUMEDANG,2025-06-29,2.8,23.0
SUMEDANG,2025-06-30,4.4,23.8
SUMEDANG,2025-07-01,23.8,23.3
SUMEDANG,2025-07-02,14.4,23.5
SUMEDANG,2025-07-03,2.6,23.5
SUMEDANG,2025-07-04,0.3,23.9
SUMEDANG,2025-07-05,13.6,23.2
SUMEDANG,2025-07-06,2.6,23.1
SUMEDANG,2025-07-07,15.2,23.1
SUMEDANG,2025-07-08,2.0,23.9
SUMEDANG,2025-07-09,0.0,23.6
SUMEDANG,2025-07-10,0.0,22.6
SUMEDANG,2025-07-11,0.0,22.9
SUMEDANG,2025-07-12,0.0,23.7
SUMEDANG,2025-07-13,1.1,24.4
SUMEDANG,2025-07-14,1.5,24.2
SUMEDANG,2025-07-15,1.5,24.0
SUMEDANG,2025-07-16,1.1,24.3
SUMEDANG,2025-07-17,0.0,24.4
SUMEDANG,2025-07-18,0.0,23.7
SUMEDANG,2025-07-19,0.0,23.9
SUMEDANG,2025-07-20,0.0,23.8
SUMEDANG,2025-07-21,0.0,23.5
SUMEDANG,2025-07-22,0.0,23.0
SUMEDANG,2025-07-23,0.0,23.5
SUMEDANG,2025-07-24,0.4,24.1
SUMEDANG,2025-07-25,0.8,24.4
SUMEDANG,2025-07-26,0.0,24.6
SUMEDANG,2025-07-27,2.1,24.0
SUMEDANG,2025-07-28,1.1,24.0
SUMEDANG,2025-07-29,0.1,24.5
SUMEDANG,2025-07-30,0.9,24.7
SUMEDANG,2025-07-31,1.3,24.6
SUMEDANG,2025-08-01,0.0,24.4
SUMEDANG,2025-08-02,0.0,24.4
SUMEDANG,2025-08-03,1.1,24.0
SUMEDANG,2025-08-04,28.8,23.4
SUMEDANG,2025-08-05,3.7,23.7
SUMEDANG,2025-08-06,1.4,24.0
SUMEDANG,2025-08-07,0.4,24.8
SUMEDANG,2025-08-08,2.0,24.3
SUMEDANG,2025-08-09,5.3,23.8
SUMEDANG,2025-08-10,1.6,24.1
SUMEDANG,2025-08-11,14.0,23.3
SUMEDANG,2025-08-12,19.7,22.1
SUMEDANG,2025-08-13,4.8,22.9
SUMEDANG,2025-08-14,7.0,22.7
SUMEDANG,2025-08-15,0.1,23.5
SUMEDANG,2025-08-16,0.4,23.9
SUMEDANG,2025-08-17,0.0,23.9
SUMEDANG,2025-08-18,0.2,24.5
SUMEDANG,2025-08-19,7.0,22.5
SUMEDANG,2025-08-20,9.3,23.5
SUMEDANG,2025-08-21,5.1,23.7
SUMEDANG,2025-08-22,5.5,23.7
SUMEDANG,2025-08-23,2.3,24.5
SUMEDANG,2025-08-24,0.5,25.0
SUMEDANG,2025-08-25,2.2,23.6
SUMEDANG,2025-08-26,0.0,23.8
SUMEDANG,2025-08-27,0.9,24.1
SUMEDANG,2025-08-28,1.7,24.7
SUMEDANG,2025-08-29,3.4,24.3
SUMEDANG,2025-08-30,6.2,24.8
SUMEDANG,2025-08-31,2.0,24.4
SUMEDANG,2025-09-01,2.0,24.9
SUMEDANG,2025-09-02,0.2,24.5
SUMEDANG,2025-09-03,0.0,24.9
SUMEDANG,2025-09-04,0.0,25.1
SUMEDANG,2025-09-05,0.2,25.1
SUMEDANG,2025-09-06,0.0,25.0
SUMEDANG,2025-09-07,0.0,24.4
SUMEDANG,2025-09-08,0.1,24.6
SUMEDANG,2025-09-09,2.9,24.2
SUMEDANG,2025-09-10,13.2,24.1
SUMEDANG,2025-09-11,23.9,23.3
SUMEDANG,2025-09-12,9.5,23.8
SUMEDANG,2025-09-13,0.1,24.8
SUMEDANG,2025-09-14,0.0,24.8
SUMEDANG,2025-09-15,0.9,24.7
SUMEDANG,2025-09-16,3.9,24.4
SUMEDANG,2025-09-17,8.4,23.6
SUMEDANG,2025-09-18,1.0,23.4
SUMEDANG,2025-09-19,3.5,24.4
SUMEDANG,2025-09-20,26.8,23.6
SUMEDANG,2025-09-21,3.9,23.8
SUMEDANG,2025-09-22,0.0,25.1
SUMEDANG,2025-09-23,0.0,25.8
SUMEDANG,2025-09-24,0.7,25.0
SUMEDANG,2025-09-25,1.4,24.8
SUMEDANG,2025-09-26,1.1,25.2
SUMEDANG,2025-09-27,0.1,25.7
SUMEDANG,2025-09-28,0.1,26.2
SUMEDANG,2025-09-29,6.0,25.0
SUMEDANG,2025-09-30,2.8,25.2
SUMEDANG,2025-10-01,15.4,23.9
SUMEDANG,2025-10-02,15.6,23.5
SUMEDANG,2025-10-03,0.0,25.4
SUMEDANG,2025-10-04,0.0,25.8
SUMEDANG,2025-10-05,0.1,25.0
SUMEDANG,2025-10-06,0.1,25.4
SUMEDANG,2025-10-07,1.2,25.7
SUMEDANG,2025-10-08,0.6,25.3
SUMEDANG,2025-10-09,0.8,25.1
SUMEDANG,2025-10-10,1.7,25.3
SUMEDANG,2025-10-11,3.1,24.7
SUMEDANG,2025-10-12,0.0,25.9
SUMEDANG,2025-10-13,1.0,25.8
SUMEDANG,2025-10-14,0.1,26.4
SUMEDANG,2025-10-15,0.9,26.2
SUMEDANG,2025-10-16,0.0,26.5
SUMEDANG,2025-10-17,0.8,25.9
SUMEDANG,2025-10-18,2.7,26.1
SUMEDANG,2025-10-19,8.7,25.7
SUMEDANG,2025-10-20,3.0,26.3
SUMEDANG,2025-10-21,11.3,24.9
SUMEDANG,2025-10-22,18.7,23.8
SUMEDANG,2025-10-23,42.7,23.9
SUMEDANG,2025-10-24,44.9,23.3
SUMEDANG,2025-10-25,0.7,24.0
SUMEDANG,2025-10-26,25.9,23.3
SUMEDANG,2025-10-27,9.1,23.8
SUMEDANG,2025-10-28,7.3,22.8
SUMEDANG,2025-10-29,2.8,23.8
SUMEDANG,2025-10-30,17.2,23.8
SUMEDANG,2025-10-31,12.4,24.1
SUMEDANG,2025-11-01,10.1,24.4
SUMEDANG,2025-11-02,8.4,24.6
SUMEDANG,2025-11-03,7.5,24.0
SUMEDANG,2025-11-04,6.9,24.2
SUMEDANG,2025-11-05,1.9,24.6
SUMEDANG,2025-11-06,9.8,24.2
SUMEDANG,2025-11-07,9.0,24.5
SUMEDANG,2025-11-08,9.1,24.3
SUMEDANG,2025-11-09,1.3,24.5
SUMEDANG,2025-11-10,9.4,24.4
SUMEDANG,2025-11-11,25.1,23.4
SUMEDANG,2025-11-12,31.2,23.4
SUMEDANG,2025-11-13,12.2,23.1
SUMEDANG,2025-11-14,7.7,23.3
SUMEDANG,2025-11-15,4.9,24.8
SUMEDANG,2025-11-16,17.9,23.7
SUMEDANG,2025-11-17,11.2,23.8
SUMEDANG,2025-11-18,8.1,23.6
SUMEDANG,2025-11-19,23.2,23.8
SUMEDANG,2025-11-20,14.7,23.6
SUMEDANG,2025-11-21,17.3,24.0
SUMEDANG,2025-11-22,1.4,24.2
SUMEDANG,2025-11-23,14.1,23.8
SUMEDANG,2025-11-24,3.8,24.2
SUMEDANG,2025-11-25,0.8,24.8
SUMEDANG,2025-11-26,1.6,25.1
SUMEDANG,2025-11-27,0.8,24.6
SUMEDANG,2025-11-28,1.4,24.6
SUMEDANG,2025-11-29,1.3,24.3
SUMEDANG,2025-11-30,4.8,24.0
SUMEDANG,2025-12-01,2.7,24.0
SUMEDANG,2025-12-02,8.7,24.3
SUMEDANG,2025-12-03,18.4,24.2
SUMEDANG,2025-12-04,14.6,22.9
SUMEDANG,2025-12-05,25.7,23.8
SUMEDANG,2025-12-06,4.6,23.6
SUMEDANG,2025-12-07,7.8,24.0
SUMEDANG,2025-12-08,22.6,23.5
SUMEDANG,2025-12-09,2.8,23.4
SUMEDANG,2025-12-10,6.7,24.1
SUMEDANG,2025-12-11,8.2,23.8
SUMEDANG,2025-12-12,6.7,24.2
SUMEDANG,2025-12-13,4.9,24.3
SUMEDANG,2025-12-14,13.5,23.8
SUMEDANG,2025-12-15,6.3,24.4
SUMEDANG,2025-12-16,10.4,24.1
SUMEDANG,2025-12-17,34.8,23.9
SUMEDANG,2025-12-18,5.7,23.9
SUMEDANG,2025-12-19,14.1,23.7
SUMEDANG,2025-12-20,21.3,23.5
SUMEDANG,2025-12-21,5.0,23.6
SUMEDANG,2025-12-22,6.3,23.9
SUMEDANG,2025-12-23,13.6,24.4
SUMEDANG,2025-12-24,5.8,24.9
SUMEDANG,2025-12-25,9.0,24.7
SUMEDANG,2025-12-26,22.2,24.2
SUMEDANG,2025-12-27,22.4,24.2
SUMEDANG,2025-12-28,26.2,24.4
SUMEDANG,2025-12-29,12.8,24.0
SUMEDANG,2025-12-30,16.2,23.6
SUMEDANG,2025-12-31,14.5,22.6
SUMEDANG,2026-01-01,7.3,23.7
SUMEDANG,2026-01-02,7.7,23.4
SUMEDANG,2026-01-03,12.2,22.5
SUMEDANG,2026-01-04,8.6,23.4
SUMEDANG,2026-01-05,4.1,23.8
SUMEDANG,2026-01-06,4.9,24.1
SUMEDANG,2026-01-07,13.5,23.9
SUMEDANG,2026-01-08,4.5,23.8
SUMEDANG,2026-01-09,9.9,23.2
SUMEDANG,2026-01-10,18.4,23.4
SUMEDANG,2026-01-11,15.8,22.5
SUMEDANG,2026-01-12,12.3,21.7
SUMEDANG,2026-01-13,25.7,23.0
SUMEDANG,2026-01-14,37.3,23.1
SUMEDANG,2026-01-15,23.2,22.7
SUMEDANG,2026-01-16,12.6,23.3
SUMEDANG,2026-01-17,13.2,22.8
SUMEDANG,2026-01-18,59.8,22.5
SUMEDANG,2026-01-19,10.0,23.4
SUMEDANG,2026-01-20,20.7,23.5
SUMEDANG,2026-01-21,5.8,22.8
SUMEDANG,2026-01-22,20.5,21.9
SUMEDANG,2026-01-23,19.9,22.1
SUMEDANG,2026-01-24,4.8,23.0
SUMEDANG,2026-01-25,0.6,23.8
SUMEDANG,2026-01-26,4.1,23.6
SUMEDANG,2026-01-27,2.3,23.0
SUMEDANG,2026-01-28,12.1,22.4
SUMEDANG,2026-01-29,20.2,22.3
SUMEDANG,2026-01-30,5.7,23.0
SUMEDANG,2026-01-31,11.6,23.5
SUMEDANG,2026-02-01,9.8,22.9
SUMEDANG,2026-02-02,11.3,22.7
SUMEDANG,2026-02-03,22.9,23.1
SUMEDANG,2026-02-04,18.9,22.9
SUMEDANG,2026-02-05,15.1,23.0
SUMEDANG,2026-02-06,3.0,23.4
SUMEDANG,2026-02-07,2.9,22.9
SUMEDANG,2026-02-08,1.3,23.2
SUMEDANG,2026-02-09,10.3,22.7
SUMEDANG,2026-02-10,12.8,22.9
SUMEDANG,2026-02-11,17.4,23.1
SUMEDANG,2026-02-12,13.1,23.2
SUMEDANG,2026-02-13,5.6,23.1
SUMEDANG,2026-02-14,7.7,23.7
SUMEDANG,2026-02-15,5.2,23.6
SUMEDANG,2026-02-16,6.5,23.2
SUMEDANG,2026-02-17,6.4,23.7
SUMEDANG,2026-02-18,5.1,22.8
SUMEDANG,2026-02-19,17.2,22.9
SUMEDANG,2026-02-20,11.0,22.9
SUMEDANG,2026-02-21,2.7,24.0
SUMEDANG,2026-02-22,14.1,23.0
SUMEDANG,2026-02-23,24.5,22.9
SUMEDANG,2026-02-24,1.6,23.5
SUMEDANG,2026-02-25,10.0,24.1
SUMEDANG,2026-02-26,8.2,24.1
SUMEDANG,2026-02-27,10.2,23.9
SUMEDANG,2026-02-28,4.7,24.0
SUMEDANG,2026-03-01,2.5,23.7
SUMEDANG,2026-03-02,8.8,23.9
SUMEDANG,2026-03-03,12.1,23.9
SUMEDANG,2026-03-04,37.0,23.8
SUMEDANG,2026-03-05,32.5,24.4
SUMEDANG,2026-03-06,27.5,23.6
SUMEDANG,2026-03-07,9.8,23.1
SUMEDANG,2026-03-08,12.8,22.7
SUMEDANG,2026-03-09,2.0,23.8
SUMEDANG,2026-03-10,4.7,24.0
SUMEDANG,2026-03-11,8.8,23.6
SUMEDANG,2026-03-12,6.7,23.8
SUMEDANG,2026-03-13,4.6,23.3
SUMEDANG,2026-03-14,5.9,23.9
SUMEDANG,2026-03-15,0.8,24.5
SUMEDANG,2026-03-16,1.6,24.5
SUMEDANG,2026-03-17,7.5,24.3
SUMEDANG,2026-03-18,13.2,23.9
SUMEDANG,2026-03-19,9.7,23.8
SUMEDANG,2026-03-20,16.5,23.7
SUMEDANG,2026-03-21,6.9,24.2
SUMEDANG,2026-03-22,7.3,23.4
SUMEDANG,2026-03-23,1.2,24.2
SUMEDANG,2026-03-24,2.3,23.6
SUMEDANG,2026-03-25,6.2,23.8
SUMEDANG,2026-03-26,9.0,22.9
SUMEDANG,2026-03-27,4.4,23.0
SUMEDANG,2026-03-28,11.0,23.7
SUMEDANG,2026-03-29,5.1,24.2
SUMEDANG,2026-03-30,7.2,23.6
SUMEDANG,2026-03-31,10.1,24.0
CIANJUR,2025-03-15,11.5,23.3
CIANJUR,2025-03-16,3.5,23.4
CIANJUR,2025-03-17,42.7,23.0
CIANJUR,2025-03-18,28.5,23.0
CIANJUR,2025-03-19,20.9,23.9
CIANJUR,2025-03-20,1.4,24.3
CIANJUR,2025-03-21,7.3,24.3
CIANJUR,2025-03-22,1.2,24.3
CIANJUR,2025-03-23,5.7,23.9
CIANJUR,2025-03-24,7.1,23.9
CIANJUR,2025-03-25,11.0,24.2
CIANJUR,2025-03-26,15.1,23.4
CIANJUR,2025-03-27,21.6,23.5
CIANJUR,2025-03-28,26.2,23.3
CIANJUR,2025-03-29,0.2,24.3
CIANJUR,2025-03-30,0.1,25.3
CIANJUR,2025-03-31,0.4,25.4
CIANJUR,2025-04-01,52.2,22.7
CIANJUR,2025-04-02,25.0,22.9
CIANJUR,2025-04-03,41.0,23.0
CIANJUR,2025-04-04,12.4,23.1
CIANJUR,2025-04-05,32.0,22.9
CIANJUR,2025-04-06,15.0,23.2
CIANJUR,2025-04-07,1.4,24.5
CIANJUR,2025-04-08,0.3,23.9
CIANJUR,2025-04-09,2.5,23.6
CIANJUR,2025-04-10,4.4,23.7
CIANJUR,2025-04-11,3.4,23.5
CIANJUR,2025-04-12,29.2,23.0
CIANJUR,2025-04-13,61.1,23.2
CIANJUR,2025-04-14,4.4,24.3
CIANJUR,2025-04-15,10.4,23.2
CIANJUR,2025-04-16,1.5,24.2
CIANJUR,2025-04-17,1.0,23.9
CIANJUR,2025-04-18,11.4,23.6
CIANJUR,2025-04-19,28.7,24.0
CIANJUR,2025-04-20,16.3,23.7
CIANJUR,2025-04-21,0.4,23.5
CIANJUR,2025-04-22,0.0,24.5
CIANJUR,2025-04-23,3.2,24.3
CIANJUR,2025-04-24,2.8,24.1
CIANJUR,2025-04-25,3.0,23.7
CIANJUR,2025-04-26,5.6,23.6
CIANJUR,2025-04-27,2.0,24.2
CIANJUR,2025-04-28,0.1,24.2
CIANJUR,2025-04-29,0.4,24.2
CIANJUR,2025-04-30,0.4,24.0
CIANJUR,2025-05-01,0.4,24.3
CIANJUR,2025-05-02,0.6,24.6
CIANJUR,2025-05-03,2.0,24.4
CIANJUR,2025-05-04,13.9,23.4
CIANJUR,2025-05-05,0.5,24.1
CIANJUR,2025-05-06,0.4,24.4
CIANJUR,2025-05-07,8.3,23.5
CIANJUR,2025-05-08,1.9,24.0
CIANJUR,2025-05-09,2.4,24.4
CIANJUR,2025-05-10,16.9,24.5
CIANJUR,2025-05-11,4.6,24.3
CIANJUR,2025-05-12,0.3,24.3
CIANJUR,2025-05-13,42.3,23.7
CIANJUR,2025-05-14,13.4,23.7
CIANJUR,2025-05-15,13.2,23.8
CIANJUR,2025-05-16,27.6,24.3
CIANJUR,2025-05-17,23.2,23.6
CIANJUR,2025-05-18,19.5,23.6
CIANJUR,2025-05-19,0.1,24.2
CIANJUR,2025-05-20,0.6,24.6
CIANJUR,2025-05-21,12.9,23.3
CIANJUR,2025-05-22,9.5,23.2
CIANJUR,2025-05-23,35.1,22.6
CIANJUR,2025-05-24,12.5,23.1
CIANJUR,2025-05-25,36.8,23.1
CIANJUR,2025-05-26,51.8,22.6
CIANJUR,2025-05-27,0.3,24.3
CIANJUR,2025-05-28,1.4,24.7
CIANJUR,2025-05-29,3.3,24.4
CIANJUR,2025-05-30,0.7,24.7
CIANJUR,2025-05-31,2.8,24.3
CIANJUR,2025-06-01,0.0,23.3
CIANJUR,2025-06-02,0.0,24.1
CIANJUR,2025-06-03,0.6,23.4
CIANJUR,2025-06-04,0.4,24.2
CIANJUR,2025-06-05,0.2,24.4
CIANJUR,2025-06-06,3.0,23.9
CIANJUR,2025-06-07,0.2,24.4
CIANJUR,2025-06-08,0.0,24.5
CIANJUR,2025-06-09,1.0,23.3
CIANJUR,2025-06-10,3.3,23.4
CIANJUR,2025-06-11,2.3,23.2
CIANJUR,2025-06-12,1.0,24.1
CIANJUR,2025-06-13,0.0,24.3
CIANJUR,2025-06-14,0.5,24.1
CIANJUR,2025-06-15,0.0,24.0
CIANJUR,2025-06-16,0.0,24.5
CIANJUR,2025-06-17,1.7,24.0
CIANJUR,2025-06-18,9.4,22.4
CIANJUR,2025-06-19,6.5,22.5
CIANJUR,2025-06-20,10.8,22.7
CIANJUR,2025-06-21,3.4,23.1
CIANJUR,2025-06-22,0.7,23.3
CIANJUR,2025-06-23,5.3,23.0
CIANJUR,2025-06-24,2.4,22.5
CIANJUR,2025-06-25,3.0,23.0
CIANJUR,2025-06-26,0.0,23.9
CIANJUR,2025-06-27,0.5,23.9
CIANJUR,2025-06-28,6.0,22.4
CIANJUR,2025-06-29,1.7,22.4
CIANJUR,2025-06-30,1.5,23.3
CIANJUR,2025-07-01,9.0,22.8
CIANJUR,2025-07-02,3.4,23.4
CIANJUR,2025-07-03,3.3,23.0
CIANJUR,2025-07-04,3.5,23.3
CIANJUR,2025-07-05,25.2,22.6
CIANJUR,2025-07-06,6.3,22.8
CIANJUR,2025-07-07,1.1,22.9
CIANJUR,2025-07-08,1.8,23.4
CIANJUR,2025-07-09,1.9,23.9
CIANJUR,2025-07-10,2.2,23.1
CIANJUR,2025-07-11,2.0,23.3
CIANJUR,2025-07-12,0.0,23.0
CIANJUR,2025-07-13,1.4,23.6
CIANJUR,2025-07-14,1.7,23.4
CIANJUR,2025-07-15,0.2,24.5
CIANJUR,2025-07-16,2.5,23.9
CIANJUR,2025-07-17,0.0,23.9
CIANJUR,2025-07-18,0.0,23.7
CIANJUR,2025-07-19,0.0,23.6
CIANJUR,2025-07-20,0.0,23.4
CIANJUR,2025-07-21,0.0,23.9
CIANJUR,2025-07-22,0.0,22.6
CIANJUR,2025-07-23,0.0,22.8
CIANJUR,2025-07-24,0.1,23.8
CIANJUR,2025-07-25,0.0,24.2
CIANJUR,2025-07-26,0.0,24.5
CIANJUR,2025-07-27,4.4,23.8
CIANJUR,2025-07-28,0.4,23.8
CIANJUR,2025-07-29,1.4,24.3
CIANJUR,2025-07-30,5.8,24.4
CIANJUR,2025-07-31,0.0,24.7
CIANJUR,2025-08-01,0.0,24.3
CIANJUR,2025-08-02,0.0,24.2
CIANJUR,2025-08-03,1.4,24.1
CIANJUR,2025-08-04,4.8,23.4
CIANJUR,2025-08-05,1.8,23.5
CIANJUR,2025-08-06,2.6,24.1
CIANJUR,2025-08-07,0.7,24.2
CIANJUR,2025-08-08,0.4,24.0
CIANJUR,2025-08-09,1.0,23.5
CIANJUR,2025-08-10,1.8,24.3
CIANJUR,2025-08-11,1.0,23.5
CIANJUR,2025-08-12,5.3,22.4
CIANJUR,2025-08-13,6.1,23.0
CIANJUR,2025-08-14,6.2,22.5
CIANJUR,2025-08-15,0.6,23.2
CIANJUR,2025-08-16,1.0,23.4
CIANJUR,2025-08-17,0.0,24.1
CIANJUR,2025-08-18,0.9,23.8
CIANJUR,2025-08-19,1.5,22.7
CIANJUR,2025-08-20,4.0,23.6
CIANJUR,2025-08-21,0.5,23.6
CIANJUR,2025-08-22,4.5,23.5
CIANJUR,2025-08-23,2.0,24.1
CIANJUR,2025-08-24,0.5,24.1
CIANJUR,2025-08-25,4.5,22.7
CIANJUR,2025-08-26,0.0,23.9
CIANJUR,2025-08-27,0.1,23.8
CIANJUR,2025-08-28,2.6,24.1
CIANJUR,2025-08-29,0.9,24.0
CIANJUR,2025-08-30,5.4,24.2
CIANJUR,2025-08-31,12.9,23.6
CIANJUR,2025-09-01,1.9,24.7
CIANJUR,2025-09-02,0.2,24.1
CIANJUR,2025-09-03,0.0,24.6
CIANJUR,2025-09-04,0.1,24.6
CIANJUR,2025-09-05,2.4,24.1
CIANJUR,2025-09-06,0.0,24.7
CIANJUR,2025-09-07,0.0,24.3
CIANJUR,2025-09-08,0.3,24.1
CIANJUR,2025-09-09,8.5,23.7
CIANJUR,2025-09-10,6.8,23.7
CIANJUR,2025-09-11,4.6,23.5
CIANJUR,2025-09-12,26.2,23.1
CIANJUR,2025-09-13,0.0,24.4
CIANJUR,2025-09-14,0.6,24.7
CIANJUR,2025-09-15,0.0,25.3
CIANJUR,2025-09-16,2.7,24.6
CIANJUR,2025-09-17,16.8,23.5
CIANJUR,2025-09-18,0.9,23.4
CIANJUR,2025-09-19,6.8,23.4
CIANJUR,2025-09-20,13.8,23.1
CIANJUR,2025-09-21,1.4,24.1
CIANJUR,2025-09-22,0.4,25.2
CIANJUR,2025-09-23,0.1,25.4
CIANJUR,2025-09-24,0.4,25.1
CIANJUR,2025-09-25,0.8,24.7
CIANJUR,2025-09-26,2.1,25.1
CIANJUR,2025-09-27,1.2,25.4
CIANJUR,2025-09-28,1.7,25.3
CIANJUR,2025-09-29,13.2,24.1
CIANJUR,2025-09-30,7.2,24.5
CIANJUR,2025-10-01,5.9,23.9
CIANJUR,2025-10-02,7.1,23.0
CIANJUR,2025-10-03,0.0,24.9
CIANJUR,2025-10-04,0.6,26.1
CIANJUR,2025-10-05,0.7,24.8
CIANJUR,2025-10-06,0.0,25.5
CIANJUR,2025-10-07,0.4,24.8
CIANJUR,2025-10-08,0.0,25.0
CIANJUR,2025-10-09,2.2,24.9
CIANJUR,2025-10-10,4.5,25.1
CIANJUR,2025-10-11,0.2,25.3
CIANJUR,2025-10-12,0.4,25.4
CIANJUR,2025-10-13,3.9,24.5
CIANJUR,2025-10-14,0.5,25.8
CIANJUR,2025-10-15,0.3,25.7
CIANJUR,2025-10-16,0.1,26.0
CIANJUR,2025-10-17,6.3,25.3
CIANJUR,2025-10-18,1.9,25.8
CIANJUR,2025-10-19,0.8,25.6
CIANJUR,2025-10-20,2.8,25.7
CIANJUR,2025-10-21,15.5,25.0
CIANJUR,2025-10-22,9.9,24.8
CIANJUR,2025-10-23,10.2,23.9
CIANJUR,2025-10-24,13.4,23.5
CIANJUR,2025-10-25,1.2,24.0
CIANJUR,2025-10-26,26.8,23.4
CIANJUR,2025-10-27,2.3,24.2
CIANJUR,2025-10-28,6.3,22.8
CIANJUR,2025-10-29,4.2,23.7
CIANJUR,2025-10-30,9.8,23.9
CIANJUR,2025-10-31,5.1,24.0
CIANJUR,2025-11-01,2.2,24.6
CIANJUR,2025-11-02,11.9,24.1
CIANJUR,2025-11-03,19.4,23.5
CIANJUR,2025-11-04,0.4,24.5
CIANJUR,2025-11-05,1.5,23.7
CIANJUR,2025-11-06,6.4,24.2
CIANJUR,2025-11-07,4.9,24.6
CIANJUR,2025-11-08,47.0,23.3
CIANJUR,2025-11-09,3.6,24.2
CIANJUR,2025-11-10,4.8,24.4
CIANJUR,2025-11-11,38.9,23.1
CIANJUR,2025-11-12,15.0,22.7
CIANJUR,2025-11-13,2.9,23.3
CIANJUR,2025-11-14,7.9,23.2
CIANJUR,2025-11-15,6.5,24.1
CIANJUR,2025-11-16,3.0,24.2
CIANJUR,2025-11-17,0.5,24.3
CIANJUR,2025-11-18,33.1,22.7
CIANJUR,2025-11-19,36.8,22.8
CIANJUR,2025-11-20,32.9,22.9
CIANJUR,2025-11-21,3.7,24.4
CIANJUR,2025-11-22,1.4,23.9
CIANJUR,2025-11-23,5.6,23.2
CIANJUR,2025-11-24,0.0,24.3
CIANJUR,2025-11-25,0.0,24.4
CIANJUR,2025-11-26,1.3,24.3
CIANJUR,2025-11-27,0.0,24.4
CIANJUR,2025-11-28,0.0,24.7
CIANJUR,2025-11-29,3.2,24.4
CIANJUR,2025-11-30,2.6,23.9
CIANJUR,2025-12-01,0.6,24.4
CIANJUR,2025-12-02,2.5,24.1
CIANJUR,2025-12-03,15.9,23.9
CIANJUR,2025-12-04,15.9,22.3
CIANJUR,2025-12-05,19.8,23.1
CIANJUR,2025-12-06,1.6,23.4
CIANJUR,2025-12-07,11.0,24.7
CIANJUR,2025-12-08,2.8,23.8
CIANJUR,2025-12-09,1.1,24.1
CIANJUR,2025-12-10,3.2,23.8
CIANJUR,2025-12-11,6.7,23.7
CIANJUR,2025-12-12,0.5,24.7
CIANJUR,2025-12-13,0.2,25.4
CIANJUR,2025-12-14,5.7,24.1
CIANJUR,2025-12-15,0.4,24.6
CIANJUR,2025-12-16,0.9,24.6
CIANJUR,2025-12-17,1.8,24.7
CIANJUR,2025-12-18,3.8,24.2
CIANJUR,2025-12-19,14.9,23.9
CIANJUR,2025-12-20,28.4,22.9
CIANJUR,2025-12-21,6.7,23.3
CIANJUR,2025-12-22,48.1,23.3
CIANJUR,2025-12-23,23.9,23.6
CIANJUR,2025-12-24,37.9,23.6
CIANJUR,2025-12-25,1.2,25.1
CIANJUR,2025-12-26,14.5,24.7
CIANJUR,2025-12-27,1.5,24.8
CIANJUR,2025-12-28,28.5,24.5
CIANJUR,2025-12-29,1.1,24.4
CIANJUR,2025-12-30,9.7,23.7
CIANJUR,2025-12-31,58.7,22.2
CIANJUR,2026-01-01,38.9,22.6
CIANJUR,2026-01-02,23.5,22.5
CIANJUR,2026-01-03,35.2,21.8
CIANJUR,2026-01-04,34.0,22.8
CIANJUR,2026-01-05,7.1,23.7
CIANJUR,2026-01-06,8.2,24.5
CIANJUR,2026-01-07,0.0,24.9
CIANJUR,2026-01-08,3.6,24.3
CIANJUR,2026-01-09,0.7,24.1
CIANJUR,2026-01-10,8.6,22.3
CIANJUR,2026-01-11,3.8,22.5
CIANJUR,2026-01-12,3.6,22.5
CIANJUR,2026-01-13,3.4,23.2
CIANJUR,2026-01-14,4.8,23.2
CIANJUR,2026-01-15,10.0,22.6
CIANJUR,2026-01-16,2.7,23.3
CIANJUR,2026-01-17,40.1,22.3
CIANJUR,2026-01-18,22.6,22.0
CIANJUR,2026-01-19,64.1,22.8
CIANJUR,2026-01-20,33.0,22.8
CIANJUR,2026-01-21,11.3,22.1
CIANJUR,2026-01-22,46.9,21.3
CIANJUR,2026-01-23,34.7,21.7
CIANJUR,2026-01-24,2.3,23.0
CIANJUR,2026-01-25,11.0,23.2
CIANJUR,2026-01-26,25.1,23.0
CIANJUR,2026-01-27,23.7,23.0
CIANJUR,2026-01-28,130.4,22.1
CIANJUR,2026-01-29,37.2,22.0
CIANJUR,2026-01-30,10.5,22.3
CIANJUR,2026-01-31,11.4,22.9
CIANJUR,2026-02-01,26.1,22.1
CIANJUR,2026-02-02,35.3,22.3
CIANJUR,2026-02-03,17.9,22.6
CIANJUR,2026-02-04,1.5,23.2
CIANJUR,2026-02-05,2.2,23.3
CIANJUR,2026-02-06,2.3,23.6
CIANJUR,2026-02-07,15.4,22.3
CIANJUR,2026-02-08,7.1,22.5
CIANJUR,2026-02-09,30.5,22.1
CIANJUR,2026-02-10,14.1,22.8
CIANJUR,2026-02-11,6.5,23.3
CIANJUR,2026-02-12,26.9,23.2
CIANJUR,2026-02-13,20.7,22.4
CIANJUR,2026-02-14,40.7,23.3
CIANJUR,2026-02-15,19.4,22.6
CIANJUR,2026-02-16,46.5,22.4
CIANJUR,2026-02-17,17.1,23.1
CIANJUR,2026-02-18,30.8,22.5
CIANJUR,2026-02-19,42.6,22.4
CIANJUR,2026-02-20,17.0,23.0
CIANJUR,2026-02-21,45.0,23.2
CIANJUR,2026-02-22,50.7,22.4
CIANJUR,2026-02-23,25.0,22.0
CIANJUR,2026-02-24,6.4,23.1
CIANJUR,2026-02-25,0.2,24.3
CIANJUR,2026-02-26,0.6,24.6
CIANJUR,2026-02-27,3.1,23.7
CIANJUR,2026-02-28,10.1,23.0
CIANJUR,2026-03-01,6.4,23.4
CIANJUR,2026-03-02,45.2,23.2
CIANJUR,2026-03-03,8.5,23.5
CIANJUR,2026-03-04,3.5,23.3
CIANJUR,2026-03-05,3.1,23.9
CIANJUR,2026-03-06,4.9,23.5
CIANJUR,2026-03-07,21.2,22.2
CIANJUR,2026-03-08,30.7,22.1
CIANJUR,2026-03-09,31.6,22.7
CIANJUR,2026-03-10,0.4,24.4
CIANJUR,2026-03-11,0.0,24.6
CIANJUR,2026-03-12,0.0,24.8
CIANJUR,2026-03-13,0.0,24.4
CIANJUR,2026-03-14,0.0,24.3
CIANJUR,2026-03-15,8.1,23.9
CIANJUR,2026-03-16,4.1,23.9
CIANJUR,2026-03-17,3.4,24.4
CIANJUR,2026-03-18,0.0,25.0
CIANJUR,2026-03-19,1.5,24.5
CIANJUR,2026-03-20,5.6,24.4
CIANJUR,2026-03-21,1.5,24.1
CIANJUR,2026-03-22,2.7,23.9
CIANJUR,2026-03-23,2.9,23.6
CIANJUR,2026-03-24,2.1,23.3
CIANJUR,2026-03-25,13.4,23.4
CIANJUR,2026-03-26,11.0,22.7
CIANJUR,2026-03-27,39.6,22.9
CIANJUR,2026-03-28,16.8,23.0
CIANJUR,2026-03-29,3.7,23.9
CIANJUR,2026-03-30,6.6,23.6
CIANJUR,2026-03-31,1.6,23.6
INDRAMAYU,2025-03-15,14.9,26.4
INDRAMAYU,2025-03-16,8.4,26.6
INDRAMAYU,2025-03-17,30.5,26.1
INDRAMAYU,2025-03-18,8.8,25.5
INDRAMAYU,2025-03-19,2.3,27.2
INDRAMAYU,2025-03-20,15.8,27.0
INDRAMAYU,2025-03-21,0.5,28.0
INDRAMAYU,2025-03-22,10.0,27.2
INDRAMAYU,2025-03-23,3.2,27.4
INDRAMAYU,2025-03-24,2.6,28.0
INDRAMAYU,2025-03-25,4.5,27.9
INDRAMAYU,2025-03-26,3.8,27.6
INDRAMAYU,2025-03-27,3.2,28.0
INDRAMAYU,2025-03-28,21.6,26.8
INDRAMAYU,2025-03-29,8.7,27.0
INDRAMAYU,2025-03-30,1.4,27.8
INDRAMAYU,2025-03-31,4.5,26.8
INDRAMAYU,2025-04-01,20.0,25.9
INDRAMAYU,2025-04-02,26.7,26.0
INDRAMAYU,2025-04-03,4.6,26.5
INDRAMAYU,2025-04-04,21.5,26.4
INDRAMAYU,2025-04-05,3.7,26.2
INDRAMAYU,2025-04-06,3.8,26.6
INDRAMAYU,2025-04-07,2.0,27.5
INDRAMAYU,2025-04-08,0.1,27.7
INDRAMAYU,2025-04-09,2.8,28.3
INDRAMAYU,2025-04-10,14.2,27.7
INDRAMAYU,2025-04-11,15.7,27.4
INDRAMAYU,2025-04-12,19.6,26.7
INDRAMAYU,2025-04-13,19.1,26.5
INDRAMAYU,2025-04-14,7.4,26.6
INDRAMAYU,2025-04-15,5.4,26.8
INDRAMAYU,2025-04-16,0.4,27.4
INDRAMAYU,2025-04-17,3.7,26.9
INDRAMAYU,2025-04-18,18.2,26.7
INDRAMAYU,2025-04-19,4.4,27.2
INDRAMAYU,2025-04-20,21.6,26.8
INDRAMAYU,2025-04-21,11.7,26.9
INDRAMAYU,2025-04-22,2.9,27.3
INDRAMAYU,2025-04-23,12.7,26.9
INDRAMAYU,2025-04-24,8.2,26.9
INDRAMAYU,2025-04-25,11.7,27.0
INDRAMAYU,2025-04-26,6.8,26.5
INDRAMAYU,2025-04-27,3.5,27.3
INDRAMAYU,2025-04-28,0.3,27.6
INDRAMAYU,2025-04-29,0.3,28.0
INDRAMAYU,2025-04-30,0.8,27.8
INDRAMAYU,2025-05-01,0.4,28.1
INDRAMAYU,2025-05-02,9.1,28.2
INDRAMAYU,2025-05-03,8.0,26.9
INDRAMAYU,2025-05-04,27.3,27.0
INDRAMAYU,2025-05-05,0.6,28.3
INDRAMAYU,2025-05-06,0.9,28.2
INDRAMAYU,2025-05-07,3.3,28.2
INDRAMAYU,2025-05-08,6.2,28.2
INDRAMAYU,2025-05-09,5.2,28.2
INDRAMAYU,2025-05-10,20.5,27.6
INDRAMAYU,2025-05-11,11.1,27.2
INDRAMAYU,2025-05-12,12.0,27.6
INDRAMAYU,2025-05-13,10.9,26.9
INDRAMAYU,2025-05-14,6.8,27.2
INDRAMAYU,2025-05-15,12.2,27.7
INDRAMAYU,2025-05-16,27.0,26.9
INDRAMAYU,2025-05-17,4.8,27.5
INDRAMAYU,2025-05-18,2.4,27.7
INDRAMAYU,2025-05-19,1.0,27.6
INDRAMAYU,2025-05-20,0.0,28.2
INDRAMAYU,2025-05-21,5.8,27.2
INDRAMAYU,2025-05-22,33.0,26.4
INDRAMAYU,2025-05-23,69.8,25.0
INDRAMAYU,2025-05-24,5.4,26.9
INDRAMAYU,2025-05-25,4.1,26.8
INDRAMAYU,2025-05-26,6.2,27.0
INDRAMAYU,2025-05-27,0.3,28.3
INDRAMAYU,2025-05-28,0.8,28.2
INDRAMAYU,2025-05-29,6.9,28.0
INDRAMAYU,2025-05-30,0.0,28.1
INDRAMAYU,2025-05-31,0.5,28.1
INDRAMAYU,2025-06-01,1.2,27.0
INDRAMAYU,2025-06-02,0.1,28.0
INDRAMAYU,2025-06-03,1.1,27.4
INDRAMAYU,2025-06-04,0.1,28.4
INDRAMAYU,2025-06-05,0.2,28.8
INDRAMAYU,2025-06-06,5.7,27.6
INDRAMAYU,2025-06-07,2.6,28.0
INDRAMAYU,2025-06-08,0.0,27.7
INDRAMAYU,2025-06-09,0.0,27.8
INDRAMAYU,2025-06-10,1.0,27.7
INDRAMAYU,2025-06-11,4.6,26.8
INDRAMAYU,2025-06-12,0.0,28.7
INDRAMAYU,2025-06-13,0.0,29.1
INDRAMAYU,2025-06-14,1.9,27.9
INDRAMAYU,2025-06-15,0.7,28.8
INDRAMAYU,2025-06-16,0.6,29.2
INDRAMAYU,2025-06-17,2.8,27.9
INDRAMAYU,2025-06-18,10.0,26.1
INDRAMAYU,2025-06-19,0.5,26.2
INDRAMAYU,2025-06-20,0.9,27.8
INDRAMAYU,2025-06-21,0.4,27.1
INDRAMAYU,2025-06-22,4.2,27.5
INDRAMAYU,2025-06-23,13.2,27.4
INDRAMAYU,2025-06-24,0.6,27.6
INDRAMAYU,2025-06-25,0.6,27.8
INDRAMAYU,2025-06-26,0.0,28.2
INDRAMAYU,2025-06-27,0.0,28.3
INDRAMAYU,2025-06-28,2.9,27.4
INDRAMAYU,2025-06-29,0.7,26.5
INDRAMAYU,2025-06-30,6.3,27.8
INDRAMAYU,2025-07-01,3.5,27.0
INDRAMAYU,2025-07-02,9.4,27.8
INDRAMAYU,2025-07-03,0.5,26.6
INDRAMAYU,2025-07-04,0.0,27.7
INDRAMAYU,2025-07-05,10.2,27.0
INDRAMAYU,2025-07-06,2.5,26.3
INDRAMAYU,2025-07-07,3.6,26.4
INDRAMAYU,2025-07-08,0.0,27.2
INDRAMAYU,2025-07-09,0.0,27.4
INDRAMAYU,2025-07-10,0.0,26.9
INDRAMAYU,2025-07-11,0.0,26.7
INDRAMAYU,2025-07-12,0.0,27.4
INDRAMAYU,2025-07-13,0.6,28.2
INDRAMAYU,2025-07-14,0.5,28.2
INDRAMAYU,2025-07-15,0.0,28.7
INDRAMAYU,2025-07-16,3.5,28.5
INDRAMAYU,2025-07-17,0.0,28.0
INDRAMAYU,2025-07-18,0.2,27.9
INDRAMAYU,2025-07-19,0.0,28.2
INDRAMAYU,2025-07-20,0.0,27.9
INDRAMAYU,2025-07-21,0.0,27.6
INDRAMAYU,2025-07-22,0.0,27.1
INDRAMAYU,2025-07-23,0.0,27.7
INDRAMAYU,2025-07-24,0.0,28.3
INDRAMAYU,2025-07-25,0.0,28.3
INDRAMAYU,2025-07-26,0.0,28.5
INDRAMAYU,2025-07-27,3.9,28.5
INDRAMAYU,2025-07-28,0.2,28.3
INDRAMAYU,2025-07-29,0.1,28.8
INDRAMAYU,2025-07-30,0.0,29.1
INDRAMAYU,2025-07-31,0.0,28.7
INDRAMAYU,2025-08-01,0.0,28.4
INDRAMAYU,2025-08-02,0.0,28.5
INDRAMAYU,2025-08-03,3.1,28.8
INDRAMAYU,2025-08-04,2.0,27.5
INDRAMAYU,2025-08-05,2.3,27.5
INDRAMAYU,2025-08-06,0.2,28.0
INDRAMAYU,2025-08-07,7.6,28.1
INDRAMAYU,2025-08-08,3.3,27.0
INDRAMAYU,2025-08-09,0.7,27.9
INDRAMAYU,2025-08-10,0.0,28.0
INDRAMAYU,2025-08-11,1.9,27.9
INDRAMAYU,2025-08-12,5.2,25.0
INDRAMAYU,2025-08-13,0.3,26.8
INDRAMAYU,2025-08-14,1.0,27.7
INDRAMAYU,2025-08-15,0.0,27.4
INDRAMAYU,2025-08-16,0.0,27.5
INDRAMAYU,2025-08-17,0.5,28.5
INDRAMAYU,2025-08-18,5.1,28.5
INDRAMAYU,2025-08-19,16.1,25.6
INDRAMAYU,2025-08-20,0.0,26.6
INDRAMAYU,2025-08-21,7.4,26.9
INDRAMAYU,2025-08-22,2.3,27.2
INDRAMAYU,2025-08-23,0.8,28.0
INDRAMAYU,2025-08-24,0.0,27.9
INDRAMAYU,2025-08-25,7.5,26.2
INDRAMAYU,2025-08-26,0.0,26.9
INDRAMAYU,2025-08-27,0.6,28.0
INDRAMAYU,2025-08-28,0.6,28.6
INDRAMAYU,2025-08-29,2.5,27.7
INDRAMAYU,2025-08-30,0.5,28.2
INDRAMAYU,2025-08-31,1.1,28.7
INDRAMAYU,2025-09-01,0.5,28.9
INDRAMAYU,2025-09-02,0.6,28.9
INDRAMAYU,2025-09-03,0.3,28.9
INDRAMAYU,2025-09-04,0.1,29.0
INDRAMAYU,2025-09-05,0.0,29.2
INDRAMAYU,2025-09-06,0.0,29.6
INDRAMAYU,2025-09-07,0.0,28.9
INDRAMAYU,2025-09-08,0.0,28.6
INDRAMAYU,2025-09-09,0.0,29.3
INDRAMAYU,2025-09-10,1.9,28.9
INDRAMAYU,2025-09-11,5.8,26.7
INDRAMAYU,2025-09-12,0.6,28.0
INDRAMAYU,2025-09-13,0.0,28.8
INDRAMAYU,2025-09-14,0.1,29.0
INDRAMAYU,2025-09-15,0.1,29.6
INDRAMAYU,2025-09-16,1.2,29.2
INDRAMAYU,2025-09-17,9.9,27.6
INDRAMAYU,2025-09-18,5.8,26.0
INDRAMAYU,2025-09-19,0.2,28.8
INDRAMAYU,2025-09-20,1.7,28.6
INDRAMAYU,2025-09-21,0.6,29.4
INDRAMAYU,2025-09-22,0.0,29.6
INDRAMAYU,2025-09-23,0.0,30.0
INDRAMAYU,2025-09-24,0.0,29.7
INDRAMAYU,2025-09-25,0.3,29.7
INDRAMAYU,2025-09-26,0.1,30.0
INDRAMAYU,2025-09-27,0.1,30.2
INDRAMAYU,2025-09-28,1.4,30.0
INDRAMAYU,2025-09-29,4.0,29.9
INDRAMAYU,2025-09-30,1.4,29.0
INDRAMAYU,2025-10-01,4.7,28.2
INDRAMAYU,2025-10-02,14.5,28.0
INDRAMAYU,2025-10-03,0.0,29.3
INDRAMAYU,2025-10-04,0.0,29.5
INDRAMAYU,2025-10-05,0.0,29.3
INDRAMAYU,2025-10-06,0.8,29.4
INDRAMAYU,2025-10-07,8.1,29.0
INDRAMAYU,2025-10-08,0.7,30.6
INDRAMAYU,2025-10-09,0.5,30.3
INDRAMAYU,2025-10-10,0.0,30.0
INDRAMAYU,2025-10-11,0.0,30.2
INDRAMAYU,2025-10-12,0.0,30.5
INDRAMAYU,2025-10-13,0.2,30.7
INDRAMAYU,2025-10-14,0.0,30.6
INDRAMAYU,2025-10-15,0.7,30.6
INDRAMAYU,2025-10-16,0.2,30.9
INDRAMAYU,2025-10-17,0.4,30.9
INDRAMAYU,2025-10-18,1.0,29.5
INDRAMAYU,2025-10-19,2.7,29.8
INDRAMAYU,2025-10-20,0.3,31.2
INDRAMAYU,2025-10-21,14.9,29.6
INDRAMAYU,2025-10-22,22.3,27.0
INDRAMAYU,2025-10-23,9.1,27.2
INDRAMAYU,2025-10-24,17.0,26.7
INDRAMAYU,2025-10-25,0.6,27.2
INDRAMAYU,2025-10-26,17.8,27.0
INDRAMAYU,2025-10-27,14.4,27.9
INDRAMAYU,2025-10-28,12.0,25.8
INDRAMAYU,2025-10-29,3.7,27.6
INDRAMAYU,2025-10-30,6.8,27.7
INDRAMAYU,2025-10-31,5.8,28.0
INDRAMAYU,2025-11-01,12.2,27.7
INDRAMAYU,2025-11-02,3.1,28.5
INDRAMAYU,2025-11-03,21.3,27.2
INDRAMAYU,2025-11-04,21.3,27.3
INDRAMAYU,2025-11-05,2.6,28.8
INDRAMAYU,2025-11-06,7.2,28.0
INDRAMAYU,2025-11-07,18.3,27.3
INDRAMAYU,2025-11-08,7.4,27.3
INDRAMAYU,2025-11-09,5.8,28.7
INDRAMAYU,2025-11-10,6.0,28.3
INDRAMAYU,2025-11-11,25.2,26.5
INDRAMAYU,2025-11-12,11.1,26.6
INDRAMAYU,2025-11-13,8.3,26.2
INDRAMAYU,2025-11-14,4.2,27.2
INDRAMAYU,2025-11-15,4.9,28.4
INDRAMAYU,2025-11-16,9.3,27.6
INDRAMAYU,2025-11-17,35.9,27.2
INDRAMAYU,2025-11-18,11.3,26.8
INDRAMAYU,2025-11-19,4.4,27.5
INDRAMAYU,2025-11-20,8.1,27.2
INDRAMAYU,2025-11-21,4.0,27.4
INDRAMAYU,2025-11-22,0.2,27.7
INDRAMAYU,2025-11-23,16.2,26.5
INDRAMAYU,2025-11-24,2.7,28.2
INDRAMAYU,2025-11-25,0.9,28.7
INDRAMAYU,2025-11-26,0.5,28.9
INDRAMAYU,2025-11-27,5.5,28.5
INDRAMAYU,2025-11-28,2.2,28.6
INDRAMAYU,2025-11-29,0.5,28.2
INDRAMAYU,2025-11-30,3.0,27.9
INDRAMAYU,2025-12-01,2.4,27.5
INDRAMAYU,2025-12-02,1.7,28.4
INDRAMAYU,2025-12-03,24.8,27.2
INDRAMAYU,2025-12-04,24.3,25.5
INDRAMAYU,2025-12-05,13.9,26.5
INDRAMAYU,2025-12-06,1.1,27.1
INDRAMAYU,2025-12-07,12.3,27.3
INDRAMAYU,2025-12-08,11.6,26.9
INDRAMAYU,2025-12-09,1.9,26.6
INDRAMAYU,2025-12-10,3.4,27.0
INDRAMAYU,2025-12-11,5.1,26.8
INDRAMAYU,2025-12-12,13.4,27.5
INDRAMAYU,2025-12-13,28.7,27.4
INDRAMAYU,2025-12-14,13.5,27.3
INDRAMAYU,2025-12-15,2.9,28.0
INDRAMAYU,2025-12-16,0.9,27.7
INDRAMAYU,2025-12-17,7.0,27.6
INDRAMAYU,2025-12-18,2.3,28.1
INDRAMAYU,2025-12-19,5.5,27.8
INDRAMAYU,2025-12-20,14.1,27.4
INDRAMAYU,2025-12-21,6.5,27.4
INDRAMAYU,2025-12-22,3.4,27.7
INDRAMAYU,2025-12-23,3.5,27.8
INDRAMAYU,2025-12-24,9.8,27.5
INDRAMAYU,2025-12-25,12.8,27.8
INDRAMAYU,2025-12-26,6.5,27.8
INDRAMAYU,2025-12-27,7.2,27.5
INDRAMAYU,2025-12-28,14.3,27.4
INDRAMAYU,2025-12-29,2.7,27.4
INDRAMAYU,2025-12-30,27.3,27.2
INDRAMAYU,2025-12-31,28.4,24.5
INDRAMAYU,2026-01-01,3.8,26.8
INDRAMAYU,2026-01-02,13.0,26.4
INDRAMAYU,2026-01-03,23.0,24.6
INDRAMAYU,2026-01-04,4.0,26.1
INDRAMAYU,2026-01-05,11.0,26.5
INDRAMAYU,2026-01-06,22.8,27.3
INDRAMAYU,2026-01-07,7.4,26.7
INDRAMAYU,2026-01-08,0.7,27.4
INDRAMAYU,2026-01-09,4.9,27.0
INDRAMAYU,2026-01-10,0.7,27.4
INDRAMAYU,2026-01-11,15.2,26.1
INDRAMAYU,2026-01-12,16.7,25.0
INDRAMAYU,2026-01-13,1.5,27.0
INDRAMAYU,2026-01-14,7.6,27.0
INDRAMAYU,2026-01-15,8.7,27.0
INDRAMAYU,2026-01-16,4.0,27.6
INDRAMAYU,2026-01-17,19.7,26.4
INDRAMAYU,2026-01-18,24.8,25.5
INDRAMAYU,2026-01-19,3.6,26.7
INDRAMAYU,2026-01-20,11.2,26.7
INDRAMAYU,2026-01-21,2.1,26.4
INDRAMAYU,2026-01-22,58.3,24.6
INDRAMAYU,2026-01-23,17.9,25.7
INDRAMAYU,2026-01-24,3.7,26.5
INDRAMAYU,2026-01-25,0.5,26.9
INDRAMAYU,2026-01-26,1.1,27.1
INDRAMAYU,2026-01-27,10.3,25.9
INDRAMAYU,2026-01-28,11.4,25.6
INDRAMAYU,2026-01-29,10.3,25.7
INDRAMAYU,2026-01-30,4.3,25.5
INDRAMAYU,2026-01-31,9.1,26.4
INDRAMAYU,2026-02-01,10.3,26.1
INDRAMAYU,2026-02-02,8.1,25.7
INDRAMAYU,2026-02-03,4.4,26.5
INDRAMAYU,2026-02-04,5.0,26.7
INDRAMAYU,2026-02-05,3.7,27.0
INDRAMAYU,2026-02-06,5.5,27.3
INDRAMAYU,2026-02-07,2.3,27.1
INDRAMAYU,2026-02-08,1.5,27.1
INDRAMAYU,2026-02-09,5.5,25.9
INDRAMAYU,2026-02-10,2.8,26.8
INDRAMAYU,2026-02-11,14.7,26.3
INDRAMAYU,2026-02-12,15.5,26.0
INDRAMAYU,2026-02-13,2.5,25.7
INDRAMAYU,2026-02-14,4.0,26.8
INDRAMAYU,2026-02-15,10.0,26.9
INDRAMAYU,2026-02-16,10.6,26.6
INDRAMAYU,2026-02-17,4.0,27.5
INDRAMAYU,2026-02-18,19.2,25.2
INDRAMAYU,2026-02-19,23.3,25.7
INDRAMAYU,2026-02-20,9.4,25.1
INDRAMAYU,2026-02-21,3.9,26.5
INDRAMAYU,2026-02-22,9.2,25.9
INDRAMAYU,2026-02-23,35.9,25.1
INDRAMAYU,2026-02-24,0.1,26.7
INDRAMAYU,2026-02-25,2.2,27.1
INDRAMAYU,2026-02-26,0.4,27.5
INDRAMAYU,2026-02-27,0.5,27.0
INDRAMAYU,2026-02-28,2.1,27.5
INDRAMAYU,2026-03-01,0.5,27.6
INDRAMAYU,2026-03-02,10.1,27.2
INDRAMAYU,2026-03-03,2.2,28.0
INDRAMAYU,2026-03-04,2.1,28.0
INDRAMAYU,2026-03-05,3.5,28.5
INDRAMAYU,2026-03-06,2.2,27.7
INDRAMAYU,2026-03-07,2.7,27.2
INDRAMAYU,2026-03-08,15.0,25.0
INDRAMAYU,2026-03-09,3.1,27.3
INDRAMAYU,2026-03-10,28.7,26.8
INDRAMAYU,2026-03-11,7.2,26.5
INDRAMAYU,2026-03-12,9.0,26.8
INDRAMAYU,2026-03-13,1.8,26.6
INDRAMAYU,2026-03-14,5.8,26.9
INDRAMAYU,2026-03-15,7.2,27.2
INDRAMAYU,2026-03-16,2.7,27.2
INDRAMAYU,2026-03-17,8.9,27.4
INDRAMAYU,2026-03-18,3.2,26.9
INDRAMAYU,2026-03-19,1.1,27.0
INDRAMAYU,2026-03-20,6.6,27.0
INDRAMAYU,2026-03-21,9.0,26.6
INDRAMAYU,2026-03-22,0.7,26.9
INDRAMAYU,2026-03-23,2.7,27.2
INDRAMAYU,2026-03-24,8.3,26.4
INDRAMAYU,2026-03-25,3.0,26.8
INDRAMAYU,2026-03-26,7.4,25.5
INDRAMAYU,2026-03-27,9.1,25.5
INDRAMAYU,2026-03-28,13.9,26.4
INDRAMAYU,2026-03-29,2.9,27.4
INDRAMAYU,2026-03-30,10.1,26.5
INDRAMAYU,2026-03-31,7.6,27.3
SUKABUMI,2025-03-15,21.7,21.3
SUKABUMI,2025-03-16,5.0,21.4
SUKABUMI,2025-03-17,22.7,22.3
SUKABUMI,2025-03-18,13.2,22.7
SUKABUMI,2025-03-19,9.6,22.3
SUKABUMI,2025-03-20,0.9,22.9
SUKABUMI,2025-03-21,1.7,23.8
SUKABUMI,2025-03-22,2.3,22.2
SUKABUMI,2025-03-23,2.6,23.3
SUKABUMI,2025-03-24,3.2,23.2
SUKABUMI,2025-03-25,1.2,24.0
SUKABUMI,2025-03-26,8.8,23.0
SUKABUMI,2025-03-27,3.9,23.5
SUKABUMI,2025-03-28,15.7,21.7
SUKABUMI,2025-03-29,3.4,22.0
SUKABUMI,2025-03-30,0.2,22.6
SUKABUMI,2025-03-31,0.0,22.8
SUKABUMI,2025-04-01,11.5,21.3
SUKABUMI,2025-04-02,10.1,21.7
SUKABUMI,2025-04-03,16.6,21.9
SUKABUMI,2025-04-04,1.3,22.1
SUKABUMI,2025-04-05,5.8,22.1
SUKABUMI,2025-04-06,14.2,22.1
SUKABUMI,2025-04-07,0.1,23.0
SUKABUMI,2025-04-08,1.9,22.8
SUKABUMI,2025-04-09,1.2,23.2
SUKABUMI,2025-04-10,16.4,22.5
SUKABUMI,2025-04-11,14.4,22.6
SUKABUMI,2025-04-12,34.7,22.0
SUKABUMI,2025-04-13,30.2,21.6
SUKABUMI,2025-04-14,6.7,21.9
SUKABUMI,2025-04-15,10.6,22.0
SUKABUMI,2025-04-16,0.6,22.9
SUKABUMI,2025-04-17,0.4,22.7
SUKABUMI,2025-04-18,12.8,22.0
SUKABUMI,2025-04-19,5.0,22.7
SUKABUMI,2025-04-20,2.8,22.3
SUKABUMI,2025-04-21,0.9,21.8
SUKABUMI,2025-04-22,0.9,22.7
SUKABUMI,2025-04-23,13.1,21.6
SUKABUMI,2025-04-24,3.9,21.7
SUKABUMI,2025-04-25,3.7,22.2
SUKABUMI,2025-04-26,18.5,22.1
SUKABUMI,2025-04-27,9.0,22.7
SUKABUMI,2025-04-28,0.3,23.0
SUKABUMI,2025-04-29,1.1,22.6
SUKABUMI,2025-04-30,0.6,23.3
SUKABUMI,2025-05-01,1.1,22.9
SUKABUMI,2025-05-02,0.8,22.9
SUKABUMI,2025-05-03,2.9,22.5
SUKABUMI,2025-05-04,10.1,22.3
SUKABUMI,2025-05-05,2.0,22.7
SUKABUMI,2025-05-06,3.3,22.9
SUKABUMI,2025-05-07,23.1,22.7
SUKABUMI,2025-05-08,36.2,22.5
SUKABUMI,2025-05-09,0.8,22.6
SUKABUMI,2025-05-10,0.6,23.0
SUKABUMI,2025-05-11,3.6,22.8
SUKABUMI,2025-05-12,1.5,22.3
SUKABUMI,2025-05-13,11.9,22.5
SUKABUMI,2025-05-14,19.0,22.3
SUKABUMI,2025-05-15,2.4,22.8
SUKABUMI,2025-05-16,2.8,22.9
SUKABUMI,2025-05-17,9.6,22.1
SUKABUMI,2025-05-18,0.7,22.8
SUKABUMI,2025-05-19,0.2,22.8
SUKABUMI,2025-05-20,1.2,23.6
SUKABUMI,2025-05-21,52.7,22.3
SUKABUMI,2025-05-22,40.8,22.1
SUKABUMI,2025-05-23,31.3,21.8
SUKABUMI,2025-05-24,17.6,21.9
SUKABUMI,2025-05-25,32.9,21.9
SUKABUMI,2025-05-26,22.8,22.2
SUKABUMI,2025-05-27,3.2,22.6
SUKABUMI,2025-05-28,1.4,23.1
SUKABUMI,2025-05-29,1.1,23.0
SUKABUMI,2025-05-30,0.0,23.5
SUKABUMI,2025-05-31,0.0,23.0
SUKABUMI,2025-06-01,0.0,22.3
SUKABUMI,2025-06-02,0.0,22.8
SUKABUMI,2025-06-03,1.2,22.6
SUKABUMI,2025-06-04,8.3,22.4
SUKABUMI,2025-06-05,2.6,22.7
SUKABUMI,2025-06-06,16.6,22.1
SUKABUMI,2025-06-07,0.2,22.8
SUKABUMI,2025-06-08,0.5,22.5
SUKABUMI,2025-06-09,0.5,22.8
SUKABUMI,2025-06-10,13.3,22.1
SUKABUMI,2025-06-11,6.7,22.5
SUKABUMI,2025-06-12,0.3,23.5
SUKABUMI,2025-06-13,0.6,23.4
SUKABUMI,2025-06-14,0.1,23.2
SUKABUMI,2025-06-15,8.4,23.0
SUKABUMI,2025-06-16,4.5,23.3
SUKABUMI,2025-06-17,5.9,22.5
SUKABUMI,2025-06-18,44.9,21.4
SUKABUMI,2025-06-19,8.3,21.5
SUKABUMI,2025-06-20,20.9,21.6
SUKABUMI,2025-06-21,35.1,21.5
SUKABUMI,2025-06-22,0.6,22.6
SUKABUMI,2025-06-23,1.2,22.2
SUKABUMI,2025-06-24,3.4,22.1
SUKABUMI,2025-06-25,5.7,21.8
SUKABUMI,2025-06-26,0.8,22.9
SUKABUMI,2025-06-27,1.0,23.0
SUKABUMI,2025-06-28,4.8,21.9
SUKABUMI,2025-06-29,1.0,21.6
SUKABUMI,2025-06-30,2.0,22.4
SUKABUMI,2025-07-01,11.0,21.6
SUKABUMI,2025-07-02,2.4,22.2
SUKABUMI,2025-07-03,2.9,22.1
SUKABUMI,2025-07-04,32.5,21.7
SUKABUMI,2025-07-05,13.3,21.8
SUKABUMI,2025-07-06,7.8,21.5
SUKABUMI,2025-07-07,30.4,21.8
SUKABUMI,2025-07-08,3.5,22.6
SUKABUMI,2025-07-09,1.3,21.9
SUKABUMI,2025-07-10,0.0,21.3
SUKABUMI,2025-07-11,7.7,21.8
SUKABUMI,2025-07-12,2.2,22.3
SUKABUMI,2025-07-13,1.9,22.3
SUKABUMI,2025-07-14,7.8,22.2
SUKABUMI,2025-07-15,1.1,22.2
SUKABUMI,2025-07-16,1.7,22.5
SUKABUMI,2025-07-17,1.0,22.7
SUKABUMI,2025-07-18,0.8,21.9
SUKABUMI,2025-07-19,0.0,21.8
SUKABUMI,2025-07-20,0.0,21.7
SUKABUMI,2025-07-21,0.0,22.4
SUKABUMI,2025-07-22,0.0,21.7
SUKABUMI,2025-07-23,0.0,21.8
SUKABUMI,2025-07-24,1.0,22.2
SUKABUMI,2025-07-25,5.2,22.7
SUKABUMI,2025-07-26,1.3,23.5
SUKABUMI,2025-07-27,11.9,22.6
SUKABUMI,2025-07-28,12.3,21.8
SUKABUMI,2025-07-29,4.2,22.6
SUKABUMI,2025-07-30,5.5,22.6
SUKABUMI,2025-07-31,2.3,23.3
SUKABUMI,2025-08-01,5.8,23.6
SUKABUMI,2025-08-02,1.5,23.6
SUKABUMI,2025-08-03,22.3,22.4
SUKABUMI,2025-08-04,10.6,22.2
SUKABUMI,2025-08-05,16.2,21.8
SUKABUMI,2025-08-06,4.6,22.9
SUKABUMI,2025-08-07,1.8,22.7
SUKABUMI,2025-08-08,2.1,22.7
SUKABUMI,2025-08-09,7.0,22.0
SUKABUMI,2025-08-10,3.2,22.7
SUKABUMI,2025-08-11,13.1,21.6
SUKABUMI,2025-08-12,17.6,21.2
SUKABUMI,2025-08-13,22.2,21.4
SUKABUMI,2025-08-14,33.1,20.8
SUKABUMI,2025-08-15,4.3,20.9
SUKABUMI,2025-08-16,3.8,22.2
SUKABUMI,2025-08-17,1.1,22.7
SUKABUMI,2025-08-18,8.4,22.2
SUKABUMI,2025-08-19,31.3,20.8
SUKABUMI,2025-08-20,5.4,22.0
SUKABUMI,2025-08-21,6.8,21.6
SUKABUMI,2025-08-22,6.0,22.0
SUKABUMI,2025-08-23,2.5,22.0
SUKABUMI,2025-08-24,3.9,22.4
SUKABUMI,2025-08-25,10.0,21.7
SUKABUMI,2025-08-26,0.6,21.8
SUKABUMI,2025-08-27,0.9,21.7
SUKABUMI,2025-08-28,1.9,21.6
SUKABUMI,2025-08-29,6.6,21.4
SUKABUMI,2025-08-30,24.0,21.6
SUKABUMI,2025-08-31,24.8,21.7
SUKABUMI,2025-09-01,3.2,22.7
SUKABUMI,2025-09-02,2.9,22.8
SUKABUMI,2025-09-03,1.4,23.4
SUKABUMI,2025-09-04,2.9,22.9
SUKABUMI,2025-09-05,18.8,21.7
SUKABUMI,2025-09-06,0.4,22.0
SUKABUMI,2025-09-07,0.1,21.6
SUKABUMI,2025-09-08,21.9,21.7
SUKABUMI,2025-09-09,26.3,21.7
SUKABUMI,2025-09-10,9.8,22.1
SUKABUMI,2025-09-11,21.2,21.6
SUKABUMI,2025-09-12,39.2,21.0
SUKABUMI,2025-09-13,4.7,22.3
SUKABUMI,2025-09-14,3.1,22.6
SUKABUMI,2025-09-15,2.2,22.2
SUKABUMI,2025-09-16,8.5,22.1
SUKABUMI,2025-09-17,6.4,22.1
SUKABUMI,2025-09-18,1.5,22.3
SUKABUMI,2025-09-19,17.3,22.3
SUKABUMI,2025-09-20,13.4,22.5
SUKABUMI,2025-09-21,21.4,23.0
SUKABUMI,2025-09-22,1.9,23.6
SUKABUMI,2025-09-23,6.5,23.4
SUKABUMI,2025-09-24,1.0,22.9
SUKABUMI,2025-09-25,1.7,22.7
SUKABUMI,2025-09-26,7.7,23.0
SUKABUMI,2025-09-27,5.4,23.2
SUKABUMI,2025-09-28,1.5,23.2
SUKABUMI,2025-09-29,20.1,21.9
SUKABUMI,2025-09-30,19.9,22.1
SUKABUMI,2025-10-01,8.3,22.2
SUKABUMI,2025-10-02,4.9,22.0
SUKABUMI,2025-10-03,8.9,23.4
SUKABUMI,2025-10-04,2.1,23.5
SUKABUMI,2025-10-05,6.1,22.8
SUKABUMI,2025-10-06,3.5,23.2
SUKABUMI,2025-10-07,1.0,22.6
SUKABUMI,2025-10-08,5.0,22.3
SUKABUMI,2025-10-09,2.1,22.5
SUKABUMI,2025-10-10,5.0,22.1
SUKABUMI,2025-10-11,7.0,22.3
SUKABUMI,2025-10-12,1.3,23.7
SUKABUMI,2025-10-13,2.5,23.5
SUKABUMI,2025-10-14,2.1,24.0
SUKABUMI,2025-10-15,2.0,24.2
SUKABUMI,2025-10-16,5.4,23.8
SUKABUMI,2025-10-17,18.9,23.4
SUKABUMI,2025-10-18,4.3,23.4
SUKABUMI,2025-10-19,7.6,23.0
SUKABUMI,2025-10-20,6.5,23.6
SUKABUMI,2025-10-21,12.4,22.9
SUKABUMI,2025-10-22,12.6,22.9
SUKABUMI,2025-10-23,18.5,21.5
SUKABUMI,2025-10-24,18.3,21.1
SUKABUMI,2025-10-25,3.3,21.7
SUKABUMI,2025-10-26,17.6,21.5
SUKABUMI,2025-10-27,2.8,22.2
SUKABUMI,2025-10-28,12.7,21.3
SUKABUMI,2025-10-29,2.7,21.9
SUKABUMI,2025-10-30,13.9,22.1
SUKABUMI,2025-10-31,35.0,22.1
SUKABUMI,2025-11-01,8.3,22.4
SUKABUMI,2025-11-02,51.9,22.2
SUKABUMI,2025-11-03,9.8,22.0
SUKABUMI,2025-11-04,0.6,22.6
SUKABUMI,2025-11-05,4.3,21.5
SUKABUMI,2025-11-06,8.6,21.7
SUKABUMI,2025-11-07,18.5,22.5
SUKABUMI,2025-11-08,40.9,21.4
SUKABUMI,2025-11-09,20.7,21.9
SUKABUMI,2025-11-10,12.6,22.0
SUKABUMI,2025-11-11,35.1,21.2
SUKABUMI,2025-11-12,19.8,20.4
SUKABUMI,2025-11-13,6.4,20.9
SUKABUMI,2025-11-14,8.6,20.9
SUKABUMI,2025-11-15,12.3,22.3
SUKABUMI,2025-11-16,6.6,22.2
SUKABUMI,2025-11-17,3.2,21.8
SUKABUMI,2025-11-18,29.5,22.0
SUKABUMI,2025-11-19,21.4,22.0
SUKABUMI,2025-11-20,36.6,21.7
SUKABUMI,2025-11-21,13.5,21.6
SUKABUMI,2025-11-22,12.4,21.6
SUKABUMI,2025-11-23,10.7,21.0
SUKABUMI,2025-11-24,0.3,22.0
SUKABUMI,2025-11-25,1.2,22.0
SUKABUMI,2025-11-26,4.0,21.7
SUKABUMI,2025-11-27,0.3,22.2
SUKABUMI,2025-11-28,0.1,22.4
SUKABUMI,2025-11-29,3.6,22.3
SUKABUMI,2025-11-30,2.2,22.5
SUKABUMI,2025-12-01,2.1,22.5
SUKABUMI,2025-12-02,3.5,22.8
SUKABUMI,2025-12-03,21.8,22.5
SUKABUMI,2025-12-04,31.4,21.2
SUKABUMI,2025-12-05,9.8,21.9
SUKABUMI,2025-12-06,2.0,22.4
SUKABUMI,2025-12-07,3.0,22.6
SUKABUMI,2025-12-08,5.5,21.4
SUKABUMI,2025-12-09,2.4,22.0
SUKABUMI,2025-12-10,11.0,21.9
SUKABUMI,2025-12-11,9.1,21.7
SUKABUMI,2025-12-12,1.3,22.4
SUKABUMI,2025-12-13,1.1,22.5
SUKABUMI,2025-12-14,23.4,20.9
SUKABUMI,2025-12-15,14.9,21.2
SUKABUMI,2025-12-16,13.9,21.2
SUKABUMI,2025-12-17,16.2,20.9
SUKABUMI,2025-12-18,27.6,20.7
SUKABUMI,2025-12-19,14.2,21.3
SUKABUMI,2025-12-20,11.9,21.7
SUKABUMI,2025-12-21,8.3,22.4
SUKABUMI,2025-12-22,1.9,23.3
SUKABUMI,2025-12-23,4.9,23.3
SUKABUMI,2025-12-24,8.9,23.5
SUKABUMI,2025-12-25,7.5,23.3
SUKABUMI,2025-12-26,17.6,22.2
SUKABUMI,2025-12-27,6.1,21.6
SUKABUMI,2025-12-28,16.3,21.9
SUKABUMI,2025-12-29,10.4,22.1
SUKABUMI,2025-12-30,8.0,21.3
SUKABUMI,2025-12-31,11.9,21.7
SUKABUMI,2026-01-01,24.5,21.2
SUKABUMI,2026-01-02,18.1,21.7
SUKABUMI,2026-01-03,30.0,20.9
SUKABUMI,2026-01-04,4.8,22.3
SUKABUMI,2026-01-05,1.3,23.5
SUKABUMI,2026-01-06,2.2,23.5
SUKABUMI,2026-01-07,0.0,23.1
SUKABUMI,2026-01-08,2.4,21.9
SUKABUMI,2026-01-09,5.7,21.1
SUKABUMI,2026-01-10,10.7,20.3
SUKABUMI,2026-01-11,12.2,20.0
SUKABUMI,2026-01-12,6.4,20.3
SUKABUMI,2026-01-13,11.6,21.2
SUKABUMI,2026-01-14,13.1,20.4
SUKABUMI,2026-01-15,23.9,20.0
SUKABUMI,2026-01-16,6.7,21.2
SUKABUMI,2026-01-17,19.4,22.1
SUKABUMI,2026-01-18,11.8,21.0
SUKABUMI,2026-01-19,1.3,22.2
SUKABUMI,2026-01-20,13.5,21.4
SUKABUMI,2026-01-21,12.8,20.5
SUKABUMI,2026-01-22,16.4,21.0
SUKABUMI,2026-01-23,20.6,21.8
SUKABUMI,2026-01-24,0.6,23.1
SUKABUMI,2026-01-25,0.3,23.5
SUKABUMI,2026-01-26,0.1,23.5
SUKABUMI,2026-01-27,0.0,23.3
SUKABUMI,2026-01-28,2.9,22.5
SUKABUMI,2026-01-29,6.9,22.5
SUKABUMI,2026-01-30,1.4,22.4
SUKABUMI,2026-01-31,2.0,22.5
SUKABUMI,2026-02-01,7.6,21.5
SUKABUMI,2026-02-02,8.1,21.8
SUKABUMI,2026-02-03,3.0,22.0
SUKABUMI,2026-02-04,6.4,21.3
SUKABUMI,2026-02-05,3.8,21.3
SUKABUMI,2026-02-06,4.3,21.2
SUKABUMI,2026-02-07,12.7,21.2
SUKABUMI,2026-02-08,8.0,21.1
SUKABUMI,2026-02-09,1.0,22.5
SUKABUMI,2026-02-10,8.9,21.8
SUKABUMI,2026-02-11,1.6,22.5
SUKABUMI,2026-02-12,16.2,21.4
SUKABUMI,2026-02-13,2.1,22.5
SUKABUMI,2026-02-14,10.5,22.5
SUKABUMI,2026-02-15,11.4,22.2
SUKABUMI,2026-02-16,5.7,22.5
SUKABUMI,2026-02-17,14.0,21.9
SUKABUMI,2026-02-18,1.4,22.8
SUKABUMI,2026-02-19,2.0,22.7
SUKABUMI,2026-02-20,1.7,23.1
SUKABUMI,2026-02-21,5.7,23.4
SUKABUMI,2026-02-22,23.2,22.0
SUKABUMI,2026-02-23,10.7,21.7
SUKABUMI,2026-02-24,6.5,21.7
SUKABUMI,2026-02-25,2.0,22.2
SUKABUMI,2026-02-26,2.1,22.2
SUKABUMI,2026-02-27,10.4,20.9
SUKABUMI,2026-02-28,17.7,21.1
SUKABUMI,2026-03-01,11.3,21.9
SUKABUMI,2026-03-02,24.1,21.9
SUKABUMI,2026-03-03,15.8,21.2
SUKABUMI,2026-03-04,9.1,21.0
SUKABUMI,2026-03-05,17.7,20.5
SUKABUMI,2026-03-06,12.6,20.6
SUKABUMI,2026-03-07,20.8,20.7
SUKABUMI,2026-03-08,35.3,22.0
SUKABUMI,2026-03-09,8.0,22.0
SUKABUMI,2026-03-10,0.1,22.3
SUKABUMI,2026-03-11,0.0,22.5
SUKABUMI,2026-03-12,0.4,22.5
SUKABUMI,2026-03-13,0.0,22.4
SUKABUMI,2026-03-14,0.0,22.4
SUKABUMI,2026-03-15,1.7,21.9
SUKABUMI,2026-03-16,1.5,22.3
SUKABUMI,2026-03-17,1.4,22.7
SUKABUMI,2026-03-18,0.2,22.9
SUKABUMI,2026-03-19,1.3,22.7
SUKABUMI,2026-03-20,6.4,22.7
SUKABUMI,2026-03-21,0.5,22.5
SUKABUMI,2026-03-22,1.5,22.1
SUKABUMI,2026-03-23,1.3,22.3
SUKABUMI,2026-03-24,4.0,21.9
SUKABUMI,2026-03-25,7.1,22.0
SUKABUMI,2026-03-26,2.7,22.5
SUKABUMI,2026-03-27,20.4,22.3
SUKABUMI,2026-03-28,13.8,22.1
SUKABUMI,2026-03-29,5.8,22.9
SUKABUMI,2026-03-30,13.0,22.1
SUKABUMI,2026-03-31,4.4,22.6
PURWAKARTA,2025-03-15,25.8,25.6
PURWAKARTA,2025-03-16,14.2,26.0
PURWAKARTA,2025-03-17,29.5,25.1
PURWAKARTA,2025-03-18,8.3,25.5
PURWAKARTA,2025-03-19,8.5,26.3
PURWAKARTA,2025-03-20,16.0,25.9
PURWAKARTA,2025-03-21,1.6,26.6
PURWAKARTA,2025-03-22,6.2,25.9
PURWAKARTA,2025-03-23,8.2,25.9
PURWAKARTA,2025-03-24,1.5,25.9
PURWAKARTA,2025-03-25,1.9,26.2
PURWAKARTA,2025-03-26,6.1,25.9
PURWAKARTA,2025-03-27,9.6,26.2
PURWAKARTA,2025-03-28,20.9,25.7
PURWAKARTA,2025-03-29,0.2,27.2
PURWAKARTA,2025-03-30,2.7,26.9
PURWAKARTA,2025-03-31,3.3,26.1
PURWAKARTA,2025-04-01,20.6,24.9
PURWAKARTA,2025-04-02,28.5,25.1
PURWAKARTA,2025-04-03,12.0,25.4
PURWAKARTA,2025-04-04,7.9,25.3
PURWAKARTA,2025-04-05,13.8,25.2
PURWAKARTA,2025-04-06,4.0,25.4
PURWAKARTA,2025-04-07,10.5,26.6
PURWAKARTA,2025-04-08,4.5,26.2
PURWAKARTA,2025-04-09,9.2,26.0
PURWAKARTA,2025-04-10,10.4,25.9
PURWAKARTA,2025-04-11,12.3,25.6
PURWAKARTA,2025-04-12,16.0,25.3
PURWAKARTA,2025-04-13,14.6,25.4
PURWAKARTA,2025-04-14,15.7,25.9
PURWAKARTA,2025-04-15,18.2,25.1
PURWAKARTA,2025-04-16,2.2,26.0
PURWAKARTA,2025-04-17,3.9,26.0
PURWAKARTA,2025-04-18,10.5,25.8
PURWAKARTA,2025-04-19,6.1,26.3
PURWAKARTA,2025-04-20,7.1,26.0
PURWAKARTA,2025-04-21,0.3,26.1
PURWAKARTA,2025-04-22,0.0,26.2
PURWAKARTA,2025-04-23,17.8,26.2
PURWAKARTA,2025-04-24,6.9,25.7
PURWAKARTA,2025-04-25,17.5,25.6
PURWAKARTA,2025-04-26,24.9,25.6
PURWAKARTA,2025-04-27,2.2,26.1
PURWAKARTA,2025-04-28,0.1,26.7
PURWAKARTA,2025-04-29,0.0,27.3
PURWAKARTA,2025-04-30,0.2,26.6
PURWAKARTA,2025-05-01,0.0,26.8
PURWAKARTA,2025-05-02,0.5,26.5
PURWAKARTA,2025-05-03,5.9,25.9
PURWAKARTA,2025-05-04,25.6,25.3
PURWAKARTA,2025-05-05,0.3,26.3
PURWAKARTA,2025-05-06,0.9,26.6
PURWAKARTA,2025-05-07,6.8,26.3
PURWAKARTA,2025-05-08,6.3,26.5
PURWAKARTA,2025-05-09,0.8,26.8
PURWAKARTA,2025-05-10,19.7,26.3
PURWAKARTA,2025-05-11,21.3,26.4
PURWAKARTA,2025-05-12,7.8,26.4
PURWAKARTA,2025-05-13,21.3,26.3
PURWAKARTA,2025-05-14,31.9,26.2
PURWAKARTA,2025-05-15,10.0,26.2
PURWAKARTA,2025-05-16,35.0,25.8
PURWAKARTA,2025-05-17,15.1,26.1
PURWAKARTA,2025-05-18,1.4,26.5
PURWAKARTA,2025-05-19,0.2,26.0
PURWAKARTA,2025-05-20,0.1,26.7
PURWAKARTA,2025-05-21,10.0,25.7
PURWAKARTA,2025-05-22,21.0,25.3
PURWAKARTA,2025-05-23,24.3,24.8
PURWAKARTA,2025-05-24,7.6,25.8
PURWAKARTA,2025-05-25,10.0,25.7
PURWAKARTA,2025-05-26,43.7,25.5
PURWAKARTA,2025-05-27,0.6,27.2
PURWAKARTA,2025-05-28,1.3,27.0
PURWAKARTA,2025-05-29,7.5,26.3
PURWAKARTA,2025-05-30,0.0,27.0
PURWAKARTA,2025-05-31,2.2,26.7
PURWAKARTA,2025-06-01,0.0,25.8
PURWAKARTA,2025-06-02,0.7,26.2
PURWAKARTA,2025-06-03,8.0,25.7
PURWAKARTA,2025-06-04,1.3,26.5
PURWAKARTA,2025-06-05,0.1,27.0
PURWAKARTA,2025-06-06,1.9,26.3
PURWAKARTA,2025-06-07,2.6,26.1
PURWAKARTA,2025-06-08,0.0,26.6
PURWAKARTA,2025-06-09,4.7,26.1
PURWAKARTA,2025-06-10,3.2,25.3
PURWAKARTA,2025-06-11,4.1,25.4
PURWAKARTA,2025-06-12,0.1,26.5
PURWAKARTA,2025-06-13,0.0,26.8
PURWAKARTA,2025-06-14,1.0,26.4
PURWAKARTA,2025-06-15,0.4,26.5
PURWAKARTA,2025-06-16,0.0,26.5
PURWAKARTA,2025-06-17,14.3,25.7
PURWAKARTA,2025-06-18,10.3,24.7
PURWAKARTA,2025-06-19,0.1,24.6
PURWAKARTA,2025-06-20,6.3,25.5
PURWAKARTA,2025-06-21,11.3,24.9
PURWAKARTA,2025-06-22,0.6,26.1
PURWAKARTA,2025-06-23,0.6,25.7
PURWAKARTA,2025-06-24,10.5,25.4
PURWAKARTA,2025-06-25,1.1,25.8
PURWAKARTA,2025-06-26,0.0,26.5
PURWAKARTA,2025-06-27,0.8,26.5
PURWAKARTA,2025-06-28,18.0,24.6
PURWAKARTA,2025-06-29,7.8,24.6
PURWAKARTA,2025-06-30,3.3,25.5
PURWAKARTA,2025-07-01,18.5,25.2
PURWAKARTA,2025-07-02,3.2,25.7
PURWAKARTA,2025-07-03,7.5,25.1
PURWAKARTA,2025-07-04,0.0,25.8
PURWAKARTA,2025-07-05,21.1,24.9
PURWAKARTA,2025-07-06,1.6,25.0
PURWAKARTA,2025-07-07,37.7,24.6
PURWAKARTA,2025-07-08,0.3,26.1
PURWAKARTA,2025-07-09,3.3,25.6
PURWAKARTA,2025-07-10,1.1,25.7
PURWAKARTA,2025-07-11,0.0,25.6
PURWAKARTA,2025-07-12,0.0,25.3
PURWAKARTA,2025-07-13,0.4,26.1
PURWAKARTA,2025-07-14,3.5,25.4
PURWAKARTA,2025-07-15,0.0,26.4
PURWAKARTA,2025-07-16,2.9,26.0
PURWAKARTA,2025-07-17,0.0,26.3
PURWAKARTA,2025-07-18,0.2,26.2
PURWAKARTA,2025-07-19,0.0,26.5
PURWAKARTA,2025-07-20,0.1,26.5
PURWAKARTA,2025-07-21,0.0,26.3
PURWAKARTA,2025-07-22,0.0,25.5
PURWAKARTA,2025-07-23,0.0,25.6
PURWAKARTA,2025-07-24,0.0,26.4
PURWAKARTA,2025-07-25,0.0,26.9
PURWAKARTA,2025-07-26,0.0,27.1
PURWAKARTA,2025-07-27,4.6,26.5
PURWAKARTA,2025-07-28,7.0,26.0
PURWAKARTA,2025-07-29,0.2,26.6
PURWAKARTA,2025-07-30,0.5,27.4
PURWAKARTA,2025-07-31,0.0,27.1
PURWAKARTA,2025-08-01,0.0,26.8
PURWAKARTA,2025-08-02,0.0,26.8
PURWAKARTA,2025-08-03,4.6,26.1
PURWAKARTA,2025-08-04,4.7,25.6
PURWAKARTA,2025-08-05,4.5,25.6
PURWAKARTA,2025-08-06,1.2,26.0
PURWAKARTA,2025-08-07,1.7,26.5
PURWAKARTA,2025-08-08,1.9,26.2
PURWAKARTA,2025-08-09,2.4,25.9
PURWAKARTA,2025-08-10,0.7,26.2
PURWAKARTA,2025-08-11,4.1,25.5
PURWAKARTA,2025-08-12,5.4,24.5
PURWAKARTA,2025-08-13,6.7,25.1
PURWAKARTA,2025-08-14,4.1,24.4
PURWAKARTA,2025-08-15,0.0,25.5
PURWAKARTA,2025-08-16,0.0,25.9
PURWAKARTA,2025-08-17,0.0,26.3
PURWAKARTA,2025-08-18,0.1,26.5
PURWAKARTA,2025-08-19,6.2,24.7
PURWAKARTA,2025-08-20,1.6,25.7
PURWAKARTA,2025-08-21,0.7,25.9
PURWAKARTA,2025-08-22,5.7,25.9
PURWAKARTA,2025-08-23,0.7,26.6
PURWAKARTA,2025-08-24,0.3,26.9
PURWAKARTA,2025-08-25,7.3,25.3
PURWAKARTA,2025-08-26,0.0,26.3
PURWAKARTA,2025-08-27,0.6,26.8
PURWAKARTA,2025-08-28,0.1,26.8
PURWAKARTA,2025-08-29,0.5,26.9
PURWAKARTA,2025-08-30,4.4,26.6
PURWAKARTA,2025-08-31,0.9,26.7
PURWAKARTA,2025-09-01,0.0,27.7
PURWAKARTA,2025-09-02,0.0,28.0
PURWAKARTA,2025-09-03,0.0,28.2
PURWAKARTA,2025-09-04,0.2,27.9
PURWAKARTA,2025-09-05,0.2,27.8
PURWAKARTA,2025-09-06,1.3,27.9
PURWAKARTA,2025-09-07,0.0,27.9
PURWAKARTA,2025-09-08,0.5,27.4
PURWAKARTA,2025-09-09,14.7,26.6
PURWAKARTA,2025-09-10,11.5,26.5
PURWAKARTA,2025-09-11,4.9,25.2
PURWAKARTA,2025-09-12,8.3,25.1
PURWAKARTA,2025-09-13,0.0,27.2
PURWAKARTA,2025-09-14,0.2,27.6
PURWAKARTA,2025-09-15,0.0,27.9
PURWAKARTA,2025-09-16,1.5,27.6
PURWAKARTA,2025-09-17,18.5,25.8
PURWAKARTA,2025-09-18,5.4,25.7
PURWAKARTA,2025-09-19,32.2,25.9
PURWAKARTA,2025-09-20,17.6,26.0
PURWAKARTA,2025-09-21,0.2,27.0
PURWAKARTA,2025-09-22,2.8,27.6
PURWAKARTA,2025-09-23,0.0,28.0
PURWAKARTA,2025-09-24,0.5,27.7
PURWAKARTA,2025-09-25,1.6,27.7
PURWAKARTA,2025-09-26,0.5,28.4
PURWAKARTA,2025-09-27,0.2,29.1
PURWAKARTA,2025-09-28,0.5,29.2
PURWAKARTA,2025-09-29,12.2,27.3
PURWAKARTA,2025-09-30,14.1,26.8
PURWAKARTA,2025-10-01,16.6,26.3
PURWAKARTA,2025-10-02,13.5,25.3
PURWAKARTA,2025-10-03,0.0,27.2
PURWAKARTA,2025-10-04,0.0,28.0
PURWAKARTA,2025-10-05,0.5,27.4
PURWAKARTA,2025-10-06,0.1,28.4
PURWAKARTA,2025-10-07,1.1,28.3
PURWAKARTA,2025-10-08,1.1,27.5
PURWAKARTA,2025-10-09,2.0,27.3
PURWAKARTA,2025-10-10,0.3,27.6
PURWAKARTA,2025-10-11,0.1,27.7
PURWAKARTA,2025-10-12,0.3,28.9
PURWAKARTA,2025-10-13,6.3,28.1
PURWAKARTA,2025-10-14,0.2,28.9
PURWAKARTA,2025-10-15,1.0,28.8
PURWAKARTA,2025-10-16,0.1,29.8
PURWAKARTA,2025-10-17,15.4,27.7
PURWAKARTA,2025-10-18,2.4,27.5
PURWAKARTA,2025-10-19,1.9,27.5
PURWAKARTA,2025-10-20,4.4,28.1
PURWAKARTA,2025-10-21,7.9,27.9
PURWAKARTA,2025-10-22,14.2,27.4
PURWAKARTA,2025-10-23,35.5,26.1
PURWAKARTA,2025-10-24,17.8,25.4
PURWAKARTA,2025-10-25,2.1,26.2
PURWAKARTA,2025-10-26,1.3,25.9
PURWAKARTA,2025-10-27,3.2,26.1
PURWAKARTA,2025-10-28,7.2,25.0
PURWAKARTA,2025-10-29,0.6,26.2
PURWAKARTA,2025-10-30,18.3,26.1
PURWAKARTA,2025-10-31,4.7,26.6
PURWAKARTA,2025-11-01,7.5,26.5
PURWAKARTA,2025-11-02,7.4,26.5
PURWAKARTA,2025-11-03,10.3,26.2
PURWAKARTA,2025-11-04,4.5,26.7
PURWAKARTA,2025-11-05,1.3,26.6
PURWAKARTA,2025-11-06,1.8,26.9
PURWAKARTA,2025-11-07,11.9,26.7
PURWAKARTA,2025-11-08,20.2,26.2
PURWAKARTA,2025-11-09,2.2,27.8
PURWAKARTA,2025-11-10,10.5,27.2
PURWAKARTA,2025-11-11,3.7,26.3
PURWAKARTA,2025-11-12,14.5,25.9
PURWAKARTA,2025-11-13,33.9,25.8
PURWAKARTA,2025-11-14,16.8,25.7
PURWAKARTA,2025-11-15,4.9,26.9
PURWAKARTA,2025-11-16,11.6,26.4
PURWAKARTA,2025-11-17,15.3,26.5
PURWAKARTA,2025-11-18,25.2,25.2
PURWAKARTA,2025-11-19,9.5,25.8
PURWAKARTA,2025-11-20,17.1,25.3
PURWAKARTA,2025-11-21,0.6,27.1
PURWAKARTA,2025-11-22,8.1,25.7
PURWAKARTA,2025-11-23,4.4,25.6
PURWAKARTA,2025-11-24,0.2,27.9
PURWAKARTA,2025-11-25,0.0,27.5
PURWAKARTA,2025-11-26,0.2,27.6
PURWAKARTA,2025-11-27,0.1,27.0
PURWAKARTA,2025-11-28,0.7,26.8
PURWAKARTA,2025-11-29,1.1,26.9
PURWAKARTA,2025-11-30,3.7,26.2
PURWAKARTA,2025-12-01,0.6,26.0
PURWAKARTA,2025-12-02,10.2,26.4
PURWAKARTA,2025-12-03,34.8,25.8
PURWAKARTA,2025-12-04,10.5,24.7
PURWAKARTA,2025-12-05,28.2,25.4
PURWAKARTA,2025-12-06,1.5,25.5
PURWAKARTA,2025-12-07,3.2,26.4
PURWAKARTA,2025-12-08,2.4,25.8
PURWAKARTA,2025-12-09,1.6,25.8
PURWAKARTA,2025-12-10,3.3,26.2
PURWAKARTA,2025-12-11,6.8,25.7
PURWAKARTA,2025-12-12,2.1,27.1
PURWAKARTA,2025-12-13,0.1,27.4
PURWAKARTA,2025-12-14,0.3,27.2
PURWAKARTA,2025-12-15,0.1,27.9
PURWAKARTA,2025-12-16,2.8,28.1
PURWAKARTA,2025-12-17,12.8,27.3
PURWAKARTA,2025-12-18,8.3,26.1
PURWAKARTA,2025-12-19,9.5,26.1
PURWAKARTA,2025-12-20,3.2,25.7
PURWAKARTA,2025-12-21,7.1,25.8
PURWAKARTA,2025-12-22,6.5,26.2
PURWAKARTA,2025-12-23,7.8,26.6
PURWAKARTA,2025-12-24,11.1,26.4
PURWAKARTA,2025-12-25,5.3,27.2
PURWAKARTA,2025-12-26,7.3,27.0
PURWAKARTA,2025-12-27,0.2,27.7
PURWAKARTA,2025-12-28,11.5,26.5
PURWAKARTA,2025-12-29,2.0,26.1
PURWAKARTA,2025-12-30,23.9,25.7
PURWAKARTA,2025-12-31,27.4,24.5
PURWAKARTA,2026-01-01,4.2,25.7
PURWAKARTA,2026-01-02,8.8,25.2
PURWAKARTA,2026-01-03,19.4,24.6
PURWAKARTA,2026-01-04,3.7,25.0
PURWAKARTA,2026-01-05,10.4,25.9
PURWAKARTA,2026-01-06,3.7,26.8
PURWAKARTA,2026-01-07,10.1,26.6
PURWAKARTA,2026-01-08,1.3,26.6
PURWAKARTA,2026-01-09,12.3,25.9
PURWAKARTA,2026-01-10,6.5,25.2
PURWAKARTA,2026-01-11,19.1,24.6
PURWAKARTA,2026-01-12,13.0,24.0
PURWAKARTA,2026-01-13,14.5,24.6
PURWAKARTA,2026-01-14,24.2,24.7
PURWAKARTA,2026-01-15,10.1,25.0
PURWAKARTA,2026-01-16,2.4,25.3
PURWAKARTA,2026-01-17,29.3,24.6
PURWAKARTA,2026-01-18,37.6,24.4
PURWAKARTA,2026-01-19,0.4,25.2
PURWAKARTA,2026-01-20,5.0,25.3
PURWAKARTA,2026-01-21,5.1,24.7
PURWAKARTA,2026-01-22,33.3,23.6
PURWAKARTA,2026-01-23,47.2,23.7
PURWAKARTA,2026-01-24,5.0,24.7
PURWAKARTA,2026-01-25,5.5,25.6
PURWAKARTA,2026-01-26,1.6,25.7
PURWAKARTA,2026-01-27,2.6,25.1
PURWAKARTA,2026-01-28,36.7,24.2
PURWAKARTA,2026-01-29,33.1,23.9
PURWAKARTA,2026-01-30,1.9,24.9
PURWAKARTA,2026-01-31,4.1,25.3
PURWAKARTA,2026-02-01,16.1,24.7
PURWAKARTA,2026-02-02,13.3,24.7
PURWAKARTA,2026-02-03,1.5,25.3
PURWAKARTA,2026-02-04,13.4,25.5
PURWAKARTA,2026-02-05,8.4,25.2
PURWAKARTA,2026-02-06,9.2,25.5
PURWAKARTA,2026-02-07,3.2,24.7
PURWAKARTA,2026-02-08,8.9,25.3
PURWAKARTA,2026-02-09,6.3,24.6
PURWAKARTA,2026-02-10,10.1,24.8
PURWAKARTA,2026-02-11,8.5,25.4
PURWAKARTA,2026-02-12,32.2,25.1
PURWAKARTA,2026-02-13,6.1,24.9
PURWAKARTA,2026-02-14,8.2,25.5
PURWAKARTA,2026-02-15,2.1,25.8
PURWAKARTA,2026-02-16,7.9,25.0
PURWAKARTA,2026-02-17,13.6,25.5
PURWAKARTA,2026-02-18,3.8,25.0
PURWAKARTA,2026-02-19,30.2,24.2
PURWAKARTA,2026-02-20,26.8,24.7
PURWAKARTA,2026-02-21,11.3,25.7
PURWAKARTA,2026-02-22,38.7,24.8
PURWAKARTA,2026-02-23,27.5,24.9
PURWAKARTA,2026-02-24,0.8,26.0
PURWAKARTA,2026-02-25,0.0,27.3
PURWAKARTA,2026-02-26,0.0,27.6
PURWAKARTA,2026-02-27,2.3,26.1
PURWAKARTA,2026-02-28,0.0,26.2
PURWAKARTA,2026-03-01,9.5,26.1
PURWAKARTA,2026-03-02,10.1,25.5
PURWAKARTA,2026-03-03,14.8,26.0
PURWAKARTA,2026-03-04,14.4,25.7
PURWAKARTA,2026-03-05,13.2,26.2
PURWAKARTA,2026-03-06,5.4,25.5
PURWAKARTA,2026-03-07,9.9,25.1
PURWAKARTA,2026-03-08,18.3,24.2
PURWAKARTA,2026-03-09,7.8,25.7
PURWAKARTA,2026-03-10,9.0,26.7
PURWAKARTA,2026-03-11,0.4,26.6
PURWAKARTA,2026-03-12,11.5,26.7
PURWAKARTA,2026-03-13,0.7,26.7
PURWAKARTA,2026-03-14,1.6,26.5
PURWAKARTA,2026-03-15,5.1,26.4
PURWAKARTA,2026-03-16,3.1,26.7
PURWAKARTA,2026-03-17,6.4,26.9
PURWAKARTA,2026-03-18,1.8,26.7
PURWAKARTA,2026-03-19,0.5,26.5
PURWAKARTA,2026-03-20,4.0,26.0
PURWAKARTA,2026-03-21,2.6,26.1
PURWAKARTA,2026-03-22,1.3,26.2
PURWAKARTA,2026-03-23,1.7,26.4
PURWAKARTA,2026-03-24,4.1,25.2
PURWAKARTA,2026-03-25,4.1,26.4
PURWAKARTA,2026-03-26,2.7,24.9
PURWAKARTA,2026-03-27,9.8,24.8
PURWAKARTA,2026-03-28,12.5,25.1
PURWAKARTA,2026-03-29,9.1,26.1
PURWAKARTA,2026-03-30,0.0,25.9
PURWAKARTA,2026-03-31,14.7,25.9
SEMARANG,2025-03-15,11.1,26.5
SEMARANG,2025-03-16,2.5,26.5
SEMARANG,2025-03-17,5.2,26.2
SEMARANG,2025-03-18,1.0,27.5
SEMARANG,2025-03-19,3.7,26.8
SEMARANG,2025-03-20,1.1,27.2
SEMARANG,2025-03-21,0.3,27.9
SEMARANG,2025-03-22,4.6,26.9
SEMARANG,2025-03-23,2.4,27.1
SEMARANG,2025-03-24,4.8,27.3
SEMARANG,2025-03-25,1.1,27.9
SEMARANG,2025-03-26,1.9,27.8
SEMARANG,2025-03-27,0.5,28.4
SEMARANG,2025-03-28,8.6,27.2
SEMARANG,2025-03-29,3.0,26.8
SEMARANG,2025-03-30,0.1,27.1
SEMARANG,2025-03-31,4.5,27.2
SEMARANG,2025-04-01,1.3,26.7
SEMARANG,2025-04-02,3.4,27.4
SEMARANG,2025-04-03,3.0,27.0
SEMARANG,2025-04-04,14.3,26.8
SEMARANG,2025-04-05,8.7,26.6
SEMARANG,2025-04-06,6.5,27.6
SEMARANG,2025-04-07,0.6,27.8
SEMARANG,2025-04-08,1.9,27.9
SEMARANG,2025-04-09,1.9,28.1
SEMARANG,2025-04-10,6.5,27.7
SEMARANG,2025-04-11,7.1,27.4
SEMARANG,2025-04-12,9.8,27.2
SEMARANG,2025-04-13,7.4,27.3
SEMARANG,2025-04-14,8.2,26.9
SEMARANG,2025-04-15,1.6,27.3
SEMARANG,2025-04-16,2.6,27.6
SEMARANG,2025-04-17,7.8,26.7
SEMARANG,2025-04-18,7.5,26.6
SEMARANG,2025-04-19,4.4,27.4
SEMARANG,2025-04-20,3.4,27.1
SEMARANG,2025-04-21,4.4,26.9
SEMARANG,2025-04-22,2.2,26.6
SEMARANG,2025-04-23,2.2,27.2
SEMARANG,2025-04-24,8.2,27.5
SEMARANG,2025-04-25,1.9,28.2
SEMARANG,2025-04-26,4.4,27.2
SEMARANG,2025-04-27,1.5,28.5
SEMARANG,2025-04-28,0.2,28.5
SEMARANG,2025-04-29,0.5,29.5
SEMARANG,2025-04-30,0.8,29.1
SEMARANG,2025-05-01,2.9,29.0
SEMARANG,2025-05-02,19.9,27.0
SEMARANG,2025-05-03,0.5,27.8
SEMARANG,2025-05-04,8.9,28.0
SEMARANG,2025-05-05,1.3,29.0
SEMARANG,2025-05-06,1.0,28.7
SEMARANG,2025-05-07,5.0,28.4
SEMARANG,2025-05-08,0.9,28.5
SEMARANG,2025-05-09,10.9,27.3
SEMARANG,2025-05-10,10.1,27.5
SEMARANG,2025-05-11,2.5,26.8
SEMARANG,2025-05-12,20.7,26.1
SEMARANG,2025-05-13,7.5,26.5
SEMARANG,2025-05-14,2.5,26.8
SEMARANG,2025-05-15,7.0,27.4
SEMARANG,2025-05-16,12.8,26.7
SEMARANG,2025-05-17,9.6,26.0
SEMARANG,2025-05-18,12.9,26.9
SEMARANG,2025-05-19,15.8,26.4
SEMARANG,2025-05-20,0.3,26.9
SEMARANG,2025-05-21,11.8,27.0
SEMARANG,2025-05-22,22.2,26.4
SEMARANG,2025-05-23,16.3,25.4
SEMARANG,2025-05-24,15.8,26.3
SEMARANG,2025-05-25,1.5,27.5
SEMARANG,2025-05-26,16.7,26.3
SEMARANG,2025-05-27,0.0,27.3
SEMARANG,2025-05-28,0.4,27.9
SEMARANG,2025-05-29,0.2,28.1
SEMARANG,2025-05-30,0.0,27.8
SEMARANG,2025-05-31,5.1,27.3
SEMARANG,2025-06-01,0.8,26.8
SEMARANG,2025-06-02,0.0,27.7
SEMARANG,2025-06-03,0.3,28.6
SEMARANG,2025-06-04,3.3,28.6
SEMARANG,2025-06-05,1.6,28.6
SEMARANG,2025-06-06,0.1,29.1
SEMARANG,2025-06-07,0.3,29.1
SEMARANG,2025-06-08,1.2,28.0
SEMARANG,2025-06-09,1.7,26.5
SEMARANG,2025-06-10,2.8,27.6
SEMARANG,2025-06-11,17.6,26.4
SEMARANG,2025-06-12,0.0,28.2
SEMARANG,2025-06-13,0.2,28.1
SEMARANG,2025-06-14,1.6,27.3
SEMARANG,2025-06-15,0.1,28.4
SEMARANG,2025-06-16,8.9,27.7
SEMARANG,2025-06-17,14.5,26.6
SEMARANG,2025-06-18,0.3,27.0
SEMARANG,2025-06-19,0.0,26.4
SEMARANG,2025-06-20,0.3,27.0
SEMARANG,2025-06-21,1.4,28.1
SEMARANG,2025-06-22,17.0,26.6
SEMARANG,2025-06-23,0.3,28.6
SEMARANG,2025-06-24,1.3,28.5
SEMARANG,2025-06-25,2.4,28.3
SEMARANG,2025-06-26,0.0,28.8
SEMARANG,2025-06-27,1.4,28.7
SEMARANG,2025-06-28,3.4,27.8
SEMARANG,2025-06-29,4.9,27.4
SEMARANG,2025-06-30,2.0,28.1
SEMARANG,2025-07-01,0.0,29.0
SEMARANG,2025-07-02,2.2,29.0
SEMARANG,2025-07-03,3.3,27.1
SEMARANG,2025-07-04,0.9,27.1
SEMARANG,2025-07-05,10.9,26.9
SEMARANG,2025-07-06,1.2,27.0
SEMARANG,2025-07-07,2.7,27.4
SEMARANG,2025-07-08,0.1,27.9
SEMARANG,2025-07-09,0.0,27.9
SEMARANG,2025-07-10,0.0,27.9
SEMARANG,2025-07-11,0.0,27.6
SEMARANG,2025-07-12,0.0,28.3
SEMARANG,2025-07-13,0.9,28.9
SEMARANG,2025-07-14,4.8,27.9
SEMARANG,2025-07-15,0.3,27.9
SEMARANG,2025-07-16,1.1,28.7
SEMARANG,2025-07-17,0.0,28.2
SEMARANG,2025-07-18,0.2,28.3
SEMARANG,2025-07-19,0.0,27.8
SEMARANG,2025-07-20,0.0,27.7
SEMARANG,2025-07-21,0.0,27.9
SEMARANG,2025-07-22,0.2,27.9
SEMARANG,2025-07-23,0.0,28.3
SEMARANG,2025-07-24,1.3,28.9
SEMARANG,2025-07-25,0.3,28.9
SEMARANG,2025-07-26,0.1,29.2
SEMARANG,2025-07-27,0.7,29.2
SEMARANG,2025-07-28,0.3,29.1
SEMARANG,2025-07-29,4.0,29.2
SEMARANG,2025-07-30,0.3,29.1
SEMARANG,2025-07-31,0.0,29.1
SEMARANG,2025-08-01,0.0,29.2
SEMARANG,2025-08-02,0.6,29.8
SEMARANG,2025-08-03,10.5,28.9
SEMARANG,2025-08-04,12.2,26.9
SEMARANG,2025-08-05,3.2,26.5
SEMARANG,2025-08-06,0.0,27.6
SEMARANG,2025-08-07,2.1,27.8
SEMARANG,2025-08-08,9.3,27.2
SEMARANG,2025-08-09,0.9,28.3
SEMARANG,2025-08-10,2.3,28.6
SEMARANG,2025-08-11,4.0,28.2
SEMARANG,2025-08-12,26.2,25.4
SEMARANG,2025-08-13,3.8,26.9
SEMARANG,2025-08-14,2.3,27.0
SEMARANG,2025-08-15,0.8,27.0
SEMARANG,2025-08-16,0.0,27.9
SEMARANG,2025-08-17,0.0,29.1
SEMARANG,2025-08-18,10.0,28.5
SEMARANG,2025-08-19,34.0,26.2
SEMARANG,2025-08-20,0.0,26.6
SEMARANG,2025-08-21,1.0,26.7
SEMARANG,2025-08-22,1.0,27.2
SEMARANG,2025-08-23,5.1,27.7
SEMARANG,2025-08-24,1.5,28.1
SEMARANG,2025-08-25,0.2,27.8
SEMARANG,2025-08-26,0.0,28.4
SEMARANG,2025-08-27,0.8,28.6
SEMARANG,2025-08-28,1.0,28.9
SEMARANG,2025-08-29,5.9,27.8
SEMARANG,2025-08-30,2.5,27.6
SEMARANG,2025-08-31,0.0,28.3
SEMARANG,2025-09-01,0.0,28.7
SEMARANG,2025-09-02,0.4,29.7
SEMARANG,2025-09-03,0.0,30.2
SEMARANG,2025-09-04,0.6,28.9
SEMARANG,2025-09-05,0.3,28.9
SEMARANG,2025-09-06,0.0,29.6
SEMARANG,2025-09-07,0.0,28.9
SEMARANG,2025-09-08,1.3,29.3
SEMARANG,2025-09-09,5.9,28.5
SEMARANG,2025-09-10,7.1,27.0
SEMARANG,2025-09-11,21.6,26.1
SEMARANG,2025-09-12,0.2,27.8
SEMARANG,2025-09-13,0.1,27.5
SEMARANG,2025-09-14,1.0,28.0
SEMARANG,2025-09-15,0.8,29.0
SEMARANG,2025-09-16,4.8,27.9
SEMARANG,2025-09-17,29.3,25.7
SEMARANG,2025-09-18,0.8,26.3
SEMARANG,2025-09-19,4.8,27.8
SEMARANG,2025-09-20,1.7,28.5
SEMARANG,2025-09-21,9.8,28.3
SEMARANG,2025-09-22,0.0,29.4
SEMARANG,2025-09-23,0.0,29.0
SEMARANG,2025-09-24,2.9,28.5
SEMARANG,2025-09-25,9.4,28.0
SEMARANG,2025-09-26,0.7,28.8
SEMARANG,2025-09-27,2.3,29.3
SEMARANG,2025-09-28,0.0,30.5
SEMARANG,2025-09-29,4.6,28.9
SEMARANG,2025-09-30,2.5,26.2
SEMARANG,2025-10-01,22.0,26.8
SEMARANG,2025-10-02,1.1,28.2
SEMARANG,2025-10-03,0.0,28.2
SEMARANG,2025-10-04,0.0,28.2
SEMARANG,2025-10-05,1.8,28.8
SEMARANG,2025-10-06,0.1,29.7
SEMARANG,2025-10-07,0.0,29.7
SEMARANG,2025-10-08,2.2,29.4
SEMARANG,2025-10-09,0.6,28.8
SEMARANG,2025-10-10,0.0,29.2
SEMARANG,2025-10-11,0.1,29.4
SEMARANG,2025-10-12,0.6,30.4
SEMARANG,2025-10-13,3.3,30.2
SEMARANG,2025-10-14,2.4,29.7
SEMARANG,2025-10-15,16.6,29.3
SEMARANG,2025-10-16,0.3,30.6
SEMARANG,2025-10-17,5.4,29.6
SEMARANG,2025-10-18,2.7,29.5
SEMARANG,2025-10-19,5.3,29.0
SEMARANG,2025-10-20,11.1,28.7
SEMARANG,2025-10-21,59.1,27.1
SEMARANG,2025-10-22,22.3,26.5
SEMARANG,2025-10-23,3.4,26.8
SEMARANG,2025-10-24,34.5,26.1
SEMARANG,2025-10-25,8.6,26.2
SEMARANG,2025-10-26,11.9,26.2
SEMARANG,2025-10-27,2.0,27.0
SEMARANG,2025-10-28,29.4,25.9
SEMARANG,2025-10-29,5.9,26.7
SEMARANG,2025-10-30,1.9,27.0
SEMARANG,2025-10-31,8.9,26.6
SEMARANG,2025-11-01,8.2,27.4
SEMARANG,2025-11-02,3.5,27.6
SEMARANG,2025-11-03,2.1,27.1
SEMARANG,2025-11-04,2.0,27.4
SEMARANG,2025-11-05,12.0,26.7
SEMARANG,2025-11-06,16.1,26.8
SEMARANG,2025-11-07,0.8,27.5
SEMARANG,2025-11-08,6.2,26.8
SEMARANG,2025-11-09,0.0,27.4
SEMARANG,2025-11-10,3.4,27.9
SEMARANG,2025-11-11,11.2,26.5
SEMARANG,2025-11-12,13.0,26.1
SEMARANG,2025-11-13,19.0,26.1
SEMARANG,2025-11-14,11.7,25.8
SEMARANG,2025-11-15,4.0,26.9
SEMARANG,2025-11-16,4.6,26.9
SEMARANG,2025-11-17,4.0,27.1
SEMARANG,2025-11-18,12.5,26.7
SEMARANG,2025-11-19,2.3,26.7
SEMARANG,2025-11-20,4.2,27.2
SEMARANG,2025-11-21,10.2,26.9
SEMARANG,2025-11-22,5.0,27.6
SEMARANG,2025-11-23,9.0,26.9
SEMARANG,2025-11-24,1.7,27.4
SEMARANG,2025-11-25,0.3,28.6
SEMARANG,2025-11-26,0.8,28.4
SEMARANG,2025-11-27,3.4,28.6
SEMARANG,2025-11-28,0.4,28.6
SEMARANG,2025-11-29,0.4,29.4
SEMARANG,2025-11-30,1.1,29.2
SEMARANG,2025-12-01,2.5,27.6
SEMARANG,2025-12-02,0.0,28.7
SEMARANG,2025-12-03,1.1,28.5
SEMARANG,2025-12-04,15.8,26.1
SEMARANG,2025-12-05,0.7,27.1
SEMARANG,2025-12-06,4.2,26.3
SEMARANG,2025-12-07,1.5,27.1
SEMARANG,2025-12-08,2.7,26.7
SEMARANG,2025-12-09,17.8,25.2
SEMARANG,2025-12-10,12.0,26.3
SEMARANG,2025-12-11,2.5,26.6
SEMARANG,2025-12-12,1.3,27.2
SEMARANG,2025-12-13,0.8,27.2
SEMARANG,2025-12-14,10.4,26.3
SEMARANG,2025-12-15,2.8,27.1
SEMARANG,2025-12-16,0.9,27.7
SEMARANG,2025-12-17,2.0,27.6
SEMARANG,2025-12-18,20.0,26.6
SEMARANG,2025-12-19,2.5,26.7
SEMARANG,2025-12-20,5.8,26.9
SEMARANG,2025-12-21,1.2,27.8
SEMARANG,2025-12-22,5.1,27.4
SEMARANG,2025-12-23,8.7,27.0
SEMARANG,2025-12-24,3.5,27.4
SEMARANG,2025-12-25,4.6,27.6
SEMARANG,2025-12-26,12.2,26.7
SEMARANG,2025-12-27,9.1,26.4
SEMARANG,2025-12-28,4.1,27.3
SEMARANG,2025-12-29,4.7,27.0
SEMARANG,2025-12-30,1.6,27.5
SEMARANG,2025-12-31,14.5,25.6
SEMARANG,2026-01-01,5.7,26.1
SEMARANG,2026-01-02,16.0,26.3
SEMARANG,2026-01-03,29.2,25.4
SEMARANG,2026-01-04,6.8,26.2
SEMARANG,2026-01-05,1.0,26.3
SEMARANG,2026-01-06,0.3,27.2
SEMARANG,2026-01-07,1.2,26.9
SEMARANG,2026-01-08,5.7,26.7
SEMARANG,2026-01-09,26.7,26.1
SEMARANG,2026-01-10,27.0,25.3
SEMARANG,2026-01-11,20.9,25.3
SEMARANG,2026-01-12,2.8,24.9
SEMARANG,2026-01-13,2.3,25.9
SEMARANG,2026-01-14,6.8,25.5
SEMARANG,2026-01-15,15.8,25.4
SEMARANG,2026-01-16,1.7,26.6
SEMARANG,2026-01-17,14.0,25.6
SEMARANG,2026-01-18,19.9,25.4
SEMARANG,2026-01-19,4.9,26.3
SEMARANG,2026-01-20,7.2,26.0
SEMARANG,2026-01-21,4.1,25.8
SEMARANG,2026-01-22,8.9,25.2
SEMARANG,2026-01-23,34.6,24.8
SEMARANG,2026-01-24,1.9,26.3
SEMARANG,2026-01-25,0.3,26.7
SEMARANG,2026-01-26,3.5,26.5
SEMARANG,2026-01-27,21.9,25.3
SEMARANG,2026-01-28,3.5,25.7
SEMARANG,2026-01-29,0.6,26.8
SEMARANG,2026-01-30,0.5,26.8
SEMARANG,2026-01-31,2.6,26.4
SEMARANG,2026-02-01,7.5,26.1
SEMARANG,2026-02-02,19.8,25.6
SEMARANG,2026-02-03,11.7,25.7
SEMARANG,2026-02-04,12.5,25.4
SEMARANG,2026-02-05,4.4,26.1
SEMARANG,2026-02-06,6.8,26.1
SEMARANG,2026-02-07,2.6,26.0
SEMARANG,2026-02-08,4.2,26.5
SEMARANG,2026-02-09,5.1,26.1
SEMARANG,2026-02-10,18.4,26.0
SEMARANG,2026-02-11,10.7,25.8
SEMARANG,2026-02-12,18.3,26.0
SEMARANG,2026-02-13,11.8,25.8
SEMARANG,2026-02-14,12.1,25.9
SEMARANG,2026-02-15,16.2,26.2
SEMARANG,2026-02-16,11.8,25.8
SEMARANG,2026-02-17,0.6,26.8
SEMARANG,2026-02-18,2.7,25.9
SEMARANG,2026-02-19,1.8,26.4
SEMARANG,2026-02-20,1.1,26.5
SEMARANG,2026-02-21,5.7,26.8
SEMARANG,2026-02-22,7.9,26.6
SEMARANG,2026-02-23,7.2,25.9
SEMARANG,2026-02-24,0.8,26.8
SEMARANG,2026-02-25,5.3,26.4
SEMARANG,2026-02-26,7.8,26.2
SEMARANG,2026-02-27,6.5,26.0
SEMARANG,2026-02-28,1.9,26.7
SEMARANG,2026-03-01,0.8,27.1
SEMARANG,2026-03-02,2.3,26.7
SEMARANG,2026-03-03,13.5,27.0
SEMARANG,2026-03-04,3.2,26.9
SEMARANG,2026-03-05,13.9,26.9
SEMARANG,2026-03-06,3.3,26.6
SEMARANG,2026-03-07,7.0,26.4
SEMARANG,2026-03-08,3.9,26.1
SEMARANG,2026-03-09,1.1,27.1
SEMARANG,2026-03-10,5.6,26.9
SEMARANG,2026-03-11,0.9,27.2
SEMARANG,2026-03-12,1.0,27.4
SEMARANG,2026-03-13,0.8,27.6
SEMARANG,2026-03-14,1.2,27.4
SEMARANG,2026-03-15,0.6,28.1
SEMARANG,2026-03-16,2.2,27.8
SEMARANG,2026-03-17,8.2,27.9
SEMARANG,2026-03-18,0.4,28.6
SEMARANG,2026-03-19,28.0,27.9
SEMARANG,2026-03-20,3.9,27.2
SEMARANG,2026-03-21,3.5,27.2
SEMARANG,2026-03-22,1.3,26.7
SEMARANG,2026-03-23,0.9,27.3
SEMARANG,2026-03-24,6.6,26.6
SEMARANG,2026-03-25,4.6,26.6
SEMARANG,2026-03-26,6.1,25.5
SEMARANG,2026-03-27,1.0,26.6
SEMARANG,2026-03-28,10.2,27.1
SEMARANG,2026-03-29,2.5,27.9
SEMARANG,2026-03-30,10.8,26.6
SEMARANG,2026-03-31,1.4,26.7
SOLO,2025-03-15,24.2,25.4
SOLO,2025-03-16,1.3,25.1
SOLO,2025-03-17,12.3,25.5
SOLO,2025-03-18,2.9,25.4
SOLO,2025-03-19,19.6,24.8
SOLO,2025-03-20,3.1,26.5
SOLO,2025-03-21,1.5,26.5
SOLO,2025-03-22,8.0,25.7
SOLO,2025-03-23,0.0,26.1
SOLO,2025-03-24,4.2,25.9
SOLO,2025-03-25,5.2,26.8
SOLO,2025-03-26,9.0,26.7
SOLO,2025-03-27,15.0,26.7
SOLO,2025-03-28,27.6,25.2
SOLO,2025-03-29,4.3,25.7
SOLO,2025-03-30,2.9,26.3
SOLO,2025-03-31,8.4,26.2
SOLO,2025-04-01,9.6,25.5
SOLO,2025-04-02,32.2,25.5
SOLO,2025-04-03,28.7,25.5
SOLO,2025-04-04,4.5,26.2
SOLO,2025-04-05,1.7,26.0
SOLO,2025-04-06,0.0,26.9
SOLO,2025-04-07,1.0,26.9
SOLO,2025-04-08,1.3,26.8
SOLO,2025-04-09,3.5,26.8
SOLO,2025-04-10,12.8,26.0
SOLO,2025-04-11,16.1,26.0
SOLO,2025-04-12,4.4,25.7
SOLO,2025-04-13,18.5,25.7
SOLO,2025-04-14,24.8,25.6
SOLO,2025-04-15,1.0,26.8
SOLO,2025-04-16,5.6,27.2
SOLO,2025-04-17,8.7,26.1
SOLO,2025-04-18,16.9,25.6
SOLO,2025-04-19,7.7,26.0
SOLO,2025-04-20,4.3,26.1
SOLO,2025-04-21,3.8,26.6
SOLO,2025-04-22,3.8,26.1
SOLO,2025-04-23,2.2,26.8
SOLO,2025-04-24,1.7,26.4
SOLO,2025-04-25,5.7,26.3
SOLO,2025-04-26,1.4,27.1
SOLO,2025-04-27,0.0,27.3
SOLO,2025-04-28,0.0,27.9
SOLO,2025-04-29,2.7,27.5
SOLO,2025-04-30,1.6,27.3
SOLO,2025-05-01,3.6,27.2
SOLO,2025-05-02,18.5,25.6
SOLO,2025-05-03,10.9,25.8
SOLO,2025-05-04,2.0,25.8
SOLO,2025-05-05,4.6,26.5
SOLO,2025-05-06,8.6,26.3
SOLO,2025-05-07,23.8,26.0
SOLO,2025-05-08,9.4,26.4
SOLO,2025-05-09,28.3,25.3
SOLO,2025-05-10,7.1,26.0
SOLO,2025-05-11,2.3,25.6
SOLO,2025-05-12,6.2,25.8
SOLO,2025-05-13,28.8,25.7
SOLO,2025-05-14,19.6,25.6
SOLO,2025-05-15,26.6,25.7
SOLO,2025-05-16,17.1,25.4
SOLO,2025-05-17,27.0,25.1
SOLO,2025-05-18,15.5,25.7
SOLO,2025-05-19,20.1,25.1
SOLO,2025-05-20,6.5,25.9
SOLO,2025-05-21,14.0,26.3
SOLO,2025-05-22,30.1,25.4
SOLO,2025-05-23,37.4,24.9
SOLO,2025-05-24,4.0,25.6
SOLO,2025-05-25,2.3,26.1
SOLO,2025-05-26,4.3,25.3
SOLO,2025-05-27,13.8,25.7
SOLO,2025-05-28,3.4,26.7
SOLO,2025-05-29,0.0,27.2
SOLO,2025-05-30,5.6,26.4
SOLO,2025-05-31,12.6,26.1
SOLO,2025-06-01,0.9,26.0
SOLO,2025-06-02,0.0,26.4
SOLO,2025-06-03,0.5,26.8
SOLO,2025-06-04,0.9,26.2
SOLO,2025-06-05,1.2,26.6
SOLO,2025-06-06,0.0,26.8
SOLO,2025-06-07,0.0,27.0
SOLO,2025-06-08,1.2,26.3
SOLO,2025-06-09,2.9,25.4
SOLO,2025-06-10,8.0,26.1
SOLO,2025-06-11,5.8,25.7
SOLO,2025-06-12,0.0,26.6
SOLO,2025-06-13,1.1,26.5
SOLO,2025-06-14,5.6,26.0
SOLO,2025-06-15,3.3,26.6
SOLO,2025-06-16,5.3,26.1
SOLO,2025-06-17,1.2,25.9
SOLO,2025-06-18,0.0,25.9
SOLO,2025-06-19,0.0,25.1
SOLO,2025-06-20,1.6,24.9
SOLO,2025-06-21,1.4,26.0
SOLO,2025-06-22,9.5,25.3
SOLO,2025-06-23,0.1,26.0
SOLO,2025-06-24,0.3,26.7
SOLO,2025-06-25,1.6,26.6
SOLO,2025-06-26,0.0,27.0
SOLO,2025-06-27,1.9,26.7
SOLO,2025-06-28,6.2,26.1
SOLO,2025-06-29,3.1,26.6
SOLO,2025-06-30,0.4,27.5
SOLO,2025-07-01,1.4,27.3
SOLO,2025-07-02,7.3,27.3
SOLO,2025-07-03,12.7,26.1
SOLO,2025-07-04,2.0,25.9
SOLO,2025-07-05,13.1,26.3
SOLO,2025-07-06,0.8,26.1
SOLO,2025-07-07,0.7,26.2
SOLO,2025-07-08,0.4,26.2
SOLO,2025-07-09,0.0,25.4
SOLO,2025-07-10,0.0,25.7
SOLO,2025-07-11,0.0,25.8
SOLO,2025-07-12,0.0,25.8
SOLO,2025-07-13,4.8,26.6
SOLO,2025-07-14,0.4,26.4
SOLO,2025-07-15,1.3,26.4
SOLO,2025-07-16,0.2,26.1
SOLO,2025-07-17,0.0,25.9
SOLO,2025-07-18,0.0,26.1
SOLO,2025-07-19,0.0,25.6
SOLO,2025-07-20,0.0,25.3
SOLO,2025-07-21,0.0,25.4
SOLO,2025-07-22,0.0,25.6
SOLO,2025-07-23,0.2,26.6
SOLO,2025-07-24,0.0,26.8
SOLO,2025-07-25,0.3,27.4
SOLO,2025-07-26,0.2,27.5
SOLO,2025-07-27,1.2,27.2
SOLO,2025-07-28,0.9,26.5
SOLO,2025-07-29,1.1,27.0
SOLO,2025-07-30,1.3,26.2
SOLO,2025-07-31,0.4,26.7
SOLO,2025-08-01,0.0,26.8
SOLO,2025-08-02,0.8,27.4
SOLO,2025-08-03,2.0,26.8
SOLO,2025-08-04,2.4,26.7
SOLO,2025-08-05,6.1,26.0
SOLO,2025-08-06,0.0,27.0
SOLO,2025-08-07,0.5,27.3
SOLO,2025-08-08,1.1,28.4
SOLO,2025-08-09,4.0,27.4
SOLO,2025-08-10,1.7,27.0
SOLO,2025-08-11,2.2,26.9
SOLO,2025-08-12,8.1,25.8
SOLO,2025-08-13,2.8,25.9
SOLO,2025-08-14,0.6,25.8
SOLO,2025-08-15,0.0,25.6
SOLO,2025-08-16,0.0,27.3
SOLO,2025-08-17,0.0,27.7
SOLO,2025-08-18,1.3,27.4
SOLO,2025-08-19,31.8,25.6
SOLO,2025-08-20,1.5,26.3
SOLO,2025-08-21,4.6,25.8
SOLO,2025-08-22,2.0,26.0
SOLO,2025-08-23,1.4,26.7
SOLO,2025-08-24,1.7,26.4
SOLO,2025-08-25,0.0,26.5
SOLO,2025-08-26,0.0,26.4
SOLO,2025-08-27,2.7,26.0
SOLO,2025-08-28,0.1,26.2
SOLO,2025-08-29,1.1,26.0
SOLO,2025-08-30,3.2,26.9
SOLO,2025-08-31,0.0,27.6
SOLO,2025-09-01,0.3,27.2
SOLO,2025-09-02,0.0,28.5
SOLO,2025-09-03,0.0,28.4
SOLO,2025-09-04,2.6,28.1
SOLO,2025-09-05,2.3,27.8
SOLO,2025-09-06,0.0,26.3
SOLO,2025-09-07,0.0,26.7
SOLO,2025-09-08,2.5,27.0
SOLO,2025-09-09,3.6,26.8
SOLO,2025-09-10,5.8,26.4
SOLO,2025-09-11,9.9,25.7
SOLO,2025-09-12,1.1,26.5
SOLO,2025-09-13,0.0,26.9
SOLO,2025-09-14,1.7,26.6
SOLO,2025-09-15,2.5,26.7
SOLO,2025-09-16,11.4,26.3
SOLO,2025-09-17,33.0,25.6
SOLO,2025-09-18,12.3,25.2
SOLO,2025-09-19,16.2,26.0
SOLO,2025-09-20,1.3,27.1
SOLO,2025-09-21,0.8,26.6
SOLO,2025-09-22,0.0,27.1
SOLO,2025-09-23,0.0,27.6
SOLO,2025-09-24,1.3,27.4
SOLO,2025-09-25,3.6,28.0
SOLO,2025-09-26,1.2,27.8
SOLO,2025-09-27,1.1,28.7
SOLO,2025-09-28,0.4,29.0
SOLO,2025-09-29,12.4,26.5
SOLO,2025-09-30,11.3,25.4
SOLO,2025-10-01,13.8,26.0
SOLO,2025-10-02,3.6,27.1
SOLO,2025-10-03,0.1,27.0
SOLO,2025-10-04,0.0,27.3
SOLO,2025-10-05,1.0,27.9
SOLO,2025-10-06,0.2,28.3
SOLO,2025-10-07,0.0,28.3
SOLO,2025-10-08,0.1,28.1
SOLO,2025-10-09,1.1,27.6
SOLO,2025-10-10,2.7,27.8
SOLO,2025-10-11,0.7,28.1
SOLO,2025-10-12,0.6,28.5
SOLO,2025-10-13,2.4,28.4
SOLO,2025-10-14,1.8,28.9
SOLO,2025-10-15,6.4,28.5
SOLO,2025-10-16,2.1,28.6
SOLO,2025-10-17,3.2,27.8
SOLO,2025-10-18,2.4,28.0
SOLO,2025-10-19,2.2,27.9
SOLO,2025-10-20,15.2,26.9
SOLO,2025-10-21,42.0,25.8
SOLO,2025-10-22,17.9,25.5
SOLO,2025-10-23,4.4,25.4
SOLO,2025-10-24,24.6,25.0
SOLO,2025-10-25,8.5,24.8
SOLO,2025-10-26,18.2,25.3
SOLO,2025-10-27,0.8,26.0
SOLO,2025-10-28,27.3,24.9
SOLO,2025-10-29,5.5,25.4
SOLO,2025-10-30,5.5,25.6
SOLO,2025-10-31,31.1,25.7
SOLO,2025-11-01,11.3,26.2
SOLO,2025-11-02,7.8,26.1
SOLO,2025-11-03,26.7,25.6
SOLO,2025-11-04,13.2,25.8
SOLO,2025-11-05,16.3,25.3
SOLO,2025-11-06,19.1,25.4
SOLO,2025-11-07,13.5,26.1
SOLO,2025-11-08,20.4,25.8
SOLO,2025-11-09,27.8,25.4
SOLO,2025-11-10,16.9,25.8
SOLO,2025-11-11,15.2,25.3
SOLO,2025-11-12,12.9,24.8
SOLO,2025-11-13,12.0,25.1
SOLO,2025-11-14,15.2,25.0
SOLO,2025-11-15,5.3,25.1
SOLO,2025-11-16,12.4,25.6
SOLO,2025-11-17,10.1,26.2
SOLO,2025-11-18,13.8,25.8
SOLO,2025-11-19,12.1,25.4
SOLO,2025-11-20,11.1,25.7
SOLO,2025-11-21,20.0,25.4
SOLO,2025-11-22,1.0,26.1
SOLO,2025-11-23,16.9,25.7
SOLO,2025-11-24,0.7,25.8
SOLO,2025-11-25,0.0,26.5
SOLO,2025-11-26,1.7,25.8
SOLO,2025-11-27,0.3,26.3
SOLO,2025-11-28,0.0,26.3
SOLO,2025-11-29,0.1,26.1
SOLO,2025-11-30,0.1,26.5
SOLO,2025-12-01,0.0,26.5
SOLO,2025-12-02,9.5,27.1
SOLO,2025-12-03,2.5,26.1
SOLO,2025-12-04,18.2,24.9
SOLO,2025-12-05,29.5,25.1
SOLO,2025-12-06,17.5,24.8
SOLO,2025-12-07,5.7,25.9
SOLO,2025-12-08,6.8,25.6
SOLO,2025-12-09,7.0,25.3
SOLO,2025-12-10,4.6,26.5
SOLO,2025-12-11,0.7,26.5
SOLO,2025-12-12,0.6,26.8
SOLO,2025-12-13,0.6,26.6
SOLO,2025-12-14,4.5,26.3
SOLO,2025-12-15,0.0,26.8
SOLO,2025-12-16,0.0,27.8
SOLO,2025-12-17,3.0,27.2
SOLO,2025-12-18,4.0,26.6
SOLO,2025-12-19,3.1,26.5
SOLO,2025-12-20,16.4,25.9
SOLO,2025-12-21,6.7,26.0
SOLO,2025-12-22,10.7,26.4
SOLO,2025-12-23,7.2,26.8
SOLO,2025-12-24,9.2,26.4
SOLO,2025-12-25,4.4,26.7
SOLO,2025-12-26,7.5,26.1
SOLO,2025-12-27,6.8,25.7
SOLO,2025-12-28,0.7,27.3
SOLO,2025-12-29,2.9,27.0
SOLO,2025-12-30,11.1,26.8
SOLO,2025-12-31,7.6,25.3
SOLO,2026-01-01,33.0,25.7
SOLO,2026-01-02,39.8,25.9
SOLO,2026-01-03,22.2,24.6
SOLO,2026-01-04,15.6,25.7
SOLO,2026-01-05,0.5,26.2
SOLO,2026-01-06,0.0,27.3
SOLO,2026-01-07,0.1,27.4
SOLO,2026-01-08,6.0,26.6
SOLO,2026-01-09,10.2,25.4
SOLO,2026-01-10,9.0,24.2
SOLO,2026-01-11,13.5,24.0
SOLO,2026-01-12,9.8,24.5
SOLO,2026-01-13,1.7,25.0
SOLO,2026-01-14,11.5,24.4
SOLO,2026-01-15,6.6,23.9
SOLO,2026-01-16,6.4,24.6
SOLO,2026-01-17,5.2,25.0
SOLO,2026-01-18,35.0,24.7
SOLO,2026-01-19,4.1,25.2
SOLO,2026-01-20,1.2,24.9
SOLO,2026-01-21,5.5,24.9
SOLO,2026-01-22,10.4,24.8
SOLO,2026-01-23,20.3,24.7
SOLO,2026-01-24,0.0,26.1
SOLO,2026-01-25,1.3,25.9
SOLO,2026-01-26,12.6,25.4
SOLO,2026-01-27,24.8,24.8
SOLO,2026-01-28,24.7,24.8
SOLO,2026-01-29,3.6,25.8
SOLO,2026-01-30,11.7,25.3
SOLO,2026-01-31,11.9,25.8
SOLO,2026-02-01,4.6,25.2
SOLO,2026-02-02,6.9,25.1
SOLO,2026-02-03,9.6,25.6
SOLO,2026-02-04,11.3,24.8
SOLO,2026-02-05,3.6,24.7
SOLO,2026-02-06,0.9,25.0
SOLO,2026-02-07,5.6,25.1
SOLO,2026-02-08,3.3,25.5
SOLO,2026-02-09,7.0,25.4
SOLO,2026-02-10,6.9,25.4
SOLO,2026-02-11,21.0,25.2
SOLO,2026-02-12,16.9,25.2
SOLO,2026-02-13,4.1,24.6
SOLO,2026-02-14,10.1,25.1
SOLO,2026-02-15,8.9,25.5
SOLO,2026-02-16,20.1,25.4
SOLO,2026-02-17,12.1,25.6
SOLO,2026-02-18,19.1,25.6
SOLO,2026-02-19,15.1,25.8
SOLO,2026-02-20,4.7,26.0
SOLO,2026-02-21,12.3,25.6
SOLO,2026-02-22,20.1,25.1
SOLO,2026-02-23,15.5,24.6
SOLO,2026-02-24,2.4,24.8
SOLO,2026-02-25,2.4,25.7
SOLO,2026-02-26,3.2,25.3
SOLO,2026-02-27,8.0,24.9
SOLO,2026-02-28,19.2,24.8
SOLO,2026-03-01,8.7,26.0
SOLO,2026-03-02,17.8,25.2
SOLO,2026-03-03,7.8,25.0
SOLO,2026-03-04,7.0,24.9
SOLO,2026-03-05,4.6,25.1
SOLO,2026-03-06,1.3,25.4
SOLO,2026-03-07,2.8,24.8
SOLO,2026-03-08,1.8,25.4
SOLO,2026-03-09,2.3,26.1
SOLO,2026-03-10,4.0,26.8
SOLO,2026-03-11,0.5,26.8
SOLO,2026-03-12,0.0,26.7
SOLO,2026-03-13,0.1,26.8
SOLO,2026-03-14,1.1,26.4
SOLO,2026-03-15,7.0,25.3
SOLO,2026-03-16,5.8,25.6
SOLO,2026-03-17,9.4,26.5
SOLO,2026-03-18,0.0,27.0
SOLO,2026-03-19,1.4,27.1
SOLO,2026-03-20,1.8,26.4
SOLO,2026-03-21,10.0,26.4
SOLO,2026-03-22,3.5,26.1
SOLO,2026-03-23,0.7,26.7
SOLO,2026-03-24,6.2,26.0
SOLO,2026-03-25,3.3,25.7
SOLO,2026-03-26,9.5,25.5
SOLO,2026-03-27,4.7,25.8
SOLO,2026-03-28,31.8,25.6
SOLO,2026-03-29,2.0,26.3
SOLO,2026-03-30,23.0,25.2
SOLO,2026-03-31,6.2,25.6
PEKALONGAN,2025-03-15,16.1,26.2
PEKALONGAN,2025-03-16,1.6,26.8
PEKALONGAN,2025-03-17,36.1,25.9
PEKALONGAN,2025-03-18,7.0,27.0
PEKALONGAN,2025-03-19,1.8,26.7
PEKALONGAN,2025-03-20,9.5,26.6
PEKALONGAN,2025-03-21,2.4,27.3
PEKALONGAN,2025-03-22,12.8,26.2
PEKALONGAN,2025-03-23,14.6,26.6
PEKALONGAN,2025-03-24,14.2,25.9
PEKALONGAN,2025-03-25,8.6,26.6
PEKALONGAN,2025-03-26,16.7,26.7
PEKALONGAN,2025-03-27,6.1,27.5
PEKALONGAN,2025-03-28,36.1,26.0
PEKALONGAN,2025-03-29,3.4,27.0
PEKALONGAN,2025-03-30,0.7,27.4
PEKALONGAN,2025-03-31,4.8,26.0
PEKALONGAN,2025-04-01,5.4,25.9
PEKALONGAN,2025-04-02,13.8,26.4
PEKALONGAN,2025-04-03,9.4,26.1
PEKALONGAN,2025-04-04,6.2,26.8
PEKALONGAN,2025-04-05,1.9,26.1
PEKALONGAN,2025-04-06,8.7,26.3
PEKALONGAN,2025-04-07,0.1,26.9
PEKALONGAN,2025-04-08,0.1,27.2
PEKALONGAN,2025-04-09,5.1,27.3
PEKALONGAN,2025-04-10,6.4,27.2
PEKALONGAN,2025-04-11,7.7,27.0
PEKALONGAN,2025-04-12,6.0,27.0
PEKALONGAN,2025-04-13,14.7,26.8
PEKALONGAN,2025-04-14,2.7,26.5
PEKALONGAN,2025-04-15,12.5,26.5
PEKALONGAN,2025-04-16,2.9,27.1
PEKALONGAN,2025-04-17,2.1,26.6
PEKALONGAN,2025-04-18,23.1,26.3
PEKALONGAN,2025-04-19,2.9,27.4
PEKALONGAN,2025-04-20,10.3,26.7
PEKALONGAN,2025-04-21,7.0,26.6
PEKALONGAN,2025-04-22,4.2,26.6
PEKALONGAN,2025-04-23,3.7,26.1
PEKALONGAN,2025-04-24,5.9,26.3
PEKALONGAN,2025-04-25,2.0,26.5
PEKALONGAN,2025-04-26,4.2,26.8
PEKALONGAN,2025-04-27,0.0,26.9
PEKALONGAN,2025-04-28,0.0,26.2
PEKALONGAN,2025-04-29,0.6,26.6
PEKALONGAN,2025-04-30,0.5,26.9
PEKALONGAN,2025-05-01,0.2,27.2
PEKALONGAN,2025-05-02,4.3,26.5
PEKALONGAN,2025-05-03,1.6,26.7
PEKALONGAN,2025-05-04,9.8,26.4
PEKALONGAN,2025-05-05,0.6,27.0
PEKALONGAN,2025-05-06,1.2,27.4
PEKALONGAN,2025-05-07,2.4,27.2
PEKALONGAN,2025-05-08,9.3,27.5
PEKALONGAN,2025-05-09,10.0,27.1
PEKALONGAN,2025-05-10,3.2,27.3
PEKALONGAN,2025-05-11,3.6,27.0
PEKALONGAN,2025-05-12,3.7,26.9
PEKALONGAN,2025-05-13,9.8,27.1
PEKALONGAN,2025-05-14,20.5,26.8
PEKALONGAN,2025-05-15,7.4,27.1
PEKALONGAN,2025-05-16,14.4,26.4
PEKALONGAN,2025-05-17,14.3,26.4
PEKALONGAN,2025-05-18,3.7,26.7
PEKALONGAN,2025-05-19,17.9,26.3
PEKALONGAN,2025-05-20,0.0,26.6
PEKALONGAN,2025-05-21,15.4,26.6
PEKALONGAN,2025-05-22,34.1,26.2
PEKALONGAN,2025-05-23,22.9,25.3
PEKALONGAN,2025-05-24,7.8,26.3
PEKALONGAN,2025-05-25,0.5,27.3
PEKALONGAN,2025-05-26,28.5,25.6
PEKALONGAN,2025-05-27,0.0,27.2
PEKALONGAN,2025-05-28,1.1,27.0
PEKALONGAN,2025-05-29,0.3,27.2
PEKALONGAN,2025-05-30,0.0,26.8
PEKALONGAN,2025-05-31,10.4,26.7
PEKALONGAN,2025-06-01,0.9,26.6
PEKALONGAN,2025-06-02,0.0,26.8
PEKALONGAN,2025-06-03,2.0,27.2
PEKALONGAN,2025-06-04,0.6,27.2
PEKALONGAN,2025-06-05,1.8,26.9
PEKALONGAN,2025-06-06,5.5,26.9
PEKALONGAN,2025-06-07,1.4,26.8
PEKALONGAN,2025-06-08,0.4,26.8
PEKALONGAN,2025-06-09,0.6,26.3
PEKALONGAN,2025-06-10,7.2,26.6
PEKALONGAN,2025-06-11,16.1,25.9
PEKALONGAN,2025-06-12,0.0,27.0
PEKALONGAN,2025-06-13,0.1,26.5
PEKALONGAN,2025-06-14,9.4,26.2
PEKALONGAN,2025-06-15,14.5,27.3
PEKALONGAN,2025-06-16,12.4,27.0
PEKALONGAN,2025-06-17,2.0,26.5
PEKALONGAN,2025-06-18,7.2,26.0
PEKALONGAN,2025-06-19,2.9,25.4
PEKALONGAN,2025-06-20,0.5,25.4
PEKALONGAN,2025-06-21,0.1,26.5
PEKALONGAN,2025-06-22,5.0,26.1
PEKALONGAN,2025-06-23,0.4,26.1
PEKALONGAN,2025-06-24,0.3,26.4
PEKALONGAN,2025-06-25,0.4,26.7
PEKALONGAN,2025-06-26,0.0,26.1
PEKALONGAN,2025-06-27,0.7,26.7
PEKALONGAN,2025-06-28,4.8,25.8
PEKALONGAN,2025-06-29,19.0,25.5
PEKALONGAN,2025-06-30,0.1,26.9
PEKALONGAN,2025-07-01,0.6,27.2
PEKALONGAN,2025-07-02,0.9,26.3
PEKALONGAN,2025-07-03,0.5,26.3
PEKALONGAN,2025-07-04,1.1,26.6
PEKALONGAN,2025-07-05,15.0,25.8
PEKALONGAN,2025-07-06,18.1,25.9
PEKALONGAN,2025-07-07,2.5,26.7
PEKALONGAN,2025-07-08,0.8,27.4
PEKALONGAN,2025-07-09,0.0,26.6
PEKALONGAN,2025-07-10,0.0,25.2
PEKALONGAN,2025-07-11,0.0,24.7
PEKALONGAN,2025-07-12,0.0,24.8
PEKALONGAN,2025-07-13,5.0,26.7
PEKALONGAN,2025-07-14,0.2,26.3
PEKALONGAN,2025-07-15,0.3,26.4
PEKALONGAN,2025-07-16,0.2,26.7
PEKALONGAN,2025-07-17,0.0,26.2
PEKALONGAN,2025-07-18,0.0,26.1
PEKALONGAN,2025-07-19,0.0,25.9
PEKALONGAN,2025-07-20,0.0,25.0
PEKALONGAN,2025-07-21,0.0,25.2
PEKALONGAN,2025-07-22,0.0,25.1
PEKALONGAN,2025-07-23,0.7,25.9
PEKALONGAN,2025-07-24,0.0,26.4
PEKALONGAN,2025-07-25,0.1,26.9
PEKALONGAN,2025-07-26,0.2,26.9
PEKALONGAN,2025-07-27,0.2,26.8
PEKALONGAN,2025-07-28,0.5,27.0
PEKALONGAN,2025-07-29,0.3,27.5
PEKALONGAN,2025-07-30,1.4,28.2
PEKALONGAN,2025-07-31,0.0,27.4
PEKALONGAN,2025-08-01,0.0,26.8
PEKALONGAN,2025-08-02,0.3,27.1
PEKALONGAN,2025-08-03,7.7,27.6
PEKALONGAN,2025-08-04,11.8,26.6
PEKALONGAN,2025-08-05,0.8,27.0
PEKALONGAN,2025-08-06,0.0,27.1
PEKALONGAN,2025-08-07,4.4,27.1
PEKALONGAN,2025-08-08,3.1,26.5
PEKALONGAN,2025-08-09,0.4,26.7
PEKALONGAN,2025-08-10,2.2,26.9
PEKALONGAN,2025-08-11,5.9,26.8
PEKALONGAN,2025-08-12,4.2,25.4
PEKALONGAN,2025-08-13,2.7,27.0
PEKALONGAN,2025-08-14,37.3,26.5
PEKALONGAN,2025-08-15,0.0,26.1
PEKALONGAN,2025-08-16,0.0,26.8
PEKALONGAN,2025-08-17,0.0,27.3
PEKALONGAN,2025-08-18,6.3,27.3
PEKALONGAN,2025-08-19,8.5,25.5
PEKALONGAN,2025-08-20,0.2,26.3
PEKALONGAN,2025-08-21,0.2,25.8
PEKALONGAN,2025-08-22,1.0,26.6
PEKALONGAN,2025-08-23,0.1,27.3
PEKALONGAN,2025-08-24,2.1,26.8
PEKALONGAN,2025-08-25,0.7,26.4
PEKALONGAN,2025-08-26,0.0,25.8
PEKALONGAN,2025-08-27,0.0,27.3
PEKALONGAN,2025-08-28,4.2,27.5
PEKALONGAN,2025-08-29,13.7,26.9
PEKALONGAN,2025-08-30,3.3,27.3
PEKALONGAN,2025-08-31,0.2,27.8
PEKALONGAN,2025-09-01,0.4,27.0
PEKALONGAN,2025-09-02,0.2,27.4
PEKALONGAN,2025-09-03,0.3,27.3
PEKALONGAN,2025-09-04,0.5,27.0
PEKALONGAN,2025-09-05,1.3,27.3
PEKALONGAN,2025-09-06,1.5,27.3
PEKALONGAN,2025-09-07,0.0,27.1
PEKALONGAN,2025-09-08,0.0,27.4
PEKALONGAN,2025-09-09,0.8,28.0
PEKALONGAN,2025-09-10,8.6,27.4
PEKALONGAN,2025-09-11,5.5,26.0
PEKALONGAN,2025-09-12,0.2,27.1
PEKALONGAN,2025-09-13,1.0,26.9
PEKALONGAN,2025-09-14,0.0,27.5
PEKALONGAN,2025-09-15,0.9,28.5
PEKALONGAN,2025-09-16,1.1,27.7
PEKALONGAN,2025-09-17,6.3,26.3
PEKALONGAN,2025-09-18,23.1,25.6
PEKALONGAN,2025-09-19,10.3,26.9
PEKALONGAN,2025-09-20,1.5,27.2
PEKALONGAN,2025-09-21,7.7,27.6
PEKALONGAN,2025-09-22,0.0,28.2
PEKALONGAN,2025-09-23,0.0,28.3
PEKALONGAN,2025-09-24,1.1,28.4
PEKALONGAN,2025-09-25,2.5,28.0
PEKALONGAN,2025-09-26,0.3,28.3
PEKALONGAN,2025-09-27,0.2,28.7
PEKALONGAN,2025-09-28,0.4,29.5
PEKALONGAN,2025-09-29,7.1,28.2
PEKALONGAN,2025-09-30,3.6,27.4
PEKALONGAN,2025-10-01,8.3,27.5
PEKALONGAN,2025-10-02,3.4,27.9
PEKALONGAN,2025-10-03,0.0,28.1
PEKALONGAN,2025-10-04,0.2,28.1
PEKALONGAN,2025-10-05,0.2,28.0
PEKALONGAN,2025-10-06,0.1,28.7
PEKALONGAN,2025-10-07,0.0,28.6
PEKALONGAN,2025-10-08,2.0,28.4
PEKALONGAN,2025-10-09,0.3,28.6
PEKALONGAN,2025-10-10,1.3,28.7
PEKALONGAN,2025-10-11,0.1,28.9
PEKALONGAN,2025-10-12,0.2,29.6
PEKALONGAN,2025-10-13,9.4,29.5
PEKALONGAN,2025-10-14,0.1,29.6
PEKALONGAN,2025-10-15,0.2,29.8
PEKALONGAN,2025-10-16,0.0,30.4
PEKALONGAN,2025-10-17,0.8,30.0
PEKALONGAN,2025-10-18,1.1,29.5
PEKALONGAN,2025-10-19,2.4,30.1
PEKALONGAN,2025-10-20,2.2,29.7
PEKALONGAN,2025-10-21,20.9,27.5
PEKALONGAN,2025-10-22,13.2,27.0
PEKALONGAN,2025-10-23,12.5,27.0
PEKALONGAN,2025-10-24,33.5,26.3
PEKALONGAN,2025-10-25,3.0,26.7
PEKALONGAN,2025-10-26,18.0,26.4
PEKALONGAN,2025-10-27,6.3,26.8
PEKALONGAN,2025-10-28,7.2,26.3
PEKALONGAN,2025-10-29,0.8,26.9
PEKALONGAN,2025-10-30,11.2,27.3
PEKALONGAN,2025-10-31,12.7,26.8
PEKALONGAN,2025-11-01,5.5,27.4
PEKALONGAN,2025-11-02,16.0,27.2
PEKALONGAN,2025-11-03,21.4,26.1
PEKALONGAN,2025-11-04,2.2,27.0
PEKALONGAN,2025-11-05,7.6,28.0
PEKALONGAN,2025-11-06,3.9,27.0
PEKALONGAN,2025-11-07,0.9,28.0
PEKALONGAN,2025-11-08,11.9,26.4
PEKALONGAN,2025-11-09,0.6,27.5
PEKALONGAN,2025-11-10,13.8,27.8
PEKALONGAN,2025-11-11,26.4,26.3
PEKALONGAN,2025-11-12,2.2,26.5
PEKALONGAN,2025-11-13,11.2,26.4
PEKALONGAN,2025-11-14,7.7,26.1
PEKALONGAN,2025-11-15,15.7,27.1
PEKALONGAN,2025-11-16,6.1,27.0
PEKALONGAN,2025-11-17,1.1,26.8
PEKALONGAN,2025-11-18,35.6,26.7
PEKALONGAN,2025-11-19,9.6,27.1
PEKALONGAN,2025-11-20,2.3,26.9
PEKALONGAN,2025-11-21,11.2,27.6
PEKALONGAN,2025-11-22,0.9,27.6
PEKALONGAN,2025-11-23,21.2,26.4
PEKALONGAN,2025-11-24,6.9,27.4
PEKALONGAN,2025-11-25,0.0,27.8
PEKALONGAN,2025-11-26,0.7,27.9
PEKALONGAN,2025-11-27,2.1,27.5
PEKALONGAN,2025-11-28,0.2,27.7
PEKALONGAN,2025-11-29,0.0,27.3
PEKALONGAN,2025-11-30,2.3,27.1
PEKALONGAN,2025-12-01,10.7,26.4
PEKALONGAN,2025-12-02,11.2,27.5
PEKALONGAN,2025-12-03,9.2,27.2
PEKALONGAN,2025-12-04,37.7,25.6
PEKALONGAN,2025-12-05,16.2,26.2
PEKALONGAN,2025-12-06,11.1,26.2
PEKALONGAN,2025-12-07,1.3,27.7
PEKALONGAN,2025-12-08,3.9,27.0
PEKALONGAN,2025-12-09,0.7,26.4
PEKALONGAN,2025-12-10,6.8,26.8
PEKALONGAN,2025-12-11,5.1,26.8
PEKALONGAN,2025-12-12,0.6,27.5
PEKALONGAN,2025-12-13,2.6,27.5
PEKALONGAN,2025-12-14,7.4,27.4
PEKALONGAN,2025-12-15,0.6,29.1
PEKALONGAN,2025-12-16,0.1,30.2
PEKALONGAN,2025-12-17,3.4,28.3
PEKALONGAN,2025-12-18,4.4,28.0
PEKALONGAN,2025-12-19,12.7,26.8
PEKALONGAN,2025-12-20,11.1,26.3
PEKALONGAN,2025-12-21,5.4,27.0
PEKALONGAN,2025-12-22,9.3,26.9
PEKALONGAN,2025-12-23,14.2,26.7
PEKALONGAN,2025-12-24,2.8,27.8
PEKALONGAN,2025-12-25,1.5,27.2
PEKALONGAN,2025-12-26,8.3,27.1
PEKALONGAN,2025-12-27,15.3,26.6
PEKALONGAN,2025-12-28,9.6,27.0
PEKALONGAN,2025-12-29,9.8,26.5
PEKALONGAN,2025-12-30,12.0,26.6
PEKALONGAN,2025-12-31,21.8,24.8
PEKALONGAN,2026-01-01,24.4,25.6
PEKALONGAN,2026-01-02,16.5,26.2
PEKALONGAN,2026-01-03,21.9,25.1
PEKALONGAN,2026-01-04,5.5,26.0
PEKALONGAN,2026-01-05,4.0,26.5
PEKALONGAN,2026-01-06,0.3,27.7
PEKALONGAN,2026-01-07,4.0,27.2
PEKALONGAN,2026-01-08,2.6,27.3
PEKALONGAN,2026-01-09,14.8,26.3
PEKALONGAN,2026-01-10,18.3,25.1
PEKALONGAN,2026-01-11,8.4,24.6
PEKALONGAN,2026-01-12,21.8,24.2
PEKALONGAN,2026-01-13,9.2,25.1
PEKALONGAN,2026-01-14,12.2,25.2
PEKALONGAN,2026-01-15,8.9,24.9
PEKALONGAN,2026-01-16,13.1,26.1
PEKALONGAN,2026-01-17,41.4,25.6
PEKALONGAN,2026-01-18,29.6,25.0
PEKALONGAN,2026-01-19,22.4,25.9
PEKALONGAN,2026-01-20,32.6,25.6
PEKALONGAN,2026-01-21,10.5,25.2
PEKALONGAN,2026-01-22,22.1,24.7
PEKALONGAN,2026-01-23,43.8,24.8
PEKALONGAN,2026-01-24,2.9,25.9
PEKALONGAN,2026-01-25,1.0,26.1
PEKALONGAN,2026-01-26,14.4,25.7
PEKALONGAN,2026-01-27,39.4,24.8
PEKALONGAN,2026-01-28,29.6,24.5
PEKALONGAN,2026-01-29,9.9,25.6
PEKALONGAN,2026-01-30,5.8,25.8
PEKALONGAN,2026-01-31,11.3,25.9
PEKALONGAN,2026-02-01,2.8,25.3
PEKALONGAN,2026-02-02,25.9,25.2
PEKALONGAN,2026-02-03,14.3,25.4
PEKALONGAN,2026-02-04,32.3,25.5
PEKALONGAN,2026-02-05,9.2,25.3
PEKALONGAN,2026-02-06,10.0,26.0
PEKALONGAN,2026-02-07,25.7,25.4
PEKALONGAN,2026-02-08,19.9,25.9
PEKALONGAN,2026-02-09,13.5,25.6
PEKALONGAN,2026-02-10,7.7,25.9
PEKALONGAN,2026-02-11,6.6,25.7
PEKALONGAN,2026-02-12,39.4,25.8
PEKALONGAN,2026-02-13,14.2,25.8
PEKALONGAN,2026-02-14,8.1,26.2
PEKALONGAN,2026-02-15,26.5,25.8
PEKALONGAN,2026-02-16,30.5,25.6
PEKALONGAN,2026-02-17,6.9,26.4
PEKALONGAN,2026-02-18,15.0,25.4
PEKALONGAN,2026-02-19,34.3,25.6
PEKALONGAN,2026-02-20,15.2,25.5
PEKALONGAN,2026-02-21,7.7,25.6
PEKALONGAN,2026-02-22,19.4,25.8
PEKALONGAN,2026-02-23,16.1,25.3
PEKALONGAN,2026-02-24,0.9,26.6
PEKALONGAN,2026-02-25,0.7,27.5
PEKALONGAN,2026-02-26,2.9,27.1
PEKALONGAN,2026-02-27,2.9,26.5
PEKALONGAN,2026-02-28,11.8,26.5
PEKALONGAN,2026-03-01,1.2,26.9
PEKALONGAN,2026-03-02,38.0,26.2
PEKALONGAN,2026-03-03,31.1,26.8
PEKALONGAN,2026-03-04,7.3,26.2
PEKALONGAN,2026-03-05,11.6,26.1
PEKALONGAN,2026-03-06,21.6,25.8
PEKALONGAN,2026-03-07,31.9,25.5
PEKALONGAN,2026-03-08,19.6,25.7
PEKALONGAN,2026-03-09,8.5,26.7
PEKALONGAN,2026-03-10,4.1,26.5
PEKALONGAN,2026-03-11,0.3,26.7
PEKALONGAN,2026-03-12,0.5,27.2
PEKALONGAN,2026-03-13,1.2,26.9
PEKALONGAN,2026-03-14,7.0,25.5
PEKALONGAN,2026-03-15,1.7,26.9
PEKALONGAN,2026-03-16,1.0,27.0
PEKALONGAN,2026-03-17,3.2,27.0
PEKALONGAN,2026-03-18,0.0,26.9
PEKALONGAN,2026-03-19,7.9,26.7
PEKALONGAN,2026-03-20,2.9,26.8
PEKALONGAN,2026-03-21,1.9,27.5
PEKALONGAN,2026-03-22,3.2,26.4
PEKALONGAN,2026-03-23,3.2,26.5
PEKALONGAN,2026-03-24,14.7,26.0
PEKALONGAN,2026-03-25,23.5,26.0
PEKALONGAN,2026-03-26,24.3,25.1
PEKALONGAN,2026-03-27,18.9,25.8
PEKALONGAN,2026-03-28,17.5,27.1
PEKALONGAN,2026-03-29,1.4,27.4
PEKALONGAN,2026-03-30,6.1,26.6
PEKALONGAN,2026-03-31,0.6,27.1
KLATEN,2025-03-15,13.5,25.2
KLATEN,2025-03-16,0.8,25.7
KLATEN,2025-03-17,7.8,25.1
KLATEN,2025-03-18,8.3,25.5
KLATEN,2025-03-19,19.5,25.0
KLATEN,2025-03-20,0.0,27.0
KLATEN,2025-03-21,0.6,27.3
KLATEN,2025-03-22,3.8,25.9
KLATEN,2025-03-23,0.0,26.8
KLATEN,2025-03-24,1.3,26.1
KLATEN,2025-03-25,5.5,26.5
KLATEN,2025-03-26,5.1,26.8
KLATEN,2025-03-27,6.6,26.6
KLATEN,2025-03-28,26.4,25.4
KLATEN,2025-03-29,6.0,26.3
KLATEN,2025-03-30,1.4,26.6
KLATEN,2025-03-31,11.0,26.4
KLATEN,2025-04-01,4.1,25.7
KLATEN,2025-04-02,8.8,25.6
KLATEN,2025-04-03,31.9,25.4
KLATEN,2025-04-04,8.9,26.2
KLATEN,2025-04-05,0.2,26.9
KLATEN,2025-04-06,0.0,26.9
KLATEN,2025-04-07,0.9,26.8
KLATEN,2025-04-08,4.1,26.6
KLATEN,2025-04-09,2.5,27.2
KLATEN,2025-04-10,12.9,26.0
KLATEN,2025-04-11,8.8,25.7
KLATEN,2025-04-12,16.6,26.0
KLATEN,2025-04-13,9.6,25.9
KLATEN,2025-04-14,3.2,25.5
KLATEN,2025-04-15,0.2,26.9
KLATEN,2025-04-16,0.6,27.2
KLATEN,2025-04-17,13.4,25.9
KLATEN,2025-04-18,8.0,25.5
KLATEN,2025-04-19,5.0,25.8
KLATEN,2025-04-20,1.6,25.8
KLATEN,2025-04-21,3.5,26.8
KLATEN,2025-04-22,2.2,26.3
KLATEN,2025-04-23,1.1,26.8
KLATEN,2025-04-24,2.6,26.3
KLATEN,2025-04-25,2.2,26.5
KLATEN,2025-04-26,2.7,26.9
KLATEN,2025-04-27,0.0,27.2
KLATEN,2025-04-28,0.0,27.3
KLATEN,2025-04-29,1.6,26.8
KLATEN,2025-04-30,0.2,27.0
KLATEN,2025-05-01,2.3,26.7
KLATEN,2025-05-02,22.4,25.1
KLATEN,2025-05-03,2.4,25.9
KLATEN,2025-05-04,4.4,26.0
KLATEN,2025-05-05,1.2,26.9
KLATEN,2025-05-06,9.3,26.1
KLATEN,2025-05-07,7.5,25.8
KLATEN,2025-05-08,3.7,26.1
KLATEN,2025-05-09,30.6,25.2
KLATEN,2025-05-10,9.8,25.8
KLATEN,2025-05-11,11.6,25.6
KLATEN,2025-05-12,10.2,25.6
KLATEN,2025-05-13,15.4,25.5
KLATEN,2025-05-14,14.0,25.6
KLATEN,2025-05-15,15.4,25.7
KLATEN,2025-05-16,14.1,25.6
KLATEN,2025-05-17,16.1,25.1
KLATEN,2025-05-18,1.4,25.8
KLATEN,2025-05-19,16.1,24.8
KLATEN,2025-05-20,5.9,25.8
KLATEN,2025-05-21,5.0,26.2
KLATEN,2025-05-22,12.9,25.5
KLATEN,2025-05-23,25.1,24.9
KLATEN,2025-05-24,20.9,25.5
KLATEN,2025-05-25,22.4,25.6
KLATEN,2025-05-26,8.6,24.7
KLATEN,2025-05-27,1.2,25.8
KLATEN,2025-05-28,3.2,26.4
KLATEN,2025-05-29,0.1,26.9
KLATEN,2025-05-30,1.3,26.4
KLATEN,2025-05-31,12.3,25.8
KLATEN,2025-06-01,2.1,26.0
KLATEN,2025-06-02,0.1,26.5
KLATEN,2025-06-03,0.0,27.1
KLATEN,2025-06-04,1.3,26.2
KLATEN,2025-06-05,1.7,26.4
KLATEN,2025-06-06,0.0,26.9
KLATEN,2025-06-07,0.0,26.9
KLATEN,2025-06-08,17.2,25.8
KLATEN,2025-06-09,4.0,25.3
KLATEN,2025-06-10,4.0,25.6
KLATEN,2025-06-11,3.4,25.9
KLATEN,2025-06-12,0.0,26.4
KLATEN,2025-06-13,1.3,26.3
KLATEN,2025-06-14,4.6,25.9
KLATEN,2025-06-15,3.3,26.7
KLATEN,2025-06-16,4.5,26.0
KLATEN,2025-06-17,0.6,26.2
KLATEN,2025-06-18,0.0,26.2
KLATEN,2025-06-19,0.0,25.6
KLATEN,2025-06-20,2.5,24.8
KLATEN,2025-06-21,4.8,26.1
KLATEN,2025-06-22,13.5,25.3
KLATEN,2025-06-23,0.3,26.3
KLATEN,2025-06-24,0.0,26.7
KLATEN,2025-06-25,0.7,26.5
KLATEN,2025-06-26,0.2,26.8
KLATEN,2025-06-27,1.5,26.4
KLATEN,2025-06-28,7.2,26.0
KLATEN,2025-06-29,5.2,26.0
KLATEN,2025-06-30,0.8,26.8
KLATEN,2025-07-01,0.3,26.9
KLATEN,2025-07-02,0.4,27.1
KLATEN,2025-07-03,5.4,26.4
KLATEN,2025-07-04,1.4,25.7
KLATEN,2025-07-05,2.1,26.2
KLATEN,2025-07-06,8.2,26.1
KLATEN,2025-07-07,1.5,26.4
KLATEN,2025-07-08,0.6,26.3
KLATEN,2025-07-09,0.3,25.4
KLATEN,2025-07-10,0.0,25.3
KLATEN,2025-07-11,0.0,25.9
KLATEN,2025-07-12,0.0,26.1
KLATEN,2025-07-13,1.8,27.4
KLATEN,2025-07-14,0.2,26.8
KLATEN,2025-07-15,2.0,26.6
KLATEN,2025-07-16,0.1,26.7
KLATEN,2025-07-17,0.0,26.1
KLATEN,2025-07-18,0.2,26.3
KLATEN,2025-07-19,0.0,25.5
KLATEN,2025-07-20,0.0,25.2
KLATEN,2025-07-21,0.0,25.1
KLATEN,2025-07-22,0.1,25.4
KLATEN,2025-07-23,0.0,26.3
KLATEN,2025-07-24,0.3,26.5
KLATEN,2025-07-25,0.3,27.0
KLATEN,2025-07-26,1.6,27.0
KLATEN,2025-07-27,1.8,26.7
KLATEN,2025-07-28,4.8,25.9
KLATEN,2025-07-29,6.2,26.2
KLATEN,2025-07-30,3.2,25.8
KLATEN,2025-07-31,0.1,26.3
KLATEN,2025-08-01,0.0,26.7
KLATEN,2025-08-02,0.1,27.3
KLATEN,2025-08-03,4.7,26.6
KLATEN,2025-08-04,4.6,26.4
KLATEN,2025-08-05,2.4,25.7
KLATEN,2025-08-06,0.0,26.6
KLATEN,2025-08-07,0.0,26.8
KLATEN,2025-08-08,0.3,27.9
KLATEN,2025-08-09,0.6,27.7
KLATEN,2025-08-10,4.2,26.8
KLATEN,2025-08-11,1.5,26.8
KLATEN,2025-08-12,4.2,26.1
KLATEN,2025-08-13,2.2,25.9
KLATEN,2025-08-14,0.2,25.9
KLATEN,2025-08-15,0.1,25.8
KLATEN,2025-08-16,0.0,27.0
KLATEN,2025-08-17,0.0,27.4
KLATEN,2025-08-18,1.4,27.4
KLATEN,2025-08-19,11.0,25.8
KLATEN,2025-08-20,1.4,26.5
KLATEN,2025-08-21,1.7,26.3
KLATEN,2025-08-22,0.7,26.6
KLATEN,2025-08-23,2.2,27.4
KLATEN,2025-08-24,1.0,26.5
KLATEN,2025-08-25,0.0,26.5
KLATEN,2025-08-26,0.0,26.2
KLATEN,2025-08-27,3.0,25.5
KLATEN,2025-08-28,2.6,25.5
KLATEN,2025-08-29,8.5,25.2
KLATEN,2025-08-30,2.7,26.4
KLATEN,2025-08-31,0.2,27.1
KLATEN,2025-09-01,0.2,27.2
KLATEN,2025-09-02,0.3,28.4
KLATEN,2025-09-03,0.0,28.4
KLATEN,2025-09-04,2.2,27.6
KLATEN,2025-09-05,0.0,27.5
KLATEN,2025-09-06,0.6,26.3
KLATEN,2025-09-07,0.0,26.4
KLATEN,2025-09-08,0.6,26.7
KLATEN,2025-09-09,2.4,26.4
KLATEN,2025-09-10,13.7,26.1
KLATEN,2025-09-11,9.7,25.6
KLATEN,2025-09-12,1.6,26.6
KLATEN,2025-09-13,0.0,27.0
KLATEN,2025-09-14,1.7,26.9
KLATEN,2025-09-15,3.0,26.6
KLATEN,2025-09-16,5.5,26.2
KLATEN,2025-09-17,5.3,26.0
KLATEN,2025-09-18,3.9,25.4
KLATEN,2025-09-19,10.1,25.8
KLATEN,2025-09-20,0.5,27.4
KLATEN,2025-09-21,3.5,26.7
KLATEN,2025-09-22,0.0,27.2
KLATEN,2025-09-23,0.0,27.4
KLATEN,2025-09-24,0.9,27.5
KLATEN,2025-09-25,5.0,27.8
KLATEN,2025-09-26,1.5,27.4
KLATEN,2025-09-27,1.8,28.6
KLATEN,2025-09-28,0.6,29.2
KLATEN,2025-09-29,17.6,26.3
KLATEN,2025-09-30,5.9,25.4
KLATEN,2025-10-01,13.7,26.3
KLATEN,2025-10-02,0.2,27.6
KLATEN,2025-10-03,0.1,27.3
KLATEN,2025-10-04,0.0,27.4
KLATEN,2025-10-05,3.3,28.0
KLATEN,2025-10-06,0.0,28.3
KLATEN,2025-10-07,1.1,28.0
KLATEN,2025-10-08,0.4,27.8
KLATEN,2025-10-09,1.3,27.3
KLATEN,2025-10-10,0.7,27.6
KLATEN,2025-10-11,0.1,27.5
KLATEN,2025-10-12,0.8,28.2
KLATEN,2025-10-13,5.3,28.0
KLATEN,2025-10-14,1.9,28.6
KLATEN,2025-10-15,7.8,28.1
KLATEN,2025-10-16,1.8,27.9
KLATEN,2025-10-17,3.8,27.7
KLATEN,2025-10-18,0.8,27.8
KLATEN,2025-10-19,2.7,27.7
KLATEN,2025-10-20,11.7,26.5
KLATEN,2025-10-21,28.3,25.6
KLATEN,2025-10-22,16.7,25.4
KLATEN,2025-10-23,5.9,25.1
KLATEN,2025-10-24,10.6,25.0
KLATEN,2025-10-25,2.2,24.7
KLATEN,2025-10-26,8.2,25.3
KLATEN,2025-10-27,1.2,25.9
KLATEN,2025-10-28,14.5,25.0
KLATEN,2025-10-29,3.5,25.5
KLATEN,2025-10-30,4.4,25.7
KLATEN,2025-10-31,5.8,25.4
KLATEN,2025-11-01,7.0,26.1
KLATEN,2025-11-02,6.1,26.1
KLATEN,2025-11-03,14.5,25.7
KLATEN,2025-11-04,6.4,25.6
KLATEN,2025-11-05,4.9,25.1
KLATEN,2025-11-06,25.2,25.2
KLATEN,2025-11-07,5.3,25.8
KLATEN,2025-11-08,29.5,25.3
KLATEN,2025-11-09,20.2,25.7
KLATEN,2025-11-10,17.8,25.7
KLATEN,2025-11-11,16.1,25.1
KLATEN,2025-11-12,19.4,24.5
KLATEN,2025-11-13,8.7,25.2
KLATEN,2025-11-14,5.3,24.9
KLATEN,2025-11-15,7.2,24.9
KLATEN,2025-11-16,13.0,25.9
KLATEN,2025-11-17,9.2,26.5
KLATEN,2025-11-18,39.0,25.7
KLATEN,2025-11-19,35.5,25.0
KLATEN,2025-11-20,19.1,25.4
KLATEN,2025-11-21,15.3,25.6
KLATEN,2025-11-22,2.6,26.0
KLATEN,2025-11-23,19.2,25.5
KLATEN,2025-11-24,5.6,25.8
KLATEN,2025-11-25,0.0,26.7
KLATEN,2025-11-26,7.5,25.8
KLATEN,2025-11-27,3.9,26.1
KLATEN,2025-11-28,0.3,26.5
KLATEN,2025-11-29,0.5,26.1
KLATEN,2025-11-30,0.8,26.3
KLATEN,2025-12-01,0.1,26.7
KLATEN,2025-12-02,2.5,26.6
KLATEN,2025-12-03,4.6,25.6
KLATEN,2025-12-04,4.2,24.7
KLATEN,2025-12-05,10.9,25.1
KLATEN,2025-12-06,3.9,24.7
KLATEN,2025-12-07,2.4,25.7
KLATEN,2025-12-08,2.6,25.4
KLATEN,2025-12-09,3.9,25.2
KLATEN,2025-12-10,0.1,27.0
KLATEN,2025-12-11,0.4,27.0
KLATEN,2025-12-12,1.2,27.2
KLATEN,2025-12-13,1.6,27.5
KLATEN,2025-12-14,0.8,27.6
KLATEN,2025-12-15,1.2,27.6
KLATEN,2025-12-16,0.3,27.8
KLATEN,2025-12-17,2.2,27.4
KLATEN,2025-12-18,4.5,26.8
KLATEN,2025-12-19,0.8,26.7
KLATEN,2025-12-20,8.2,26.0
KLATEN,2025-12-21,5.9,26.1
KLATEN,2025-12-22,3.6,26.5
KLATEN,2025-12-23,1.5,27.9
KLATEN,2025-12-24,1.3,27.6
KLATEN,2025-12-25,1.5,27.5
KLATEN,2025-12-26,3.2,26.4
KLATEN,2025-12-27,7.9,25.8
KLATEN,2025-12-28,0.4,27.7
KLATEN,2025-12-29,0.8,27.4
KLATEN,2025-12-30,19.4,26.9
KLATEN,2025-12-31,15.5,25.0
KLATEN,2026-01-01,41.0,25.4
KLATEN,2026-01-02,6.0,26.1
KLATEN,2026-01-03,10.0,24.8
KLATEN,2026-01-04,14.9,25.5
KLATEN,2026-01-05,1.0,26.3
KLATEN,2026-01-06,0.0,27.6
KLATEN,2026-01-07,0.0,27.6
KLATEN,2026-01-08,2.8,27.2
KLATEN,2026-01-09,8.7,26.1
KLATEN,2026-01-10,8.1,24.6
KLATEN,2026-01-11,3.8,25.4
KLATEN,2026-01-12,8.9,24.7
KLATEN,2026-01-13,2.1,25.7
KLATEN,2026-01-14,4.1,25.5
KLATEN,2026-01-15,3.7,25.1
KLATEN,2026-01-16,14.1,24.9
KLATEN,2026-01-17,8.9,24.9
KLATEN,2026-01-18,24.4,24.8
KLATEN,2026-01-19,16.6,25.2
KLATEN,2026-01-20,1.5,25.1
KLATEN,2026-01-21,6.3,25.1
KLATEN,2026-01-22,4.4,24.7
KLATEN,2026-01-23,23.5,23.9
KLATEN,2026-01-24,1.1,26.2
KLATEN,2026-01-25,0.4,25.2
KLATEN,2026-01-26,4.9,25.5
KLATEN,2026-01-27,11.5,24.6
KLATEN,2026-01-28,32.1,23.9
KLATEN,2026-01-29,2.9,25.0
KLATEN,2026-01-30,6.4,25.0
KLATEN,2026-01-31,2.8,25.7
KLATEN,2026-02-01,1.4,25.6
KLATEN,2026-02-02,4.5,25.9
KLATEN,2026-02-03,4.9,25.6
KLATEN,2026-02-04,5.9,25.4
KLATEN,2026-02-05,1.8,25.6
KLATEN,2026-02-06,2.2,25.6
KLATEN,2026-02-07,2.4,25.3
KLATEN,2026-02-08,12.8,25.3
KLATEN,2026-02-09,1.6,25.4
KLATEN,2026-02-10,11.3,25.5
KLATEN,2026-02-11,19.1,25.4
KLATEN,2026-02-12,12.1,25.6
KLATEN,2026-02-13,6.0,25.0
KLATEN,2026-02-14,7.9,25.3
KLATEN,2026-02-15,14.9,25.3
KLATEN,2026-02-16,14.4,24.6
KLATEN,2026-02-17,10.5,25.3
KLATEN,2026-02-18,23.0,24.7
KLATEN,2026-02-19,2.6,25.4
KLATEN,2026-02-20,7.1,25.2
KLATEN,2026-02-21,7.1,25.6
KLATEN,2026-02-22,7.8,25.0
KLATEN,2026-02-23,25.0,24.5
KLATEN,2026-02-24,2.7,25.2
KLATEN,2026-02-25,5.3,26.2
KLATEN,2026-02-26,6.1,25.4
KLATEN,2026-02-27,9.8,25.0
KLATEN,2026-02-28,11.5,24.7
KLATEN,2026-03-01,7.5,25.9
KLATEN,2026-03-02,6.9,25.0
KLATEN,2026-03-03,21.6,24.6
KLATEN,2026-03-04,20.8,24.9
KLATEN,2026-03-05,4.3,25.4
KLATEN,2026-03-06,2.3,26.3
KLATEN,2026-03-07,6.5,25.7
KLATEN,2026-03-08,8.2,24.7
KLATEN,2026-03-09,12.9,25.8
KLATEN,2026-03-10,1.6,26.7
KLATEN,2026-03-11,0.1,26.9
KLATEN,2026-03-12,0.0,27.0
KLATEN,2026-03-13,0.0,27.0
KLATEN,2026-03-14,2.4,26.1
KLATEN,2026-03-15,18.6,24.9
KLATEN,2026-03-16,19.5,25.5
KLATEN,2026-03-17,2.4,26.3
KLATEN,2026-03-18,0.0,27.0
KLATEN,2026-03-19,0.8,26.6
KLATEN,2026-03-20,2.7,26.3
KLATEN,2026-03-21,5.3,26.5
KLATEN,2026-03-22,5.8,26.2
KLATEN,2026-03-23,1.8,26.3
KLATEN,2026-03-24,3.4,26.1
KLATEN,2026-03-25,3.7,26.1
KLATEN,2026-03-26,14.0,25.0
KLATEN,2026-03-27,16.3,25.4
KLATEN,2026-03-28,35.4,25.5
KLATEN,2026-03-29,10.1,25.9
KLATEN,2026-03-30,19.3,24.8
KLATEN,2026-03-31,1.7,25.8
MAGELANG,2025-03-15,12.5,24.0
MAGELANG,2025-03-16,0.4,23.7
MAGELANG,2025-03-17,18.8,23.5
MAGELANG,2025-03-18,2.4,24.2
MAGELANG,2025-03-19,3.1,23.3
MAGELANG,2025-03-20,0.0,25.1
MAGELANG,2025-03-21,0.3,25.2
MAGELANG,2025-03-22,1.6,23.8
MAGELANG,2025-03-23,0.4,24.9
MAGELANG,2025-03-24,3.6,24.1
MAGELANG,2025-03-25,2.5,25.2
MAGELANG,2025-03-26,16.9,24.7
MAGELANG,2025-03-27,10.0,24.9
MAGELANG,2025-03-28,27.6,23.5
MAGELANG,2025-03-29,3.1,23.7
MAGELANG,2025-03-30,0.9,24.2
MAGELANG,2025-03-31,4.3,23.7
MAGELANG,2025-04-01,5.8,24.0
MAGELANG,2025-04-02,8.3,24.1
MAGELANG,2025-04-03,8.3,23.6
MAGELANG,2025-04-04,1.9,24.1
MAGELANG,2025-04-05,0.3,24.4
MAGELANG,2025-04-06,0.0,24.7
MAGELANG,2025-04-07,1.2,24.1
MAGELANG,2025-04-08,8.6,24.1
MAGELANG,2025-04-09,1.3,24.8
MAGELANG,2025-04-10,9.8,23.9
MAGELANG,2025-04-11,22.9,23.7
MAGELANG,2025-04-12,10.0,24.0
MAGELANG,2025-04-13,6.5,23.8
MAGELANG,2025-04-14,1.3,23.5
MAGELANG,2025-04-15,0.0,24.6
MAGELANG,2025-04-16,0.5,24.9
MAGELANG,2025-04-17,0.0,24.3
MAGELANG,2025-04-18,28.3,23.7
MAGELANG,2025-04-19,7.8,24.3
MAGELANG,2025-04-20,1.7,23.9
MAGELANG,2025-04-21,2.2,24.7
MAGELANG,2025-04-22,2.3,23.8
MAGELANG,2025-04-23,3.6,23.8
MAGELANG,2025-04-24,2.6,23.8
MAGELANG,2025-04-25,4.9,24.1
MAGELANG,2025-04-26,2.1,23.6
MAGELANG,2025-04-27,0.0,23.4
MAGELANG,2025-04-28,0.0,23.9
MAGELANG,2025-04-29,1.1,23.4
MAGELANG,2025-04-30,0.7,23.3
MAGELANG,2025-05-01,4.9,23.8
MAGELANG,2025-05-02,20.3,22.5
MAGELANG,2025-05-03,1.1,23.9
MAGELANG,2025-05-04,6.8,24.0
MAGELANG,2025-05-05,3.5,24.1
MAGELANG,2025-05-06,13.6,23.8
MAGELANG,2025-05-07,10.9,23.6
MAGELANG,2025-05-08,6.5,24.3
MAGELANG,2025-05-09,10.5,23.8
MAGELANG,2025-05-10,2.5,24.3
MAGELANG,2025-05-11,1.8,23.8
MAGELANG,2025-05-12,0.9,24.0
MAGELANG,2025-05-13,1.9,24.0
MAGELANG,2025-05-14,9.1,23.9
MAGELANG,2025-05-15,1.9,23.8
MAGELANG,2025-05-16,2.2,23.7
MAGELANG,2025-05-17,24.0,23.6
MAGELANG,2025-05-18,2.6,23.9
MAGELANG,2025-05-19,24.7,23.3
MAGELANG,2025-05-20,10.8,23.9
MAGELANG,2025-05-21,17.9,23.9
MAGELANG,2025-05-22,17.0,23.7
MAGELANG,2025-05-23,7.2,23.7
MAGELANG,2025-05-24,10.6,24.0
MAGELANG,2025-05-25,1.1,24.5
MAGELANG,2025-05-26,5.4,23.4
MAGELANG,2025-05-27,3.4,24.2
MAGELANG,2025-05-28,1.4,24.4
MAGELANG,2025-05-29,0.2,24.6
MAGELANG,2025-05-30,0.0,24.4
MAGELANG,2025-05-31,16.9,23.6
MAGELANG,2025-06-01,0.4,24.3
MAGELANG,2025-06-02,0.9,24.4
MAGELANG,2025-06-03,1.0,24.3
MAGELANG,2025-06-04,7.4,23.7
MAGELANG,2025-06-05,4.7,23.9
MAGELANG,2025-06-06,0.2,24.1
MAGELANG,2025-06-07,0.1,24.4
MAGELANG,2025-06-08,6.1,23.3
MAGELANG,2025-06-09,2.7,23.7
MAGELANG,2025-06-10,7.0,23.4
MAGELANG,2025-06-11,20.6,23.1
MAGELANG,2025-06-12,1.2,23.7
MAGELANG,2025-06-13,1.2,23.4
MAGELANG,2025-06-14,6.5,24.3
MAGELANG,2025-06-15,2.6,24.5
MAGELANG,2025-06-16,1.3,24.3
MAGELANG,2025-06-17,2.3,23.8
MAGELANG,2025-06-18,0.3,23.9
MAGELANG,2025-06-19,0.0,23.3
MAGELANG,2025-06-20,2.9,22.6
MAGELANG,2025-06-21,6.3,23.1
MAGELANG,2025-06-22,12.2,22.7
MAGELANG,2025-06-23,5.2,22.8
MAGELANG,2025-06-24,1.3,23.5
MAGELANG,2025-06-25,2.4,23.6
MAGELANG,2025-06-26,0.5,23.9
MAGELANG,2025-06-27,2.5,23.4
MAGELANG,2025-06-28,2.4,23.0
MAGELANG,2025-06-29,4.4,23.2
MAGELANG,2025-06-30,0.3,23.9
MAGELANG,2025-07-01,0.1,23.7
MAGELANG,2025-07-02,0.9,23.9
MAGELANG,2025-07-03,3.9,23.4
MAGELANG,2025-07-04,2.7,22.9
MAGELANG,2025-07-05,7.8,23.3
MAGELANG,2025-07-06,5.1,23.4
MAGELANG,2025-07-07,11.0,23.4
MAGELANG,2025-07-08,2.7,23.6
MAGELANG,2025-07-09,1.4,22.2
MAGELANG,2025-07-10,0.0,21.8
MAGELANG,2025-07-11,0.0,21.7
MAGELANG,2025-07-12,0.0,21.8
MAGELANG,2025-07-13,7.0,23.3
MAGELANG,2025-07-14,1.5,23.3
MAGELANG,2025-07-15,5.4,23.4
MAGELANG,2025-07-16,1.7,23.6
MAGELANG,2025-07-17,0.2,23.2
MAGELANG,2025-07-18,0.0,22.8
MAGELANG,2025-07-19,0.0,22.3
MAGELANG,2025-07-20,0.0,21.5
MAGELANG,2025-07-21,0.0,21.1
MAGELANG,2025-07-22,0.0,21.7
MAGELANG,2025-07-23,0.5,23.0
MAGELANG,2025-07-24,0.0,23.6
MAGELANG,2025-07-25,0.4,24.3
MAGELANG,2025-07-26,0.2,23.9
MAGELANG,2025-07-27,1.3,23.4
MAGELANG,2025-07-28,3.2,23.1
MAGELANG,2025-07-29,1.4,23.4
MAGELANG,2025-07-30,0.8,23.4
MAGELANG,2025-07-31,0.7,23.7
MAGELANG,2025-08-01,0.1,23.9
MAGELANG,2025-08-02,1.8,24.3
MAGELANG,2025-08-03,5.8,23.4
MAGELANG,2025-08-04,5.3,23.6
MAGELANG,2025-08-05,6.8,23.2
MAGELANG,2025-08-06,0.0,24.1
MAGELANG,2025-08-07,0.5,24.2
MAGELANG,2025-08-08,2.3,24.3
MAGELANG,2025-08-09,5.8,24.2
MAGELANG,2025-08-10,2.5,23.9
MAGELANG,2025-08-11,11.1,23.2
MAGELANG,2025-08-12,7.6,23.0
MAGELANG,2025-08-13,7.4,23.1
MAGELANG,2025-08-14,2.9,23.0
MAGELANG,2025-08-15,0.0,22.3
MAGELANG,2025-08-16,0.2,23.2
MAGELANG,2025-08-17,0.2,23.2
MAGELANG,2025-08-18,4.4,23.5
MAGELANG,2025-08-19,19.8,23.1
MAGELANG,2025-08-20,0.4,23.8
MAGELANG,2025-08-21,2.3,23.5
MAGELANG,2025-08-22,1.2,23.5
MAGELANG,2025-08-23,2.4,24.7
MAGELANG,2025-08-24,1.2,23.7
MAGELANG,2025-08-25,0.0,23.3
MAGELANG,2025-08-26,0.0,22.4
MAGELANG,2025-08-27,5.4,21.9
MAGELANG,2025-08-28,2.0,22.2
MAGELANG,2025-08-29,3.9,22.2
MAGELANG,2025-08-30,5.4,23.1
MAGELANG,2025-08-31,2.6,23.6
MAGELANG,2025-09-01,0.5,23.3
MAGELANG,2025-09-02,2.8,23.9
MAGELANG,2025-09-03,0.8,23.9
MAGELANG,2025-09-04,5.5,23.7
MAGELANG,2025-09-05,1.7,24.0
MAGELANG,2025-09-06,1.4,23.1
MAGELANG,2025-09-07,0.1,22.8
MAGELANG,2025-09-08,2.9,23.8
MAGELANG,2025-09-09,13.7,23.5
MAGELANG,2025-09-10,15.5,23.0
MAGELANG,2025-09-11,16.5,23.1
MAGELANG,2025-09-12,5.6,23.6
MAGELANG,2025-09-13,4.3,23.9
MAGELANG,2025-09-14,1.5,23.7
MAGELANG,2025-09-15,4.8,23.4
MAGELANG,2025-09-16,5.0,23.2
MAGELANG,2025-09-17,56.6,22.8
MAGELANG,2025-09-18,24.2,22.6
MAGELANG,2025-09-19,19.5,23.4
MAGELANG,2025-09-20,1.0,24.7
MAGELANG,2025-09-21,3.0,23.8
MAGELANG,2025-09-22,0.6,24.7
MAGELANG,2025-09-23,0.0,24.1
MAGELANG,2025-09-24,2.5,23.9
MAGELANG,2025-09-25,4.2,24.0
MAGELANG,2025-09-26,2.5,24.1
MAGELANG,2025-09-27,2.4,24.9
MAGELANG,2025-09-28,2.6,25.1
MAGELANG,2025-09-29,18.1,23.6
MAGELANG,2025-09-30,9.1,23.3
MAGELANG,2025-10-01,8.4,24.3
MAGELANG,2025-10-02,3.7,24.8
MAGELANG,2025-10-03,1.9,24.4
MAGELANG,2025-10-04,0.0,23.8
MAGELANG,2025-10-05,4.8,24.8
MAGELANG,2025-10-06,5.3,24.3
MAGELANG,2025-10-07,1.7,24.7
MAGELANG,2025-10-08,1.0,24.1
MAGELANG,2025-10-09,2.6,23.2
MAGELANG,2025-10-10,3.3,24.2
MAGELANG,2025-10-11,4.7,24.3
MAGELANG,2025-10-12,5.3,24.5
MAGELANG,2025-10-13,6.0,24.9
MAGELANG,2025-10-14,5.0,24.7
MAGELANG,2025-10-15,3.7,24.8
MAGELANG,2025-10-16,3.2,24.8
MAGELANG,2025-10-17,3.7,24.2
MAGELANG,2025-10-18,3.3,24.6
MAGELANG,2025-10-19,11.5,24.5
MAGELANG,2025-10-20,8.0,24.1
MAGELANG,2025-10-21,36.9,23.4
MAGELANG,2025-10-22,27.1,23.6
MAGELANG,2025-10-23,26.1,23.2
MAGELANG,2025-10-24,23.5,23.1
MAGELANG,2025-10-25,21.9,22.5
MAGELANG,2025-10-26,4.9,23.4
MAGELANG,2025-10-27,10.3,23.6
MAGELANG,2025-10-28,36.4,22.8
MAGELANG,2025-10-29,3.7,23.5
MAGELANG,2025-10-30,11.3,23.3
MAGELANG,2025-10-31,20.1,23.9
MAGELANG,2025-11-01,22.7,24.3
MAGELANG,2025-11-02,5.5,24.2
MAGELANG,2025-11-03,12.7,23.6
MAGELANG,2025-11-04,15.9,23.8
MAGELANG,2025-11-05,14.8,23.3
MAGELANG,2025-11-06,8.0,23.6
MAGELANG,2025-11-07,1.0,24.3
MAGELANG,2025-11-08,25.2,23.4
MAGELANG,2025-11-09,17.2,24.2
MAGELANG,2025-11-10,16.2,24.2
MAGELANG,2025-11-11,26.8,23.4
MAGELANG,2025-11-12,22.0,22.7
MAGELANG,2025-11-13,5.0,23.1
MAGELANG,2025-11-14,6.0,23.2
MAGELANG,2025-11-15,18.2,23.4
MAGELANG,2025-11-16,2.6,24.3
MAGELANG,2025-11-17,4.3,24.1
MAGELANG,2025-11-18,23.5,23.9
MAGELANG,2025-11-19,7.0,23.7
MAGELANG,2025-11-20,4.6,24.4
MAGELANG,2025-11-21,13.9,23.8
MAGELANG,2025-11-22,1.5,24.3
MAGELANG,2025-11-23,54.2,23.7
MAGELANG,2025-11-24,2.5,24.0
MAGELANG,2025-11-25,0.0,24.2
MAGELANG,2025-11-26,11.7,23.6
MAGELANG,2025-11-27,7.4,23.9
MAGELANG,2025-11-28,2.5,23.8
MAGELANG,2025-11-29,0.9,23.5
MAGELANG,2025-11-30,1.3,24.0
MAGELANG,2025-12-01,3.6,24.4
MAGELANG,2025-12-02,13.1,24.4
MAGELANG,2025-12-03,11.5,24.1
MAGELANG,2025-12-04,30.5,23.0
MAGELANG,2025-12-05,22.1,23.3
MAGELANG,2025-12-06,16.0,23.1
MAGELANG,2025-12-07,1.2,23.7
MAGELANG,2025-12-08,3.1,23.6
MAGELANG,2025-12-09,6.8,23.5
MAGELANG,2025-12-10,16.3,24.4
MAGELANG,2025-12-11,3.2,24.6
MAGELANG,2025-12-12,2.6,24.4
MAGELANG,2025-12-13,0.3,24.7
MAGELANG,2025-12-14,2.2,24.5
MAGELANG,2025-12-15,1.2,24.5
MAGELANG,2025-12-16,1.0,24.9
MAGELANG,2025-12-17,5.2,24.1
MAGELANG,2025-12-18,8.9,24.1
MAGELANG,2025-12-19,2.1,24.6
MAGELANG,2025-12-20,9.0,24.5
MAGELANG,2025-12-21,13.3,24.0
MAGELANG,2025-12-22,1.7,24.5
MAGELANG,2025-12-23,1.9,25.0
MAGELANG,2025-12-24,4.3,24.6
MAGELANG,2025-12-25,13.3,24.5
MAGELANG,2025-12-26,9.2,23.9
MAGELANG,2025-12-27,13.5,23.1
MAGELANG,2025-12-28,5.3,25.2
MAGELANG,2025-12-29,4.2,24.4
MAGELANG,2025-12-30,21.8,24.3
MAGELANG,2025-12-31,11.0,23.5
MAGELANG,2026-01-01,32.2,24.0
MAGELANG,2026-01-02,4.5,24.2
MAGELANG,2026-01-03,20.3,23.5
MAGELANG,2026-01-04,10.2,23.2
MAGELANG,2026-01-05,0.0,24.3
MAGELANG,2026-01-06,0.0,25.2
MAGELANG,2026-01-07,0.9,25.2
MAGELANG,2026-01-08,9.3,24.4
MAGELANG,2026-01-09,7.5,23.4
MAGELANG,2026-01-10,18.6,22.4
MAGELANG,2026-01-11,7.3,22.8
MAGELANG,2026-01-12,6.7,23.1
MAGELANG,2026-01-13,4.3,23.4
MAGELANG,2026-01-14,5.2,23.6
MAGELANG,2026-01-15,2.3,23.2
MAGELANG,2026-01-16,9.1,23.5
MAGELANG,2026-01-17,19.2,23.6
MAGELANG,2026-01-18,34.4,23.6
MAGELANG,2026-01-19,16.5,23.7
MAGELANG,2026-01-20,7.0,23.7
MAGELANG,2026-01-21,2.6,23.3
MAGELANG,2026-01-22,3.8,23.4
MAGELANG,2026-01-23,22.2,23.1
MAGELANG,2026-01-24,0.2,24.7
MAGELANG,2026-01-25,4.0,24.0
MAGELANG,2026-01-26,14.8,23.8
MAGELANG,2026-01-27,17.4,23.1
MAGELANG,2026-01-28,24.0,22.9
MAGELANG,2026-01-29,4.9,23.8
MAGELANG,2026-01-30,8.2,23.5
MAGELANG,2026-01-31,7.8,24.0
MAGELANG,2026-02-01,3.3,23.2
MAGELANG,2026-02-02,4.2,23.7
MAGELANG,2026-02-03,9.1,23.5
MAGELANG,2026-02-04,1.9,23.3
MAGELANG,2026-02-05,1.7,23.6
MAGELANG,2026-02-06,13.6,23.6
MAGELANG,2026-02-07,14.5,23.8
MAGELANG,2026-02-08,7.1,23.8
MAGELANG,2026-02-09,6.7,23.8
MAGELANG,2026-02-10,3.8,23.8
MAGELANG,2026-02-11,4.6,23.6
MAGELANG,2026-02-12,28.0,23.3
MAGELANG,2026-02-13,3.3,23.4
MAGELANG,2026-02-14,11.8,23.8
MAGELANG,2026-02-15,14.8,23.8
MAGELANG,2026-02-16,14.2,23.7
MAGELANG,2026-02-17,20.3,24.0
MAGELANG,2026-02-18,10.1,23.9
MAGELANG,2026-02-19,20.1,23.7
MAGELANG,2026-02-20,15.8,23.6
MAGELANG,2026-02-21,12.1,24.2
MAGELANG,2026-02-22,13.5,23.3
MAGELANG,2026-02-23,14.6,23.2
MAGELANG,2026-02-24,2.6,23.7
MAGELANG,2026-02-25,2.2,24.1
MAGELANG,2026-02-26,6.9,23.3
MAGELANG,2026-02-27,24.7,22.6
MAGELANG,2026-02-28,21.6,23.2
MAGELANG,2026-03-01,7.1,23.8
MAGELANG,2026-03-02,23.7,23.6
MAGELANG,2026-03-03,26.0,23.6
MAGELANG,2026-03-04,21.0,23.7
MAGELANG,2026-03-05,26.9,23.0
MAGELANG,2026-03-06,3.5,24.3
MAGELANG,2026-03-07,30.8,23.5
MAGELANG,2026-03-08,19.7,23.5
MAGELANG,2026-03-09,8.0,24.1
MAGELANG,2026-03-10,2.8,24.5
MAGELANG,2026-03-11,0.5,24.5
MAGELANG,2026-03-12,0.0,24.4
MAGELANG,2026-03-13,0.2,24.3
MAGELANG,2026-03-14,0.7,24.2
MAGELANG,2026-03-15,24.1,23.0
MAGELANG,2026-03-16,5.6,23.6
MAGELANG,2026-03-17,4.7,24.1
MAGELANG,2026-03-18,0.0,24.7
MAGELANG,2026-03-19,2.7,24.2
MAGELANG,2026-03-20,5.7,24.1
MAGELANG,2026-03-21,9.1,24.0
MAGELANG,2026-03-22,2.9,23.9
MAGELANG,2026-03-23,2.3,24.1
MAGELANG,2026-03-24,3.1,23.8
MAGELANG,2026-03-25,6.2,23.9
MAGELANG,2026-03-26,3.6,23.6
MAGELANG,2026-03-27,9.2,24.0
MAGELANG,2026-03-28,5.7,24.0
MAGELANG,2026-03-29,21.2,24.4
MAGELANG,2026-03-30,21.6,23.6
MAGELANG,2026-03-31,1.7,23.9
PURWOKERTO,2025-03-15,13.2,25.3
PURWOKERTO,2025-03-16,1.1,25.5
PURWOKERTO,2025-03-17,17.9,25.8
PURWOKERTO,2025-03-18,30.3,26.0
PURWOKERTO,2025-03-19,10.9,25.3
PURWOKERTO,2025-03-20,3.8,26.8
PURWOKERTO,2025-03-21,1.1,27.0
PURWOKERTO,2025-03-22,1.6,26.0
PURWOKERTO,2025-03-23,0.3,26.7
PURWOKERTO,2025-03-24,10.2,26.4
PURWOKERTO,2025-03-25,1.0,27.3
PURWOKERTO,2025-03-26,3.7,26.8
PURWOKERTO,2025-03-27,5.2,26.9
PURWOKERTO,2025-03-28,36.6,25.1
PURWOKERTO,2025-03-29,6.6,25.7
PURWOKERTO,2025-03-30,3.8,26.1
PURWOKERTO,2025-03-31,9.8,25.7
PURWOKERTO,2025-04-01,4.0,25.4
PURWOKERTO,2025-04-02,11.4,25.6
PURWOKERTO,2025-04-03,17.4,25.4
PURWOKERTO,2025-04-04,1.9,25.7
PURWOKERTO,2025-04-05,1.1,25.8
PURWOKERTO,2025-04-06,6.7,26.0
PURWOKERTO,2025-04-07,0.3,26.4
PURWOKERTO,2025-04-08,1.4,26.7
PURWOKERTO,2025-04-09,2.2,26.6
PURWOKERTO,2025-04-10,11.4,25.3
PURWOKERTO,2025-04-11,8.9,25.3
PURWOKERTO,2025-04-12,19.7,25.3
PURWOKERTO,2025-04-13,26.3,25.4
PURWOKERTO,2025-04-14,11.1,25.4
PURWOKERTO,2025-04-15,0.0,26.8
PURWOKERTO,2025-04-16,3.3,26.9
PURWOKERTO,2025-04-17,1.1,26.5
PURWOKERTO,2025-04-18,27.3,25.2
PURWOKERTO,2025-04-19,5.2,26.0
PURWOKERTO,2025-04-20,16.8,25.5
PURWOKERTO,2025-04-21,2.4,26.4
PURWOKERTO,2025-04-22,3.3,26.2
PURWOKERTO,2025-04-23,8.4,26.0
PURWOKERTO,2025-04-24,11.7,25.0
PURWOKERTO,2025-04-25,1.0,25.7
PURWOKERTO,2025-04-26,5.8,25.4
PURWOKERTO,2025-04-27,0.3,26.2
PURWOKERTO,2025-04-28,0.0,26.2
PURWOKERTO,2025-04-29,3.4,25.9
PURWOKERTO,2025-04-30,0.9,26.1
PURWOKERTO,2025-05-01,10.9,25.5
PURWOKERTO,2025-05-02,16.1,25.4
PURWOKERTO,2025-05-03,1.6,25.6
PURWOKERTO,2025-05-04,19.0,25.5
PURWOKERTO,2025-05-05,4.8,25.8
PURWOKERTO,2025-05-06,6.1,25.5
PURWOKERTO,2025-05-07,8.7,25.5
PURWOKERTO,2025-05-08,13.0,25.4
PURWOKERTO,2025-05-09,20.0,25.2
PURWOKERTO,2025-05-10,8.1,25.7
PURWOKERTO,2025-05-11,10.5,25.3
PURWOKERTO,2025-05-12,9.1,26.0
PURWOKERTO,2025-05-13,6.9,25.6
PURWOKERTO,2025-05-14,26.2,25.0
PURWOKERTO,2025-05-15,9.0,25.4
PURWOKERTO,2025-05-16,7.7,25.7
PURWOKERTO,2025-05-17,2.3,25.7
PURWOKERTO,2025-05-18,6.8,25.6
PURWOKERTO,2025-05-19,15.2,24.7
PURWOKERTO,2025-05-20,7.0,26.0
PURWOKERTO,2025-05-21,18.2,25.3
PURWOKERTO,2025-05-22,56.4,24.9
PURWOKERTO,2025-05-23,21.4,24.4
PURWOKERTO,2025-05-24,16.1,25.4
PURWOKERTO,2025-05-25,49.3,25.2
PURWOKERTO,2025-05-26,59.7,24.6
PURWOKERTO,2025-05-27,1.3,26.4
PURWOKERTO,2025-05-28,2.6,26.2
PURWOKERTO,2025-05-29,0.9,26.7
PURWOKERTO,2025-05-30,0.0,26.8
PURWOKERTO,2025-05-31,2.4,26.0
PURWOKERTO,2025-06-01,2.1,25.7
PURWOKERTO,2025-06-02,0.4,26.2
PURWOKERTO,2025-06-03,0.5,26.3
PURWOKERTO,2025-06-04,8.7,25.9
PURWOKERTO,2025-06-05,6.4,25.8
PURWOKERTO,2025-06-06,0.2,26.3
PURWOKERTO,2025-06-07,0.7,26.5
PURWOKERTO,2025-06-08,4.4,25.5
PURWOKERTO,2025-06-09,4.5,25.5
PURWOKERTO,2025-06-10,10.6,24.9
PURWOKERTO,2025-06-11,19.6,24.5
PURWOKERTO,2025-06-12,1.1,26.5
PURWOKERTO,2025-06-13,3.1,26.3
PURWOKERTO,2025-06-14,11.3,25.6
PURWOKERTO,2025-06-15,16.7,25.7
PURWOKERTO,2025-06-16,11.3,25.7
PURWOKERTO,2025-06-17,10.5,25.3
PURWOKERTO,2025-06-18,0.0,25.9
PURWOKERTO,2025-06-19,0.0,25.2
PURWOKERTO,2025-06-20,0.1,25.1
PURWOKERTO,2025-06-21,15.8,24.6
PURWOKERTO,2025-06-22,31.8,24.6
PURWOKERTO,2025-06-23,17.3,24.9
PURWOKERTO,2025-06-24,5.9,25.6
PURWOKERTO,2025-06-25,7.1,25.5
PURWOKERTO,2025-06-26,1.0,25.5
PURWOKERTO,2025-06-27,6.5,25.1
PURWOKERTO,2025-06-28,8.1,24.6
PURWOKERTO,2025-06-29,11.0,24.6
PURWOKERTO,2025-06-30,5.2,25.6
PURWOKERTO,2025-07-01,26.7,24.9
PURWOKERTO,2025-07-02,4.1,25.6
PURWOKERTO,2025-07-03,2.6,25.3
PURWOKERTO,2025-07-04,29.1,24.6
PURWOKERTO,2025-07-05,16.5,24.9
PURWOKERTO,2025-07-06,16.1,24.3
PURWOKERTO,2025-07-07,5.9,25.0
PURWOKERTO,2025-07-08,2.6,25.1
PURWOKERTO,2025-07-09,0.0,24.5
PURWOKERTO,2025-07-10,0.0,24.2
PURWOKERTO,2025-07-11,0.0,24.4
PURWOKERTO,2025-07-12,0.1,24.4
PURWOKERTO,2025-07-13,6.8,24.7
PURWOKERTO,2025-07-14,3.4,24.9
PURWOKERTO,2025-07-15,4.6,24.5
PURWOKERTO,2025-07-16,5.4,24.9
PURWOKERTO,2025-07-17,0.1,24.9
PURWOKERTO,2025-07-18,1.1,24.4
PURWOKERTO,2025-07-19,0.3,24.2
PURWOKERTO,2025-07-20,0.0,24.0
PURWOKERTO,2025-07-21,0.0,23.6
PURWOKERTO,2025-07-22,5.7,23.3
PURWOKERTO,2025-07-23,1.2,24.4
PURWOKERTO,2025-07-24,9.1,24.5
PURWOKERTO,2025-07-25,10.0,25.2
PURWOKERTO,2025-07-26,7.8,25.5
PURWOKERTO,2025-07-27,9.3,25.1
PURWOKERTO,2025-07-28,21.2,24.6
PURWOKERTO,2025-07-29,18.0,24.5
PURWOKERTO,2025-07-30,38.2,24.5
PURWOKERTO,2025-07-31,8.7,25.2
PURWOKERTO,2025-08-01,4.2,25.3
PURWOKERTO,2025-08-02,2.0,25.1
PURWOKERTO,2025-08-03,18.8,24.6
PURWOKERTO,2025-08-04,16.6,25.0
PURWOKERTO,2025-08-05,9.9,24.9
PURWOKERTO,2025-08-06,0.2,25.7
PURWOKERTO,2025-08-07,0.3,25.2
PURWOKERTO,2025-08-08,1.6,25.9
PURWOKERTO,2025-08-09,3.1,26.1
PURWOKERTO,2025-08-10,11.6,25.0
PURWOKERTO,2025-08-11,12.1,24.6
PURWOKERTO,2025-08-12,9.5,24.2
PURWOKERTO,2025-08-13,13.6,24.2
PURWOKERTO,2025-08-14,2.3,24.6
PURWOKERTO,2025-08-15,4.6,24.3
PURWOKERTO,2025-08-16,1.0,25.2
PURWOKERTO,2025-08-17,1.6,25.4
PURWOKERTO,2025-08-18,34.8,25.3
PURWOKERTO,2025-08-19,50.8,23.8
PURWOKERTO,2025-08-20,5.1,24.7
PURWOKERTO,2025-08-21,0.7,24.8
PURWOKERTO,2025-08-22,1.4,25.1
PURWOKERTO,2025-08-23,4.8,25.3
PURWOKERTO,2025-08-24,0.7,25.3
PURWOKERTO,2025-08-25,2.0,25.3
PURWOKERTO,2025-08-26,0.0,25.1
PURWOKERTO,2025-08-27,28.8,23.9
PURWOKERTO,2025-08-28,45.9,23.7
PURWOKERTO,2025-08-29,78.6,23.3
PURWOKERTO,2025-08-30,36.6,24.7
PURWOKERTO,2025-08-31,14.1,24.9
PURWOKERTO,2025-09-01,1.4,25.7
PURWOKERTO,2025-09-02,8.0,25.4
PURWOKERTO,2025-09-03,1.6,25.5
PURWOKERTO,2025-09-04,10.8,25.1
PURWOKERTO,2025-09-05,4.7,25.1
PURWOKERTO,2025-09-06,3.2,24.6
PURWOKERTO,2025-09-07,5.3,24.5
PURWOKERTO,2025-09-08,10.9,24.9
PURWOKERTO,2025-09-09,32.4,24.7
PURWOKERTO,2025-09-10,27.7,24.6
PURWOKERTO,2025-09-11,24.5,24.0
PURWOKERTO,2025-09-12,7.7,25.0
PURWOKERTO,2025-09-13,2.7,25.3
PURWOKERTO,2025-09-14,4.8,25.0
PURWOKERTO,2025-09-15,5.3,25.1
PURWOKERTO,2025-09-16,19.4,24.5
PURWOKERTO,2025-09-17,33.4,24.4
PURWOKERTO,2025-09-18,13.7,24.2
PURWOKERTO,2025-09-19,44.5,25.0
PURWOKERTO,2025-09-20,16.7,25.3
PURWOKERTO,2025-09-21,6.9,25.4
PURWOKERTO,2025-09-22,0.6,25.7
PURWOKERTO,2025-09-23,0.0,25.4
PURWOKERTO,2025-09-24,0.8,25.4
PURWOKERTO,2025-09-25,2.0,25.5
PURWOKERTO,2025-09-26,6.7,25.1
PURWOKERTO,2025-09-27,3.6,26.0
PURWOKERTO,2025-09-28,10.2,25.2
PURWOKERTO,2025-09-29,26.0,24.8
PURWOKERTO,2025-09-30,12.2,24.8
PURWOKERTO,2025-10-01,29.3,24.9
PURWOKERTO,2025-10-02,7.9,25.0
PURWOKERTO,2025-10-03,0.6,26.0
PURWOKERTO,2025-10-04,0.0,26.1
PURWOKERTO,2025-10-05,1.9,25.9
PURWOKERTO,2025-10-06,3.2,26.3
PURWOKERTO,2025-10-07,6.0,26.0
PURWOKERTO,2025-10-08,2.0,25.4
PURWOKERTO,2025-10-09,4.9,25.1
PURWOKERTO,2025-10-10,12.3,25.1
PURWOKERTO,2025-10-11,10.9,24.9
PURWOKERTO,2025-10-12,6.7,26.3
PURWOKERTO,2025-10-13,15.1,25.6
PURWOKERTO,2025-10-14,8.4,26.3
PURWOKERTO,2025-10-15,3.9,26.4
PURWOKERTO,2025-10-16,11.1,26.3
PURWOKERTO,2025-10-17,9.0,25.9
PURWOKERTO,2025-10-18,12.4,25.8
PURWOKERTO,2025-10-19,11.0,25.5
PURWOKERTO,2025-10-20,15.6,25.6
PURWOKERTO,2025-10-21,36.0,24.9
PURWOKERTO,2025-10-22,15.0,24.9
PURWOKERTO,2025-10-23,32.7,24.0
PURWOKERTO,2025-10-24,56.8,23.6
PURWOKERTO,2025-10-25,8.8,25.0
PURWOKERTO,2025-10-26,27.1,24.6
PURWOKERTO,2025-10-27,18.8,24.9
PURWOKERTO,2025-10-28,44.8,23.9
PURWOKERTO,2025-10-29,4.6,25.0
PURWOKERTO,2025-10-30,13.0,25.0
PURWOKERTO,2025-10-31,27.5,25.2
PURWOKERTO,2025-11-01,16.9,25.3
PURWOKERTO,2025-11-02,18.6,25.4
PURWOKERTO,2025-11-03,29.9,25.0
PURWOKERTO,2025-11-04,30.6,25.1
PURWOKERTO,2025-11-05,30.7,24.9
PURWOKERTO,2025-11-06,34.4,24.8
PURWOKERTO,2025-11-07,32.1,25.8
PURWOKERTO,2025-11-08,36.2,25.2
PURWOKERTO,2025-11-09,20.2,25.6
PURWOKERTO,2025-11-10,20.4,25.6
PURWOKERTO,2025-11-11,35.9,24.6
PURWOKERTO,2025-11-12,36.6,24.3
PURWOKERTO,2025-11-13,12.8,25.0
PURWOKERTO,2025-11-14,25.4,24.6
PURWOKERTO,2025-11-15,44.6,24.9
PURWOKERTO,2025-11-16,12.4,25.4
PURWOKERTO,2025-11-17,9.3,25.6
PURWOKERTO,2025-11-18,23.8,25.2
PURWOKERTO,2025-11-19,65.9,24.7
PURWOKERTO,2025-11-20,35.4,25.5
PURWOKERTO,2025-11-21,3.2,25.5
PURWOKERTO,2025-11-22,1.1,25.8
PURWOKERTO,2025-11-23,25.3,25.3
PURWOKERTO,2025-11-24,5.6,25.6
PURWOKERTO,2025-11-25,0.1,26.4
PURWOKERTO,2025-11-26,16.5,25.5
PURWOKERTO,2025-11-27,5.1,25.8
PURWOKERTO,2025-11-28,0.1,26.0
PURWOKERTO,2025-11-29,0.8,25.7
PURWOKERTO,2025-11-30,5.6,26.2
PURWOKERTO,2025-12-01,8.0,26.1
PURWOKERTO,2025-12-02,1.7,26.2
PURWOKERTO,2025-12-03,36.2,25.2
PURWOKERTO,2025-12-04,21.0,24.4
PURWOKERTO,2025-12-05,38.2,24.8
PURWOKERTO,2025-12-06,3.3,24.6
PURWOKERTO,2025-12-07,3.6,25.5
PURWOKERTO,2025-12-08,9.5,24.7
PURWOKERTO,2025-12-09,2.1,26.2
PURWOKERTO,2025-12-10,1.8,26.4
PURWOKERTO,2025-12-11,1.7,26.4
PURWOKERTO,2025-12-12,2.6,26.0
PURWOKERTO,2025-12-13,2.3,26.6
PURWOKERTO,2025-12-14,7.9,25.8
PURWOKERTO,2025-12-15,7.0,26.0
PURWOKERTO,2025-12-16,7.2,25.6
PURWOKERTO,2025-12-17,5.7,25.1
PURWOKERTO,2025-12-18,10.5,25.4
PURWOKERTO,2025-12-19,0.5,26.3
PURWOKERTO,2025-12-20,12.0,26.0
PURWOKERTO,2025-12-21,7.9,25.6
PURWOKERTO,2025-12-22,14.3,25.7
PURWOKERTO,2025-12-23,14.2,26.5
PURWOKERTO,2025-12-24,21.7,25.9
PURWOKERTO,2025-12-25,11.9,25.9
PURWOKERTO,2025-12-26,9.6,25.5
PURWOKERTO,2025-12-27,10.4,25.3
PURWOKERTO,2025-12-28,3.0,26.2
PURWOKERTO,2025-12-29,2.0,26.1
PURWOKERTO,2025-12-30,40.2,25.5
PURWOKERTO,2025-12-31,3.2,25.6
PURWOKERTO,2026-01-01,29.5,25.3
PURWOKERTO,2026-01-02,8.9,25.6
PURWOKERTO,2026-01-03,17.0,24.7
PURWOKERTO,2026-01-04,15.8,24.8
PURWOKERTO,2026-01-05,3.5,26.6
PURWOKERTO,2026-01-06,0.1,27.5
PURWOKERTO,2026-01-07,3.6,26.3
PURWOKERTO,2026-01-08,3.5,26.4
PURWOKERTO,2026-01-09,7.5,25.1
PURWOKERTO,2026-01-10,9.1,24.8
PURWOKERTO,2026-01-11,3.7,24.6
PURWOKERTO,2026-01-12,15.2,24.6
PURWOKERTO,2026-01-13,6.3,25.1
PURWOKERTO,2026-01-14,4.6,25.6
PURWOKERTO,2026-01-15,4.8,25.2
PURWOKERTO,2026-01-16,14.9,25.6
PURWOKERTO,2026-01-17,25.3,25.3
PURWOKERTO,2026-01-18,7.7,24.6
PURWOKERTO,2026-01-19,16.7,25.6
PURWOKERTO,2026-01-20,10.6,25.3
PURWOKERTO,2026-01-21,5.1,24.8
PURWOKERTO,2026-01-22,6.6,25.2
PURWOKERTO,2026-01-23,8.5,25.4
PURWOKERTO,2026-01-24,0.0,26.8
PURWOKERTO,2026-01-25,1.8,26.5
PURWOKERTO,2026-01-26,7.7,25.5
PURWOKERTO,2026-01-27,13.9,24.9
PURWOKERTO,2026-01-28,13.5,24.8
PURWOKERTO,2026-01-29,28.4,25.5
PURWOKERTO,2026-01-30,9.9,25.5
PURWOKERTO,2026-01-31,8.0,25.9
PURWOKERTO,2026-02-01,3.3,24.6
PURWOKERTO,2026-02-02,7.0,25.2
PURWOKERTO,2026-02-03,8.6,25.1
PURWOKERTO,2026-02-04,13.9,24.8
PURWOKERTO,2026-02-05,12.0,24.8
PURWOKERTO,2026-02-06,10.7,25.1
PURWOKERTO,2026-02-07,13.6,25.1
PURWOKERTO,2026-02-08,17.7,25.3
PURWOKERTO,2026-02-09,1.9,25.6
PURWOKERTO,2026-02-10,5.7,25.6
PURWOKERTO,2026-02-11,22.4,25.4
PURWOKERTO,2026-02-12,18.7,25.1
PURWOKERTO,2026-02-13,6.0,25.1
PURWOKERTO,2026-02-14,49.9,25.2
PURWOKERTO,2026-02-15,18.7,25.2
PURWOKERTO,2026-02-16,27.6,25.2
PURWOKERTO,2026-02-17,14.8,25.7
PURWOKERTO,2026-02-18,4.9,25.3
PURWOKERTO,2026-02-19,23.7,25.8
PURWOKERTO,2026-02-20,10.7,26.4
PURWOKERTO,2026-02-21,15.6,25.9
PURWOKERTO,2026-02-22,13.9,24.8
PURWOKERTO,2026-02-23,27.8,24.4
PURWOKERTO,2026-02-24,2.1,25.4
PURWOKERTO,2026-02-25,0.7,25.7
PURWOKERTO,2026-02-26,11.4,24.5
PURWOKERTO,2026-02-27,21.6,24.0
PURWOKERTO,2026-02-28,19.3,24.9
PURWOKERTO,2026-03-01,8.1,25.3
PURWOKERTO,2026-03-02,12.7,25.1
PURWOKERTO,2026-03-03,42.1,25.0
PURWOKERTO,2026-03-04,8.6,25.0
PURWOKERTO,2026-03-05,16.0,24.8
PURWOKERTO,2026-03-06,4.6,25.4
PURWOKERTO,2026-03-07,23.4,24.6
PURWOKERTO,2026-03-08,6.7,26.1
PURWOKERTO,2026-03-09,9.3,26.0
PURWOKERTO,2026-03-10,1.1,26.4
PURWOKERTO,2026-03-11,3.7,26.0
PURWOKERTO,2026-03-12,0.8,26.3
PURWOKERTO,2026-03-13,1.0,26.3
PURWOKERTO,2026-03-14,1.9,25.9
PURWOKERTO,2026-03-15,40.8,24.6
PURWOKERTO,2026-03-16,23.9,25.2
PURWOKERTO,2026-03-17,2.5,25.9
PURWOKERTO,2026-03-18,0.0,26.8
PURWOKERTO,2026-03-19,2.4,25.9
PURWOKERTO,2026-03-20,1.6,26.1
PURWOKERTO,2026-03-21,9.5,25.8
PURWOKERTO,2026-03-22,0.6,26.1
PURWOKERTO,2026-03-23,3.2,26.1
PURWOKERTO,2026-03-24,18.7,25.8
PURWOKERTO,2026-03-25,8.6,25.8
PURWOKERTO,2026-03-26,4.7,25.1
PURWOKERTO,2026-03-27,26.8,25.2
PURWOKERTO,2026-03-28,23.5,25.7
PURWOKERTO,2026-03-29,6.5,26.3
PURWOKERTO,2026-03-30,12.3,24.6
PURWOKERTO,2026-03-31,1.4,25.9
TEGAL,2025-03-15,13.6,26.1
TEGAL,2025-03-16,6.1,26.5
TEGAL,2025-03-17,24.4,26.0
TEGAL,2025-03-18,7.6,26.2
TEGAL,2025-03-19,0.7,26.7
TEGAL,2025-03-20,2.1,26.9
TEGAL,2025-03-21,0.6,27.6
TEGAL,2025-03-22,6.5,26.2
TEGAL,2025-03-23,8.3,26.5
TEGAL,2025-03-24,4.4,26.8
TEGAL,2025-03-25,2.0,27.1
TEGAL,2025-03-26,6.8,26.8
TEGAL,2025-03-27,11.2,27.2
TEGAL,2025-03-28,37.1,25.7
TEGAL,2025-03-29,7.0,26.6
TEGAL,2025-03-30,0.6,27.5
TEGAL,2025-03-31,7.5,26.1
TEGAL,2025-04-01,4.0,25.9
TEGAL,2025-04-02,30.4,25.8
TEGAL,2025-04-03,13.2,25.8
TEGAL,2025-04-04,9.3,26.3
TEGAL,2025-04-05,11.7,25.6
TEGAL,2025-04-06,14.2,26.2
TEGAL,2025-04-07,1.7,27.0
TEGAL,2025-04-08,4.0,27.0
TEGAL,2025-04-09,2.8,27.1
TEGAL,2025-04-10,14.9,26.5
TEGAL,2025-04-11,7.4,26.7
TEGAL,2025-04-12,8.9,26.2
TEGAL,2025-04-13,7.4,26.2
TEGAL,2025-04-14,7.5,26.5
TEGAL,2025-04-15,10.1,26.4
TEGAL,2025-04-16,1.4,27.3
TEGAL,2025-04-17,5.6,26.4
TEGAL,2025-04-18,25.7,26.0
TEGAL,2025-04-19,4.3,26.8
TEGAL,2025-04-20,9.9,26.9
TEGAL,2025-04-21,4.1,26.7
TEGAL,2025-04-22,1.3,27.0
TEGAL,2025-04-23,2.0,26.6
TEGAL,2025-04-24,8.0,26.1
TEGAL,2025-04-25,7.7,26.5
TEGAL,2025-04-26,3.9,26.1
TEGAL,2025-04-27,3.5,26.9
TEGAL,2025-04-28,0.2,26.8
TEGAL,2025-04-29,1.0,26.8
TEGAL,2025-04-30,3.4,26.8
TEGAL,2025-05-01,1.2,27.3
TEGAL,2025-05-02,6.8,27.0
TEGAL,2025-05-03,2.3,26.3
TEGAL,2025-05-04,1.9,26.7
TEGAL,2025-05-05,0.8,27.2
TEGAL,2025-05-06,0.2,27.1
TEGAL,2025-05-07,6.4,26.5
TEGAL,2025-05-08,4.7,26.9
TEGAL,2025-05-09,3.1,27.5
TEGAL,2025-05-10,16.8,26.7
TEGAL,2025-05-11,9.2,26.3
TEGAL,2025-05-12,5.2,26.8
TEGAL,2025-05-13,14.5,26.2
TEGAL,2025-05-14,18.8,26.3
TEGAL,2025-05-15,12.1,26.7
TEGAL,2025-05-16,21.8,26.0
TEGAL,2025-05-17,11.1,25.9
TEGAL,2025-05-18,7.4,26.4
TEGAL,2025-05-19,8.5,26.2
TEGAL,2025-05-20,0.2,26.6
TEGAL,2025-05-21,7.2,26.0
TEGAL,2025-05-22,26.4,25.8
TEGAL,2025-05-23,75.4,24.8
TEGAL,2025-05-24,13.0,25.9
TEGAL,2025-05-25,0.6,26.8
TEGAL,2025-05-26,27.4,25.9
TEGAL,2025-05-27,0.2,27.3
TEGAL,2025-05-28,6.7,27.5
TEGAL,2025-05-29,3.7,27.9
TEGAL,2025-05-30,0.0,27.5
TEGAL,2025-05-31,0.0,27.3
TEGAL,2025-06-01,1.1,26.4
TEGAL,2025-06-02,0.0,26.9
TEGAL,2025-06-03,0.1,27.1
TEGAL,2025-06-04,0.2,27.5
TEGAL,2025-06-05,2.4,27.4
TEGAL,2025-06-06,10.7,26.7
TEGAL,2025-06-07,0.3,27.4
TEGAL,2025-06-08,0.1,27.0
TEGAL,2025-06-09,1.9,26.9
TEGAL,2025-06-10,13.2,26.7
TEGAL,2025-06-11,15.5,25.5
TEGAL,2025-06-12,0.6,27.4
TEGAL,2025-06-13,0.5,27.6
TEGAL,2025-06-14,2.4,26.6
TEGAL,2025-06-15,2.3,27.3
TEGAL,2025-06-16,3.1,26.9
TEGAL,2025-06-17,13.0,26.4
TEGAL,2025-06-18,16.5,25.9
TEGAL,2025-06-19,0.0,25.6
TEGAL,2025-06-20,2.5,26.0
TEGAL,2025-06-21,1.8,26.2
TEGAL,2025-06-22,4.4,26.3
TEGAL,2025-06-23,0.4,26.8
TEGAL,2025-06-24,0.2,26.9
TEGAL,2025-06-25,1.8,26.9
TEGAL,2025-06-26,0.2,27.0
TEGAL,2025-06-27,0.6,27.4
TEGAL,2025-06-28,1.7,26.6
TEGAL,2025-06-29,6.0,26.3
TEGAL,2025-06-30,2.6,26.9
TEGAL,2025-07-01,5.8,26.5
TEGAL,2025-07-02,11.1,26.7
TEGAL,2025-07-03,4.8,26.2
TEGAL,2025-07-04,2.8,26.5
TEGAL,2025-07-05,8.2,25.9
TEGAL,2025-07-06,5.3,25.8
TEGAL,2025-07-07,8.4,25.8
TEGAL,2025-07-08,1.4,26.4
TEGAL,2025-07-09,0.0,25.5
TEGAL,2025-07-10,0.0,25.1
TEGAL,2025-07-11,0.0,25.2
TEGAL,2025-07-12,0.1,26.1
TEGAL,2025-07-13,13.3,26.9
TEGAL,2025-07-14,3.2,26.1
TEGAL,2025-07-15,0.6,26.3
TEGAL,2025-07-16,2.7,26.6
TEGAL,2025-07-17,0.0,26.3
TEGAL,2025-07-18,0.0,26.5
TEGAL,2025-07-19,0.1,26.5
TEGAL,2025-07-20,0.0,26.6
TEGAL,2025-07-21,0.0,26.4
TEGAL,2025-07-22,0.0,26.3
TEGAL,2025-07-23,0.0,27.0
TEGAL,2025-07-24,2.5,27.3
TEGAL,2025-07-25,0.2,27.3
TEGAL,2025-07-26,0.5,27.7
TEGAL,2025-07-27,4.1,27.4
TEGAL,2025-07-28,1.2,27.2
TEGAL,2025-07-29,2.0,27.2
TEGAL,2025-07-30,1.6,27.4
TEGAL,2025-07-31,0.5,27.5
TEGAL,2025-08-01,0.0,27.5
TEGAL,2025-08-02,0.3,27.8
TEGAL,2025-08-03,1.2,27.7
TEGAL,2025-08-04,2.8,26.1
TEGAL,2025-08-05,2.7,26.4
TEGAL,2025-08-06,0.1,26.6
TEGAL,2025-08-07,12.2,26.5
TEGAL,2025-08-08,2.2,26.3
TEGAL,2025-08-09,1.5,27.2
TEGAL,2025-08-10,4.1,27.3
TEGAL,2025-08-11,9.5,26.2
TEGAL,2025-08-12,7.5,24.8
TEGAL,2025-08-13,3.6,25.9
TEGAL,2025-08-14,17.3,25.5
TEGAL,2025-08-15,0.0,25.5
TEGAL,2025-08-16,0.0,26.1
TEGAL,2025-08-17,0.0,27.4
TEGAL,2025-08-18,20.2,27.3
TEGAL,2025-08-19,11.8,25.1
TEGAL,2025-08-20,3.0,25.8
TEGAL,2025-08-21,9.3,26.0
TEGAL,2025-08-22,0.7,26.4
TEGAL,2025-08-23,0.5,27.0
TEGAL,2025-08-24,0.8,27.1
TEGAL,2025-08-25,6.6,26.1
TEGAL,2025-08-26,0.0,26.3
TEGAL,2025-08-27,0.8,27.2
TEGAL,2025-08-28,3.1,27.3
TEGAL,2025-08-29,3.1,26.1
TEGAL,2025-08-30,3.1,26.4
TEGAL,2025-08-31,1.0,27.0
TEGAL,2025-09-01,0.3,27.8
TEGAL,2025-09-02,1.5,27.9
TEGAL,2025-09-03,0.6,28.2
TEGAL,2025-09-04,1.8,27.7
TEGAL,2025-09-05,0.1,28.1
TEGAL,2025-09-06,0.1,27.7
TEGAL,2025-09-07,0.8,27.6
TEGAL,2025-09-08,0.6,27.6
TEGAL,2025-09-09,2.3,27.8
TEGAL,2025-09-10,7.0,27.4
TEGAL,2025-09-11,22.0,25.3
TEGAL,2025-09-12,0.7,26.5
TEGAL,2025-09-13,1.6,26.4
TEGAL,2025-09-14,0.1,26.6
TEGAL,2025-09-15,0.6,26.6
TEGAL,2025-09-16,3.2,26.8
TEGAL,2025-09-17,24.2,25.3
TEGAL,2025-09-18,16.7,25.1
TEGAL,2025-09-19,1.3,26.5
TEGAL,2025-09-20,2.6,26.6
TEGAL,2025-09-21,2.1,27.2
TEGAL,2025-09-22,0.6,27.6
TEGAL,2025-09-23,0.0,28.2
TEGAL,2025-09-24,0.8,28.0
TEGAL,2025-09-25,4.7,27.9
TEGAL,2025-09-26,2.8,29.0
TEGAL,2025-09-27,9.5,28.3
TEGAL,2025-09-28,2.4,28.7
TEGAL,2025-09-29,6.4,28.0
TEGAL,2025-09-30,7.1,26.5
TEGAL,2025-10-01,10.1,26.5
TEGAL,2025-10-02,5.6,27.0
TEGAL,2025-10-03,0.0,28.1
TEGAL,2025-10-04,0.0,27.9
TEGAL,2025-10-05,0.0,28.3
TEGAL,2025-10-06,3.3,28.3
TEGAL,2025-10-07,1.9,28.3
TEGAL,2025-10-08,2.7,28.5
TEGAL,2025-10-09,0.3,28.5
TEGAL,2025-10-10,1.7,28.7
TEGAL,2025-10-11,0.4,27.9
TEGAL,2025-10-12,0.3,28.7
TEGAL,2025-10-13,2.9,29.2
TEGAL,2025-10-14,0.0,29.4
TEGAL,2025-10-15,6.3,29.0
TEGAL,2025-10-16,0.0,29.1
TEGAL,2025-10-17,5.4,28.9
TEGAL,2025-10-18,0.7,28.7
TEGAL,2025-10-19,3.1,29.7
TEGAL,2025-10-20,8.3,29.2
TEGAL,2025-10-21,22.6,27.1
TEGAL,2025-10-22,11.0,26.6
TEGAL,2025-10-23,1.7,26.2
TEGAL,2025-10-24,15.9,25.4
TEGAL,2025-10-25,0.9,26.5
TEGAL,2025-10-26,6.3,26.1
TEGAL,2025-10-27,9.7,26.6
TEGAL,2025-10-28,18.0,25.0
TEGAL,2025-10-29,7.1,26.6
TEGAL,2025-10-30,6.5,26.9
TEGAL,2025-10-31,8.2,26.3
TEGAL,2025-11-01,6.7,26.7
TEGAL,2025-11-02,3.0,27.0
TEGAL,2025-11-03,19.3,26.2
TEGAL,2025-11-04,4.1,26.7
TEGAL,2025-11-05,17.6,27.0
TEGAL,2025-11-06,30.0,26.4
TEGAL,2025-11-07,10.4,26.4
TEGAL,2025-11-08,15.5,26.1
TEGAL,2025-11-09,0.4,26.8
TEGAL,2025-11-10,14.9,26.9
TEGAL,2025-11-11,26.6,25.7
TEGAL,2025-11-12,4.0,26.0
TEGAL,2025-11-13,1.1,26.2
TEGAL,2025-11-14,7.8,26.0
TEGAL,2025-11-15,6.8,26.6
TEGAL,2025-11-16,9.8,26.9
TEGAL,2025-11-17,1.1,27.5
TEGAL,2025-11-18,11.4,26.4
TEGAL,2025-11-19,13.9,26.2
TEGAL,2025-11-20,13.7,26.2
TEGAL,2025-11-21,0.1,27.3
TEGAL,2025-11-22,0.4,27.3
TEGAL,2025-11-23,17.6,26.4
TEGAL,2025-11-24,0.3,27.5
TEGAL,2025-11-25,0.0,27.9
TEGAL,2025-11-26,2.0,27.9
TEGAL,2025-11-27,0.4,28.0
TEGAL,2025-11-28,0.0,28.2
TEGAL,2025-11-29,0.9,28.5
TEGAL,2025-11-30,2.8,27.5
TEGAL,2025-12-01,7.5,27.0
TEGAL,2025-12-02,11.1,27.2
TEGAL,2025-12-03,18.8,26.7
TEGAL,2025-12-04,22.5,25.3
TEGAL,2025-12-05,5.3,26.4
TEGAL,2025-12-06,4.0,25.9
TEGAL,2025-12-07,1.4,27.3
TEGAL,2025-12-08,1.5,26.8
TEGAL,2025-12-09,2.2,26.8
TEGAL,2025-12-10,4.2,26.7
TEGAL,2025-12-11,1.2,27.1
TEGAL,2025-12-12,0.3,27.9
TEGAL,2025-12-13,7.7,27.2
TEGAL,2025-12-14,13.5,26.8
TEGAL,2025-12-15,0.0,28.4
TEGAL,2025-12-16,1.1,29.0
TEGAL,2025-12-17,9.7,27.7
TEGAL,2025-12-18,4.7,27.4
TEGAL,2025-12-19,4.5,27.0
TEGAL,2025-12-20,9.8,26.6
TEGAL,2025-12-21,4.8,26.6
TEGAL,2025-12-22,19.1,26.5
TEGAL,2025-12-23,13.0,26.9
TEGAL,2025-12-24,4.3,27.3
TEGAL,2025-12-25,5.8,27.0
TEGAL,2025-12-26,5.7,26.9
TEGAL,2025-12-27,15.0,26.6
TEGAL,2025-12-28,9.4,26.8
TEGAL,2025-12-29,8.2,26.6
TEGAL,2025-12-30,11.5,26.4
TEGAL,2025-12-31,13.4,25.3
TEGAL,2026-01-01,12.8,25.8
TEGAL,2026-01-02,17.6,25.9
TEGAL,2026-01-03,8.7,25.1
TEGAL,2026-01-04,5.7,25.8
TEGAL,2026-01-05,7.3,26.1
TEGAL,2026-01-06,2.6,27.6
TEGAL,2026-01-07,1.3,27.2
TEGAL,2026-01-08,4.2,26.9
TEGAL,2026-01-09,2.8,26.2
TEGAL,2026-01-10,11.1,26.0
TEGAL,2026-01-11,10.2,24.9
TEGAL,2026-01-12,10.0,24.8
TEGAL,2026-01-13,5.0,25.6
TEGAL,2026-01-14,7.3,25.8
TEGAL,2026-01-15,18.6,25.8
TEGAL,2026-01-16,4.7,26.3
TEGAL,2026-01-17,20.8,25.6
TEGAL,2026-01-18,24.4,25.5
TEGAL,2026-01-19,10.0,26.3
TEGAL,2026-01-20,14.2,26.1
TEGAL,2026-01-21,5.6,25.7
TEGAL,2026-01-22,25.5,25.2
TEGAL,2026-01-23,24.4,25.2
TEGAL,2026-01-24,1.9,26.1
TEGAL,2026-01-25,1.9,26.5
TEGAL,2026-01-26,1.5,26.3
TEGAL,2026-01-27,6.2,25.4
TEGAL,2026-01-28,30.1,24.9
TEGAL,2026-01-29,9.1,25.4
TEGAL,2026-01-30,1.5,25.9
TEGAL,2026-01-31,13.3,25.9
TEGAL,2026-02-01,7.9,25.4
TEGAL,2026-02-02,17.1,25.4
TEGAL,2026-02-03,12.9,25.5
TEGAL,2026-02-04,10.3,25.5
TEGAL,2026-02-05,6.8,25.6
TEGAL,2026-02-06,15.6,25.9
TEGAL,2026-02-07,6.0,26.0
TEGAL,2026-02-08,7.8,26.3
TEGAL,2026-02-09,7.4,25.7
TEGAL,2026-02-10,7.3,25.9
TEGAL,2026-02-11,22.8,25.7
TEGAL,2026-02-12,46.7,25.6
TEGAL,2026-02-13,9.4,25.6
TEGAL,2026-02-14,20.0,25.9
TEGAL,2026-02-15,18.7,26.0
TEGAL,2026-02-16,10.6,25.7
TEGAL,2026-02-17,11.3,26.2
TEGAL,2026-02-18,10.5,25.7
TEGAL,2026-02-19,11.7,26.0
TEGAL,2026-02-20,6.9,25.7
TEGAL,2026-02-21,9.5,26.3
TEGAL,2026-02-22,18.3,25.7
TEGAL,2026-02-23,30.9,25.3
TEGAL,2026-02-24,0.0,26.2
TEGAL,2026-02-25,0.6,26.7
TEGAL,2026-02-26,19.6,26.2
TEGAL,2026-02-27,9.9,26.4
TEGAL,2026-02-28,9.1,26.3
TEGAL,2026-03-01,0.5,26.5
TEGAL,2026-03-02,22.4,26.1
TEGAL,2026-03-03,15.4,26.4
TEGAL,2026-03-04,6.2,26.5
TEGAL,2026-03-05,9.9,26.4
TEGAL,2026-03-06,3.9,26.4
TEGAL,2026-03-07,13.2,26.1
TEGAL,2026-03-08,5.2,25.7
TEGAL,2026-03-09,3.3,26.3
TEGAL,2026-03-10,18.3,26.2
TEGAL,2026-03-11,5.7,26.6
TEGAL,2026-03-12,0.0,27.2
TEGAL,2026-03-13,3.3,27.0
TEGAL,2026-03-14,1.4,26.6
TEGAL,2026-03-15,2.8,26.6
TEGAL,2026-03-16,1.0,27.1
TEGAL,2026-03-17,1.4,27.2
TEGAL,2026-03-18,0.4,28.0
TEGAL,2026-03-19,6.1,27.5
TEGAL,2026-03-20,2.5,27.7
TEGAL,2026-03-21,5.1,27.2
TEGAL,2026-03-22,2.1,26.6
TEGAL,2026-03-23,3.5,26.7
TEGAL,2026-03-24,6.8,25.9
TEGAL,2026-03-25,7.9,26.0
TEGAL,2026-03-26,12.6,25.3
TEGAL,2026-03-27,14.7,25.5
TEGAL,2026-03-28,3.6,26.7
TEGAL,2026-03-29,0.0,27.3
TEGAL,2026-03-30,6.6,26.2
TEGAL,2026-03-31,2.8,26.2
SURABAYA,2025-03-15,9.8,26.5
SURABAYA,2025-03-16,11.7,26.1
SURABAYA,2025-03-17,19.8,26.3
SURABAYA,2025-03-18,6.3,27.1
SURABAYA,2025-03-19,10.8,27.1
SURABAYA,2025-03-20,1.5,27.7
SURABAYA,2025-03-21,1.9,28.2
SURABAYA,2025-03-22,8.4,27.0
SURABAYA,2025-03-23,0.5,27.5
SURABAYA,2025-03-24,3.8,27.4
SURABAYA,2025-03-25,2.5,27.9
SURABAYA,2025-03-26,13.5,28.1
SURABAYA,2025-03-27,5.4,27.5
SURABAYA,2025-03-28,16.4,27.2
SURABAYA,2025-03-29,23.0,26.7
SURABAYA,2025-03-30,3.6,27.2
SURABAYA,2025-03-31,3.0,27.5
SURABAYA,2025-04-01,15.7,26.5
SURABAYA,2025-04-02,4.7,26.5
SURABAYA,2025-04-03,11.6,26.5
SURABAYA,2025-04-04,2.1,27.1
SURABAYA,2025-04-05,3.4,26.7
SURABAYA,2025-04-06,0.0,27.9
SURABAYA,2025-04-07,0.0,28.5
SURABAYA,2025-04-08,1.6,28.3
SURABAYA,2025-04-09,3.8,28.3
SURABAYA,2025-04-10,11.3,27.9
SURABAYA,2025-04-11,3.2,27.9
SURABAYA,2025-04-12,1.7,28.0
SURABAYA,2025-04-13,1.0,27.8
SURABAYA,2025-04-14,5.3,27.5
SURABAYA,2025-04-15,2.8,27.7
SURABAYA,2025-04-16,5.9,27.9
SURABAYA,2025-04-17,5.9,27.0
SURABAYA,2025-04-18,10.8,26.7
SURABAYA,2025-04-19,8.2,27.7
SURABAYA,2025-04-20,9.0,27.4
SURABAYA,2025-04-21,6.8,27.5
SURABAYA,2025-04-22,2.8,27.2
SURABAYA,2025-04-23,0.1,27.9
SURABAYA,2025-04-24,0.2,28.6
SURABAYA,2025-04-25,0.2,28.4
SURABAYA,2025-04-26,1.8,27.8
SURABAYA,2025-04-27,2.4,28.0
SURABAYA,2025-04-28,1.0,28.9
SURABAYA,2025-04-29,0.0,29.3
SURABAYA,2025-04-30,0.0,29.2
SURABAYA,2025-05-01,3.3,29.1
SURABAYA,2025-05-02,14.7,27.5
SURABAYA,2025-05-03,0.5,29.5
SURABAYA,2025-05-04,2.1,28.9
SURABAYA,2025-05-05,0.1,29.8
SURABAYA,2025-05-06,0.7,29.3
SURABAYA,2025-05-07,6.9,28.4
SURABAYA,2025-05-08,9.0,27.9
SURABAYA,2025-05-09,19.2,27.3
SURABAYA,2025-05-10,9.5,27.2
SURABAYA,2025-05-11,23.8,26.5
SURABAYA,2025-05-12,11.9,26.8
SURABAYA,2025-05-13,14.5,26.7
SURABAYA,2025-05-14,3.0,27.2
SURABAYA,2025-05-15,18.7,27.1
SURABAYA,2025-05-16,17.6,27.1
SURABAYA,2025-05-17,14.0,26.7
SURABAYA,2025-05-18,4.9,27.4
SURABAYA,2025-05-19,13.6,26.8
SURABAYA,2025-05-20,0.4,27.3
SURABAYA,2025-05-21,0.5,28.3
SURABAYA,2025-05-22,12.1,27.8
SURABAYA,2025-05-23,25.5,25.9
SURABAYA,2025-05-24,3.0,27.0
SURABAYA,2025-05-25,1.6,27.8
SURABAYA,2025-05-26,18.9,27.2
SURABAYA,2025-05-27,0.0,27.8
SURABAYA,2025-05-28,1.1,28.3
SURABAYA,2025-05-29,0.4,28.6
SURABAYA,2025-05-30,0.8,28.7
SURABAYA,2025-05-31,21.9,27.8
SURABAYA,2025-06-01,6.6,26.8
SURABAYA,2025-06-02,2.8,27.8
SURABAYA,2025-06-03,0.6,28.7
SURABAYA,2025-06-04,1.3,28.5
SURABAYA,2025-06-05,0.1,28.8
SURABAYA,2025-06-06,0.4,28.9
SURABAYA,2025-06-07,0.1,29.0
SURABAYA,2025-06-08,10.0,28.1
SURABAYA,2025-06-09,4.3,27.0
SURABAYA,2025-06-10,1.3,28.5
SURABAYA,2025-06-11,0.3,28.7
SURABAYA,2025-06-12,0.0,28.8
SURABAYA,2025-06-13,1.4,28.3
SURABAYA,2025-06-14,12.1,27.5
SURABAYA,2025-06-15,0.9,28.2
SURABAYA,2025-06-16,3.7,27.5
SURABAYA,2025-06-17,1.9,27.8
SURABAYA,2025-06-18,0.1,28.1
SURABAYA,2025-06-19,0.1,27.8
SURABAYA,2025-06-20,0.7,26.4
SURABAYA,2025-06-21,1.0,28.1
SURABAYA,2025-06-22,13.0,27.6
SURABAYA,2025-06-23,0.2,28.8
SURABAYA,2025-06-24,0.0,28.2
SURABAYA,2025-06-25,0.2,28.6
SURABAYA,2025-06-26,1.1,28.3
SURABAYA,2025-06-27,0.4,29.0
SURABAYA,2025-06-28,9.1,27.7
SURABAYA,2025-06-29,0.1,28.0
SURABAYA,2025-06-30,0.3,28.0
SURABAYA,2025-07-01,0.0,28.9
SURABAYA,2025-07-02,0.4,28.9
SURABAYA,2025-07-03,1.5,28.3
SURABAYA,2025-07-04,0.1,28.4
SURABAYA,2025-07-05,0.1,27.9
SURABAYA,2025-07-06,2.3,27.1
SURABAYA,2025-07-07,1.7,27.3
SURABAYA,2025-07-08,0.0,27.5
SURABAYA,2025-07-09,0.0,27.3
SURABAYA,2025-07-10,0.0,26.9
SURABAYA,2025-07-11,0.0,27.1
SURABAYA,2025-07-12,0.8,27.2
SURABAYA,2025-07-13,0.2,28.9
SURABAYA,2025-07-14,0.0,28.2
SURABAYA,2025-07-15,0.9,27.9
SURABAYA,2025-07-16,0.0,28.4
SURABAYA,2025-07-17,0.0,28.1
SURABAYA,2025-07-18,0.0,27.8
SURABAYA,2025-07-19,0.0,27.3
SURABAYA,2025-07-20,0.0,27.5
SURABAYA,2025-07-21,0.0,27.4
SURABAYA,2025-07-22,0.0,27.4
SURABAYA,2025-07-23,0.3,28.0
SURABAYA,2025-07-24,0.0,28.7
SURABAYA,2025-07-25,0.0,28.7
SURABAYA,2025-07-26,0.6,29.1
SURABAYA,2025-07-27,1.6,28.7
SURABAYA,2025-07-28,0.0,28.3
SURABAYA,2025-07-29,0.1,28.6
SURABAYA,2025-07-30,0.0,28.4
SURABAYA,2025-07-31,0.0,28.3
SURABAYA,2025-08-01,0.0,28.5
SURABAYA,2025-08-02,0.0,29.2
SURABAYA,2025-08-03,0.4,29.5
SURABAYA,2025-08-04,2.9,28.4
SURABAYA,2025-08-05,0.2,28.0
SURABAYA,2025-08-06,0.0,28.2
SURABAYA,2025-08-07,0.0,28.3
SURABAYA,2025-08-08,0.5,28.6
SURABAYA,2025-08-09,0.0,28.9
SURABAYA,2025-08-10,0.4,28.7
SURABAYA,2025-08-11,0.1,28.8
SURABAYA,2025-08-12,0.3,28.3
SURABAYA,2025-08-13,0.5,28.3
SURABAYA,2025-08-14,0.0,28.3
SURABAYA,2025-08-15,0.0,28.0
SURABAYA,2025-08-16,0.0,28.1
SURABAYA,2025-08-17,0.0,28.8
SURABAYA,2025-08-18,3.5,28.2
SURABAYA,2025-08-19,21.8,26.3
SURABAYA,2025-08-20,2.1,26.5
SURABAYA,2025-08-21,0.3,27.0
SURABAYA,2025-08-22,0.8,27.1
SURABAYA,2025-08-23,0.1,27.5
SURABAYA,2025-08-24,0.2,27.7
SURABAYA,2025-08-25,0.1,28.1
SURABAYA,2025-08-26,0.0,27.9
SURABAYA,2025-08-27,0.0,28.3
SURABAYA,2025-08-28,0.0,28.4
SURABAYA,2025-08-29,0.0,28.2
SURABAYA,2025-08-30,0.0,28.6
SURABAYA,2025-08-31,0.0,29.1
SURABAYA,2025-09-01,0.0,28.7
SURABAYA,2025-09-02,0.9,29.3
SURABAYA,2025-09-03,0.0,29.3
SURABAYA,2025-09-04,0.0,28.7
SURABAYA,2025-09-05,0.0,29.0
SURABAYA,2025-09-06,0.0,29.0
SURABAYA,2025-09-07,0.0,29.0
SURABAYA,2025-09-08,0.0,29.3
SURABAYA,2025-09-09,0.8,29.2
SURABAYA,2025-09-10,1.8,28.6
SURABAYA,2025-09-11,0.0,28.7
SURABAYA,2025-09-12,0.0,29.1
SURABAYA,2025-09-13,0.2,29.3
SURABAYA,2025-09-14,0.9,28.7
SURABAYA,2025-09-15,0.0,29.2
SURABAYA,2025-09-16,1.7,28.7
SURABAYA,2025-09-17,1.8,28.1
SURABAYA,2025-09-18,0.5,28.4
SURABAYA,2025-09-19,1.0,29.3
SURABAYA,2025-09-20,0.6,29.9
SURABAYA,2025-09-21,1.5,29.3
SURABAYA,2025-09-22,0.0,29.3
SURABAYA,2025-09-23,0.0,30.0
SURABAYA,2025-09-24,0.2,30.0
SURABAYA,2025-09-25,0.2,29.7
SURABAYA,2025-09-26,0.0,30.3
SURABAYA,2025-09-27,0.0,30.3
SURABAYA,2025-09-28,0.0,30.5
SURABAYA,2025-09-29,4.8,29.7
SURABAYA,2025-09-30,8.5,26.9
SURABAYA,2025-10-01,8.4,27.8
SURABAYA,2025-10-02,0.0,29.2
SURABAYA,2025-10-03,0.0,30.0
SURABAYA,2025-10-04,0.0,29.4
SURABAYA,2025-10-05,0.0,30.2
SURABAYA,2025-10-06,0.7,29.8
SURABAYA,2025-10-07,0.0,30.5
SURABAYA,2025-10-08,0.0,30.4
SURABAYA,2025-10-09,0.3,30.1
SURABAYA,2025-10-10,0.2,30.0
SURABAYA,2025-10-11,0.0,29.9
SURABAYA,2025-10-12,0.0,30.4
SURABAYA,2025-10-13,1.1,30.5
SURABAYA,2025-10-14,0.0,30.6
SURABAYA,2025-10-15,2.2,30.2
SURABAYA,2025-10-16,0.0,30.6
SURABAYA,2025-10-17,0.0,30.5
SURABAYA,2025-10-18,0.4,31.0
SURABAYA,2025-10-19,1.7,30.7
SURABAYA,2025-10-20,12.2,28.6
SURABAYA,2025-10-21,43.7,26.7
SURABAYA,2025-10-22,6.9,27.0
SURABAYA,2025-10-23,0.3,27.6
SURABAYA,2025-10-24,6.9,27.3
SURABAYA,2025-10-25,0.4,28.2
SURABAYA,2025-10-26,4.2,28.3
SURABAYA,2025-10-27,0.4,28.2
SURABAYA,2025-10-28,4.1,27.9
SURABAYA,2025-10-29,7.3,27.7
SURABAYA,2025-10-30,10.1,27.1
SURABAYA,2025-10-31,8.0,27.4
SURABAYA,2025-11-01,17.5,27.2
SURABAYA,2025-11-02,11.8,27.9
SURABAYA,2025-11-03,6.3,27.4
SURABAYA,2025-11-04,2.9,27.3
SURABAYA,2025-11-05,48.7,26.5
SURABAYA,2025-11-06,11.3,27.4
SURABAYA,2025-11-07,14.6,27.7
SURABAYA,2025-11-08,4.6,28.0
SURABAYA,2025-11-09,10.3,27.7
SURABAYA,2025-11-10,26.9,27.3
SURABAYA,2025-11-11,20.6,26.4
SURABAYA,2025-11-12,15.0,26.2
SURABAYA,2025-11-13,1.1,26.7
SURABAYA,2025-11-14,15.8,26.8
SURABAYA,2025-11-15,24.5,27.1
SURABAYA,2025-11-16,6.0,27.9
SURABAYA,2025-11-17,8.8,27.0
SURABAYA,2025-11-18,7.3,27.2
SURABAYA,2025-11-19,9.1,26.9
SURABAYA,2025-11-20,10.6,27.2
SURABAYA,2025-11-21,20.8,26.8
SURABAYA,2025-11-22,19.5,27.0
SURABAYA,2025-11-23,16.0,26.9
SURABAYA,2025-11-24,0.2,27.5
SURABAYA,2025-11-25,1.4,28.5
SURABAYA,2025-11-26,6.9,28.4
SURABAYA,2025-11-27,0.1,28.2
SURABAYA,2025-11-28,13.3,28.0
SURABAYA,2025-11-29,29.6,27.5
SURABAYA,2025-11-30,1.4,27.9
SURABAYA,2025-12-01,1.7,28.5
SURABAYA,2025-12-02,17.0,27.6
SURABAYA,2025-12-03,0.7,28.0
SURABAYA,2025-12-04,14.3,27.0
SURABAYA,2025-12-05,7.8,26.9
SURABAYA,2025-12-06,7.4,26.7
SURABAYA,2025-12-07,5.3,27.2
SURABAYA,2025-12-08,15.9,27.3
SURABAYA,2025-12-09,9.3,26.7
SURABAYA,2025-12-10,3.6,27.4
SURABAYA,2025-12-11,6.0,27.9
SURABAYA,2025-12-12,0.7,28.5
SURABAYA,2025-12-13,0.9,29.2
SURABAYA,2025-12-14,17.4,27.0
SURABAYA,2025-12-15,1.3,28.4
SURABAYA,2025-12-16,0.1,29.0
SURABAYA,2025-12-17,0.0,29.8
SURABAYA,2025-12-18,9.7,27.2
SURABAYA,2025-12-19,4.6,27.1
SURABAYA,2025-12-20,25.2,26.3
SURABAYA,2025-12-21,18.0,27.0
SURABAYA,2025-12-22,15.9,27.2
SURABAYA,2025-12-23,4.8,27.8
SURABAYA,2025-12-24,5.4,27.9
SURABAYA,2025-12-25,2.9,28.5
SURABAYA,2025-12-26,17.8,27.4
SURABAYA,2025-12-27,27.0,27.2
SURABAYA,2025-12-28,6.8,28.0
SURABAYA,2025-12-29,3.2,27.6
SURABAYA,2025-12-30,3.2,27.9
SURABAYA,2025-12-31,4.3,27.1
SURABAYA,2026-01-01,11.2,27.3
SURABAYA,2026-01-02,21.6,26.9
SURABAYA,2026-01-03,12.2,26.4
SURABAYA,2026-01-04,10.4,26.9
SURABAYA,2026-01-05,5.4,26.7
SURABAYA,2026-01-06,0.5,28.5
SURABAYA,2026-01-07,1.6,28.2
SURABAYA,2026-01-08,15.4,27.0
SURABAYA,2026-01-09,4.4,26.0
SURABAYA,2026-01-10,15.4,25.5
SURABAYA,2026-01-11,9.5,25.7
SURABAYA,2026-01-12,11.2,25.6
SURABAYA,2026-01-13,6.0,26.5
SURABAYA,2026-01-14,11.8,26.2
SURABAYA,2026-01-15,5.2,25.8
SURABAYA,2026-01-16,2.1,26.6
SURABAYA,2026-01-17,6.6,26.8
SURABAYA,2026-01-18,10.4,25.8
SURABAYA,2026-01-19,7.0,26.9
SURABAYA,2026-01-20,12.6,26.5
SURABAYA,2026-01-21,10.0,26.5
SURABAYA,2026-01-22,10.3,25.9
SURABAYA,2026-01-23,15.9,26.2
SURABAYA,2026-01-24,0.7,27.5
SURABAYA,2026-01-25,1.3,27.5
SURABAYA,2026-01-26,5.5,27.3
SURABAYA,2026-01-27,5.5,26.5
SURABAYA,2026-01-28,1.7,26.4
SURABAYA,2026-01-29,2.1,27.9
SURABAYA,2026-01-30,14.8,27.7
SURABAYA,2026-01-31,1.9,27.6
SURABAYA,2026-02-01,3.8,27.5
SURABAYA,2026-02-02,8.4,27.1
SURABAYA,2026-02-03,7.2,26.9
SURABAYA,2026-02-04,11.0,26.3
SURABAYA,2026-02-05,5.5,26.7
SURABAYA,2026-02-06,7.7,27.2
SURABAYA,2026-02-07,9.1,26.8
SURABAYA,2026-02-08,4.3,26.9
SURABAYA,2026-02-09,5.2,26.8
SURABAYA,2026-02-10,13.1,26.8
SURABAYA,2026-02-11,9.5,26.3
SURABAYA,2026-02-12,18.3,26.6
SURABAYA,2026-02-13,10.7,26.1
SURABAYA,2026-02-14,7.5,26.9
SURABAYA,2026-02-15,6.6,27.3
SURABAYA,2026-02-16,11.4,26.9
SURABAYA,2026-02-17,10.6,27.6
SURABAYA,2026-02-18,25.5,26.7
SURABAYA,2026-02-19,2.1,27.3
SURABAYA,2026-02-20,8.7,27.3
SURABAYA,2026-02-21,6.5,27.2
SURABAYA,2026-02-22,6.5,26.9
SURABAYA,2026-02-23,18.0,26.5
SURABAYA,2026-02-24,0.0,27.0
SURABAYA,2026-02-25,2.3,27.2
SURABAYA,2026-02-26,12.0,26.7
SURABAYA,2026-02-27,9.9,26.8
SURABAYA,2026-02-28,1.4,27.2
SURABAYA,2026-03-01,0.7,27.9
SURABAYA,2026-03-02,10.3,27.4
SURABAYA,2026-03-03,10.8,27.0
SURABAYA,2026-03-04,9.0,26.0
SURABAYA,2026-03-05,3.9,26.9
SURABAYA,2026-03-06,3.4,27.2
SURABAYA,2026-03-07,6.4,27.0
SURABAYA,2026-03-08,10.8,26.3
SURABAYA,2026-03-09,8.8,27.4
SURABAYA,2026-03-10,2.3,27.4
SURABAYA,2026-03-11,1.3,27.9
SURABAYA,2026-03-12,2.6,28.0
SURABAYA,2026-03-13,1.8,28.4
SURABAYA,2026-03-14,1.5,28.7
SURABAYA,2026-03-15,7.8,27.6
SURABAYA,2026-03-16,6.6,27.6
SURABAYA,2026-03-17,4.8,27.8
SURABAYA,2026-03-18,5.7,27.8
SURABAYA,2026-03-19,8.1,27.7
SURABAYA,2026-03-20,7.3,27.4
SURABAYA,2026-03-21,6.7,27.2
SURABAYA,2026-03-22,31.0,26.4
SURABAYA,2026-03-23,12.2,27.9
SURABAYA,2026-03-24,9.5,26.9
SURABAYA,2026-03-25,10.7,27.2
SURABAYA,2026-03-26,5.8,27.0
SURABAYA,2026-03-27,19.7,27.2
SURABAYA,2026-03-28,18.6,26.5
SURABAYA,2026-03-29,0.7,28.3
SURABAYA,2026-03-30,10.8,27.5
SURABAYA,2026-03-31,0.8,27.5
MALANG,2025-03-15,6.6,24.0
MALANG,2025-03-16,19.0,23.6
MALANG,2025-03-17,35.6,23.8
MALANG,2025-03-18,27.8,24.0
MALANG,2025-03-19,17.6,23.2
MALANG,2025-03-20,1.4,24.7
MALANG,2025-03-21,1.1,25.3
MALANG,2025-03-22,7.7,24.1
MALANG,2025-03-23,0.5,24.9
MALANG,2025-03-24,3.9,24.8
MALANG,2025-03-25,8.7,25.4
MALANG,2025-03-26,7.9,24.9
MALANG,2025-03-27,16.8,24.2
MALANG,2025-03-28,41.5,24.0
MALANG,2025-03-29,16.6,23.8
MALANG,2025-03-30,9.1,23.5
MALANG,2025-03-31,1.8,24.1
MALANG,2025-04-01,29.0,23.8
MALANG,2025-04-02,29.3,23.6
MALANG,2025-04-03,38.1,23.5
MALANG,2025-04-04,6.7,24.5
MALANG,2025-04-05,1.2,24.1
MALANG,2025-04-06,0.0,24.6
MALANG,2025-04-07,0.1,24.3
MALANG,2025-04-08,0.2,24.6
MALANG,2025-04-09,1.0,24.5
MALANG,2025-04-10,1.7,24.3
MALANG,2025-04-11,0.9,23.7
MALANG,2025-04-12,2.6,24.4
MALANG,2025-04-13,2.9,24.2
MALANG,2025-04-14,26.3,24.1
MALANG,2025-04-15,0.0,24.5
MALANG,2025-04-16,0.7,25.1
MALANG,2025-04-17,22.4,24.1
MALANG,2025-04-18,13.7,23.5
MALANG,2025-04-19,25.1,23.9
MALANG,2025-04-20,9.1,23.7
MALANG,2025-04-21,4.6,24.3
MALANG,2025-04-22,5.7,24.2
MALANG,2025-04-23,0.0,24.5
MALANG,2025-04-24,0.0,24.6
MALANG,2025-04-25,0.2,24.8
MALANG,2025-04-26,1.1,24.5
MALANG,2025-04-27,0.0,24.1
MALANG,2025-04-28,0.0,24.0
MALANG,2025-04-29,0.0,24.1
MALANG,2025-04-30,0.0,24.4
MALANG,2025-05-01,0.3,24.7
MALANG,2025-05-02,0.2,24.5
MALANG,2025-05-03,0.7,24.7
MALANG,2025-05-04,0.2,24.7
MALANG,2025-05-05,0.2,24.9
MALANG,2025-05-06,0.1,25.0
MALANG,2025-05-07,0.6,24.9
MALANG,2025-05-08,5.0,25.0
MALANG,2025-05-09,31.1,23.7
MALANG,2025-05-10,22.2,23.8
MALANG,2025-05-11,30.6,23.4
MALANG,2025-05-12,41.3,23.5
MALANG,2025-05-13,8.8,23.6
MALANG,2025-05-14,7.6,23.9
MALANG,2025-05-15,7.8,24.0
MALANG,2025-05-16,21.9,23.8
MALANG,2025-05-17,11.6,23.7
MALANG,2025-05-18,4.5,23.8
MALANG,2025-05-19,22.8,23.4
MALANG,2025-05-20,0.6,24.2
MALANG,2025-05-21,11.2,24.1
MALANG,2025-05-22,3.0,24.0
MALANG,2025-05-23,7.6,23.7
MALANG,2025-05-24,14.6,23.9
MALANG,2025-05-25,19.1,24.3
MALANG,2025-05-26,15.6,24.0
MALANG,2025-05-27,19.3,23.2
MALANG,2025-05-28,2.1,24.8
MALANG,2025-05-29,0.8,25.1
MALANG,2025-05-30,0.0,24.7
MALANG,2025-05-31,1.7,24.6
MALANG,2025-06-01,1.7,24.3
MALANG,2025-06-02,0.1,24.7
MALANG,2025-06-03,0.0,24.7
MALANG,2025-06-04,0.9,24.2
MALANG,2025-06-05,0.0,24.4
MALANG,2025-06-06,0.0,24.5
MALANG,2025-06-07,0.0,24.4
MALANG,2025-06-08,1.3,23.9
MALANG,2025-06-09,1.9,23.6
MALANG,2025-06-10,0.2,23.8
MALANG,2025-06-11,0.0,24.2
MALANG,2025-06-12,0.0,23.6
MALANG,2025-06-13,0.3,23.9
MALANG,2025-06-14,2.6,24.2
MALANG,2025-06-15,3.5,24.4
MALANG,2025-06-16,0.2,24.2
MALANG,2025-06-17,0.0,24.4
MALANG,2025-06-18,0.0,23.9
MALANG,2025-06-19,0.0,23.2
MALANG,2025-06-20,0.3,23.6
MALANG,2025-06-21,0.7,24.1
MALANG,2025-06-22,1.5,23.2
MALANG,2025-06-23,1.9,23.1
MALANG,2025-06-24,2.2,23.3
MALANG,2025-06-25,0.3,23.8
MALANG,2025-06-26,1.1,23.8
MALANG,2025-06-27,0.0,24.0
MALANG,2025-06-28,0.7,23.4
MALANG,2025-06-29,0.7,23.5
MALANG,2025-06-30,0.8,23.4
MALANG,2025-07-01,1.2,24.3
MALANG,2025-07-02,1.5,24.3
MALANG,2025-07-03,6.0,23.4
MALANG,2025-07-04,2.3,22.5
MALANG,2025-07-05,0.1,23.1
MALANG,2025-07-06,1.3,23.0
MALANG,2025-07-07,3.8,23.4
MALANG,2025-07-08,0.2,22.8
MALANG,2025-07-09,0.1,21.9
MALANG,2025-07-10,0.0,22.0
MALANG,2025-07-11,0.0,22.1
MALANG,2025-07-12,1.4,22.6
MALANG,2025-07-13,0.9,23.6
MALANG,2025-07-14,0.6,23.3
MALANG,2025-07-15,0.8,23.5
MALANG,2025-07-16,0.6,23.1
MALANG,2025-07-17,0.0,22.6
MALANG,2025-07-18,0.1,22.4
MALANG,2025-07-19,0.0,22.2
MALANG,2025-07-20,0.0,21.8
MALANG,2025-07-21,0.0,21.8
MALANG,2025-07-22,0.0,21.7
MALANG,2025-07-23,0.5,23.3
MALANG,2025-07-24,2.5,23.3
MALANG,2025-07-25,3.7,23.9
MALANG,2025-07-26,3.7,24.2
MALANG,2025-07-27,3.3,24.1
MALANG,2025-07-28,12.7,23.7
MALANG,2025-07-29,0.6,23.2
MALANG,2025-07-30,2.2,22.9
MALANG,2025-07-31,0.0,23.3
MALANG,2025-08-01,0.0,24.1
MALANG,2025-08-02,0.0,24.3
MALANG,2025-08-03,3.4,23.7
MALANG,2025-08-04,0.3,24.4
MALANG,2025-08-05,2.3,23.9
MALANG,2025-08-06,0.0,24.0
MALANG,2025-08-07,0.1,23.7
MALANG,2025-08-08,0.0,23.8
MALANG,2025-08-09,0.0,24.0
MALANG,2025-08-10,0.4,23.8
MALANG,2025-08-11,3.3,23.6
MALANG,2025-08-12,0.0,23.8
MALANG,2025-08-13,3.0,23.6
MALANG,2025-08-14,0.0,22.4
MALANG,2025-08-15,1.0,22.5
MALANG,2025-08-16,0.0,23.5
MALANG,2025-08-17,0.0,23.3
MALANG,2025-08-18,0.1,23.9
MALANG,2025-08-19,16.6,23.2
MALANG,2025-08-20,29.7,23.3
MALANG,2025-08-21,0.0,23.7
MALANG,2025-08-22,0.0,23.7
MALANG,2025-08-23,0.0,23.9
MALANG,2025-08-24,0.0,24.2
MALANG,2025-08-25,0.0,23.4
MALANG,2025-08-26,0.0,23.3
MALANG,2025-08-27,12.0,22.7
MALANG,2025-08-28,4.8,21.8
MALANG,2025-08-29,11.8,22.6
MALANG,2025-08-30,0.3,23.1
MALANG,2025-08-31,0.0,23.7
MALANG,2025-09-01,0.0,23.6
MALANG,2025-09-02,0.0,24.1
MALANG,2025-09-03,0.0,24.4
MALANG,2025-09-04,0.0,24.3
MALANG,2025-09-05,0.0,24.3
MALANG,2025-09-06,0.4,23.2
MALANG,2025-09-07,0.0,23.1
MALANG,2025-09-08,1.7,23.3
MALANG,2025-09-09,6.2,22.9
MALANG,2025-09-10,8.7,22.7
MALANG,2025-09-11,0.2,24.8
MALANG,2025-09-12,0.8,24.0
MALANG,2025-09-13,0.0,24.7
MALANG,2025-09-14,0.0,24.1
MALANG,2025-09-15,11.1,23.4
MALANG,2025-09-16,18.5,23.4
MALANG,2025-09-17,6.6,23.5
MALANG,2025-09-18,0.2,23.7
MALANG,2025-09-19,0.2,24.5
MALANG,2025-09-20,0.4,24.9
MALANG,2025-09-21,2.2,24.5
MALANG,2025-09-22,0.0,24.8
MALANG,2025-09-23,0.0,24.7
MALANG,2025-09-24,1.8,24.1
MALANG,2025-09-25,0.0,24.7
MALANG,2025-09-26,1.7,24.7
MALANG,2025-09-27,0.2,25.0
MALANG,2025-09-28,0.0,25.8
MALANG,2025-09-29,2.3,24.8
MALANG,2025-09-30,1.1,23.5
MALANG,2025-10-01,0.2,24.6
MALANG,2025-10-02,0.0,24.9
MALANG,2025-10-03,0.0,24.8
MALANG,2025-10-04,0.0,25.0
MALANG,2025-10-05,0.0,25.4
MALANG,2025-10-06,0.0,24.8
MALANG,2025-10-07,0.1,25.4
MALANG,2025-10-08,0.0,24.9
MALANG,2025-10-09,0.4,24.8
MALANG,2025-10-10,1.1,23.8
MALANG,2025-10-11,0.3,24.7
MALANG,2025-10-12,0.6,25.6
MALANG,2025-10-13,2.8,25.5
MALANG,2025-10-14,0.3,25.9
MALANG,2025-10-15,0.0,25.4
MALANG,2025-10-16,0.0,25.9
MALANG,2025-10-17,0.4,25.8
MALANG,2025-10-18,0.3,26.0
MALANG,2025-10-19,0.2,25.4
MALANG,2025-10-20,6.8,25.2
MALANG,2025-10-21,22.6,24.1
MALANG,2025-10-22,36.2,23.3
MALANG,2025-10-23,16.0,23.5
MALANG,2025-10-24,15.1,23.8
MALANG,2025-10-25,7.9,23.4
MALANG,2025-10-26,2.7,24.1
MALANG,2025-10-27,1.3,24.3
MALANG,2025-10-28,2.0,24.2
MALANG,2025-10-29,13.2,23.6
MALANG,2025-10-30,2.2,24.1
MALANG,2025-10-31,3.9,24.6
MALANG,2025-11-01,4.4,24.6
MALANG,2025-11-02,7.3,23.8
MALANG,2025-11-03,20.2,23.6
MALANG,2025-11-04,57.0,23.4
MALANG,2025-11-05,42.8,23.3
MALANG,2025-11-06,26.1,23.6
MALANG,2025-11-07,32.1,23.9
MALANG,2025-11-08,28.4,24.2
MALANG,2025-11-09,21.1,23.7
MALANG,2025-11-10,42.1,24.0
MALANG,2025-11-11,43.4,23.4
MALANG,2025-11-12,41.4,23.4
MALANG,2025-11-13,19.1,23.4
MALANG,2025-11-14,29.5,23.2
MALANG,2025-11-15,34.2,23.1
MALANG,2025-11-16,11.3,23.8
MALANG,2025-11-17,28.9,23.7
MALANG,2025-11-18,37.7,23.7
MALANG,2025-11-19,48.4,23.2
MALANG,2025-11-20,38.1,23.8
MALANG,2025-11-21,74.5,23.6
MALANG,2025-11-22,37.0,23.3
MALANG,2025-11-23,53.2,23.5
MALANG,2025-11-24,4.1,23.4
MALANG,2025-11-25,1.2,24.2
MALANG,2025-11-26,14.2,23.7
MALANG,2025-11-27,4.5,23.5
MALANG,2025-11-28,3.8,23.5
MALANG,2025-11-29,4.4,23.0
MALANG,2025-11-30,0.4,23.7
MALANG,2025-12-01,0.8,24.2
MALANG,2025-12-02,31.9,23.6
MALANG,2025-12-03,8.1,24.3
MALANG,2025-12-04,2.5,24.2
MALANG,2025-12-05,10.4,23.7
MALANG,2025-12-06,41.9,23.3
MALANG,2025-12-07,4.4,24.0
MALANG,2025-12-08,12.1,23.4
MALANG,2025-12-09,5.7,23.4
MALANG,2025-12-10,1.6,24.2
MALANG,2025-12-11,6.8,24.0
MALANG,2025-12-12,15.9,23.5
MALANG,2025-12-13,9.0,24.6
MALANG,2025-12-14,21.7,24.0
MALANG,2025-12-15,2.9,23.6
MALANG,2025-12-16,0.1,24.3
MALANG,2025-12-17,2.4,24.8
MALANG,2025-12-18,15.0,24.3
MALANG,2025-12-19,4.4,24.0
MALANG,2025-12-20,53.8,23.6
MALANG,2025-12-21,10.9,23.9
MALANG,2025-12-22,10.2,24.2
MALANG,2025-12-23,2.8,24.8
MALANG,2025-12-24,2.2,24.5
MALANG,2025-12-25,2.2,25.2
MALANG,2025-12-26,5.8,23.8
MALANG,2025-12-27,2.2,24.5
MALANG,2025-12-28,0.4,25.1
MALANG,2025-12-29,0.5,24.7
MALANG,2025-12-30,7.5,24.5
MALANG,2025-12-31,27.8,23.5
MALANG,2026-01-01,18.6,23.7
MALANG,2026-01-02,32.6,23.1
MALANG,2026-01-03,3.5,24.0
MALANG,2026-01-04,17.9,23.9
MALANG,2026-01-05,2.1,24.0
MALANG,2026-01-06,1.3,24.9
MALANG,2026-01-07,2.8,23.8
MALANG,2026-01-08,4.6,23.7
MALANG,2026-01-09,4.8,23.4
MALANG,2026-01-10,19.3,23.0
MALANG,2026-01-11,30.4,23.3
MALANG,2026-01-12,1.6,24.3
MALANG,2026-01-13,4.0,24.8
MALANG,2026-01-14,29.3,23.4
MALANG,2026-01-15,38.3,23.0
MALANG,2026-01-16,4.7,24.1
MALANG,2026-01-17,8.7,24.5
MALANG,2026-01-18,33.5,23.6
MALANG,2026-01-19,11.5,23.9
MALANG,2026-01-20,8.6,24.3
MALANG,2026-01-21,12.1,24.0
MALANG,2026-01-22,11.7,23.8
MALANG,2026-01-23,4.9,24.3
MALANG,2026-01-24,0.0,25.5
MALANG,2026-01-25,0.1,25.6
MALANG,2026-01-26,2.1,25.4
MALANG,2026-01-27,44.2,24.0
MALANG,2026-01-28,38.9,23.5
MALANG,2026-01-29,15.0,24.0
MALANG,2026-01-30,22.7,23.9
MALANG,2026-01-31,21.6,24.3
MALANG,2026-02-01,8.3,23.4
MALANG,2026-02-02,2.9,23.9
MALANG,2026-02-03,12.1,23.6
MALANG,2026-02-04,3.3,23.7
MALANG,2026-02-05,8.0,24.0
MALANG,2026-02-06,19.8,24.3
MALANG,2026-02-07,31.3,24.2
MALANG,2026-02-08,15.1,24.5
MALANG,2026-02-09,22.2,23.9
MALANG,2026-02-10,8.7,23.3
MALANG,2026-02-11,23.1,23.4
MALANG,2026-02-12,37.1,23.1
MALANG,2026-02-13,19.6,23.0
MALANG,2026-02-14,16.7,23.1
MALANG,2026-02-15,14.5,23.6
MALANG,2026-02-16,22.7,24.0
MALANG,2026-02-17,40.4,24.2
MALANG,2026-02-18,33.1,24.5
MALANG,2026-02-19,15.4,24.5
MALANG,2026-02-20,17.2,24.8
MALANG,2026-02-21,15.4,24.4
MALANG,2026-02-22,34.4,23.1
MALANG,2026-02-23,63.1,22.7
MALANG,2026-02-24,9.5,22.4
MALANG,2026-02-25,10.8,23.3
MALANG,2026-02-26,43.3,22.1
MALANG,2026-02-27,22.2,22.3
MALANG,2026-02-28,21.5,23.1
MALANG,2026-03-01,5.2,24.1
MALANG,2026-03-02,23.0,23.4
MALANG,2026-03-03,14.7,23.9
MALANG,2026-03-04,12.5,24.8
MALANG,2026-03-05,8.1,23.4
MALANG,2026-03-06,0.9,25.5
MALANG,2026-03-07,6.0,25.2
MALANG,2026-03-08,5.0,24.5
MALANG,2026-03-09,9.6,23.9
MALANG,2026-03-10,3.7,24.1
MALANG,2026-03-11,8.4,23.7
MALANG,2026-03-12,2.3,23.7
MALANG,2026-03-13,1.4,24.1
MALANG,2026-03-14,12.5,23.4
MALANG,2026-03-15,56.2,23.2
MALANG,2026-03-16,44.9,23.5
MALANG,2026-03-17,14.0,23.6
MALANG,2026-03-18,3.9,23.6
MALANG,2026-03-19,7.2,23.8
MALANG,2026-03-20,10.8,23.4
MALANG,2026-03-21,14.2,23.9
MALANG,2026-03-22,26.7,23.4
MALANG,2026-03-23,1.5,24.1
MALANG,2026-03-24,2.2,24.0
MALANG,2026-03-25,14.8,23.7
MALANG,2026-03-26,27.7,24.1
MALANG,2026-03-27,13.1,24.0
MALANG,2026-03-28,3.4,24.1
MALANG,2026-03-29,0.7,24.5
MALANG,2026-03-30,1.0,23.9
MALANG,2026-03-31,0.7,24.1
SIDOARJO,2025-03-15,14.1,26.2
SIDOARJO,2025-03-16,21.3,25.9
SIDOARJO,2025-03-17,15.0,26.1
SIDOARJO,2025-03-18,10.8,26.4
SIDOARJO,2025-03-19,6.8,26.2
SIDOARJO,2025-03-20,3.7,27.2
SIDOARJO,2025-03-21,1.2,27.7
SIDOARJO,2025-03-22,4.6,26.8
SIDOARJO,2025-03-23,0.0,27.2
SIDOARJO,2025-03-24,6.2,26.9
SIDOARJO,2025-03-25,7.9,27.3
SIDOARJO,2025-03-26,12.4,27.5
SIDOARJO,2025-03-27,9.6,26.6
SIDOARJO,2025-03-28,14.1,26.7
SIDOARJO,2025-03-29,18.8,26.6
SIDOARJO,2025-03-30,5.9,26.3
SIDOARJO,2025-03-31,13.7,26.7
SIDOARJO,2025-04-01,16.2,26.0
SIDOARJO,2025-04-02,6.3,26.3
SIDOARJO,2025-04-03,29.9,25.9
SIDOARJO,2025-04-04,4.3,26.9
SIDOARJO,2025-04-05,1.3,26.4
SIDOARJO,2025-04-06,0.0,27.5
SIDOARJO,2025-04-07,0.0,27.7
SIDOARJO,2025-04-08,0.4,28.0
SIDOARJO,2025-04-09,1.3,27.9
SIDOARJO,2025-04-10,13.4,27.2
SIDOARJO,2025-04-11,7.8,27.3
SIDOARJO,2025-04-12,1.1,27.6
SIDOARJO,2025-04-13,0.2,27.5
SIDOARJO,2025-04-14,15.3,26.7
SIDOARJO,2025-04-15,0.3,27.3
SIDOARJO,2025-04-16,7.7,27.4
SIDOARJO,2025-04-17,15.7,26.5
SIDOARJO,2025-04-18,8.7,26.2
SIDOARJO,2025-04-19,9.1,27.3
SIDOARJO,2025-04-20,5.3,27.1
SIDOARJO,2025-04-21,10.0,27.1
SIDOARJO,2025-04-22,3.6,26.9
SIDOARJO,2025-04-23,2.1,27.4
SIDOARJO,2025-04-24,0.0,28.2
SIDOARJO,2025-04-25,0.6,27.7
SIDOARJO,2025-04-26,1.4,27.3
SIDOARJO,2025-04-27,1.9,27.5
SIDOARJO,2025-04-28,0.2,27.8
SIDOARJO,2025-04-29,0.1,27.8
SIDOARJO,2025-04-30,0.0,27.9
SIDOARJO,2025-05-01,2.2,28.0
SIDOARJO,2025-05-02,6.6,26.9
SIDOARJO,2025-05-03,0.1,28.4
SIDOARJO,2025-05-04,1.8,28.0
SIDOARJO,2025-05-05,0.4,28.6
SIDOARJO,2025-05-06,7.9,27.9
SIDOARJO,2025-05-07,6.6,27.5
SIDOARJO,2025-05-08,7.0,27.0
SIDOARJO,2025-05-09,15.8,26.7
SIDOARJO,2025-05-10,15.2,26.9
SIDOARJO,2025-05-11,29.4,26.2
SIDOARJO,2025-05-12,18.2,26.1
SIDOARJO,2025-05-13,16.1,26.2
SIDOARJO,2025-05-14,8.6,26.7
SIDOARJO,2025-05-15,20.6,26.8
SIDOARJO,2025-05-16,14.3,26.8
SIDOARJO,2025-05-17,18.7,26.3
SIDOARJO,2025-05-18,10.0,27.1
SIDOARJO,2025-05-19,14.0,26.6
SIDOARJO,2025-05-20,0.5,27.0
SIDOARJO,2025-05-21,1.0,27.7
SIDOARJO,2025-05-22,4.4,27.4
SIDOARJO,2025-05-23,27.3,25.5
SIDOARJO,2025-05-24,4.5,26.6
SIDOARJO,2025-05-25,3.8,27.5
SIDOARJO,2025-05-26,18.5,26.6
SIDOARJO,2025-05-27,0.7,27.0
SIDOARJO,2025-05-28,1.6,27.7
SIDOARJO,2025-05-29,0.1,28.2
SIDOARJO,2025-05-30,0.2,28.5
SIDOARJO,2025-05-31,6.0,27.6
SIDOARJO,2025-06-01,5.5,26.7
SIDOARJO,2025-06-02,0.4,27.5
SIDOARJO,2025-06-03,0.0,28.1
SIDOARJO,2025-06-04,0.0,27.7
SIDOARJO,2025-06-05,0.4,28.0
SIDOARJO,2025-06-06,0.0,27.7
SIDOARJO,2025-06-07,0.8,28.0
SIDOARJO,2025-06-08,9.9,27.2
SIDOARJO,2025-06-09,10.3,26.3
SIDOARJO,2025-06-10,0.5,27.4
SIDOARJO,2025-06-11,0.5,27.3
SIDOARJO,2025-06-12,0.0,27.3
SIDOARJO,2025-06-13,1.1,27.2
SIDOARJO,2025-06-14,11.0,26.6
SIDOARJO,2025-06-15,2.8,27.6
SIDOARJO,2025-06-16,4.2,26.8
SIDOARJO,2025-06-17,0.4,27.1
SIDOARJO,2025-06-18,0.1,27.5
SIDOARJO,2025-06-19,0.0,26.8
SIDOARJO,2025-06-20,0.9,25.6
SIDOARJO,2025-06-21,2.3,27.1
SIDOARJO,2025-06-22,5.7,26.7
SIDOARJO,2025-06-23,0.0,27.4
SIDOARJO,2025-06-24,0.1,26.8
SIDOARJO,2025-06-25,1.6,27.1
SIDOARJO,2025-06-26,6.8,27.4
SIDOARJO,2025-06-27,0.6,27.5
SIDOARJO,2025-06-28,7.3,27.0
SIDOARJO,2025-06-29,0.0,27.0
SIDOARJO,2025-06-30,0.0,27.1
SIDOARJO,2025-07-01,0.0,27.7
SIDOARJO,2025-07-02,0.0,27.7
SIDOARJO,2025-07-03,0.2,27.6
SIDOARJO,2025-07-04,0.1,26.9
SIDOARJO,2025-07-05,0.0,27.0
SIDOARJO,2025-07-06,10.3,26.1
SIDOARJO,2025-07-07,0.3,26.5
SIDOARJO,2025-07-08,0.1,26.6
SIDOARJO,2025-07-09,0.0,25.9
SIDOARJO,2025-07-10,0.0,25.6
SIDOARJO,2025-07-11,0.0,25.6
SIDOARJO,2025-07-12,0.2,26.3
SIDOARJO,2025-07-13,0.0,27.6
SIDOARJO,2025-07-14,0.8,26.9
SIDOARJO,2025-07-15,0.2,26.9
SIDOARJO,2025-07-16,0.1,27.2
SIDOARJO,2025-07-17,0.0,26.8
SIDOARJO,2025-07-18,0.0,26.0
SIDOARJO,2025-07-19,0.0,25.9
SIDOARJO,2025-07-20,0.0,25.5
SIDOARJO,2025-07-21,0.0,25.3
SIDOARJO,2025-07-22,0.0,25.5
SIDOARJO,2025-07-23,0.0,26.6
SIDOARJO,2025-07-24,0.0,27.2
SIDOARJO,2025-07-25,0.0,27.4
SIDOARJO,2025-07-26,0.0,27.8
SIDOARJO,2025-07-27,0.4,27.5
SIDOARJO,2025-07-28,0.0,27.7
SIDOARJO,2025-07-29,0.2,27.8
SIDOARJO,2025-07-30,0.0,27.3
SIDOARJO,2025-07-31,0.0,27.0
SIDOARJO,2025-08-01,0.0,27.0
SIDOARJO,2025-08-02,0.0,27.8
SIDOARJO,2025-08-03,0.1,28.5
SIDOARJO,2025-08-04,0.8,27.5
SIDOARJO,2025-08-05,0.4,27.0
SIDOARJO,2025-08-06,0.0,27.4
SIDOARJO,2025-08-07,0.0,27.1
SIDOARJO,2025-08-08,0.0,27.7
SIDOARJO,2025-08-09,0.1,27.7
SIDOARJO,2025-08-10,0.0,28.0
SIDOARJO,2025-08-11,0.6,27.8
SIDOARJO,2025-08-12,0.2,27.2
SIDOARJO,2025-08-13,0.4,27.0
SIDOARJO,2025-08-14,0.0,26.9
SIDOARJO,2025-08-15,0.0,27.0
SIDOARJO,2025-08-16,0.0,27.3
SIDOARJO,2025-08-17,0.0,27.6
SIDOARJO,2025-08-18,4.0,27.5
SIDOARJO,2025-08-19,28.3,25.9
SIDOARJO,2025-08-20,8.9,26.0
SIDOARJO,2025-08-21,0.4,26.5
SIDOARJO,2025-08-22,0.9,26.8
SIDOARJO,2025-08-23,0.2,27.0
SIDOARJO,2025-08-24,0.1,27.0
SIDOARJO,2025-08-25,0.0,27.3
SIDOARJO,2025-08-26,0.0,27.0
SIDOARJO,2025-08-27,0.0,27.7
SIDOARJO,2025-08-28,0.3,27.5
SIDOARJO,2025-08-29,0.0,27.6
SIDOARJO,2025-08-30,0.0,27.8
SIDOARJO,2025-08-31,0.0,28.0
SIDOARJO,2025-09-01,0.1,27.7
SIDOARJO,2025-09-02,0.1,28.4
SIDOARJO,2025-09-03,0.0,28.3
SIDOARJO,2025-09-04,0.0,27.8
SIDOARJO,2025-09-05,0.0,28.2
SIDOARJO,2025-09-06,0.0,28.3
SIDOARJO,2025-09-07,0.0,28.1
SIDOARJO,2025-09-08,0.0,28.8
SIDOARJO,2025-09-09,0.5,28.8
SIDOARJO,2025-09-10,6.9,28.2
SIDOARJO,2025-09-11,0.0,27.6
SIDOARJO,2025-09-12,0.0,28.2
SIDOARJO,2025-09-13,0.0,28.6
SIDOARJO,2025-09-14,0.0,28.5
SIDOARJO,2025-09-15,0.0,28.7
SIDOARJO,2025-09-16,2.4,27.8
SIDOARJO,2025-09-17,2.4,27.8
SIDOARJO,2025-09-18,0.1,27.8
SIDOARJO,2025-09-19,0.6,28.4
SIDOARJO,2025-09-20,0.5,29.3
SIDOARJO,2025-09-21,0.2,29.0
SIDOARJO,2025-09-22,0.1,29.2
SIDOARJO,2025-09-23,0.0,29.7
SIDOARJO,2025-09-24,0.0,29.5
SIDOARJO,2025-09-25,0.0,29.1
SIDOARJO,2025-09-26,0.0,29.9
SIDOARJO,2025-09-27,0.0,30.0
SIDOARJO,2025-09-28,0.0,30.1
SIDOARJO,2025-09-29,0.8,29.4
SIDOARJO,2025-09-30,8.5,26.5
SIDOARJO,2025-10-01,1.4,27.5
SIDOARJO,2025-10-02,0.0,28.7
SIDOARJO,2025-10-03,0.0,29.4
SIDOARJO,2025-10-04,0.0,29.3
SIDOARJO,2025-10-05,0.0,29.5
SIDOARJO,2025-10-06,0.0,29.2
SIDOARJO,2025-10-07,0.0,30.3
SIDOARJO,2025-10-08,0.2,29.8
SIDOARJO,2025-10-09,0.0,29.5
SIDOARJO,2025-10-10,0.0,29.4
SIDOARJO,2025-10-11,0.0,29.4
SIDOARJO,2025-10-12,0.0,29.9
SIDOARJO,2025-10-13,1.2,30.1
SIDOARJO,2025-10-14,0.0,30.4
SIDOARJO,2025-10-15,0.4,30.3
SIDOARJO,2025-10-16,0.0,30.3
SIDOARJO,2025-10-17,0.0,30.6
SIDOARJO,2025-10-18,0.0,31.0
SIDOARJO,2025-10-19,0.4,31.1
SIDOARJO,2025-10-20,11.2,28.8
SIDOARJO,2025-10-21,25.9,26.9
SIDOARJO,2025-10-22,8.2,26.7
SIDOARJO,2025-10-23,1.9,27.6
SIDOARJO,2025-10-24,1.8,27.6
SIDOARJO,2025-10-25,0.1,28.0
SIDOARJO,2025-10-26,0.8,28.2
SIDOARJO,2025-10-27,0.7,27.7
SIDOARJO,2025-10-28,3.0,27.4
SIDOARJO,2025-10-29,10.2,27.4
SIDOARJO,2025-10-30,3.2,27.0
SIDOARJO,2025-10-31,1.6,27.1
SIDOARJO,2025-11-01,16.2,26.9
SIDOARJO,2025-11-02,18.4,27.7
SIDOARJO,2025-11-03,32.0,27.0
SIDOARJO,2025-11-04,24.1,26.8
SIDOARJO,2025-11-05,27.2,26.2
SIDOARJO,2025-11-06,10.1,27.0
SIDOARJO,2025-11-07,14.2,27.1
SIDOARJO,2025-11-08,11.9,27.6
SIDOARJO,2025-11-09,14.6,27.0
SIDOARJO,2025-11-10,18.2,26.9
SIDOARJO,2025-11-11,16.9,26.2
SIDOARJO,2025-11-12,13.3,25.6
SIDOARJO,2025-11-13,1.8,25.9
SIDOARJO,2025-11-14,11.3,26.5
SIDOARJO,2025-11-15,3.1,26.8
SIDOARJO,2025-11-16,11.1,27.3
SIDOARJO,2025-11-17,12.3,26.6
SIDOARJO,2025-11-18,5.6,27.0
SIDOARJO,2025-11-19,21.8,26.4
SIDOARJO,2025-11-20,9.3,27.1
SIDOARJO,2025-11-21,32.1,26.4
SIDOARJO,2025-11-22,18.0,26.8
SIDOARJO,2025-11-23,30.9,26.6
SIDOARJO,2025-11-24,9.2,27.1
SIDOARJO,2025-11-25,0.3,28.2
SIDOARJO,2025-11-26,1.4,28.1
SIDOARJO,2025-11-27,1.3,27.9
SIDOARJO,2025-11-28,8.4,27.6
SIDOARJO,2025-11-29,17.4,27.1
SIDOARJO,2025-11-30,3.1,27.7
SIDOARJO,2025-12-01,0.8,27.8
SIDOARJO,2025-12-02,23.9,27.1
SIDOARJO,2025-12-03,0.7,27.6
SIDOARJO,2025-12-04,14.4,26.5
SIDOARJO,2025-12-05,9.9,26.5
SIDOARJO,2025-12-06,2.8,26.5
SIDOARJO,2025-12-07,6.1,26.9
SIDOARJO,2025-12-08,31.6,26.9
SIDOARJO,2025-12-09,6.0,26.6
SIDOARJO,2025-12-10,6.4,26.9
SIDOARJO,2025-12-11,7.3,27.7
SIDOARJO,2025-12-12,0.3,27.8
SIDOARJO,2025-12-13,3.0,28.0
SIDOARJO,2025-12-14,7.8,26.6
SIDOARJO,2025-12-15,0.4,27.5
SIDOARJO,2025-12-16,0.5,27.9
SIDOARJO,2025-12-17,0.1,28.5
SIDOARJO,2025-12-18,22.3,26.5
SIDOARJO,2025-12-19,4.2,26.3
SIDOARJO,2025-12-20,46.8,26.0
SIDOARJO,2025-12-21,12.0,26.8
SIDOARJO,2025-12-22,13.0,27.0
SIDOARJO,2025-12-23,5.7,27.4
SIDOARJO,2025-12-24,2.3,27.4
SIDOARJO,2025-12-25,2.1,27.9
SIDOARJO,2025-12-26,25.5,27.3
SIDOARJO,2025-12-27,4.1,26.9
SIDOARJO,2025-12-28,1.0,27.2
SIDOARJO,2025-12-29,3.2,27.3
SIDOARJO,2025-12-30,2.1,27.5
SIDOARJO,2025-12-31,8.6,26.7
SIDOARJO,2026-01-01,18.2,26.9
SIDOARJO,2026-01-02,21.6,26.7
SIDOARJO,2026-01-03,6.7,26.1
SIDOARJO,2026-01-04,9.3,26.6
SIDOARJO,2026-01-05,8.1,26.3
SIDOARJO,2026-01-06,0.2,28.1
SIDOARJO,2026-01-07,0.0,28.0
SIDOARJO,2026-01-08,17.7,27.0
SIDOARJO,2026-01-09,16.0,26.1
SIDOARJO,2026-01-10,17.6,25.3
SIDOARJO,2026-01-11,10.7,25.4
SIDOARJO,2026-01-12,7.3,25.2
SIDOARJO,2026-01-13,6.5,25.9
SIDOARJO,2026-01-14,9.8,25.8
SIDOARJO,2026-01-15,8.8,25.3
SIDOARJO,2026-01-16,5.1,26.3
SIDOARJO,2026-01-17,6.1,26.3
SIDOARJO,2026-01-18,7.6,25.3
SIDOARJO,2026-01-19,10.6,26.7
SIDOARJO,2026-01-20,6.4,26.2
SIDOARJO,2026-01-21,6.6,26.0
SIDOARJO,2026-01-22,13.6,25.1
SIDOARJO,2026-01-23,14.4,25.0
SIDOARJO,2026-01-24,0.5,27.0
SIDOARJO,2026-01-25,3.4,27.1
SIDOARJO,2026-01-26,1.5,26.9
SIDOARJO,2026-01-27,9.8,25.9
SIDOARJO,2026-01-28,7.8,25.5
SIDOARJO,2026-01-29,2.5,26.9
SIDOARJO,2026-01-30,7.4,27.1
SIDOARJO,2026-01-31,3.9,27.0
SIDOARJO,2026-02-01,5.9,26.7
SIDOARJO,2026-02-02,14.5,26.3
SIDOARJO,2026-02-03,17.7,26.4
SIDOARJO,2026-02-04,18.0,25.7
SIDOARJO,2026-02-05,6.9,26.4
SIDOARJO,2026-02-06,5.0,26.8
SIDOARJO,2026-02-07,3.0,26.3
SIDOARJO,2026-02-08,6.5,26.3
SIDOARJO,2026-02-09,7.4,25.9
SIDOARJO,2026-02-10,19.1,26.3
SIDOARJO,2026-02-11,19.2,25.9
SIDOARJO,2026-02-12,9.3,26.4
SIDOARJO,2026-02-13,12.6,25.7
SIDOARJO,2026-02-14,7.6,26.6
SIDOARJO,2026-02-15,5.7,26.9
SIDOARJO,2026-02-16,7.9,26.5
SIDOARJO,2026-02-17,10.3,27.1
SIDOARJO,2026-02-18,14.8,26.3
SIDOARJO,2026-02-19,1.7,27.0
SIDOARJO,2026-02-20,5.0,27.1
SIDOARJO,2026-02-21,4.1,26.8
SIDOARJO,2026-02-22,19.8,26.3
SIDOARJO,2026-02-23,12.2,26.2
SIDOARJO,2026-02-24,0.5,26.2
SIDOARJO,2026-02-25,3.2,26.8
SIDOARJO,2026-02-26,26.1,25.9
SIDOARJO,2026-02-27,5.4,26.3
SIDOARJO,2026-02-28,5.3,26.3
SIDOARJO,2026-03-01,1.1,27.4
SIDOARJO,2026-03-02,12.5,26.9
SIDOARJO,2026-03-03,8.0,26.3
SIDOARJO,2026-03-04,6.8,25.6
SIDOARJO,2026-03-05,3.5,26.4
SIDOARJO,2026-03-06,5.0,26.8
SIDOARJO,2026-03-07,3.3,26.6
SIDOARJO,2026-03-08,4.0,25.9
SIDOARJO,2026-03-09,9.3,26.9
SIDOARJO,2026-03-10,3.2,26.9
SIDOARJO,2026-03-11,3.9,27.1
SIDOARJO,2026-03-12,0.6,27.2
SIDOARJO,2026-03-13,2.1,27.1
SIDOARJO,2026-03-14,0.6,27.5
SIDOARJO,2026-03-15,7.5,26.6
SIDOARJO,2026-03-16,11.8,26.4
SIDOARJO,2026-03-17,6.9,26.8
SIDOARJO,2026-03-18,1.2,27.4
SIDOARJO,2026-03-19,10.2,27.0
SIDOARJO,2026-03-20,14.9,26.8
SIDOARJO,2026-03-21,11.1,26.9
SIDOARJO,2026-03-22,18.8,26.2
SIDOARJO,2026-03-23,6.4,27.6
SIDOARJO,2026-03-24,12.5,26.7
SIDOARJO,2026-03-25,4.3,26.7
SIDOARJO,2026-03-26,3.1,26.4
SIDOARJO,2026-03-27,19.6,26.8
SIDOARJO,2026-03-28,9.4,26.2
SIDOARJO,2026-03-29,0.6,27.9
SIDOARJO,2026-03-30,7.3,27.0
SIDOARJO,2026-03-31,2.0,27.3
GRESIK,2025-03-15,14.8,27.3
GRESIK,2025-03-16,0.6,28.2
GRESIK,2025-03-17,0.7,28.5
GRESIK,2025-03-18,5.0,28.2
GRESIK,2025-03-19,19.4,26.9
GRESIK,2025-03-20,30.9,27.0
GRESIK,2025-03-21,9.0,27.4
GRESIK,2025-03-22,19.3,27.3
GRESIK,2025-03-23,8.7,27.4
GRESIK,2025-03-24,0.2,28.5
GRESIK,2025-03-25,7.9,27.9
GRESIK,2025-03-26,0.0,28.6
GRESIK,2025-03-27,0.0,28.8
GRESIK,2025-03-28,0.2,29.0
GRESIK,2025-03-29,1.3,28.1
GRESIK,2025-03-30,0.0,28.4
GRESIK,2025-03-31,3.2,28.2
GRESIK,2025-04-01,8.0,28.5
GRESIK,2025-04-02,0.0,28.8
GRESIK,2025-04-03,1.3,28.6
GRESIK,2025-04-04,4.1,28.1
GRESIK,2025-04-05,5.5,27.8
GRESIK,2025-04-06,3.9,28.1
GRESIK,2025-04-07,0.4,29.0
GRESIK,2025-04-08,6.4,27.4
GRESIK,2025-04-09,7.0,27.8
GRESIK,2025-04-10,0.5,28.4
GRESIK,2025-04-11,0.0,29.1
GRESIK,2025-04-12,2.7,28.5
GRESIK,2025-04-13,8.0,27.8
GRESIK,2025-04-14,32.9,27.1
GRESIK,2025-04-15,0.0,28.9
GRESIK,2025-04-16,1.2,29.7
GRESIK,2025-04-17,18.4,28.0
GRESIK,2025-04-18,0.2,29.3
GRESIK,2025-04-19,0.0,29.7
GRESIK,2025-04-20,5.7,28.3
GRESIK,2025-04-21,4.8,27.8
GRESIK,2025-04-22,7.5,27.9
GRESIK,2025-04-23,0.7,29.2
GRESIK,2025-04-24,9.0,27.7
GRESIK,2025-04-25,1.7,28.3
GRESIK,2025-04-26,2.2,28.8
GRESIK,2025-04-27,3.6,28.1
GRESIK,2025-04-28,8.8,27.7
GRESIK,2025-04-29,2.8,28.3
GRESIK,2025-04-30,0.4,28.7
GRESIK,2025-05-01,0.0,30.1
GRESIK,2025-05-02,0.0,30.2
GRESIK,2025-05-03,0.0,30.6
GRESIK,2025-05-04,0.1,30.0
GRESIK,2025-05-05,0.0,30.2
GRESIK,2025-05-06,0.4,30.1
GRESIK,2025-05-07,0.8,30.0
GRESIK,2025-05-08,3.9,29.7
GRESIK,2025-05-09,4.3,28.4
GRESIK,2025-05-10,0.2,29.4
GRESIK,2025-05-11,9.3,29.5
GRESIK,2025-05-12,3.3,28.7
GRESIK,2025-05-13,1.8,29.7
GRESIK,2025-05-14,3.1,29.4
GRESIK,2025-05-15,4.1,28.6
GRESIK,2025-05-16,1.6,29.7
GRESIK,2025-05-17,16.0,28.2
GRESIK,2025-05-18,0.6,29.6
GRESIK,2025-05-19,2.5,29.7
GRESIK,2025-05-20,7.0,29.0
GRESIK,2025-05-21,0.2,29.8
GRESIK,2025-05-22,6.7,28.4
GRESIK,2025-05-23,6.6,28.8
GRESIK,2025-05-24,0.0,30.1
GRESIK,2025-05-25,2.2,29.9
GRESIK,2025-05-26,0.4,30.7
GRESIK,2025-05-27,0.7,30.3
GRESIK,2025-05-28,0.0,30.2
GRESIK,2025-05-29,0.9,30.1
GRESIK,2025-05-30,0.6,29.5
GRESIK,2025-05-31,1.1,29.5
GRESIK,2025-06-01,23.4,28.3
GRESIK,2025-06-02,0.0,28.9
GRESIK,2025-06-03,2.8,29.4
GRESIK,2025-06-04,9.2,28.8
GRESIK,2025-06-05,8.8,28.6
GRESIK,2025-06-06,6.3,29.5
GRESIK,2025-06-07,5.0,29.3
GRESIK,2025-06-08,0.1,30.0
GRESIK,2025-06-09,0.5,29.5
GRESIK,2025-06-10,0.9,29.5
GRESIK,2025-06-11,2.8,29.5
GRESIK,2025-06-12,2.3,29.7
GRESIK,2025-06-13,9.8,28.9
GRESIK,2025-06-14,27.2,28.2
GRESIK,2025-06-15,6.1,28.9
GRESIK,2025-06-16,19.1,27.7
GRESIK,2025-06-17,6.6,28.3
GRESIK,2025-06-18,18.4,27.2
GRESIK,2025-06-19,51.3,27.0
GRESIK,2025-06-20,0.4,28.6
GRESIK,2025-06-21,0.9,29.0
GRESIK,2025-06-22,0.9,29.4
GRESIK,2025-06-23,1.0,29.3
GRESIK,2025-06-24,10.2,28.3
GRESIK,2025-06-25,5.1,29.2
GRESIK,2025-06-26,13.6,28.2
GRESIK,2025-06-27,2.9,28.6
GRESIK,2025-06-28,11.1,26.9
GRESIK,2025-06-29,5.4,27.3
GRESIK,2025-06-30,0.0,28.6
GRESIK,2025-07-01,0.0,29.2
GRESIK,2025-07-02,0.0,29.1
GRESIK,2025-07-03,3.1,29.0
GRESIK,2025-07-04,4.4,28.0
GRESIK,2025-07-05,18.0,27.2
GRESIK,2025-07-06,2.9,28.0
GRESIK,2025-07-07,14.2,27.2
GRESIK,2025-07-08,0.0,28.6
GRESIK,2025-07-09,5.5,28.4
GRESIK,2025-07-10,0.0,28.8
GRESIK,2025-07-11,0.0,28.7
GRESIK,2025-07-12,0.0,29.0
GRESIK,2025-07-13,12.2,28.2
GRESIK,2025-07-14,7.3,27.4
GRESIK,2025-07-15,1.8,28.3
GRESIK,2025-07-16,0.7,28.9
GRESIK,2025-07-17,10.7,27.7
GRESIK,2025-07-18,2.1,27.9
GRESIK,2025-07-19,2.6,27.9
GRESIK,2025-07-20,0.0,28.3
GRESIK,2025-07-21,0.5,28.5
GRESIK,2025-07-22,0.0,28.6
GRESIK,2025-07-23,1.2,28.5
GRESIK,2025-07-24,0.1,28.8
GRESIK,2025-07-25,1.8,28.7
GRESIK,2025-07-26,0.4,28.7
GRESIK,2025-07-27,0.0,28.8
GRESIK,2025-07-28,0.0,28.8
GRESIK,2025-07-29,0.1,29.0
GRESIK,2025-07-30,0.0,28.9
GRESIK,2025-07-31,4.7,28.7
GRESIK,2025-08-01,2.9,28.6
GRESIK,2025-08-02,11.4,27.6
GRESIK,2025-08-03,18.1,27.5
GRESIK,2025-08-04,11.0,27.0
GRESIK,2025-08-05,1.5,28.3
GRESIK,2025-08-06,0.5,28.9
GRESIK,2025-08-07,3.3,28.4
GRESIK,2025-08-08,3.7,28.0
GRESIK,2025-08-09,7.4,27.5
GRESIK,2025-08-10,0.4,28.5
GRESIK,2025-08-11,1.8,27.9
GRESIK,2025-08-12,18.8,26.6
GRESIK,2025-08-13,4.8,27.3
GRESIK,2025-08-14,24.7,26.8
GRESIK,2025-08-15,1.3,28.3
GRESIK,2025-08-16,0.3,28.7
GRESIK,2025-08-17,2.5,28.1
GRESIK,2025-08-18,11.6,27.1
GRESIK,2025-08-19,11.5,26.8
GRESIK,2025-08-20,12.5,26.8
GRESIK,2025-08-21,0.0,28.0
GRESIK,2025-08-22,0.0,29.2
GRESIK,2025-08-23,0.1,29.2
GRESIK,2025-08-24,2.5,27.8
GRESIK,2025-08-25,1.8,27.4
GRESIK,2025-08-26,0.2,28.8
GRESIK,2025-08-27,0.7,28.7
GRESIK,2025-08-28,1.0,28.5
GRESIK,2025-08-29,1.2,28.0
GRESIK,2025-08-30,2.0,28.3
GRESIK,2025-08-31,5.4,27.7
GRESIK,2025-09-01,8.2,28.1
GRESIK,2025-09-02,8.8,27.9
GRESIK,2025-09-03,47.1,27.1
GRESIK,2025-09-04,0.0,28.0
GRESIK,2025-09-05,12.5,28.0
GRESIK,2025-09-06,20.3,27.1
GRESIK,2025-09-07,7.1,27.7
GRESIK,2025-09-08,1.2,27.7
GRESIK,2025-09-09,38.9,26.6
GRESIK,2025-09-10,11.3,27.0
GRESIK,2025-09-11,3.6,27.9
GRESIK,2025-09-12,25.4,26.7
GRESIK,2025-09-13,13.4,26.9
GRESIK,2025-09-14,6.3,27.7
GRESIK,2025-09-15,17.1,28.3
GRESIK,2025-09-16,13.4,27.2
GRESIK,2025-09-17,9.2,26.9
GRESIK,2025-09-18,9.5,27.6
GRESIK,2025-09-19,0.8,28.7
GRESIK,2025-09-20,7.0,27.7
GRESIK,2025-09-21,0.0,28.7
GRESIK,2025-09-22,0.0,28.9
GRESIK,2025-09-23,0.0,28.7
GRESIK,2025-09-24,0.3,28.9
GRESIK,2025-09-25,0.9,29.1
GRESIK,2025-09-26,1.0,29.0
GRESIK,2025-09-27,1.3,29.1
GRESIK,2025-09-28,3.1,29.0
GRESIK,2025-09-29,16.8,27.1
GRESIK,2025-09-30,26.7,27.2
GRESIK,2025-10-01,5.4,28.3
GRESIK,2025-10-02,10.1,28.0
GRESIK,2025-10-03,13.1,29.1
GRESIK,2025-10-04,0.0,29.6
GRESIK,2025-10-05,16.9,27.5
GRESIK,2025-10-06,8.4,28.3
GRESIK,2025-10-07,2.5,27.5
GRESIK,2025-10-08,5.7,28.2
GRESIK,2025-10-09,0.6,29.0
GRESIK,2025-10-10,2.1,29.0
GRESIK,2025-10-11,0.6,29.8
GRESIK,2025-10-12,10.5,28.7
GRESIK,2025-10-13,8.1,28.0
GRESIK,2025-10-14,11.1,28.4
GRESIK,2025-10-15,5.7,28.0
GRESIK,2025-10-16,3.3,27.8
GRESIK,2025-10-17,12.9,27.8
GRESIK,2025-10-18,2.3,28.7
GRESIK,2025-10-19,4.2,28.2
GRESIK,2025-10-20,8.0,28.1
GRESIK,2025-10-21,38.8,27.5
GRESIK,2025-10-22,20.3,27.4
GRESIK,2025-10-23,10.9,28.1
GRESIK,2025-10-24,13.9,27.8
GRESIK,2025-10-25,38.2,27.6
GRESIK,2025-10-26,12.3,27.8
GRESIK,2025-10-27,4.1,28.2
GRESIK,2025-10-28,4.2,28.1
GRESIK,2025-10-29,0.7,29.1
GRESIK,2025-10-30,1.0,28.6
GRESIK,2025-10-31,2.6,28.5
GRESIK,2025-11-01,1.9,28.8
GRESIK,2025-11-02,1.0,28.7
GRESIK,2025-11-03,1.5,29.4
GRESIK,2025-11-04,0.7,28.5
GRESIK,2025-11-05,1.2,28.5
GRESIK,2025-11-06,0.0,29.8
GRESIK,2025-11-07,0.0,29.9
GRESIK,2025-11-08,4.5,29.1
GRESIK,2025-11-09,0.0,30.1
GRESIK,2025-11-10,2.8,29.8
GRESIK,2025-11-11,4.9,28.8
GRESIK,2025-11-12,14.5,27.8
GRESIK,2025-11-13,2.8,27.9
GRESIK,2025-11-14,0.5,29.5
GRESIK,2025-11-15,5.3,28.4
GRESIK,2025-11-16,6.2,28.3
GRESIK,2025-11-17,5.7,28.5
GRESIK,2025-11-18,3.9,28.5
GRESIK,2025-11-19,2.3,28.4
GRESIK,2025-11-20,12.4,28.1
GRESIK,2025-11-21,1.4,29.2
GRESIK,2025-11-22,7.5,27.8
GRESIK,2025-11-23,0.6,28.8
GRESIK,2025-11-24,4.5,28.0
GRESIK,2025-11-25,5.5,27.9
GRESIK,2025-11-26,0.2,29.0
GRESIK,2025-11-27,0.3,29.5
GRESIK,2025-11-28,4.8,28.9
GRESIK,2025-11-29,6.7,28.0
GRESIK,2025-11-30,2.3,28.5
GRESIK,2025-12-01,4.7,28.1
GRESIK,2025-12-02,11.7,27.8
GRESIK,2025-12-03,17.9,27.7
GRESIK,2025-12-04,24.3,27.2
GRESIK,2025-12-05,14.8,27.3
GRESIK,2025-12-06,20.0,27.0
GRESIK,2025-12-07,26.5,27.0
GRESIK,2025-12-08,26.3,27.2
GRESIK,2025-12-09,16.0,26.7
GRESIK,2025-12-10,7.5,28.7
GRESIK,2025-12-11,8.8,27.3
GRESIK,2025-12-12,7.7,27.8
GRESIK,2025-12-13,15.7,28.0
GRESIK,2025-12-14,8.6,28.3
GRESIK,2025-12-15,10.0,27.6
GRESIK,2025-12-16,7.1,27.7
GRESIK,2025-12-17,5.1,28.1
GRESIK,2025-12-18,12.3,27.7
GRESIK,2025-12-19,13.3,27.6
GRESIK,2025-12-20,10.3,28.3
GRESIK,2025-12-21,14.8,28.2
GRESIK,2025-12-22,14.3,28.1
GRESIK,2025-12-23,6.5,28.5
GRESIK,2025-12-24,0.2,29.3
GRESIK,2025-12-25,1.3,29.5
GRESIK,2025-12-26,3.3,28.4
GRESIK,2025-12-27,6.7,28.0
GRESIK,2025-12-28,1.7,28.5
GRESIK,2025-12-29,1.5,28.0
GRESIK,2025-12-30,20.4,27.2
GRESIK,2025-12-31,21.7,27.5
GRESIK,2026-01-01,8.0,27.7
GRESIK,2026-01-02,12.0,27.7
GRESIK,2026-01-03,21.4,26.5
GRESIK,2026-01-04,6.9,27.4
GRESIK,2026-01-05,3.3,28.1
GRESIK,2026-01-06,9.2,28.4
GRESIK,2026-01-07,0.3,28.7
GRESIK,2026-01-08,11.1,27.0
GRESIK,2026-01-09,16.9,27.2
GRESIK,2026-01-10,19.9,26.9
GRESIK,2026-01-11,6.9,27.7
GRESIK,2026-01-12,1.5,28.0
GRESIK,2026-01-13,1.1,28.2
GRESIK,2026-01-14,0.5,28.1
GRESIK,2026-01-15,0.6,28.2
GRESIK,2026-01-16,0.2,28.2
GRESIK,2026-01-17,0.0,27.9
GRESIK,2026-01-18,0.0,27.8
GRESIK,2026-01-19,0.0,27.7
GRESIK,2026-01-20,0.0,27.7
GRESIK,2026-01-21,0.0,27.7
GRESIK,2026-01-22,0.0,27.7
GRESIK,2026-01-23,0.0,27.7
GRESIK,2026-01-24,0.0,27.5
GRESIK,2026-01-25,0.1,27.3
GRESIK,2026-01-26,0.0,27.5
GRESIK,2026-01-27,0.1,27.4
GRESIK,2026-01-28,0.4,27.7
GRESIK,2026-01-29,0.0,27.8
GRESIK,2026-01-30,0.3,27.8
GRESIK,2026-01-31,0.1,28.1
GRESIK,2026-02-01,3.7,27.5
GRESIK,2026-02-02,0.9,27.6
GRESIK,2026-02-03,10.2,26.7
GRESIK,2026-02-04,7.2,27.2
GRESIK,2026-02-05,0.5,28.1
GRESIK,2026-02-06,1.6,27.8
GRESIK,2026-02-07,0.0,27.7
GRESIK,2026-02-08,0.0,27.6
GRESIK,2026-02-09,0.0,27.8
GRESIK,2026-02-10,0.1,28.1
GRESIK,2026-02-11,0.0,28.0
GRESIK,2026-02-12,4.5,27.9
GRESIK,2026-02-13,2.8,27.3
GRESIK,2026-02-14,0.3,28.4
GRESIK,2026-02-15,0.4,28.2
GRESIK,2026-02-16,0.0,28.2
GRESIK,2026-02-17,2.3,27.8
GRESIK,2026-02-18,14.5,26.9
GRESIK,2026-02-19,11.1,27.1
GRESIK,2026-02-20,6.0,27.0
GRESIK,2026-02-21,2.7,27.5
GRESIK,2026-02-22,0.2,27.9
GRESIK,2026-02-23,1.5,27.7
GRESIK,2026-02-24,0.3,28.0
GRESIK,2026-02-25,1.1,28.2
GRESIK,2026-02-26,0.3,28.1
GRESIK,2026-02-27,0.1,28.4
GRESIK,2026-02-28,0.0,28.4
GRESIK,2026-03-01,0.0,28.7
GRESIK,2026-03-02,0.0,28.7
GRESIK,2026-03-03,0.2,28.5
GRESIK,2026-03-04,0.0,28.7
GRESIK,2026-03-05,0.0,28.6
GRESIK,2026-03-06,0.2,28.4
GRESIK,2026-03-07,1.7,28.0
GRESIK,2026-03-08,0.4,28.2
GRESIK,2026-03-09,5.6,27.5
GRESIK,2026-03-10,4.8,27.2
GRESIK,2026-03-11,2.2,27.5
GRESIK,2026-03-12,0.0,28.4
GRESIK,2026-03-13,0.0,28.5
GRESIK,2026-03-14,0.0,28.6
GRESIK,2026-03-15,0.0,28.8
GRESIK,2026-03-16,2.6,28.0
GRESIK,2026-03-17,2.7,27.8
GRESIK,2026-03-18,1.1,28.6
GRESIK,2026-03-19,0.4,28.7
GRESIK,2026-03-20,0.0,28.7
GRESIK,2026-03-21,2.9,28.7
GRESIK,2026-03-22,0.0,28.9
GRESIK,2026-03-23,0.0,28.6
GRESIK,2026-03-24,0.1,28.5
GRESIK,2026-03-25,0.0,28.5
GRESIK,2026-03-26,0.0,28.5
GRESIK,2026-03-27,0.0,28.7
GRESIK,2026-03-28,0.0,28.8
GRESIK,2026-03-29,10.1,27.9
GRESIK,2026-03-30,13.6,26.4
GRESIK,2026-03-31,1.4,28.3
JEMBER,2025-03-15,0.0,28.4
JEMBER,2025-03-16,0.0,28.7
JEMBER,2025-03-17,0.0,28.0
JEMBER,2025-03-18,0.0,27.7
JEMBER,2025-03-19,0.0,26.5
JEMBER,2025-03-20,0.0,26.5
JEMBER,2025-03-21,0.0,27.6
JEMBER,2025-03-22,0.0,27.7
JEMBER,2025-03-23,0.0,26.9
JEMBER,2025-03-24,0.0,26.6
JEMBER,2025-03-25,0.0,27.6
JEMBER,2025-03-26,0.0,29.4
JEMBER,2025-03-27,0.0,29.9
JEMBER,2025-03-28,0.0,27.7
JEMBER,2025-03-29,0.0,29.3
JEMBER,2025-03-30,0.0,29.8
JEMBER,2025-03-31,0.0,29.2
JEMBER,2025-04-01,0.0,29.0
JEMBER,2025-04-02,0.0,27.9
JEMBER,2025-04-03,0.0,27.2
JEMBER,2025-04-04,0.0,28.3
JEMBER,2025-04-05,0.0,29.0
JEMBER,2025-04-06,0.0,28.4
JEMBER,2025-04-07,0.0,27.1
JEMBER,2025-04-08,0.0,27.3
JEMBER,2025-04-09,0.0,28.0
JEMBER,2025-04-10,0.0,28.3
JEMBER,2025-04-11,0.0,28.9
JEMBER,2025-04-12,0.0,28.6
JEMBER,2025-04-13,0.0,29.7
JEMBER,2025-04-14,0.0,29.3
JEMBER,2025-04-15,0.0,28.5
JEMBER,2025-04-16,0.0,28.3
JEMBER,2025-04-17,0.0,27.9
JEMBER,2025-04-18,0.0,28.5
JEMBER,2025-04-19,0.0,29.3
JEMBER,2025-04-20,0.0,30.4
JEMBER,2025-04-21,0.0,29.2
JEMBER,2025-04-22,0.0,30.6
JEMBER,2025-04-23,0.0,30.0
JEMBER,2025-04-24,0.0,29.0
JEMBER,2025-04-25,0.0,28.7
JEMBER,2025-04-26,0.0,29.4
JEMBER,2025-04-27,0.0,28.8
JEMBER,2025-04-28,0.0,29.1
JEMBER,2025-04-29,0.0,29.0
JEMBER,2025-04-30,0.0,28.1
JEMBER,2025-05-01,0.1,27.5
JEMBER,2025-05-02,4.2,28.0
JEMBER,2025-05-03,5.6,28.2
JEMBER,2025-05-04,1.0,29.2
JEMBER,2025-05-05,0.0,30.2
JEMBER,2025-05-06,0.0,28.5
JEMBER,2025-05-07,0.2,29.0
JEMBER,2025-05-08,0.0,29.3
JEMBER,2025-05-09,0.0,29.0
JEMBER,2025-05-10,6.2,28.8
JEMBER,2025-05-11,0.0,29.9
JEMBER,2025-05-12,0.0,29.5
JEMBER,2025-05-13,0.0,29.4
JEMBER,2025-05-14,0.0,28.9
JEMBER,2025-05-15,0.0,28.7
JEMBER,2025-05-16,0.0,29.1
JEMBER,2025-05-17,0.0,28.9
JEMBER,2025-05-18,0.0,28.2
JEMBER,2025-05-19,0.0,28.3
JEMBER,2025-05-20,0.1,29.2
JEMBER,2025-05-21,0.0,29.7
JEMBER,2025-05-22,0.0,28.6
JEMBER,2025-05-23,1.4,28.0
JEMBER,2025-05-24,0.6,28.3
JEMBER,2025-05-25,2.9,29.1
JEMBER,2025-05-26,0.0,29.5
JEMBER,2025-05-27,0.0,28.8
JEMBER,2025-05-28,0.0,29.1
JEMBER,2025-05-29,0.0,29.2
JEMBER,2025-05-30,0.0,29.1
JEMBER,2025-05-31,11.2,27.2
JEMBER,2025-06-01,8.0,27.3
JEMBER,2025-06-02,1.3,27.9
JEMBER,2025-06-03,0.5,28.6
JEMBER,2025-06-04,0.0,28.7
JEMBER,2025-06-05,9.2,27.7
JEMBER,2025-06-06,1.6,28.2
JEMBER,2025-06-07,6.0,28.3
JEMBER,2025-06-08,1.8,29.3
JEMBER,2025-06-09,6.1,28.3
JEMBER,2025-06-10,1.1,28.7
JEMBER,2025-06-11,9.9,27.5
JEMBER,2025-06-12,11.5,25.5
JEMBER,2025-06-13,1.4,26.8
JEMBER,2025-06-14,16.0,27.3
JEMBER,2025-06-15,1.5,27.4
JEMBER,2025-06-16,4.0,26.9
JEMBER,2025-06-17,2.0,26.5
JEMBER,2025-06-18,6.0,27.6
JEMBER,2025-06-19,6.7,27.4
JEMBER,2025-06-20,0.4,27.3
JEMBER,2025-06-21,0.0,28.2
JEMBER,2025-06-22,0.8,27.9
JEMBER,2025-06-23,6.7,27.1
JEMBER,2025-06-24,4.9,26.7
JEMBER,2025-06-25,12.4,26.5
JEMBER,2025-06-26,9.1,25.0
JEMBER,2025-06-27,3.7,25.5
JEMBER,2025-06-28,2.3,26.4
JEMBER,2025-06-29,0.9,27.2
JEMBER,2025-06-30,0.4,27.8
JEMBER,2025-07-01,7.0,26.6
JEMBER,2025-07-02,28.8,24.0
JEMBER,2025-07-03,40.3,23.6
JEMBER,2025-07-04,16.9,24.6
JEMBER,2025-07-05,46.3,24.2
JEMBER,2025-07-06,30.2,24.6
JEMBER,2025-07-07,29.1,24.0
JEMBER,2025-07-08,18.2,24.3
JEMBER,2025-07-09,45.8,23.7
JEMBER,2025-07-10,33.7,24.2
JEMBER,2025-07-11,17.9,25.1
JEMBER,2025-07-12,0.6,26.4
JEMBER,2025-07-13,4.8,26.3
JEMBER,2025-07-14,25.3,24.8
JEMBER,2025-07-15,24.3,23.8
JEMBER,2025-07-16,3.7,24.6
JEMBER,2025-07-17,13.2,25.1
JEMBER,2025-07-18,17.9,25.1
JEMBER,2025-07-19,3.1,25.7
JEMBER,2025-07-20,12.7,25.5
JEMBER,2025-07-21,13.8,24.9
JEMBER,2025-07-22,14.3,24.6
JEMBER,2025-07-23,6.4,25.4
JEMBER,2025-07-24,6.8,25.6
JEMBER,2025-07-25,12.8,25.2
JEMBER,2025-07-26,7.0,24.6
JEMBER,2025-07-27,34.0,24.6
JEMBER,2025-07-28,33.4,23.9
JEMBER,2025-07-29,8.7,25.2
JEMBER,2025-07-30,4.3,26.6
JEMBER,2025-07-31,13.8,25.7
JEMBER,2025-08-01,11.4,25.0
JEMBER,2025-08-02,19.1,24.2
JEMBER,2025-08-03,30.7,24.3
JEMBER,2025-08-04,13.1,24.9
JEMBER,2025-08-05,16.3,25.3
JEMBER,2025-08-06,21.1,24.4
JEMBER,2025-08-07,24.9,25.1
JEMBER,2025-08-08,19.3,25.3
JEMBER,2025-08-09,21.2,24.2
JEMBER,2025-08-10,22.2,24.6
JEMBER,2025-08-11,7.1,25.5
JEMBER,2025-08-12,42.2,24.8
JEMBER,2025-08-13,9.0,25.5
JEMBER,2025-08-14,17.9,24.8
JEMBER,2025-08-15,34.5,23.7
JEMBER,2025-08-16,10.4,24.7
JEMBER,2025-08-17,5.3,25.1
JEMBER,2025-08-18,170.9,23.7
JEMBER,2025-08-19,57.0,24.7
JEMBER,2025-08-20,26.9,24.1
JEMBER,2025-08-21,23.0,23.8
JEMBER,2025-08-22,16.0,23.3
JEMBER,2025-08-23,13.6,24.8
JEMBER,2025-08-24,11.2,25.0
JEMBER,2025-08-25,1.9,25.8
JEMBER,2025-08-26,1.3,27.0
JEMBER,2025-08-27,6.0,26.2
JEMBER,2025-08-28,13.4,24.6
JEMBER,2025-08-29,16.9,24.9
JEMBER,2025-08-30,12.2,25.4
JEMBER,2025-08-31,40.1,24.9
JEMBER,2025-09-01,26.7,24.5
JEMBER,2025-09-02,48.9,24.7
JEMBER,2025-09-03,11.8,24.9
JEMBER,2025-09-04,17.0,25.3
JEMBER,2025-09-05,5.2,25.3
JEMBER,2025-09-06,16.3,24.2
JEMBER,2025-09-07,26.7,24.6
JEMBER,2025-09-08,26.2,24.8
JEMBER,2025-09-09,30.6,24.3
JEMBER,2025-09-10,12.9,24.5
JEMBER,2025-09-11,16.8,24.7
JEMBER,2025-09-12,16.6,24.7
JEMBER,2025-09-13,10.5,25.4
JEMBER,2025-09-14,25.6,24.9
JEMBER,2025-09-15,56.9,23.9
JEMBER,2025-09-16,19.3,24.2
JEMBER,2025-09-17,3.1,25.8
JEMBER,2025-09-18,26.2,25.5
JEMBER,2025-09-19,17.0,25.1
JEMBER,2025-09-20,9.9,26.2
JEMBER,2025-09-21,3.5,25.3
JEMBER,2025-09-22,18.8,25.1
JEMBER,2025-09-23,4.5,25.7
JEMBER,2025-09-24,6.2,25.2
JEMBER,2025-09-25,1.5,25.5
JEMBER,2025-09-26,4.9,25.9
JEMBER,2025-09-27,15.5,25.3
JEMBER,2025-09-28,1.2,26.5
JEMBER,2025-09-29,31.5,24.9
JEMBER,2025-09-30,70.6,24.1
JEMBER,2025-10-01,6.6,25.7
JEMBER,2025-10-02,0.3,26.5
JEMBER,2025-10-03,5.1,25.8
JEMBER,2025-10-04,10.2,26.2
JEMBER,2025-10-05,9.4,26.0
JEMBER,2025-10-06,3.6,26.6
JEMBER,2025-10-07,3.5,25.8
JEMBER,2025-10-08,12.7,26.4
JEMBER,2025-10-09,1.0,24.7
JEMBER,2025-10-10,3.2,25.6
JEMBER,2025-10-11,2.9,26.7
JEMBER,2025-10-12,6.7,25.7
JEMBER,2025-10-13,12.1,25.7
JEMBER,2025-10-14,6.7,26.1
JEMBER,2025-10-15,4.4,26.0
JEMBER,2025-10-16,0.1,27.3
JEMBER,2025-10-17,2.3,27.4
JEMBER,2025-10-18,2.3,26.5
JEMBER,2025-10-19,9.1,25.7
JEMBER,2025-10-20,2.6,25.4
JEMBER,2025-10-21,5.1,25.9
JEMBER,2025-10-22,1.0,27.5
JEMBER,2025-10-23,2.9,26.8
JEMBER,2025-10-24,3.2,26.6
JEMBER,2025-10-25,1.9,26.7
JEMBER,2025-10-26,0.0,26.3
JEMBER,2025-10-27,2.5,27.2
JEMBER,2025-10-28,1.1,27.6
JEMBER,2025-10-29,4.0,27.1
JEMBER,2025-10-30,5.6,27.0
JEMBER,2025-10-31,3.6,27.0
JEMBER,2025-11-01,3.6,26.8
JEMBER,2025-11-02,1.1,27.0
JEMBER,2025-11-03,4.6,26.7
JEMBER,2025-11-04,1.6,27.0
JEMBER,2025-11-05,7.9,26.0
JEMBER,2025-11-06,3.9,26.6
JEMBER,2025-11-07,12.6,26.0
JEMBER,2025-11-08,1.1,25.3
JEMBER,2025-11-09,1.5,26.1
JEMBER,2025-11-10,13.8,25.1
JEMBER,2025-11-11,2.6,25.5
JEMBER,2025-11-12,1.0,26.7
JEMBER,2025-11-13,0.0,27.2
JEMBER,2025-11-14,0.0,27.7
JEMBER,2025-11-15,0.0,28.0
JEMBER,2025-11-16,0.0,28.2
JEMBER,2025-11-17,0.0,28.0
JEMBER,2025-11-18,0.1,27.4
JEMBER,2025-11-19,2.1,27.3
JEMBER,2025-11-20,0.5,27.5
JEMBER,2025-11-21,0.2,26.5
JEMBER,2025-11-22,0.2,26.9
JEMBER,2025-11-23,0.0,27.8
JEMBER,2025-11-24,0.0,26.4
JEMBER,2025-11-25,0.0,25.7
JEMBER,2025-11-26,0.0,25.3
JEMBER,2025-11-27,0.0,24.5
JEMBER,2025-11-28,0.0,25.7
JEMBER,2025-11-29,0.0,25.0
JEMBER,2025-11-30,0.0,25.6
JEMBER,2025-12-01,0.0,26.6
JEMBER,2025-12-02,0.0,26.8
JEMBER,2025-12-03,0.1,25.5
JEMBER,2025-12-04,0.0,25.3
JEMBER,2025-12-05,0.0,25.1
JEMBER,2025-12-06,0.0,24.9
JEMBER,2025-12-07,0.0,25.4
JEMBER,2025-12-08,0.0,23.7
JEMBER,2025-12-09,0.0,24.8
JEMBER,2025-12-10,0.0,24.2
JEMBER,2025-12-11,0.0,24.1
JEMBER,2025-12-12,0.0,24.2
JEMBER,2025-12-13,0.0,23.5
JEMBER,2025-12-14,0.0,21.9
JEMBER,2025-12-15,0.1,21.3
JEMBER,2025-12-16,2.6,23.3
JEMBER,2025-12-17,0.8,24.2
JEMBER,2025-12-18,0.0,23.2
JEMBER,2025-12-19,0.0,23.3
JEMBER,2025-12-20,0.0,24.3
JEMBER,2025-12-21,0.0,24.3
JEMBER,2025-12-22,0.0,24.5
JEMBER,2025-12-23,0.0,24.8
JEMBER,2025-12-24,0.0,25.1
JEMBER,2025-12-25,0.0,25.0
JEMBER,2025-12-26,0.0,24.1
JEMBER,2025-12-27,0.0,24.2
JEMBER,2025-12-28,0.0,24.6
JEMBER,2025-12-29,0.0,25.1
JEMBER,2025-12-30,0.0,25.5
JEMBER,2025-12-31,0.0,25.6
JEMBER,2026-01-01,0.0,25.4
JEMBER,2026-01-02,0.0,25.1
JEMBER,2026-01-03,0.0,25.6
JEMBER,2026-01-04,0.0,25.3
JEMBER,2026-01-05,0.0,25.1
JEMBER,2026-01-06,0.0,25.6
JEMBER,2026-01-07,0.0,25.1
JEMBER,2026-01-08,0.0,26.2
JEMBER,2026-01-09,0.0,26.0
JEMBER,2026-01-10,0.0,26.3
JEMBER,2026-01-11,0.0,25.9
JEMBER,2026-01-12,0.0,25.3
JEMBER,2026-01-13,0.0,25.9
JEMBER,2026-01-14,0.0,25.4
JEMBER,2026-01-15,0.0,24.9
JEMBER,2026-01-16,0.0,25.1
JEMBER,2026-01-17,0.0,25.0
JEMBER,2026-01-18,0.0,25.3
JEMBER,2026-01-19,0.0,24.3
JEMBER,2026-01-20,0.0,23.7
JEMBER,2026-01-21,0.0,23.7
JEMBER,2026-01-22,0.0,24.3
JEMBER,2026-01-23,0.0,24.7
JEMBER,2026-01-24,0.0,25.2
JEMBER,2026-01-25,0.0,25.5
JEMBER,2026-01-26,0.0,25.0
JEMBER,2026-01-27,0.0,24.8
JEMBER,2026-01-28,0.0,24.3
JEMBER,2026-01-29,0.0,25.0
JEMBER,2026-01-30,0.0,24.6
JEMBER,2026-01-31,0.0,24.7
JEMBER,2026-02-01,0.0,26.2
JEMBER,2026-02-02,0.0,26.0
JEMBER,2026-02-03,0.0,25.9
JEMBER,2026-02-04,0.3,26.2
JEMBER,2026-02-05,0.0,25.6
JEMBER,2026-02-06,0.0,26.0
JEMBER,2026-02-07,0.0,26.8
JEMBER,2026-02-08,0.0,26.7
JEMBER,2026-02-09,0.0,26.3
JEMBER,2026-02-10,0.0,26.5
JEMBER,2026-02-11,0.0,26.0
JEMBER,2026-02-12,0.0,26.0
JEMBER,2026-02-13,0.0,26.1
JEMBER,2026-02-14,0.0,26.5
JEMBER,2026-02-15,0.0,26.2
JEMBER,2026-02-16,0.0,26.5
JEMBER,2026-02-17,0.0,26.7
JEMBER,2026-02-18,0.0,26.6
JEMBER,2026-02-19,0.0,26.4
JEMBER,2026-02-20,0.0,25.8
JEMBER,2026-02-21,0.0,26.0
JEMBER,2026-02-22,0.0,26.3
JEMBER,2026-02-23,0.0,26.0
JEMBER,2026-02-24,0.0,25.8
JEMBER,2026-02-25,0.0,26.4
JEMBER,2026-02-26,0.0,26.5
JEMBER,2026-02-27,0.0,26.1
JEMBER,2026-02-28,0.0,25.2
JEMBER,2026-03-01,0.0,25.5
JEMBER,2026-03-02,0.0,26.6
JEMBER,2026-03-03,0.0,26.8
JEMBER,2026-03-04,0.0,26.7
JEMBER,2026-03-05,0.0,26.9
JEMBER,2026-03-06,0.0,26.7
JEMBER,2026-03-07,0.0,27.3
JEMBER,2026-03-08,0.0,27.6
JEMBER,2026-03-09,0.0,28.7
JEMBER,2026-03-10,0.0,28.0
JEMBER,2026-03-11,0.0,27.9
JEMBER,2026-03-12,0.0,27.1
JEMBER,2026-03-13,0.0,27.8
JEMBER,2026-03-14,0.0,27.6
JEMBER,2026-03-15,0.0,28.2
JEMBER,2026-03-16,0.0,27.3
JEMBER,2026-03-17,0.0,27.5
JEMBER,2026-03-18,0.0,27.4
JEMBER,2026-03-19,0.0,27.7
JEMBER,2026-03-20,0.0,28.4
JEMBER,2026-03-21,0.0,28.8
JEMBER,2026-03-22,0.0,29.4
JEMBER,2026-03-23,0.0,28.3
JEMBER,2026-03-24,0.0,28.4
JEMBER,2026-03-25,0.0,28.3
JEMBER,2026-03-26,0.0,28.1
JEMBER,2026-03-27,0.0,27.9
JEMBER,2026-03-28,0.0,28.3
JEMBER,2026-03-29,0.0,28.8
JEMBER,2026-03-30,0.0,27.6
JEMBER,2026-03-31,0.0,26.5
KEDIRI,2025-03-15,17.3,25.9
KEDIRI,2025-03-16,12.1,24.9
KEDIRI,2025-03-17,16.4,25.7
KEDIRI,2025-03-18,6.5,25.7
KEDIRI,2025-03-19,6.6,25.3
KEDIRI,2025-03-20,0.5,26.6
KEDIRI,2025-03-21,0.6,26.0
KEDIRI,2025-03-22,17.0,25.2
KEDIRI,2025-03-23,2.5,25.5
KEDIRI,2025-03-24,3.9,25.8
KEDIRI,2025-03-25,1.8,26.6
KEDIRI,2025-03-26,2.0,27.0
KEDIRI,2025-03-27,10.2,26.2
KEDIRI,2025-03-28,27.8,25.6
KEDIRI,2025-03-29,15.9,25.4
KEDIRI,2025-03-30,1.1,26.1
KEDIRI,2025-03-31,3.3,26.5
KEDIRI,2025-04-01,22.1,25.5
KEDIRI,2025-04-02,1.3,25.9
KEDIRI,2025-04-03,5.9,26.1
KEDIRI,2025-04-04,1.5,26.9
KEDIRI,2025-04-05,0.2,26.5
KEDIRI,2025-04-06,0.0,27.1
KEDIRI,2025-04-07,0.9,27.0
KEDIRI,2025-04-08,10.8,26.9
KEDIRI,2025-04-09,8.9,26.6
KEDIRI,2025-04-10,11.7,26.2
KEDIRI,2025-04-11,15.2,25.9
KEDIRI,2025-04-12,3.9,26.0
KEDIRI,2025-04-13,17.2,26.2
KEDIRI,2025-04-14,7.1,26.4
KEDIRI,2025-04-15,13.1,26.5
KEDIRI,2025-04-16,0.3,27.4
KEDIRI,2025-04-17,4.4,26.1
KEDIRI,2025-04-18,8.4,25.7
KEDIRI,2025-04-19,11.5,26.1
KEDIRI,2025-04-20,1.2,26.2
KEDIRI,2025-04-21,0.2,26.9
KEDIRI,2025-04-22,0.1,27.0
KEDIRI,2025-04-23,0.0,27.0
KEDIRI,2025-04-24,0.0,27.2
KEDIRI,2025-04-25,0.3,27.3
KEDIRI,2025-04-26,0.6,26.6
KEDIRI,2025-04-27,0.0,26.9
KEDIRI,2025-04-28,0.1,26.9
KEDIRI,2025-04-29,0.5,27.0
KEDIRI,2025-04-30,0.8,26.7
KEDIRI,2025-05-01,1.0,27.3
KEDIRI,2025-05-02,13.4,25.7
KEDIRI,2025-05-03,4.0,26.8
KEDIRI,2025-05-04,4.3,26.5
KEDIRI,2025-05-05,4.5,26.7
KEDIRI,2025-05-06,3.3,26.5
KEDIRI,2025-05-07,11.1,26.5
KEDIRI,2025-05-08,5.2,26.7
KEDIRI,2025-05-09,13.6,25.7
KEDIRI,2025-05-10,17.5,26.3
KEDIRI,2025-05-11,6.3,25.8
KEDIRI,2025-05-12,2.2,25.5
KEDIRI,2025-05-13,21.6,25.6
KEDIRI,2025-05-14,14.0,25.8
KEDIRI,2025-05-15,4.3,25.9
KEDIRI,2025-05-16,21.1,26.1
KEDIRI,2025-05-17,30.2,25.6
KEDIRI,2025-05-18,5.5,25.9
KEDIRI,2025-05-19,15.1,25.7
KEDIRI,2025-05-20,6.1,26.3
KEDIRI,2025-05-21,1.1,26.8
KEDIRI,2025-05-22,3.4,26.6
KEDIRI,2025-05-23,19.3,25.5
KEDIRI,2025-05-24,3.3,25.9
KEDIRI,2025-05-25,10.4,26.3
KEDIRI,2025-05-26,13.4,25.3
KEDIRI,2025-05-27,4.0,25.5
KEDIRI,2025-05-28,3.4,26.9
KEDIRI,2025-05-29,0.0,27.4
KEDIRI,2025-05-30,0.0,27.2
KEDIRI,2025-05-31,8.9,26.6
KEDIRI,2025-06-01,2.0,26.5
KEDIRI,2025-06-02,5.1,26.9
KEDIRI,2025-06-03,1.6,27.1
KEDIRI,2025-06-04,8.5,26.3
KEDIRI,2025-06-05,0.0,27.0
KEDIRI,2025-06-06,0.0,27.2
KEDIRI,2025-06-07,0.0,27.0
KEDIRI,2025-06-08,11.6,26.4
KEDIRI,2025-06-09,18.8,25.6
KEDIRI,2025-06-10,1.2,26.4
KEDIRI,2025-06-11,0.4,26.8
KEDIRI,2025-06-12,0.0,26.8
KEDIRI,2025-06-13,0.4,26.8
KEDIRI,2025-06-14,13.5,26.3
KEDIRI,2025-06-15,0.5,26.5
KEDIRI,2025-06-16,2.2,26.5
KEDIRI,2025-06-17,0.4,26.6
KEDIRI,2025-06-18,0.0,26.4
KEDIRI,2025-06-19,0.0,25.6
KEDIRI,2025-06-20,0.2,26.0
KEDIRI,2025-06-21,0.7,26.3
KEDIRI,2025-06-22,4.3,25.6
KEDIRI,2025-06-23,1.0,25.9
KEDIRI,2025-06-24,0.0,26.8
KEDIRI,2025-06-25,0.1,26.7
KEDIRI,2025-06-26,4.3,26.4
KEDIRI,2025-06-27,1.5,26.4
KEDIRI,2025-06-28,2.4,26.0
KEDIRI,2025-06-29,0.2,26.2
KEDIRI,2025-06-30,0.1,26.7
KEDIRI,2025-07-01,0.4,26.9
KEDIRI,2025-07-02,0.3,26.8
KEDIRI,2025-07-03,0.5,26.2
KEDIRI,2025-07-04,0.3,26.0
KEDIRI,2025-07-05,1.9,26.2
KEDIRI,2025-07-06,3.4,25.6
KEDIRI,2025-07-07,7.0,25.7
KEDIRI,2025-07-08,1.3,25.8
KEDIRI,2025-07-09,0.0,25.1
KEDIRI,2025-07-10,0.0,25.0
KEDIRI,2025-07-11,0.0,25.1
KEDIRI,2025-07-12,0.0,25.5
KEDIRI,2025-07-13,0.5,26.4
KEDIRI,2025-07-14,0.2,26.4
KEDIRI,2025-07-15,1.2,26.4
KEDIRI,2025-07-16,0.3,26.0
KEDIRI,2025-07-17,0.0,25.7
KEDIRI,2025-07-18,0.0,25.4
KEDIRI,2025-07-19,0.0,24.9
KEDIRI,2025-07-20,0.0,24.7
KEDIRI,2025-07-21,0.0,24.8
KEDIRI,2025-07-22,0.0,25.0
KEDIRI,2025-07-23,0.0,25.6
KEDIRI,2025-07-24,0.0,25.9
KEDIRI,2025-07-25,0.0,26.6
KEDIRI,2025-07-26,0.0,27.0
KEDIRI,2025-07-27,0.7,26.8
KEDIRI,2025-07-28,1.1,26.1
KEDIRI,2025-07-29,0.6,26.3
KEDIRI,2025-07-30,0.1,25.6
KEDIRI,2025-07-31,0.0,26.1
KEDIRI,2025-08-01,0.0,26.6
KEDIRI,2025-08-02,0.1,27.0
KEDIRI,2025-08-03,0.9,26.7
KEDIRI,2025-08-04,4.4,26.8
KEDIRI,2025-08-05,0.2,26.3
KEDIRI,2025-08-06,0.0,26.2
KEDIRI,2025-08-07,0.0,26.1
KEDIRI,2025-08-08,0.5,27.2
KEDIRI,2025-08-09,1.9,26.6
KEDIRI,2025-08-10,3.3,26.1
KEDIRI,2025-08-11,3.2,26.4
KEDIRI,2025-08-12,6.8,26.1
KEDIRI,2025-08-13,1.3,25.9
KEDIRI,2025-08-14,0.0,25.8
KEDIRI,2025-08-15,0.0,25.8
KEDIRI,2025-08-16,0.7,26.5
KEDIRI,2025-08-17,0.4,26.5
KEDIRI,2025-08-18,0.7,26.9
KEDIRI,2025-08-19,32.8,25.2
KEDIRI,2025-08-20,1.3,25.5
KEDIRI,2025-08-21,2.5,26.0
KEDIRI,2025-08-22,0.6,26.1
KEDIRI,2025-08-23,0.3,26.6
KEDIRI,2025-08-24,0.0,26.5
KEDIRI,2025-08-25,0.0,25.7
KEDIRI,2025-08-26,0.0,25.7
KEDIRI,2025-08-27,0.7,25.8
KEDIRI,2025-08-28,0.3,25.1
KEDIRI,2025-08-29,0.9,25.7
KEDIRI,2025-08-30,1.4,26.3
KEDIRI,2025-08-31,1.7,26.5
KEDIRI,2025-09-01,1.1,26.6
KEDIRI,2025-09-02,0.5,27.0
KEDIRI,2025-09-03,0.1,27.0
KEDIRI,2025-09-04,6.3,26.9
KEDIRI,2025-09-05,0.0,26.6
KEDIRI,2025-09-06,0.0,26.0
KEDIRI,2025-09-07,0.0,26.0
KEDIRI,2025-09-08,0.0,26.5
KEDIRI,2025-09-09,3.5,25.9
KEDIRI,2025-09-10,16.5,25.4
KEDIRI,2025-09-11,9.2,26.0
KEDIRI,2025-09-12,0.2,26.9
KEDIRI,2025-09-13,0.0,27.1
KEDIRI,2025-09-14,0.9,26.8
KEDIRI,2025-09-15,0.5,26.5
KEDIRI,2025-09-16,2.6,26.4
KEDIRI,2025-09-17,1.0,26.6
KEDIRI,2025-09-18,3.2,26.2
KEDIRI,2025-09-19,1.5,26.8
KEDIRI,2025-09-20,1.4,27.8
KEDIRI,2025-09-21,3.1,27.3
KEDIRI,2025-09-22,0.0,27.2
KEDIRI,2025-09-23,0.0,27.5
KEDIRI,2025-09-24,0.1,27.0
KEDIRI,2025-09-25,1.4,27.6
KEDIRI,2025-09-26,1.8,27.6
KEDIRI,2025-09-27,0.7,27.9
KEDIRI,2025-09-28,0.7,28.1
KEDIRI,2025-09-29,5.1,26.9
KEDIRI,2025-09-30,19.1,25.6
KEDIRI,2025-10-01,7.3,26.2
KEDIRI,2025-10-02,0.2,27.5
KEDIRI,2025-10-03,0.0,27.3
KEDIRI,2025-10-04,0.0,27.1
KEDIRI,2025-10-05,0.6,27.7
KEDIRI,2025-10-06,2.1,27.4
KEDIRI,2025-10-07,1.3,27.6
KEDIRI,2025-10-08,0.0,27.4
KEDIRI,2025-10-09,0.1,26.9
KEDIRI,2025-10-10,0.3,27.2
KEDIRI,2025-10-11,0.1,27.4
KEDIRI,2025-10-12,0.4,27.9
KEDIRI,2025-10-13,2.2,28.0
KEDIRI,2025-10-14,1.3,28.5
KEDIRI,2025-10-15,15.0,27.6
KEDIRI,2025-10-16,2.6,27.8
KEDIRI,2025-10-17,1.0,27.6
KEDIRI,2025-10-18,0.5,28.2
KEDIRI,2025-10-19,2.4,27.7
KEDIRI,2025-10-20,7.7,26.9
KEDIRI,2025-10-21,33.0,26.1
KEDIRI,2025-10-22,12.3,25.9
KEDIRI,2025-10-23,3.0,26.2
KEDIRI,2025-10-24,10.6,26.3
KEDIRI,2025-10-25,2.5,25.7
KEDIRI,2025-10-26,14.0,26.2
KEDIRI,2025-10-27,5.3,26.5
KEDIRI,2025-10-28,3.6,26.2
KEDIRI,2025-10-29,5.2,26.2
KEDIRI,2025-10-30,14.1,26.2
KEDIRI,2025-10-31,9.9,26.1
KEDIRI,2025-11-01,10.0,26.5
KEDIRI,2025-11-02,4.2,26.4
KEDIRI,2025-11-03,12.7,26.3
KEDIRI,2025-11-04,21.4,25.8
KEDIRI,2025-11-05,8.7,25.3
KEDIRI,2025-11-06,5.8,26.2
KEDIRI,2025-11-07,2.7,26.0
KEDIRI,2025-11-08,36.8,26.5
KEDIRI,2025-11-09,2.2,25.6
KEDIRI,2025-11-10,3.8,26.6
KEDIRI,2025-11-11,14.1,25.7
KEDIRI,2025-11-12,14.5,24.8
KEDIRI,2025-11-13,12.6,25.2
KEDIRI,2025-11-14,9.4,25.4
KEDIRI,2025-11-15,17.9,25.6
KEDIRI,2025-11-16,3.8,26.2
KEDIRI,2025-11-17,4.8,26.3
KEDIRI,2025-11-18,30.8,25.9
KEDIRI,2025-11-19,34.2,25.7
KEDIRI,2025-11-20,7.3,26.3
KEDIRI,2025-11-21,7.4,25.7
KEDIRI,2025-11-22,55.3,26.0
KEDIRI,2025-11-23,6.5,26.8
KEDIRI,2025-11-24,4.1,26.6
KEDIRI,2025-11-25,0.8,27.3
KEDIRI,2025-11-26,10.0,26.0
KEDIRI,2025-11-27,0.3,26.9
KEDIRI,2025-11-28,0.0,27.2
KEDIRI,2025-11-29,0.0,26.7
KEDIRI,2025-11-30,0.7,26.8
KEDIRI,2025-12-01,0.2,27.2
KEDIRI,2025-12-02,9.9,26.5
KEDIRI,2025-12-03,0.7,27.1
KEDIRI,2025-12-04,11.1,25.8
KEDIRI,2025-12-05,2.8,26.1
KEDIRI,2025-12-06,4.7,26.0
KEDIRI,2025-12-07,0.1,26.3
KEDIRI,2025-12-08,19.3,25.5
KEDIRI,2025-12-09,3.2,26.0
KEDIRI,2025-12-10,1.6,27.3
KEDIRI,2025-12-11,0.8,27.0
KEDIRI,2025-12-12,3.6,26.9
KEDIRI,2025-12-13,0.3,26.8
KEDIRI,2025-12-14,12.3,25.4
KEDIRI,2025-12-15,1.3,26.0
KEDIRI,2025-12-16,0.0,27.9
KEDIRI,2025-12-17,0.3,27.1
KEDIRI,2025-12-18,11.5,26.1
KEDIRI,2025-12-19,0.8,26.3
KEDIRI,2025-12-20,11.0,25.7
KEDIRI,2025-12-21,3.5,26.4
KEDIRI,2025-12-22,11.0,26.4
KEDIRI,2025-12-23,0.7,27.6
KEDIRI,2025-12-24,1.9,27.1
KEDIRI,2025-12-25,1.5,27.1
KEDIRI,2025-12-26,3.0,26.6
KEDIRI,2025-12-27,0.4,27.5
KEDIRI,2025-12-28,0.0,28.2
KEDIRI,2025-12-29,0.0,27.8
KEDIRI,2025-12-30,0.0,27.3
KEDIRI,2025-12-31,5.7,26.3
KEDIRI,2026-01-01,16.3,26.0
KEDIRI,2026-01-02,41.0,25.8
KEDIRI,2026-01-03,10.4,25.4
KEDIRI,2026-01-04,9.0,25.9
KEDIRI,2026-01-05,0.3,26.2
KEDIRI,2026-01-06,0.0,27.9
KEDIRI,2026-01-07,1.0,27.6
KEDIRI,2026-01-08,7.7,26.6
KEDIRI,2026-01-09,5.2,24.8
KEDIRI,2026-01-10,35.0,23.4
KEDIRI,2026-01-11,37.5,23.9
KEDIRI,2026-01-12,3.8,25.4
KEDIRI,2026-01-13,17.3,25.5
KEDIRI,2026-01-14,29.5,24.4
KEDIRI,2026-01-15,14.7,24.3
KEDIRI,2026-01-16,17.9,25.2
KEDIRI,2026-01-17,16.5,25.4
KEDIRI,2026-01-18,38.1,24.6
KEDIRI,2026-01-19,4.2,24.9
KEDIRI,2026-01-20,5.0,25.1
KEDIRI,2026-01-21,14.0,24.7
KEDIRI,2026-01-22,20.1,24.9
KEDIRI,2026-01-23,10.5,24.9
KEDIRI,2026-01-24,0.0,26.6
KEDIRI,2026-01-25,0.1,26.6
KEDIRI,2026-01-26,9.8,25.9
KEDIRI,2026-01-27,11.7,24.9
KEDIRI,2026-01-28,14.3,25.2
KEDIRI,2026-01-29,7.1,26.1
KEDIRI,2026-01-30,15.5,25.8
KEDIRI,2026-01-31,7.1,25.9
KEDIRI,2026-02-01,3.0,24.5
KEDIRI,2026-02-02,4.7,24.6
KEDIRI,2026-02-03,18.7,25.0
KEDIRI,2026-02-04,1.9,25.0
KEDIRI,2026-02-05,4.7,24.6
KEDIRI,2026-02-06,7.6,25.1
KEDIRI,2026-02-07,11.1,25.0
KEDIRI,2026-02-08,7.5,25.5
KEDIRI,2026-02-09,9.0,25.5
KEDIRI,2026-02-10,16.1,25.2
KEDIRI,2026-02-11,6.2,24.9
KEDIRI,2026-02-12,17.9,25.1
KEDIRI,2026-02-13,18.6,24.3
KEDIRI,2026-02-14,3.8,25.3
KEDIRI,2026-02-15,14.0,25.3
KEDIRI,2026-02-16,19.0,26.0
KEDIRI,2026-02-17,4.6,26.0
KEDIRI,2026-02-18,27.1,25.7
KEDIRI,2026-02-19,4.0,26.1
KEDIRI,2026-02-20,3.1,26.6
KEDIRI,2026-02-21,19.0,25.4
KEDIRI,2026-02-22,21.9,24.6
KEDIRI,2026-02-23,17.6,24.8
KEDIRI,2026-02-24,5.2,24.7
KEDIRI,2026-02-25,6.5,25.6
KEDIRI,2026-02-26,22.4,25.0
KEDIRI,2026-02-27,8.8,25.2
KEDIRI,2026-02-28,12.0,25.0
KEDIRI,2026-03-01,3.3,25.8
KEDIRI,2026-03-02,26.7,25.7
KEDIRI,2026-03-03,19.7,25.3
KEDIRI,2026-03-04,13.5,25.5
KEDIRI,2026-03-05,9.9,24.8
KEDIRI,2026-03-06,1.0,26.0
KEDIRI,2026-03-07,46.5,25.2
KEDIRI,2026-03-08,1.6,25.7
KEDIRI,2026-03-09,12.0,25.8
KEDIRI,2026-03-10,2.0,26.7
KEDIRI,2026-03-11,0.5,26.9
KEDIRI,2026-03-12,0.5,26.9
KEDIRI,2026-03-13,0.1,27.0
KEDIRI,2026-03-14,0.8,26.3
KEDIRI,2026-03-15,12.4,25.6
KEDIRI,2026-03-16,4.5,25.3
KEDIRI,2026-03-17,3.3,26.1
KEDIRI,2026-03-18,0.4,26.4
KEDIRI,2026-03-19,0.0,27.1
KEDIRI,2026-03-20,1.0,26.3
KEDIRI,2026-03-21,1.7,26.9
KEDIRI,2026-03-22,0.4,26.7
KEDIRI,2026-03-23,0.2,27.1
KEDIRI,2026-03-24,8.0,26.0
KEDIRI,2026-03-25,6.6,25.6
KEDIRI,2026-03-26,10.3,25.8
KEDIRI,2026-03-27,17.9,26.2
KEDIRI,2026-03-28,6.1,26.1
KEDIRI,2026-03-29,15.3,26.3
KEDIRI,2026-03-30,11.0,25.8
KEDIRI,2026-03-31,7.4,26.2
BONDOWOSO,2025-03-15,22.9,24.5
BONDOWOSO,2025-03-16,18.8,24.6
BONDOWOSO,2025-03-17,0.5,25.2
BONDOWOSO,2025-03-18,1.6,25.1
BONDOWOSO,2025-03-19,2.6,24.6
BONDOWOSO,2025-03-20,0.8,25.4
BONDOWOSO,2025-03-21,0.3,25.9
BONDOWOSO,2025-03-22,21.9,24.6
BONDOWOSO,2025-03-23,8.6,24.5
BONDOWOSO,2025-03-24,1.6,25.2
BONDOWOSO,2025-03-25,2.7,25.6
BONDOWOSO,2025-03-26,0.6,26.2
BONDOWOSO,2025-03-27,10.2,25.2
BONDOWOSO,2025-03-28,4.0,25.3
BONDOWOSO,2025-03-29,2.5,24.9
BONDOWOSO,2025-03-30,42.1,24.3
BONDOWOSO,2025-03-31,3.2,25.1
BONDOWOSO,2025-04-01,7.5,25.0
BONDOWOSO,2025-04-02,0.2,25.1
BONDOWOSO,2025-04-03,4.9,25.2
BONDOWOSO,2025-04-04,0.8,25.4
BONDOWOSO,2025-04-05,13.4,24.3
BONDOWOSO,2025-04-06,0.0,25.2
BONDOWOSO,2025-04-07,0.2,25.0
BONDOWOSO,2025-04-08,0.5,24.9
BONDOWOSO,2025-04-09,12.7,25.0
BONDOWOSO,2025-04-10,9.0,24.8
BONDOWOSO,2025-04-11,2.1,24.6
BONDOWOSO,2025-04-12,0.4,25.6
BONDOWOSO,2025-04-13,1.7,25.2
BONDOWOSO,2025-04-14,1.1,25.4
BONDOWOSO,2025-04-15,0.0,25.1
BONDOWOSO,2025-04-16,0.0,26.1
BONDOWOSO,2025-04-17,1.1,25.3
BONDOWOSO,2025-04-18,1.7,24.6
BONDOWOSO,2025-04-19,7.1,24.5
BONDOWOSO,2025-04-20,4.6,24.4
BONDOWOSO,2025-04-21,2.0,25.0
BONDOWOSO,2025-04-22,0.5,25.7
BONDOWOSO,2025-04-23,0.0,25.6
BONDOWOSO,2025-04-24,0.0,25.9
BONDOWOSO,2025-04-25,0.0,25.8
BONDOWOSO,2025-04-26,0.8,24.7
BONDOWOSO,2025-04-27,0.0,24.1
BONDOWOSO,2025-04-28,0.2,24.2
BONDOWOSO,2025-04-29,0.0,24.6
BONDOWOSO,2025-04-30,0.0,25.0
BONDOWOSO,2025-05-01,0.2,25.6
BONDOWOSO,2025-05-02,0.0,25.8
BONDOWOSO,2025-05-03,2.4,25.9
BONDOWOSO,2025-05-04,3.5,25.3
BONDOWOSO,2025-05-05,2.7,25.0
BONDOWOSO,2025-05-06,0.3,24.9
BONDOWOSO,2025-05-07,8.1,24.8
BONDOWOSO,2025-05-08,3.9,24.3
BONDOWOSO,2025-05-09,21.9,24.3
BONDOWOSO,2025-05-10,28.5,24.5
BONDOWOSO,2025-05-11,26.9,24.7
BONDOWOSO,2025-05-12,8.8,23.9
BONDOWOSO,2025-05-13,13.1,23.8
BONDOWOSO,2025-05-14,1.4,24.8
BONDOWOSO,2025-05-15,0.6,24.9
BONDOWOSO,2025-05-16,0.7,25.0
BONDOWOSO,2025-05-17,11.0,24.3
BONDOWOSO,2025-05-18,0.4,24.8
BONDOWOSO,2025-05-19,0.1,24.9
BONDOWOSO,2025-05-20,0.0,25.1
BONDOWOSO,2025-05-21,0.0,25.5
BONDOWOSO,2025-05-22,1.7,25.1
BONDOWOSO,2025-05-23,6.6,24.3
BONDOWOSO,2025-05-24,9.3,24.4
BONDOWOSO,2025-05-25,2.5,25.3
BONDOWOSO,2025-05-26,1.5,25.1
BONDOWOSO,2025-05-27,2.8,24.7
BONDOWOSO,2025-05-28,0.0,25.8
BONDOWOSO,2025-05-29,0.0,26.0
BONDOWOSO,2025-05-30,0.0,25.8
BONDOWOSO,2025-05-31,1.4,25.2
BONDOWOSO,2025-06-01,0.1,24.7
BONDOWOSO,2025-06-02,0.3,25.3
BONDOWOSO,2025-06-03,0.0,25.9
BONDOWOSO,2025-06-04,0.2,25.2
BONDOWOSO,2025-06-05,0.0,25.3
BONDOWOSO,2025-06-06,0.0,25.3
BONDOWOSO,2025-06-07,0.1,25.4
BONDOWOSO,2025-06-08,4.5,25.1
BONDOWOSO,2025-06-09,29.2,24.1
BONDOWOSO,2025-06-10,0.0,25.0
BONDOWOSO,2025-06-11,0.0,25.6
BONDOWOSO,2025-06-12,0.0,25.2
BONDOWOSO,2025-06-13,0.6,25.3
BONDOWOSO,2025-06-14,1.3,25.4
BONDOWOSO,2025-06-15,0.6,25.4
BONDOWOSO,2025-06-16,0.6,24.7
BONDOWOSO,2025-06-17,0.0,25.2
BONDOWOSO,2025-06-18,0.0,25.1
BONDOWOSO,2025-06-19,0.0,24.8
BONDOWOSO,2025-06-20,0.2,24.3
BONDOWOSO,2025-06-21,2.4,24.8
BONDOWOSO,2025-06-22,0.2,24.4
BONDOWOSO,2025-06-23,3.8,24.0
BONDOWOSO,2025-06-24,0.0,24.7
BONDOWOSO,2025-06-25,1.5,25.7
BONDOWOSO,2025-06-26,2.4,24.7
BONDOWOSO,2025-06-27,0.0,25.2
BONDOWOSO,2025-06-28,0.1,24.9
BONDOWOSO,2025-06-29,0.0,24.5
BONDOWOSO,2025-06-30,0.2,24.8
BONDOWOSO,2025-07-01,0.0,25.5
BONDOWOSO,2025-07-02,0.3,25.8
BONDOWOSO,2025-07-03,3.9,24.6
BONDOWOSO,2025-07-04,0.7,24.3
BONDOWOSO,2025-07-05,0.2,24.4
BONDOWOSO,2025-07-06,0.6,23.9
BONDOWOSO,2025-07-07,1.9,24.5
BONDOWOSO,2025-07-08,0.0,24.3
BONDOWOSO,2025-07-09,0.0,23.4
BONDOWOSO,2025-07-10,0.0,23.1
BONDOWOSO,2025-07-11,0.0,23.8
BONDOWOSO,2025-07-12,0.3,23.9
BONDOWOSO,2025-07-13,0.0,26.0
BONDOWOSO,2025-07-14,0.4,25.1
BONDOWOSO,2025-07-15,0.0,24.9
BONDOWOSO,2025-07-16,0.0,25.1
BONDOWOSO,2025-07-17,0.0,24.2
BONDOWOSO,2025-07-18,0.0,23.4
BONDOWOSO,2025-07-19,0.0,23.2
BONDOWOSO,2025-07-20,0.0,23.0
BONDOWOSO,2025-07-21,0.0,22.8
BONDOWOSO,2025-07-22,0.0,24.0
BONDOWOSO,2025-07-23,0.0,25.0
BONDOWOSO,2025-07-24,0.2,25.0
BONDOWOSO,2025-07-25,0.1,25.5
BONDOWOSO,2025-07-26,0.0,25.8
BONDOWOSO,2025-07-27,0.1,25.4
BONDOWOSO,2025-07-28,0.0,25.2
BONDOWOSO,2025-07-29,0.1,25.8
BONDOWOSO,2025-07-30,0.0,24.7
BONDOWOSO,2025-07-31,0.0,25.2
BONDOWOSO,2025-08-01,0.0,25.9
BONDOWOSO,2025-08-02,0.0,26.6
BONDOWOSO,2025-08-03,0.1,25.7
BONDOWOSO,2025-08-04,0.5,25.7
BONDOWOSO,2025-08-05,0.5,25.6
BONDOWOSO,2025-08-06,0.0,24.9
BONDOWOSO,2025-08-07,0.0,24.8
BONDOWOSO,2025-08-08,0.0,25.2
BONDOWOSO,2025-08-09,0.1,25.4
BONDOWOSO,2025-08-10,0.4,25.1
BONDOWOSO,2025-08-11,3.0,24.4
BONDOWOSO,2025-08-12,0.0,25.3
BONDOWOSO,2025-08-13,0.0,25.7
BONDOWOSO,2025-08-14,0.0,24.3
BONDOWOSO,2025-08-15,0.0,24.5
BONDOWOSO,2025-08-16,0.0,24.9
BONDOWOSO,2025-08-17,0.0,25.2
BONDOWOSO,2025-08-18,3.0,24.8
BONDOWOSO,2025-08-19,8.0,24.8
BONDOWOSO,2025-08-20,0.9,24.6
BONDOWOSO,2025-08-21,0.5,24.0
BONDOWOSO,2025-08-22,0.0,25.0
BONDOWOSO,2025-08-23,0.0,25.0
BONDOWOSO,2025-08-24,0.0,25.3
BONDOWOSO,2025-08-25,0.0,24.3
BONDOWOSO,2025-08-26,0.5,24.8
BONDOWOSO,2025-08-27,1.0,24.7
BONDOWOSO,2025-08-28,0.0,24.3
BONDOWOSO,2025-08-29,0.0,24.7
BONDOWOSO,2025-08-30,0.0,25.2
BONDOWOSO,2025-08-31,0.0,25.6
BONDOWOSO,2025-09-01,0.0,25.5
BONDOWOSO,2025-09-02,0.0,26.8
BONDOWOSO,2025-09-03,0.0,26.8
BONDOWOSO,2025-09-04,0.0,25.7
BONDOWOSO,2025-09-05,0.0,25.8
BONDOWOSO,2025-09-06,0.0,24.8
BONDOWOSO,2025-09-07,0.0,25.0
BONDOWOSO,2025-09-08,0.0,25.2
BONDOWOSO,2025-09-09,2.5,24.6
BONDOWOSO,2025-09-10,7.7,23.7
BONDOWOSO,2025-09-11,0.0,26.4
BONDOWOSO,2025-09-12,0.0,25.6
BONDOWOSO,2025-09-13,0.1,25.9
BONDOWOSO,2025-09-14,0.3,25.0
BONDOWOSO,2025-09-15,2.0,24.9
BONDOWOSO,2025-09-16,0.4,25.1
BONDOWOSO,2025-09-17,0.2,25.4
BONDOWOSO,2025-09-18,1.1,24.8
BONDOWOSO,2025-09-19,0.7,26.2
BONDOWOSO,2025-09-20,1.0,25.9
BONDOWOSO,2025-09-21,0.0,26.2
BONDOWOSO,2025-09-22,0.0,25.7
BONDOWOSO,2025-09-23,0.1,25.9
BONDOWOSO,2025-09-24,2.3,25.1
BONDOWOSO,2025-09-25,0.0,26.3
BONDOWOSO,2025-09-26,0.0,26.5
BONDOWOSO,2025-09-27,0.0,27.0
BONDOWOSO,2025-09-28,0.0,27.7
BONDOWOSO,2025-09-29,0.6,25.8
BONDOWOSO,2025-09-30,8.4,24.6
BONDOWOSO,2025-10-01,0.0,26.2
BONDOWOSO,2025-10-02,0.3,26.4
BONDOWOSO,2025-10-03,0.0,26.0
BONDOWOSO,2025-10-04,0.0,26.0
BONDOWOSO,2025-10-05,0.0,26.7
BONDOWOSO,2025-10-06,0.2,25.8
BONDOWOSO,2025-10-07,0.4,26.5
BONDOWOSO,2025-10-08,0.0,25.9
BONDOWOSO,2025-10-09,0.3,25.2
BONDOWOSO,2025-10-10,1.4,24.9
BONDOWOSO,2025-10-11,1.6,25.8
BONDOWOSO,2025-10-12,0.0,27.1
BONDOWOSO,2025-10-13,0.4,27.0
BONDOWOSO,2025-10-14,1.2,26.4
BONDOWOSO,2025-10-15,0.9,25.9
BONDOWOSO,2025-10-16,1.1,26.4
BONDOWOSO,2025-10-17,0.0,26.8
BONDOWOSO,2025-10-18,0.0,27.1
BONDOWOSO,2025-10-19,0.8,26.7
BONDOWOSO,2025-10-20,3.5,25.9
BONDOWOSO,2025-10-21,1.8,25.3
BONDOWOSO,2025-10-22,2.1,24.9
BONDOWOSO,2025-10-23,2.1,25.3
BONDOWOSO,2025-10-24,3.2,25.4
BONDOWOSO,2025-10-25,1.5,25.5
BONDOWOSO,2025-10-26,2.8,25.8
BONDOWOSO,2025-10-27,0.5,26.0
BONDOWOSO,2025-10-28,12.1,25.9
BONDOWOSO,2025-10-29,6.0,24.8
BONDOWOSO,2025-10-30,3.3,25.6
BONDOWOSO,2025-10-31,0.5,26.0
BONDOWOSO,2025-11-01,5.5,26.4
BONDOWOSO,2025-11-02,6.7,25.9
BONDOWOSO,2025-11-03,1.7,25.8
BONDOWOSO,2025-11-04,8.4,25.1
BONDOWOSO,2025-11-05,7.6,25.2
BONDOWOSO,2025-11-06,1.2,25.0
BONDOWOSO,2025-11-07,1.2,27.0
BONDOWOSO,2025-11-08,1.2,26.6
BONDOWOSO,2025-11-09,2.8,24.9
BONDOWOSO,2025-11-10,4.0,25.5
BONDOWOSO,2025-11-11,8.7,25.0
BONDOWOSO,2025-11-12,14.7,24.9
BONDOWOSO,2025-11-13,1.8,24.7
BONDOWOSO,2025-11-14,10.0,24.0
BONDOWOSO,2025-11-15,5.4,24.9
BONDOWOSO,2025-11-16,0.6,26.2
BONDOWOSO,2025-11-17,5.6,25.1
BONDOWOSO,2025-11-18,0.3,26.0
BONDOWOSO,2025-11-19,1.9,25.9
BONDOWOSO,2025-11-20,1.1,26.4
BONDOWOSO,2025-11-21,10.7,25.4
BONDOWOSO,2025-11-22,7.7,24.8
BONDOWOSO,2025-11-23,1.7,25.4
BONDOWOSO,2025-11-24,0.5,25.6
BONDOWOSO,2025-11-25,0.4,26.2
BONDOWOSO,2025-11-26,18.7,25.2
BONDOWOSO,2025-11-27,0.0,25.5
BONDOWOSO,2025-11-28,0.0,25.5
BONDOWOSO,2025-11-29,4.4,24.7
BONDOWOSO,2025-11-30,2.1,25.7
BONDOWOSO,2025-12-01,2.4,26.0
BONDOWOSO,2025-12-02,14.7,25.3
BONDOWOSO,2025-12-03,0.5,25.6
BONDOWOSO,2025-12-04,0.3,25.7
BONDOWOSO,2025-12-05,8.9,24.9
BONDOWOSO,2025-12-06,3.4,24.7
BONDOWOSO,2025-12-07,0.8,25.5
BONDOWOSO,2025-12-08,3.0,25.0
BONDOWOSO,2025-12-09,1.7,24.7
BONDOWOSO,2025-12-10,0.9,25.3
BONDOWOSO,2025-12-11,0.8,25.4
BONDOWOSO,2025-12-12,8.4,24.8
BONDOWOSO,2025-12-13,0.9,26.0
BONDOWOSO,2025-12-14,22.0,24.5
BONDOWOSO,2025-12-15,13.5,24.0
BONDOWOSO,2025-12-16,1.4,25.2
BONDOWOSO,2025-12-17,0.9,26.0
BONDOWOSO,2025-12-18,11.5,25.3
BONDOWOSO,2025-12-19,4.6,24.2
BONDOWOSO,2025-12-20,9.8,25.1
BONDOWOSO,2025-12-21,3.0,25.3
BONDOWOSO,2025-12-22,0.4,25.6
BONDOWOSO,2025-12-23,0.0,25.9
BONDOWOSO,2025-12-24,1.4,25.8
BONDOWOSO,2025-12-25,0.7,26.4
BONDOWOSO,2025-12-26,0.9,25.5
BONDOWOSO,2025-12-27,0.5,25.5
BONDOWOSO,2025-12-28,0.1,26.2
BONDOWOSO,2025-12-29,0.3,26.5
BONDOWOSO,2025-12-30,0.6,26.4
BONDOWOSO,2025-12-31,18.3,25.6
BONDOWOSO,2026-01-01,1.6,25.3
BONDOWOSO,2026-01-02,2.6,25.0
BONDOWOSO,2026-01-03,0.1,26.1
BONDOWOSO,2026-01-04,1.6,26.2
BONDOWOSO,2026-01-05,0.7,25.4
BONDOWOSO,2026-01-06,0.0,26.2
BONDOWOSO,2026-01-07,0.4,26.2
BONDOWOSO,2026-01-08,1.1,25.5
BONDOWOSO,2026-01-09,16.7,25.1
BONDOWOSO,2026-01-10,33.5,24.3
BONDOWOSO,2026-01-11,9.9,24.3
BONDOWOSO,2026-01-12,2.8,23.8
BONDOWOSO,2026-01-13,0.7,25.2
BONDOWOSO,2026-01-14,4.4,24.5
BONDOWOSO,2026-01-15,2.6,24.0
BONDOWOSO,2026-01-16,0.9,24.9
BONDOWOSO,2026-01-17,4.5,25.1
BONDOWOSO,2026-01-18,16.8,24.5
BONDOWOSO,2026-01-19,23.2,24.5
BONDOWOSO,2026-01-20,11.2,24.4
BONDOWOSO,2026-01-21,18.4,24.0
BONDOWOSO,2026-01-22,17.9,24.0
BONDOWOSO,2026-01-23,3.6,24.6
BONDOWOSO,2026-01-24,0.1,26.6
BONDOWOSO,2026-01-25,0.1,26.2
BONDOWOSO,2026-01-26,16.7,25.1
BONDOWOSO,2026-01-27,15.5,24.3
BONDOWOSO,2026-01-28,3.1,24.6
BONDOWOSO,2026-01-29,1.0,25.2
BONDOWOSO,2026-01-30,1.4,25.6
BONDOWOSO,2026-01-31,8.7,24.7
BONDOWOSO,2026-02-01,34.0,24.4
BONDOWOSO,2026-02-02,15.2,24.4
BONDOWOSO,2026-02-03,0.9,25.0
BONDOWOSO,2026-02-04,5.5,24.8
BONDOWOSO,2026-02-05,10.3,24.7
BONDOWOSO,2026-02-06,21.3,24.9
BONDOWOSO,2026-02-07,33.8,24.6
BONDOWOSO,2026-02-08,20.4,24.5
BONDOWOSO,2026-02-09,22.2,24.3
BONDOWOSO,2026-02-10,5.8,24.0
BONDOWOSO,2026-02-11,23.8,24.4
BONDOWOSO,2026-02-12,21.4,24.0
BONDOWOSO,2026-02-13,41.9,23.5
BONDOWOSO,2026-02-14,2.8,24.3
BONDOWOSO,2026-02-15,21.0,24.7
BONDOWOSO,2026-02-16,4.6,24.9
BONDOWOSO,2026-02-17,0.2,25.6
BONDOWOSO,2026-02-18,1.3,25.4
BONDOWOSO,2026-02-19,1.0,25.5
BONDOWOSO,2026-02-20,12.4,25.2
BONDOWOSO,2026-02-21,9.3,25.0
BONDOWOSO,2026-02-22,30.0,24.1
BONDOWOSO,2026-02-23,29.8,23.6
BONDOWOSO,2026-02-24,13.3,23.1
BONDOWOSO,2026-02-25,44.8,23.4
BONDOWOSO,2026-02-26,25.7,23.5
BONDOWOSO,2026-02-27,11.2,23.4
BONDOWOSO,2026-02-28,2.8,24.2
BONDOWOSO,2026-03-01,1.7,24.7
BONDOWOSO,2026-03-02,21.9,24.0
BONDOWOSO,2026-03-03,9.1,24.8
BONDOWOSO,2026-03-04,10.5,24.7
BONDOWOSO,2026-03-05,7.7,24.4
BONDOWOSO,2026-03-06,0.8,25.1
BONDOWOSO,2026-03-07,1.0,25.1
BONDOWOSO,2026-03-08,0.5,24.7
BONDOWOSO,2026-03-09,1.1,24.5
BONDOWOSO,2026-03-10,0.1,25.2
BONDOWOSO,2026-03-11,0.8,24.6
BONDOWOSO,2026-03-12,0.0,24.9
BONDOWOSO,2026-03-13,0.4,25.0
BONDOWOSO,2026-03-14,6.0,24.9
BONDOWOSO,2026-03-15,3.3,24.8
BONDOWOSO,2026-03-16,20.3,24.7
BONDOWOSO,2026-03-17,4.5,24.3
BONDOWOSO,2026-03-18,1.0,24.5
BONDOWOSO,2026-03-19,15.4,24.3
BONDOWOSO,2026-03-20,1.0,24.4
BONDOWOSO,2026-03-21,0.1,25.2
BONDOWOSO,2026-03-22,1.0,24.8
BONDOWOSO,2026-03-23,0.9,25.2
BONDOWOSO,2026-03-24,7.7,25.0
BONDOWOSO,2026-03-25,3.0,25.5
BONDOWOSO,2026-03-26,0.4,25.3
BONDOWOSO,2026-03-27,3.2,25.6
BONDOWOSO,2026-03-28,16.3,25.4
BONDOWOSO,2026-03-29,0.7,24.9
BONDOWOSO,2026-03-30,8.0,24.5
BONDOWOSO,2026-03-31,0.5,25.4
MADIUN,2025-03-15,13.8,25.9
MADIUN,2025-03-16,5.8,25.3
MADIUN,2025-03-17,15.6,25.6
MADIUN,2025-03-18,11.8,26.0
MADIUN,2025-03-19,8.0,25.6
MADIUN,2025-03-20,1.1,26.5
MADIUN,2025-03-21,0.2,26.4
MADIUN,2025-03-22,3.9,25.8
MADIUN,2025-03-23,0.4,25.9
MADIUN,2025-03-24,10.3,25.9
MADIUN,2025-03-25,1.7,27.0
MADIUN,2025-03-26,7.2,27.2
MADIUN,2025-03-27,7.2,26.3
MADIUN,2025-03-28,36.9,25.8
MADIUN,2025-03-29,9.4,26.2
MADIUN,2025-03-30,0.4,27.2
MADIUN,2025-03-31,5.7,26.6
MADIUN,2025-04-01,13.0,26.0
MADIUN,2025-04-02,4.2,26.1
MADIUN,2025-04-03,6.0,26.5
MADIUN,2025-04-04,11.5,26.2
MADIUN,2025-04-05,1.9,26.5
MADIUN,2025-04-06,0.0,27.4
MADIUN,2025-04-07,0.3,27.5
MADIUN,2025-04-08,0.9,27.6
MADIUN,2025-04-09,7.7,27.2
MADIUN,2025-04-10,17.9,26.6
MADIUN,2025-04-11,17.0,26.5
MADIUN,2025-04-12,9.2,26.3
MADIUN,2025-04-13,50.0,26.3
MADIUN,2025-04-14,6.5,26.4
MADIUN,2025-04-15,0.0,27.0
MADIUN,2025-04-16,0.6,27.4
MADIUN,2025-04-17,9.3,26.1
MADIUN,2025-04-18,13.7,26.1
MADIUN,2025-04-19,2.4,26.6
MADIUN,2025-04-20,4.8,27.0
MADIUN,2025-04-21,2.1,26.8
MADIUN,2025-04-22,1.6,27.1
MADIUN,2025-04-23,1.2,27.8
MADIUN,2025-04-24,0.8,27.8
MADIUN,2025-04-25,1.0,28.1
MADIUN,2025-04-26,0.3,27.5
MADIUN,2025-04-27,0.0,28.2
MADIUN,2025-04-28,1.3,28.1
MADIUN,2025-04-29,1.8,27.7
MADIUN,2025-04-30,0.2,27.9
MADIUN,2025-05-01,0.2,28.5
MADIUN,2025-05-02,17.1,26.1
MADIUN,2025-05-03,8.9,26.7
MADIUN,2025-05-04,6.4,26.5
MADIUN,2025-05-05,2.2,27.5
MADIUN,2025-05-06,11.4,27.2
MADIUN,2025-05-07,9.4,26.6
MADIUN,2025-05-08,9.2,26.6
MADIUN,2025-05-09,20.0,26.1
MADIUN,2025-05-10,7.1,26.4
MADIUN,2025-05-11,4.5,26.1
MADIUN,2025-05-12,4.8,25.5
MADIUN,2025-05-13,28.5,25.6
MADIUN,2025-05-14,22.5,26.1
MADIUN,2025-05-15,21.9,26.1
MADIUN,2025-05-16,27.0,25.7
MADIUN,2025-05-17,40.5,25.7
MADIUN,2025-05-18,5.4,26.0
MADIUN,2025-05-19,27.5,26.1
MADIUN,2025-05-20,12.3,26.4
MADIUN,2025-05-21,1.0,26.6
MADIUN,2025-05-22,13.3,26.2
MADIUN,2025-05-23,43.6,25.1
MADIUN,2025-05-24,4.8,25.7
MADIUN,2025-05-25,6.5,26.3
MADIUN,2025-05-26,11.7,25.3
MADIUN,2025-05-27,0.6,26.0
MADIUN,2025-05-28,0.0,27.0
MADIUN,2025-05-29,0.0,27.5
MADIUN,2025-05-30,1.8,27.0
MADIUN,2025-05-31,5.1,26.6
MADIUN,2025-06-01,0.7,26.2
MADIUN,2025-06-02,0.2,26.8
MADIUN,2025-06-03,0.3,27.4
MADIUN,2025-06-04,0.5,27.3
MADIUN,2025-06-05,0.0,27.3
MADIUN,2025-06-06,0.0,27.3
MADIUN,2025-06-07,0.0,27.5
MADIUN,2025-06-08,12.9,26.9
MADIUN,2025-06-09,43.6,25.5
MADIUN,2025-06-10,9.5,26.3
MADIUN,2025-06-11,2.9,26.7
MADIUN,2025-06-12,0.0,26.9
MADIUN,2025-06-13,0.0,26.8
MADIUN,2025-06-14,10.8,26.2
MADIUN,2025-06-15,0.2,27.0
MADIUN,2025-06-16,8.3,26.4
MADIUN,2025-06-17,0.2,26.5
MADIUN,2025-06-18,0.0,26.8
MADIUN,2025-06-19,0.0,25.6
MADIUN,2025-06-20,0.6,25.4
MADIUN,2025-06-21,1.9,26.5
MADIUN,2025-06-22,0.5,26.0
MADIUN,2025-06-23,0.5,26.4
MADIUN,2025-06-24,0.5,26.7
MADIUN,2025-06-25,0.0,27.3
MADIUN,2025-06-26,0.0,27.1
MADIUN,2025-06-27,1.6,27.0
MADIUN,2025-06-28,2.1,26.7
MADIUN,2025-06-29,0.3,26.6
MADIUN,2025-06-30,0.0,26.7
MADIUN,2025-07-01,0.3,27.1
MADIUN,2025-07-02,0.2,27.2
MADIUN,2025-07-03,0.0,27.3
MADIUN,2025-07-04,1.1,26.7
MADIUN,2025-07-05,1.8,26.7
MADIUN,2025-07-06,2.4,26.3
MADIUN,2025-07-07,12.8,26.3
MADIUN,2025-07-08,0.4,26.6
MADIUN,2025-07-09,0.0,25.8
MADIUN,2025-07-10,0.0,25.5
MADIUN,2025-07-11,0.0,25.5
MADIUN,2025-07-12,0.0,26.2
MADIUN,2025-07-13,1.0,27.3
MADIUN,2025-07-14,0.0,27.0
MADIUN,2025-07-15,0.2,27.5
MADIUN,2025-07-16,0.0,27.1
MADIUN,2025-07-17,0.0,26.6
MADIUN,2025-07-18,0.0,26.3
MADIUN,2025-07-19,0.0,25.8
MADIUN,2025-07-20,0.0,25.1
MADIUN,2025-07-21,0.0,25.2
MADIUN,2025-07-22,0.0,25.5
MADIUN,2025-07-23,0.0,26.3
MADIUN,2025-07-24,0.0,26.9
MADIUN,2025-07-25,0.0,27.3
MADIUN,2025-07-26,0.4,27.6
MADIUN,2025-07-27,0.0,27.5
MADIUN,2025-07-28,0.4,27.3
MADIUN,2025-07-29,0.8,27.1
MADIUN,2025-07-30,0.1,26.6
MADIUN,2025-07-31,0.0,26.9
MADIUN,2025-08-01,0.0,26.9
MADIUN,2025-08-02,0.0,27.4
MADIUN,2025-08-03,2.0,27.2
MADIUN,2025-08-04,2.8,27.1
MADIUN,2025-08-05,4.1,26.8
MADIUN,2025-08-06,0.0,26.8
MADIUN,2025-08-07,0.3,26.7
MADIUN,2025-08-08,0.1,27.7
MADIUN,2025-08-09,0.4,27.3
MADIUN,2025-08-10,0.7,27.4
MADIUN,2025-08-11,0.9,27.2
MADIUN,2025-08-12,4.2,26.8
MADIUN,2025-08-13,6.2,26.0
MADIUN,2025-08-14,0.1,26.4
MADIUN,2025-08-15,0.0,26.3
MADIUN,2025-08-16,0.0,27.0
MADIUN,2025-08-17,0.0,26.9
MADIUN,2025-08-18,3.1,27.0
MADIUN,2025-08-19,50.5,25.2
MADIUN,2025-08-20,0.0,26.1
MADIUN,2025-08-21,0.0,25.9
MADIUN,2025-08-22,0.1,27.0
MADIUN,2025-08-23,0.2,27.4
MADIUN,2025-08-24,0.0,27.2
MADIUN,2025-08-25,0.0,26.7
MADIUN,2025-08-26,0.0,26.3
MADIUN,2025-08-27,3.7,26.4
MADIUN,2025-08-28,1.5,25.8
MADIUN,2025-08-29,0.3,26.7
MADIUN,2025-08-30,0.0,26.9
MADIUN,2025-08-31,0.0,27.3
MADIUN,2025-09-01,0.0,27.2
MADIUN,2025-09-02,0.0,27.8
MADIUN,2025-09-03,0.0,27.9
MADIUN,2025-09-04,0.0,27.6
MADIUN,2025-09-05,0.0,28.1
MADIUN,2025-09-06,0.0,27.1
MADIUN,2025-09-07,0.1,27.3
MADIUN,2025-09-08,0.1,27.5
MADIUN,2025-09-09,0.2,27.5
MADIUN,2025-09-10,3.1,26.8
MADIUN,2025-09-11,10.0,26.1
MADIUN,2025-09-12,0.6,27.3
MADIUN,2025-09-13,0.0,27.8
MADIUN,2025-09-14,0.3,27.3
MADIUN,2025-09-15,0.3,27.6
MADIUN,2025-09-16,0.9,27.5
MADIUN,2025-09-17,19.6,26.8
MADIUN,2025-09-18,2.8,26.4
MADIUN,2025-09-19,11.4,27.2
MADIUN,2025-09-20,0.7,28.0
MADIUN,2025-09-21,1.2,27.7
MADIUN,2025-09-22,0.0,28.1
MADIUN,2025-09-23,0.0,28.3
MADIUN,2025-09-24,0.0,27.9
MADIUN,2025-09-25,0.7,28.3
MADIUN,2025-09-26,0.4,28.5
MADIUN,2025-09-27,0.2,29.0
MADIUN,2025-09-28,0.0,29.6
MADIUN,2025-09-29,1.8,28.4
MADIUN,2025-09-30,3.4,26.8
MADIUN,2025-10-01,22.2,26.9
MADIUN,2025-10-02,0.0,28.5
MADIUN,2025-10-03,0.1,28.9
MADIUN,2025-10-04,0.0,28.8
MADIUN,2025-10-05,0.0,29.4
MADIUN,2025-10-06,0.1,29.0
MADIUN,2025-10-07,0.1,29.2
MADIUN,2025-10-08,0.4,29.0
MADIUN,2025-10-09,1.0,28.9
MADIUN,2025-10-10,0.5,28.6
MADIUN,2025-10-11,0.0,29.1
MADIUN,2025-10-12,0.6,29.3
MADIUN,2025-10-13,1.1,29.5
MADIUN,2025-10-14,0.4,29.9
MADIUN,2025-10-15,1.7,28.8
MADIUN,2025-10-16,0.8,29.4
MADIUN,2025-10-17,1.8,29.4
MADIUN,2025-10-18,0.0,30.3
MADIUN,2025-10-19,2.8,29.6
MADIUN,2025-10-20,8.8,28.4
MADIUN,2025-10-21,32.7,26.7
MADIUN,2025-10-22,16.6,26.5
MADIUN,2025-10-23,3.4,27.2
MADIUN,2025-10-24,6.4,26.9
MADIUN,2025-10-25,6.3,26.4
MADIUN,2025-10-26,2.5,26.8
MADIUN,2025-10-27,6.0,27.0
MADIUN,2025-10-28,20.1,26.3
MADIUN,2025-10-29,2.0,27.0
MADIUN,2025-10-30,11.5,26.6
MADIUN,2025-10-31,13.7,26.4
MADIUN,2025-11-01,2.6,27.1
MADIUN,2025-11-02,10.7,27.3
MADIUN,2025-11-03,6.9,27.1
MADIUN,2025-11-04,4.7,27.0
MADIUN,2025-11-05,15.8,26.2
MADIUN,2025-11-06,12.0,26.8
MADIUN,2025-11-07,8.8,26.7
MADIUN,2025-11-08,14.3,26.7
MADIUN,2025-11-09,2.3,26.7
MADIUN,2025-11-10,8.7,26.8
MADIUN,2025-11-11,26.2,26.1
MADIUN,2025-11-12,14.5,25.1
MADIUN,2025-11-13,3.8,26.0
MADIUN,2025-11-14,2.9,26.0
MADIUN,2025-11-15,12.5,26.4
MADIUN,2025-11-16,3.1,26.9
MADIUN,2025-11-17,23.2,26.8
MADIUN,2025-11-18,19.0,26.6
MADIUN,2025-11-19,18.2,25.7
MADIUN,2025-11-20,29.4,26.2
MADIUN,2025-11-21,26.0,25.8
MADIUN,2025-11-22,4.9,27.3
MADIUN,2025-11-23,18.4,26.8
MADIUN,2025-11-24,0.8,27.3
MADIUN,2025-11-25,0.0,27.7
MADIUN,2025-11-26,2.8,26.9
MADIUN,2025-11-27,0.6,28.0
MADIUN,2025-11-28,0.0,27.9
MADIUN,2025-11-29,0.0,27.7
MADIUN,2025-11-30,0.2,27.4
MADIUN,2025-12-01,0.9,27.6
MADIUN,2025-12-02,10.9,27.0
MADIUN,2025-12-03,0.5,27.1
MADIUN,2025-12-04,19.7,25.9
MADIUN,2025-12-05,14.4,26.1
MADIUN,2025-12-06,4.6,25.9
MADIUN,2025-12-07,3.9,26.9
MADIUN,2025-12-08,2.5,27.0
MADIUN,2025-12-09,10.3,26.1
MADIUN,2025-12-10,9.0,26.7
MADIUN,2025-12-11,4.6,27.2
MADIUN,2025-12-12,0.8,27.6
MADIUN,2025-12-13,0.2,27.2
MADIUN,2025-12-14,10.2,26.5
MADIUN,2025-12-15,0.3,27.7
MADIUN,2025-12-16,0.0,28.8
MADIUN,2025-12-17,0.9,27.8
MADIUN,2025-12-18,7.8,26.7
MADIUN,2025-12-19,2.4,26.3
MADIUN,2025-12-20,11.5,26.2
MADIUN,2025-12-21,5.6,26.0
MADIUN,2025-12-22,4.1,26.2
MADIUN,2025-12-23,1.7,27.0
MADIUN,2025-12-24,4.8,27.3
MADIUN,2025-12-25,2.3,27.6
MADIUN,2025-12-26,2.8,27.1
MADIUN,2025-12-27,0.3,27.9
MADIUN,2025-12-28,0.5,28.6
MADIUN,2025-12-29,0.3,28.5
MADIUN,2025-12-30,0.8,28.2
MADIUN,2025-12-31,4.9,26.4
MADIUN,2026-01-01,11.7,26.4
MADIUN,2026-01-02,19.9,26.7
MADIUN,2026-01-03,20.9,25.7
MADIUN,2026-01-04,4.1,25.8
MADIUN,2026-01-05,5.0,26.6
MADIUN,2026-01-06,0.0,28.4
MADIUN,2026-01-07,0.1,28.6
MADIUN,2026-01-08,10.9,27.4
MADIUN,2026-01-09,3.1,26.2
MADIUN,2026-01-10,12.7,24.4
MADIUN,2026-01-11,19.6,24.6
MADIUN,2026-01-12,2.6,25.0
MADIUN,2026-01-13,2.3,25.7
MADIUN,2026-01-14,19.1,24.8
MADIUN,2026-01-15,4.7,24.3
MADIUN,2026-01-16,19.3,25.4
MADIUN,2026-01-17,7.4,25.5
MADIUN,2026-01-18,67.9,25.0
MADIUN,2026-01-19,6.4,25.6
MADIUN,2026-01-20,0.9,25.0
MADIUN,2026-01-21,6.5,25.0
MADIUN,2026-01-22,6.6,25.0
MADIUN,2026-01-23,26.1,24.9
MADIUN,2026-01-24,0.1,26.8
MADIUN,2026-01-25,0.2,26.3
MADIUN,2026-01-26,6.6,26.1
MADIUN,2026-01-27,17.3,25.1
MADIUN,2026-01-28,10.9,25.5
MADIUN,2026-01-29,11.8,26.1
MADIUN,2026-01-30,10.7,26.1
MADIUN,2026-01-31,7.2,26.4
MADIUN,2026-02-01,1.9,25.4
MADIUN,2026-02-02,5.1,24.8
MADIUN,2026-02-03,4.4,25.1
MADIUN,2026-02-04,1.4,25.2
MADIUN,2026-02-05,1.7,25.1
MADIUN,2026-02-06,8.0,25.6
MADIUN,2026-02-07,9.4,25.4
MADIUN,2026-02-08,12.9,25.7
MADIUN,2026-02-09,5.1,25.5
MADIUN,2026-02-10,1.7,25.2
MADIUN,2026-02-11,5.1,25.5
MADIUN,2026-02-12,10.0,25.4
MADIUN,2026-02-13,5.3,25.1
MADIUN,2026-02-14,4.7,25.5
MADIUN,2026-02-15,21.5,25.6
MADIUN,2026-02-16,8.5,26.2
MADIUN,2026-02-17,10.2,26.3
MADIUN,2026-02-18,7.4,26.1
MADIUN,2026-02-19,9.0,26.3
MADIUN,2026-02-20,2.1,26.6
MADIUN,2026-02-21,14.9,25.9
MADIUN,2026-02-22,12.5,24.9
MADIUN,2026-02-23,9.0,24.8
MADIUN,2026-02-24,4.7,25.1
MADIUN,2026-02-25,5.7,26.2
MADIUN,2026-02-26,2.2,26.0
MADIUN,2026-02-27,3.9,26.1
MADIUN,2026-02-28,6.4,25.6
MADIUN,2026-03-01,2.6,26.2
MADIUN,2026-03-02,23.1,26.0
MADIUN,2026-03-03,19.0,25.6
MADIUN,2026-03-04,11.1,25.9
MADIUN,2026-03-05,2.0,25.5
MADIUN,2026-03-06,1.2,26.4
MADIUN,2026-03-07,10.5,25.5
MADIUN,2026-03-08,2.9,26.0
MADIUN,2026-03-09,0.6,26.8
MADIUN,2026-03-10,1.5,27.5
MADIUN,2026-03-11,0.1,27.8
MADIUN,2026-03-12,0.1,27.9
MADIUN,2026-03-13,0.0,27.9
MADIUN,2026-03-14,0.6,27.3
MADIUN,2026-03-15,8.1,26.4
MADIUN,2026-03-16,6.2,26.4
MADIUN,2026-03-17,7.1,26.9
MADIUN,2026-03-18,0.0,27.6
MADIUN,2026-03-19,0.0,27.7
MADIUN,2026-03-20,7.2,26.9
MADIUN,2026-03-21,5.5,27.0
MADIUN,2026-03-22,2.6,26.8
MADIUN,2026-03-23,0.2,27.3
MADIUN,2026-03-24,8.2,26.0
MADIUN,2026-03-25,2.3,26.2
MADIUN,2026-03-26,11.5,25.9
MADIUN,2026-03-27,12.1,26.3
MADIUN,2026-03-28,13.0,26.3
MADIUN,2026-03-29,2.3,27.1
MADIUN,2026-03-30,13.6,26.1
MADIUN,2026-03-31,3.0,26.3
TUBAN,2025-03-15,12.8,26.4
TUBAN,2025-03-16,13.4,26.0
TUBAN,2025-03-17,13.4,25.8
TUBAN,2025-03-18,7.1,26.5
TUBAN,2025-03-19,40.8,26.2
TUBAN,2025-03-20,3.6,26.9
TUBAN,2025-03-21,6.0,27.4
TUBAN,2025-03-22,5.9,26.7
TUBAN,2025-03-23,3.9,26.6
TUBAN,2025-03-24,3.7,27.0
TUBAN,2025-03-25,1.1,27.8
TUBAN,2025-03-26,4.1,27.8
TUBAN,2025-03-27,1.7,27.0
TUBAN,2025-03-28,18.3,26.5
TUBAN,2025-03-29,10.9,26.5
TUBAN,2025-03-30,1.4,26.5
TUBAN,2025-03-31,6.3,26.7
TUBAN,2025-04-01,5.3,26.2
TUBAN,2025-04-02,18.4,25.9
TUBAN,2025-04-03,23.9,25.9
TUBAN,2025-04-04,14.8,26.0
TUBAN,2025-04-05,2.1,25.7
TUBAN,2025-04-06,0.1,26.9
TUBAN,2025-04-07,2.4,26.8
TUBAN,2025-04-08,0.4,27.1
TUBAN,2025-04-09,0.2,27.3
TUBAN,2025-04-10,7.4,27.0
TUBAN,2025-04-11,10.0,26.5
TUBAN,2025-04-12,1.0,26.6
TUBAN,2025-04-13,6.9,26.9
TUBAN,2025-04-14,8.5,26.6
TUBAN,2025-04-15,7.0,26.7
TUBAN,2025-04-16,6.6,27.1
TUBAN,2025-04-17,8.1,26.4
TUBAN,2025-04-18,11.5,25.8
TUBAN,2025-04-19,6.2,26.8
TUBAN,2025-04-20,18.8,26.2
TUBAN,2025-04-21,5.8,26.6
TUBAN,2025-04-22,2.8,26.6
TUBAN,2025-04-23,1.7,27.1
TUBAN,2025-04-24,0.0,27.4
TUBAN,2025-04-25,8.1,26.8
TUBAN,2025-04-26,10.2,26.6
TUBAN,2025-04-27,1.5,26.9
TUBAN,2025-04-28,0.0,26.8
TUBAN,2025-04-29,0.1,27.3
TUBAN,2025-04-30,0.4,27.1
TUBAN,2025-05-01,0.8,27.6
TUBAN,2025-05-02,1.7,26.4
TUBAN,2025-05-03,1.4,27.7
TUBAN,2025-05-04,3.5,27.3
TUBAN,2025-05-05,3.3,27.5
TUBAN,2025-05-06,6.8,27.3
TUBAN,2025-05-07,8.4,27.0
TUBAN,2025-05-08,1.7,26.8
TUBAN,2025-05-09,12.0,26.5
TUBAN,2025-05-10,10.5,26.6
TUBAN,2025-05-11,9.0,26.3
TUBAN,2025-05-12,8.0,25.7
TUBAN,2025-05-13,2.4,25.8
TUBAN,2025-05-14,8.3,26.4
TUBAN,2025-05-15,21.5,26.2
TUBAN,2025-05-16,15.3,26.0
TUBAN,2025-05-17,6.4,25.8
TUBAN,2025-05-18,10.9,26.0
TUBAN,2025-05-19,29.3,25.7
TUBAN,2025-05-20,1.1,26.7
TUBAN,2025-05-21,6.0,26.5
TUBAN,2025-05-22,13.2,26.0
TUBAN,2025-05-23,26.2,25.0
TUBAN,2025-05-24,1.4,26.6
TUBAN,2025-05-25,1.1,27.0
TUBAN,2025-05-26,11.5,26.2
TUBAN,2025-05-27,4.0,26.5
TUBAN,2025-05-28,3.8,27.2
TUBAN,2025-05-29,10.0,27.6
TUBAN,2025-05-30,0.7,27.9
TUBAN,2025-05-31,5.2,27.2
TUBAN,2025-06-01,3.8,26.3
TUBAN,2025-06-02,0.7,26.7
TUBAN,2025-06-03,2.8,27.2
TUBAN,2025-06-04,0.6,27.2
TUBAN,2025-06-05,0.2,27.2
TUBAN,2025-06-06,0.0,27.5
TUBAN,2025-06-07,0.4,27.6
TUBAN,2025-06-08,24.3,26.5
TUBAN,2025-06-09,20.6,25.9
TUBAN,2025-06-10,4.1,26.2
TUBAN,2025-06-11,8.9,25.6
TUBAN,2025-06-12,0.0,27.0
TUBAN,2025-06-13,2.2,26.4
TUBAN,2025-06-14,9.4,26.2
TUBAN,2025-06-15,2.6,26.9
TUBAN,2025-06-16,8.0,26.4
TUBAN,2025-06-17,3.5,26.3
TUBAN,2025-06-18,1.5,26.8
TUBAN,2025-06-19,0.0,26.8
TUBAN,2025-06-20,3.3,25.2
TUBAN,2025-06-21,5.1,26.0
TUBAN,2025-06-22,17.9,25.4
TUBAN,2025-06-23,0.2,26.5
TUBAN,2025-06-24,1.0,26.2
TUBAN,2025-06-25,0.8,26.8
TUBAN,2025-06-26,0.3,26.9
TUBAN,2025-06-27,4.0,26.8
TUBAN,2025-06-28,3.3,26.1
TUBAN,2025-06-29,1.1,26.2
TUBAN,2025-06-30,1.0,26.5
TUBAN,2025-07-01,0.9,26.8
TUBAN,2025-07-02,1.1,27.0
TUBAN,2025-07-03,6.1,26.2
TUBAN,2025-07-04,2.2,26.3
TUBAN,2025-07-05,1.9,26.1
TUBAN,2025-07-06,17.3,25.4
TUBAN,2025-07-07,6.8,25.6
TUBAN,2025-07-08,1.6,26.3
TUBAN,2025-07-09,0.0,25.7
TUBAN,2025-07-10,0.0,25.6
TUBAN,2025-07-11,0.0,25.4
TUBAN,2025-07-12,0.2,25.9
TUBAN,2025-07-13,1.6,27.0
TUBAN,2025-07-14,0.6,26.9
TUBAN,2025-07-15,1.3,26.8
TUBAN,2025-07-16,3.2,26.7
TUBAN,2025-07-17,0.2,26.5
TUBAN,2025-07-18,0.0,26.2
TUBAN,2025-07-19,0.0,25.7
TUBAN,2025-07-20,0.0,25.2
TUBAN,2025-07-21,0.0,25.2
TUBAN,2025-07-22,1.5,25.6
TUBAN,2025-07-23,0.0,26.3
TUBAN,2025-07-24,0.9,26.9
TUBAN,2025-07-25,1.5,27.1
TUBAN,2025-07-26,1.5,27.1
TUBAN,2025-07-27,8.4,26.6
TUBAN,2025-07-28,1.6,26.8
TUBAN,2025-07-29,2.5,26.6
TUBAN,2025-07-30,0.9,26.6
TUBAN,2025-07-31,0.0,26.6
TUBAN,2025-08-01,0.0,26.9
TUBAN,2025-08-02,2.3,27.4
TUBAN,2025-08-03,1.3,27.5
TUBAN,2025-08-04,2.1,26.6
TUBAN,2025-08-05,1.4,26.3
TUBAN,2025-08-06,0.0,26.9
TUBAN,2025-08-07,0.0,26.5
TUBAN,2025-08-08,0.2,27.0
TUBAN,2025-08-09,0.3,26.9
TUBAN,2025-08-10,3.4,26.7
TUBAN,2025-08-11,9.2,26.7
TUBAN,2025-08-12,1.6,26.1
TUBAN,2025-08-13,0.1,26.6
TUBAN,2025-08-14,2.0,26.0
TUBAN,2025-08-15,1.3,26.2
TUBAN,2025-08-16,0.0,26.5
TUBAN,2025-08-17,0.3,27.0
TUBAN,2025-08-18,12.2,27.0
TUBAN,2025-08-19,34.6,25.1
TUBAN,2025-08-20,2.7,25.4
TUBAN,2025-08-21,1.9,26.4
TUBAN,2025-08-22,0.8,26.4
TUBAN,2025-08-23,0.0,26.9
TUBAN,2025-08-24,0.9,26.9
TUBAN,2025-08-25,0.1,26.5
TUBAN,2025-08-26,0.0,26.9
TUBAN,2025-08-27,0.5,27.3
TUBAN,2025-08-28,6.7,26.1
TUBAN,2025-08-29,1.5,26.8
TUBAN,2025-08-30,0.7,26.9
TUBAN,2025-08-31,0.0,27.2
TUBAN,2025-09-01,0.1,26.9
TUBAN,2025-09-02,0.7,27.8
TUBAN,2025-09-03,0.4,27.8
TUBAN,2025-09-04,0.8,27.1
TUBAN,2025-09-05,0.1,26.9
TUBAN,2025-09-06,0.3,27.3
TUBAN,2025-09-07,0.0,27.4
TUBAN,2025-09-08,0.0,27.6
TUBAN,2025-09-09,2.0,27.5
TUBAN,2025-09-10,15.0,26.5
TUBAN,2025-09-11,6.7,26.4
TUBAN,2025-09-12,0.0,27.4
TUBAN,2025-09-13,7.1,27.2
TUBAN,2025-09-14,1.8,27.0
TUBAN,2025-09-15,4.1,27.3
TUBAN,2025-09-16,10.3,26.3
TUBAN,2025-09-17,3.7,26.1
TUBAN,2025-09-18,9.0,26.0
TUBAN,2025-09-19,2.4,26.9
TUBAN,2025-09-20,0.0,27.2
TUBAN,2025-09-21,5.9,26.8
TUBAN,2025-09-22,0.0,26.9
TUBAN,2025-09-23,0.0,27.6
TUBAN,2025-09-24,3.5,27.0
TUBAN,2025-09-25,1.6,27.7
TUBAN,2025-09-26,1.3,28.0
TUBAN,2025-09-27,1.2,28.1
TUBAN,2025-09-28,0.6,29.0
TUBAN,2025-09-29,14.4,27.1
TUBAN,2025-09-30,9.4,25.6
TUBAN,2025-10-01,5.9,26.9
TUBAN,2025-10-02,0.0,28.0
TUBAN,2025-10-03,0.6,28.3
TUBAN,2025-10-04,0.0,28.1
TUBAN,2025-10-05,0.8,27.5
TUBAN,2025-10-06,0.6,28.0
TUBAN,2025-10-07,0.1,27.9
TUBAN,2025-10-08,0.2,28.6
TUBAN,2025-10-09,0.3,28.0
TUBAN,2025-10-10,0.2,28.0
TUBAN,2025-10-11,0.5,28.0
TUBAN,2025-10-12,6.2,28.4
TUBAN,2025-10-13,1.1,28.2
TUBAN,2025-10-14,1.6,28.5
TUBAN,2025-10-15,4.9,27.9
TUBAN,2025-10-16,0.6,28.5
TUBAN,2025-10-17,1.7,28.6
TUBAN,2025-10-18,2.9,28.3
TUBAN,2025-10-19,0.3,28.6
TUBAN,2025-10-20,11.7,27.8
TUBAN,2025-10-21,35.3,26.1
TUBAN,2025-10-22,19.3,26.0
TUBAN,2025-10-23,16.1,26.8
TUBAN,2025-10-24,24.1,26.3
TUBAN,2025-10-25,2.8,26.5
TUBAN,2025-10-26,10.5,26.6
TUBAN,2025-10-27,0.2,27.1
TUBAN,2025-10-28,2.7,26.7
TUBAN,2025-10-29,10.3,26.7
TUBAN,2025-10-30,23.0,26.5
TUBAN,2025-10-31,10.0,26.9
TUBAN,2025-11-01,11.6,26.7
TUBAN,2025-11-02,14.5,26.8
TUBAN,2025-11-03,11.0,27.0
TUBAN,2025-11-04,6.1,27.0
TUBAN,2025-11-05,19.7,26.1
TUBAN,2025-11-06,13.7,26.8
TUBAN,2025-11-07,6.3,27.0
TUBAN,2025-11-08,9.0,26.9
TUBAN,2025-11-09,0.7,27.0
TUBAN,2025-11-10,20.4,27.0
TUBAN,2025-11-11,25.0,25.9
TUBAN,2025-11-12,16.2,26.0
TUBAN,2025-11-13,1.4,26.2
TUBAN,2025-11-14,16.9,26.3
TUBAN,2025-11-15,5.4,26.9
TUBAN,2025-11-16,1.7,26.9
TUBAN,2025-11-17,12.1,26.7
TUBAN,2025-11-18,30.8,26.5
TUBAN,2025-11-19,15.1,26.3
TUBAN,2025-11-20,3.6,26.8
TUBAN,2025-11-21,23.1,26.1
TUBAN,2025-11-22,3.1,27.5
TUBAN,2025-11-23,17.2,27.3
TUBAN,2025-11-24,4.3,26.8
TUBAN,2025-11-25,0.2,27.6
TUBAN,2025-11-26,6.5,27.4
TUBAN,2025-11-27,2.9,27.2
TUBAN,2025-11-28,5.5,27.4
TUBAN,2025-11-29,1.2,27.3
TUBAN,2025-11-30,3.4,27.2
TUBAN,2025-12-01,1.0,27.0
TUBAN,2025-12-02,0.5,27.3
TUBAN,2025-12-03,2.5,27.0
TUBAN,2025-12-04,6.1,26.3
TUBAN,2025-12-05,15.9,26.4
TUBAN,2025-12-06,2.3,26.4
TUBAN,2025-12-07,21.8,26.3
TUBAN,2025-12-08,27.4,26.7
TUBAN,2025-12-09,14.9,26.0
TUBAN,2025-12-10,14.9,26.6
TUBAN,2025-12-11,7.7,27.2
TUBAN,2025-12-12,1.6,27.3
TUBAN,2025-12-13,0.8,27.3
TUBAN,2025-12-14,26.4,25.9
TUBAN,2025-12-15,5.2,26.8
TUBAN,2025-12-16,0.0,27.9
TUBAN,2025-12-17,0.6,27.8
TUBAN,2025-12-18,19.4,26.4
TUBAN,2025-12-19,3.8,26.2
TUBAN,2025-12-20,9.8,26.3
TUBAN,2025-12-21,22.9,26.2
TUBAN,2025-12-22,4.3,27.3
TUBAN,2025-12-23,14.8,26.9
TUBAN,2025-12-24,2.3,27.3
TUBAN,2025-12-25,24.4,27.2
TUBAN,2025-12-26,9.5,26.6
TUBAN,2025-12-27,18.1,26.7
TUBAN,2025-12-28,6.9,27.5
TUBAN,2025-12-29,4.2,26.8
TUBAN,2025-12-30,10.5,27.1
TUBAN,2025-12-31,13.6,25.6
TUBAN,2026-01-01,9.1,26.6
TUBAN,2026-01-02,22.7,26.4
TUBAN,2026-01-03,5.3,25.8
TUBAN,2026-01-04,3.9,26.8
TUBAN,2026-01-05,2.2,26.2
TUBAN,2026-01-06,1.0,28.1
TUBAN,2026-01-07,0.6,27.5
TUBAN,2026-01-08,9.8,26.5
TUBAN,2026-01-09,10.0,25.6
TUBAN,2026-01-10,20.0,24.9
TUBAN,2026-01-11,10.6,25.1
TUBAN,2026-01-12,10.9,24.8
TUBAN,2026-01-13,1.9,26.0
TUBAN,2026-01-14,6.5,25.7
TUBAN,2026-01-15,8.2,25.3
TUBAN,2026-01-16,3.4,26.1
TUBAN,2026-01-17,7.3,26.1
TUBAN,2026-01-18,10.3,25.5
TUBAN,2026-01-19,8.5,26.2
TUBAN,2026-01-20,6.6,26.0
TUBAN,2026-01-21,8.9,26.3
TUBAN,2026-01-22,3.6,25.5
TUBAN,2026-01-23,11.6,26.1
TUBAN,2026-01-24,0.8,26.7
TUBAN,2026-01-25,0.2,26.6
TUBAN,2026-01-26,4.4,26.6
TUBAN,2026-01-27,6.7,25.4
TUBAN,2026-01-28,0.7,26.0
TUBAN,2026-01-29,0.1,26.6
TUBAN,2026-01-30,1.3,26.9
TUBAN,2026-01-31,5.3,26.9
TUBAN,2026-02-01,9.4,26.6
TUBAN,2026-02-02,16.1,25.8
TUBAN,2026-02-03,20.1,26.2
TUBAN,2026-02-04,16.8,25.7
TUBAN,2026-02-05,6.7,26.1
TUBAN,2026-02-06,9.1,26.4
TUBAN,2026-02-07,16.5,26.4
TUBAN,2026-02-08,6.3,26.3
TUBAN,2026-02-09,2.5,26.4
TUBAN,2026-02-10,10.7,26.2
TUBAN,2026-02-11,13.6,26.0
TUBAN,2026-02-12,10.1,26.3
TUBAN,2026-02-13,8.1,26.0
TUBAN,2026-02-14,16.1,26.2
TUBAN,2026-02-15,11.3,26.1
TUBAN,2026-02-16,17.7,26.3
TUBAN,2026-02-17,5.9,26.9
TUBAN,2026-02-18,9.8,26.2
TUBAN,2026-02-19,6.8,26.6
TUBAN,2026-02-20,12.4,26.6
TUBAN,2026-02-21,23.1,26.3
TUBAN,2026-02-22,15.2,26.4
TUBAN,2026-02-23,5.9,26.4
TUBAN,2026-02-24,0.5,27.0
TUBAN,2026-02-25,1.5,26.4
TUBAN,2026-02-26,7.7,26.0
TUBAN,2026-02-27,14.3,26.1
TUBAN,2026-02-28,4.1,26.4
TUBAN,2026-03-01,1.8,27.3
TUBAN,2026-03-02,14.1,26.6
TUBAN,2026-03-03,6.9,26.3
TUBAN,2026-03-04,1.6,26.3
TUBAN,2026-03-05,9.7,26.3
TUBAN,2026-03-06,2.1,26.8
TUBAN,2026-03-07,7.2,26.5
TUBAN,2026-03-08,8.8,26.0
TUBAN,2026-03-09,6.4,27.2
TUBAN,2026-03-10,12.2,26.7
TUBAN,2026-03-11,2.3,27.1
TUBAN,2026-03-12,1.2,27.3
TUBAN,2026-03-13,3.1,27.1
TUBAN,2026-03-14,1.6,26.9
TUBAN,2026-03-15,8.1,26.0
TUBAN,2026-03-16,9.0,26.1
TUBAN,2026-03-17,12.9,26.5
TUBAN,2026-03-18,0.4,27.5
TUBAN,2026-03-19,5.8,27.3
TUBAN,2026-03-20,5.0,26.7
TUBAN,2026-03-21,22.1,26.3
TUBAN,2026-03-22,12.6,26.8
TUBAN,2026-03-23,3.3,27.2
TUBAN,2026-03-24,10.0,26.3
TUBAN,2026-03-25,3.9,26.7
TUBAN,2026-03-26,4.7,26.5
TUBAN,2026-03-27,8.9,26.9
TUBAN,2026-03-28,7.4,26.5
TUBAN,2026-03-29,4.7,27.1
TUBAN,2026-03-30,13.9,25.9
TUBAN,2026-03-31,1.4,26.5
YOGYAKARTA,2025-03-15,29.8,25.6
YOGYAKARTA,2025-03-16,4.5,25.7
YOGYAKARTA,2025-03-17,7.9,25.8
YOGYAKARTA,2025-03-18,11.4,26.2
YOGYAKARTA,2025-03-19,15.1,25.5
YOGYAKARTA,2025-03-20,0.1,27.4
YOGYAKARTA,2025-03-21,0.1,27.3
YOGYAKARTA,2025-03-22,6.9,25.7
YOGYAKARTA,2025-03-23,0.0,27.1
YOGYAKARTA,2025-03-24,6.3,26.6
YOGYAKARTA,2025-03-25,3.7,27.2
YOGYAKARTA,2025-03-26,1.4,27.6
YOGYAKARTA,2025-03-27,4.2,27.2
YOGYAKARTA,2025-03-28,29.0,25.5
YOGYAKARTA,2025-03-29,5.4,25.7
YOGYAKARTA,2025-03-30,1.9,26.2
YOGYAKARTA,2025-03-31,2.4,26.2
YOGYAKARTA,2025-04-01,2.1,26.1
YOGYAKARTA,2025-04-02,15.4,26.2
YOGYAKARTA,2025-04-03,36.2,25.5
YOGYAKARTA,2025-04-04,0.8,26.4
YOGYAKARTA,2025-04-05,0.6,27.1
YOGYAKARTA,2025-04-06,0.0,26.8
YOGYAKARTA,2025-04-07,1.1,26.4
YOGYAKARTA,2025-04-08,7.1,26.0
YOGYAKARTA,2025-04-09,4.6,27.2
YOGYAKARTA,2025-04-10,19.5,25.9
YOGYAKARTA,2025-04-11,9.1,25.8
YOGYAKARTA,2025-04-12,12.0,25.6
YOGYAKARTA,2025-04-13,29.6,25.7
YOGYAKARTA,2025-04-14,9.8,25.8
YOGYAKARTA,2025-04-15,0.0,26.9
YOGYAKARTA,2025-04-16,5.2,27.3
YOGYAKARTA,2025-04-17,4.9,26.0
YOGYAKARTA,2025-04-18,14.0,25.6
YOGYAKARTA,2025-04-19,8.2,25.9
YOGYAKARTA,2025-04-20,7.7,25.6
YOGYAKARTA,2025-04-21,3.9,26.8
YOGYAKARTA,2025-04-22,4.7,26.2
YOGYAKARTA,2025-04-23,1.7,26.3
YOGYAKARTA,2025-04-24,2.4,25.7
YOGYAKARTA,2025-04-25,7.5,26.0
YOGYAKARTA,2025-04-26,0.8,26.7
YOGYAKARTA,2025-04-27,0.2,26.5
YOGYAKARTA,2025-04-28,0.0,26.9
YOGYAKARTA,2025-04-29,2.4,26.5
YOGYAKARTA,2025-04-30,0.8,26.8
YOGYAKARTA,2025-05-01,1.3,26.8
YOGYAKARTA,2025-05-02,52.2,24.6
YOGYAKARTA,2025-05-03,7.4,25.5
YOGYAKARTA,2025-05-04,7.5,26.1
YOGYAKARTA,2025-05-05,18.5,26.2
YOGYAKARTA,2025-05-06,16.3,25.6
YOGYAKARTA,2025-05-07,11.1,25.8
YOGYAKARTA,2025-05-08,16.1,25.8
YOGYAKARTA,2025-05-09,33.3,25.3
YOGYAKARTA,2025-05-10,4.9,25.9
YOGYAKARTA,2025-05-11,9.8,25.7
YOGYAKARTA,2025-05-12,14.7,25.8
YOGYAKARTA,2025-05-13,15.3,25.9
YOGYAKARTA,2025-05-14,12.6,26.0
YOGYAKARTA,2025-05-15,7.1,25.8
YOGYAKARTA,2025-05-16,7.3,25.7
YOGYAKARTA,2025-05-17,5.9,25.2
YOGYAKARTA,2025-05-18,21.7,25.7
YOGYAKARTA,2025-05-19,28.3,25.1
YOGYAKARTA,2025-05-20,4.1,26.4
YOGYAKARTA,2025-05-21,14.2,26.4
YOGYAKARTA,2025-05-22,14.9,25.6
YOGYAKARTA,2025-05-23,28.4,25.0
YOGYAKARTA,2025-05-24,11.2,26.1
YOGYAKARTA,2025-05-25,3.1,25.8
YOGYAKARTA,2025-05-26,13.0,25.5
YOGYAKARTA,2025-05-27,0.4,26.5
YOGYAKARTA,2025-05-28,1.5,26.9
YOGYAKARTA,2025-05-29,0.0,26.9
YOGYAKARTA,2025-05-30,5.3,26.2
YOGYAKARTA,2025-05-31,19.5,25.5
YOGYAKARTA,2025-06-01,4.0,26.3
YOGYAKARTA,2025-06-02,0.1,27.0
YOGYAKARTA,2025-06-03,0.9,26.9
YOGYAKARTA,2025-06-04,8.4,25.9
YOGYAKARTA,2025-06-05,2.1,26.2
YOGYAKARTA,2025-06-06,0.2,26.6
YOGYAKARTA,2025-06-07,0.0,26.8
YOGYAKARTA,2025-06-08,32.0,25.5
YOGYAKARTA,2025-06-09,0.4,25.9
YOGYAKARTA,2025-06-10,22.4,25.5
YOGYAKARTA,2025-06-11,23.0,25.9
YOGYAKARTA,2025-06-12,0.0,26.6
YOGYAKARTA,2025-06-13,0.6,26.3
YOGYAKARTA,2025-06-14,15.8,25.8
YOGYAKARTA,2025-06-15,6.2,26.4
YOGYAKARTA,2025-06-16,5.6,26.2
YOGYAKARTA,2025-06-17,1.9,26.5
YOGYAKARTA,2025-06-18,0.0,26.3
YOGYAKARTA,2025-06-19,0.0,25.1
YOGYAKARTA,2025-06-20,2.4,25.1
YOGYAKARTA,2025-06-21,13.1,25.3
YOGYAKARTA,2025-06-22,7.1,25.3
YOGYAKARTA,2025-06-23,1.2,26.0
YOGYAKARTA,2025-06-24,0.1,26.4
YOGYAKARTA,2025-06-25,2.2,26.2
YOGYAKARTA,2025-06-26,0.5,26.1
YOGYAKARTA,2025-06-27,5.0,25.7
YOGYAKARTA,2025-06-28,7.1,24.9
YOGYAKARTA,2025-06-29,4.1,25.3
YOGYAKARTA,2025-06-30,0.0,26.1
YOGYAKARTA,2025-07-01,1.2,26.1
YOGYAKARTA,2025-07-02,0.7,26.4
YOGYAKARTA,2025-07-03,5.1,25.6
YOGYAKARTA,2025-07-04,4.4,24.9
YOGYAKARTA,2025-07-05,2.9,25.4
YOGYAKARTA,2025-07-06,6.3,25.5
YOGYAKARTA,2025-07-07,11.6,25.5
YOGYAKARTA,2025-07-08,0.2,25.5
YOGYAKARTA,2025-07-09,0.8,23.9
YOGYAKARTA,2025-07-10,0.0,23.8
YOGYAKARTA,2025-07-11,0.0,24.1
YOGYAKARTA,2025-07-12,0.0,24.5
YOGYAKARTA,2025-07-13,3.8,25.0
YOGYAKARTA,2025-07-14,0.2,25.5
YOGYAKARTA,2025-07-15,4.2,25.4
YOGYAKARTA,2025-07-16,3.0,25.4
YOGYAKARTA,2025-07-17,0.1,25.0
YOGYAKARTA,2025-07-18,0.1,24.8
YOGYAKARTA,2025-07-19,0.0,24.2
YOGYAKARTA,2025-07-20,0.0,23.6
YOGYAKARTA,2025-07-21,0.0,23.8
YOGYAKARTA,2025-07-22,0.0,24.1
YOGYAKARTA,2025-07-23,0.3,25.3
YOGYAKARTA,2025-07-24,0.1,25.7
YOGYAKARTA,2025-07-25,0.8,26.0
YOGYAKARTA,2025-07-26,0.8,26.5
YOGYAKARTA,2025-07-27,5.5,25.9
YOGYAKARTA,2025-07-28,7.0,25.3
YOGYAKARTA,2025-07-29,3.9,25.5
YOGYAKARTA,2025-07-30,2.6,25.1
YOGYAKARTA,2025-07-31,0.6,25.5
YOGYAKARTA,2025-08-01,0.0,26.0
YOGYAKARTA,2025-08-02,3.3,26.1
YOGYAKARTA,2025-08-03,7.9,25.4
YOGYAKARTA,2025-08-04,18.3,25.1
YOGYAKARTA,2025-08-05,9.7,24.9
YOGYAKARTA,2025-08-06,0.0,25.7
YOGYAKARTA,2025-08-07,0.0,25.5
YOGYAKARTA,2025-08-08,1.1,26.5
YOGYAKARTA,2025-08-09,0.9,26.7
YOGYAKARTA,2025-08-10,3.4,26.1
YOGYAKARTA,2025-08-11,2.4,25.3
YOGYAKARTA,2025-08-12,8.2,25.0
YOGYAKARTA,2025-08-13,9.4,25.1
YOGYAKARTA,2025-08-14,0.0,25.3
YOGYAKARTA,2025-08-15,0.0,24.6
YOGYAKARTA,2025-08-16,0.0,26.1
YOGYAKARTA,2025-08-17,0.0,26.4
YOGYAKARTA,2025-08-18,1.2,26.7
YOGYAKARTA,2025-08-19,36.7,24.9
YOGYAKARTA,2025-08-20,1.6,25.7
YOGYAKARTA,2025-08-21,4.6,25.2
YOGYAKARTA,2025-08-22,3.2,25.7
YOGYAKARTA,2025-08-23,0.8,26.6
YOGYAKARTA,2025-08-24,1.7,25.8
YOGYAKARTA,2025-08-25,0.3,25.7
YOGYAKARTA,2025-08-26,0.0,25.6
YOGYAKARTA,2025-08-27,3.5,24.5
YOGYAKARTA,2025-08-28,4.1,24.8
YOGYAKARTA,2025-08-29,3.7,24.7
YOGYAKARTA,2025-08-30,2.1,25.5
YOGYAKARTA,2025-08-31,0.7,26.0
YOGYAKARTA,2025-09-01,0.1,25.8
YOGYAKARTA,2025-09-02,5.0,26.3
YOGYAKARTA,2025-09-03,0.1,26.8
YOGYAKARTA,2025-09-04,1.7,26.6
YOGYAKARTA,2025-09-05,0.0,26.7
YOGYAKARTA,2025-09-06,0.3,25.6
YOGYAKARTA,2025-09-07,0.2,25.4
YOGYAKARTA,2025-09-08,0.6,26.3
YOGYAKARTA,2025-09-09,4.8,25.6
YOGYAKARTA,2025-09-10,10.0,25.5
YOGYAKARTA,2025-09-11,19.8,25.0
YOGYAKARTA,2025-09-12,1.5,25.9
YOGYAKARTA,2025-09-13,0.2,26.2
YOGYAKARTA,2025-09-14,2.5,25.8
YOGYAKARTA,2025-09-15,6.3,25.4
YOGYAKARTA,2025-09-16,4.4,25.5
YOGYAKARTA,2025-09-17,4.6,25.6
YOGYAKARTA,2025-09-18,21.8,24.8
YOGYAKARTA,2025-09-19,16.4,25.4
YOGYAKARTA,2025-09-20,3.3,26.6
YOGYAKARTA,2025-09-21,8.1,25.8
YOGYAKARTA,2025-09-22,1.1,26.3
YOGYAKARTA,2025-09-23,0.0,25.9
YOGYAKARTA,2025-09-24,3.2,25.6
YOGYAKARTA,2025-09-25,5.0,25.9
YOGYAKARTA,2025-09-26,1.0,26.0
YOGYAKARTA,2025-09-27,1.2,27.3
YOGYAKARTA,2025-09-28,9.0,26.8
YOGYAKARTA,2025-09-29,17.9,25.5
YOGYAKARTA,2025-09-30,9.8,24.7
YOGYAKARTA,2025-10-01,6.5,25.8
YOGYAKARTA,2025-10-02,4.0,26.0
YOGYAKARTA,2025-10-03,0.9,26.1
YOGYAKARTA,2025-10-04,0.1,25.9
YOGYAKARTA,2025-10-05,3.2,26.2
YOGYAKARTA,2025-10-06,0.4,27.0
YOGYAKARTA,2025-10-07,1.5,26.5
YOGYAKARTA,2025-10-08,2.7,26.2
YOGYAKARTA,2025-10-09,6.2,25.6
YOGYAKARTA,2025-10-10,1.6,26.1
YOGYAKARTA,2025-10-11,1.6,25.8
YOGYAKARTA,2025-10-12,7.7,26.6
YOGYAKARTA,2025-10-13,17.6,26.5
YOGYAKARTA,2025-10-14,4.5,26.7
YOGYAKARTA,2025-10-15,14.4,26.7
YOGYAKARTA,2025-10-16,1.9,26.6
YOGYAKARTA,2025-10-17,5.3,26.0
YOGYAKARTA,2025-10-18,2.3,26.1
YOGYAKARTA,2025-10-19,15.2,26.0
YOGYAKARTA,2025-10-20,25.8,25.4
YOGYAKARTA,2025-10-21,31.1,25.1
YOGYAKARTA,2025-10-22,19.8,25.0
YOGYAKARTA,2025-10-23,20.0,24.5
YOGYAKARTA,2025-10-24,34.6,24.3
YOGYAKARTA,2025-10-25,11.0,24.2
YOGYAKARTA,2025-10-26,45.2,24.5
YOGYAKARTA,2025-10-27,10.8,25.2
YOGYAKARTA,2025-10-28,17.7,24.8
YOGYAKARTA,2025-10-29,3.8,25.3
YOGYAKARTA,2025-10-30,7.0,25.3
YOGYAKARTA,2025-10-31,21.5,24.9
YOGYAKARTA,2025-11-01,24.8,26.1
YOGYAKARTA,2025-11-02,20.7,25.3
YOGYAKARTA,2025-11-03,8.4,25.5
YOGYAKARTA,2025-11-04,8.2,25.3
YOGYAKARTA,2025-11-05,15.7,24.9
YOGYAKARTA,2025-11-06,24.2,25.1
YOGYAKARTA,2025-11-07,3.0,26.1
YOGYAKARTA,2025-11-08,33.8,25.7
YOGYAKARTA,2025-11-09,19.1,25.8
YOGYAKARTA,2025-11-10,18.8,25.8
YOGYAKARTA,2025-11-11,22.6,25.2
YOGYAKARTA,2025-11-12,29.1,24.4
YOGYAKARTA,2025-11-13,15.5,25.1
YOGYAKARTA,2025-11-14,8.6,24.7
YOGYAKARTA,2025-11-15,9.0,25.1
YOGYAKARTA,2025-11-16,13.5,26.0
YOGYAKARTA,2025-11-17,6.1,26.1
YOGYAKARTA,2025-11-18,26.5,25.8
YOGYAKARTA,2025-11-19,17.7,25.1
YOGYAKARTA,2025-11-20,18.4,25.8
YOGYAKARTA,2025-11-21,27.0,25.2
YOGYAKARTA,2025-11-22,2.5,25.8
YOGYAKARTA,2025-11-23,20.0,25.5
YOGYAKARTA,2025-11-24,6.6,25.8
YOGYAKARTA,2025-11-25,0.0,26.3
YOGYAKARTA,2025-11-26,6.1,25.4
YOGYAKARTA,2025-11-27,1.9,26.0
YOGYAKARTA,2025-11-28,0.3,26.2
YOGYAKARTA,2025-11-29,0.6,25.8
YOGYAKARTA,2025-11-30,0.2,26.2
YOGYAKARTA,2025-12-01,3.2,26.8
YOGYAKARTA,2025-12-02,26.7,25.9
YOGYAKARTA,2025-12-03,17.6,25.3
YOGYAKARTA,2025-12-04,8.7,24.6
YOGYAKARTA,2025-12-05,13.5,25.0
YOGYAKARTA,2025-12-06,26.7,24.5
YOGYAKARTA,2025-12-07,1.9,25.8
YOGYAKARTA,2025-12-08,4.2,25.3
YOGYAKARTA,2025-12-09,7.5,25.3
YOGYAKARTA,2025-12-10,0.2,26.9
YOGYAKARTA,2025-12-11,0.8,26.8
YOGYAKARTA,2025-12-12,1.0,26.5
YOGYAKARTA,2025-12-13,0.7,26.7
YOGYAKARTA,2025-12-14,1.3,26.8
YOGYAKARTA,2025-12-15,4.1,26.4
YOGYAKARTA,2025-12-16,2.4,26.6
YOGYAKARTA,2025-12-17,2.3,26.2
YOGYAKARTA,2025-12-18,5.3,26.1
YOGYAKARTA,2025-12-19,0.7,26.8
YOGYAKARTA,2025-12-20,16.1,26.2
YOGYAKARTA,2025-12-21,4.7,26.5
YOGYAKARTA,2025-12-22,6.8,26.7
YOGYAKARTA,2025-12-23,1.3,27.9
YOGYAKARTA,2025-12-24,1.0,27.4
YOGYAKARTA,2025-12-25,2.4,27.3
YOGYAKARTA,2025-12-26,3.0,26.1
YOGYAKARTA,2025-12-27,14.5,25.2
YOGYAKARTA,2025-12-28,3.0,27.0
YOGYAKARTA,2025-12-29,0.5,26.7
YOGYAKARTA,2025-12-30,3.5,26.8
YOGYAKARTA,2025-12-31,7.4,25.9
YOGYAKARTA,2026-01-01,48.2,25.6
YOGYAKARTA,2026-01-02,3.0,26.2
YOGYAKARTA,2026-01-03,12.3,25.1
YOGYAKARTA,2026-01-04,10.2,25.6
YOGYAKARTA,2026-01-05,1.0,26.4
YOGYAKARTA,2026-01-06,0.0,27.2
YOGYAKARTA,2026-01-07,0.8,27.2
YOGYAKARTA,2026-01-08,3.4,26.6
YOGYAKARTA,2026-01-09,18.4,25.1
YOGYAKARTA,2026-01-10,17.4,24.2
YOGYAKARTA,2026-01-11,3.3,24.8
YOGYAKARTA,2026-01-12,17.6,25.1
YOGYAKARTA,2026-01-13,2.3,25.5
YOGYAKARTA,2026-01-14,9.6,25.3
YOGYAKARTA,2026-01-15,6.6,24.9
YOGYAKARTA,2026-01-16,10.8,25.2
YOGYAKARTA,2026-01-17,18.7,25.5
YOGYAKARTA,2026-01-18,27.4,25.3
YOGYAKARTA,2026-01-19,11.6,25.5
YOGYAKARTA,2026-01-20,4.3,25.5
YOGYAKARTA,2026-01-21,7.2,25.1
YOGYAKARTA,2026-01-22,10.5,25.4
YOGYAKARTA,2026-01-23,12.9,25.3
YOGYAKARTA,2026-01-24,0.3,27.6
YOGYAKARTA,2026-01-25,2.3,26.2
YOGYAKARTA,2026-01-26,3.4,26.1
YOGYAKARTA,2026-01-27,16.3,25.3
YOGYAKARTA,2026-01-28,15.6,25.1
YOGYAKARTA,2026-01-29,15.2,25.5
YOGYAKARTA,2026-01-30,13.1,25.3
YOGYAKARTA,2026-01-31,7.5,26.2
YOGYAKARTA,2026-02-01,1.8,25.4
YOGYAKARTA,2026-02-02,4.6,25.8
YOGYAKARTA,2026-02-03,5.2,25.5
YOGYAKARTA,2026-02-04,8.4,25.4
YOGYAKARTA,2026-02-05,3.3,25.5
YOGYAKARTA,2026-02-06,4.8,25.6
YOGYAKARTA,2026-02-07,8.8,25.7
YOGYAKARTA,2026-02-08,5.1,25.7
YOGYAKARTA,2026-02-09,2.7,25.7
YOGYAKARTA,2026-02-10,10.1,25.8
YOGYAKARTA,2026-02-11,18.7,25.5
YOGYAKARTA,2026-02-12,11.8,25.5
YOGYAKARTA,2026-02-13,11.5,25.4
YOGYAKARTA,2026-02-14,14.7,25.4
YOGYAKARTA,2026-02-15,15.8,25.8
YOGYAKARTA,2026-02-16,10.7,25.1
YOGYAKARTA,2026-02-17,4.0,26.2
YOGYAKARTA,2026-02-18,10.2,25.5
YOGYAKARTA,2026-02-19,17.7,26.1
YOGYAKARTA,2026-02-20,5.9,25.9
YOGYAKARTA,2026-02-21,8.6,26.0
YOGYAKARTA,2026-02-22,33.6,25.0
YOGYAKARTA,2026-02-23,27.9,24.7
YOGYAKARTA,2026-02-24,1.6,25.6
YOGYAKARTA,2026-02-25,9.9,26.0
YOGYAKARTA,2026-02-26,11.0,25.2
YOGYAKARTA,2026-02-27,15.5,24.5
YOGYAKARTA,2026-02-28,20.1,25.1
YOGYAKARTA,2026-03-01,3.2,25.9
YOGYAKARTA,2026-03-02,22.9,25.2
YOGYAKARTA,2026-03-03,27.3,24.8
YOGYAKARTA,2026-03-04,10.1,25.4
YOGYAKARTA,2026-03-05,17.4,24.6
YOGYAKARTA,2026-03-06,3.2,26.0
YOGYAKARTA,2026-03-07,19.5,25.8
YOGYAKARTA,2026-03-08,16.6,25.4
YOGYAKARTA,2026-03-09,5.0,26.3
YOGYAKARTA,2026-03-10,0.5,26.6
YOGYAKARTA,2026-03-11,1.2,26.4
YOGYAKARTA,2026-03-12,0.3,26.6
YOGYAKARTA,2026-03-13,0.0,26.9
YOGYAKARTA,2026-03-14,2.7,26.6
YOGYAKARTA,2026-03-15,12.8,25.2
YOGYAKARTA,2026-03-16,12.7,25.5
YOGYAKARTA,2026-03-17,4.8,26.3
YOGYAKARTA,2026-03-18,0.0,26.8
YOGYAKARTA,2026-03-19,3.4,26.3
YOGYAKARTA,2026-03-20,6.8,26.2
YOGYAKARTA,2026-03-21,1.9,26.6
YOGYAKARTA,2026-03-22,0.6,26.2
YOGYAKARTA,2026-03-23,1.0,26.3
YOGYAKARTA,2026-03-24,4.1,26.5
YOGYAKARTA,2026-03-25,3.1,26.2
YOGYAKARTA,2026-03-26,2.9,25.7
YOGYAKARTA,2026-03-27,5.3,25.9
YOGYAKARTA,2026-03-28,28.2,25.9
YOGYAKARTA,2026-03-29,17.2,26.3
YOGYAKARTA,2026-03-30,20.3,25.0
YOGYAKARTA,2026-03-31,4.2,26.3
MEDAN,2025-03-15,4.7,26.1
MEDAN,2025-03-16,2.8,25.9
MEDAN,2025-03-17,0.7,26.8
MEDAN,2025-03-18,2.2,26.9
MEDAN,2025-03-19,7.1,26.2
MEDAN,2025-03-20,3.8,25.5
MEDAN,2025-03-21,3.6,25.6
MEDAN,2025-03-22,7.3,26.0
MEDAN,2025-03-23,26.3,25.5
MEDAN,2025-03-24,9.5,25.8
MEDAN,2025-03-25,3.2,26.7
MEDAN,2025-03-26,6.9,26.9
MEDAN,2025-03-27,12.4,26.2
MEDAN,2025-03-28,17.0,25.9
MEDAN,2025-03-29,15.6,26.4
MEDAN,2025-03-30,25.0,26.3
MEDAN,2025-03-31,28.9,25.6
MEDAN,2025-04-01,1.8,26.1
MEDAN,2025-04-02,15.7,26.2
MEDAN,2025-04-03,28.2,25.8
MEDAN,2025-04-04,27.6,25.4
MEDAN,2025-04-05,9.4,26.1
MEDAN,2025-04-06,11.4,25.3
MEDAN,2025-04-07,15.1,25.2
MEDAN,2025-04-08,15.4,26.4
MEDAN,2025-04-09,7.6,26.1
MEDAN,2025-04-10,18.6,26.2
MEDAN,2025-04-11,30.5,25.7
MEDAN,2025-04-12,11.0,25.5
MEDAN,2025-04-13,2.6,27.0
MEDAN,2025-04-14,3.6,26.6
MEDAN,2025-04-15,4.4,26.8
MEDAN,2025-04-16,7.0,26.6
MEDAN,2025-04-17,10.8,27.1
MEDAN,2025-04-18,12.6,26.8
MEDAN,2025-04-19,28.2,26.3
MEDAN,2025-04-20,21.6,25.3
MEDAN,2025-04-21,11.7,26.5
MEDAN,2025-04-22,3.7,26.2
MEDAN,2025-04-23,29.4,25.9
MEDAN,2025-04-24,6.7,26.3
MEDAN,2025-04-25,17.7,26.3
MEDAN,2025-04-26,13.7,26.3
MEDAN,2025-04-27,17.7,25.7
MEDAN,2025-04-28,19.8,25.5
MEDAN,2025-04-29,11.6,25.8
MEDAN,2025-04-30,11.9,25.8
MEDAN,2025-05-01,11.7,26.2
MEDAN,2025-05-02,8.7,26.6
MEDAN,2025-05-03,13.8,26.3
MEDAN,2025-05-04,30.1,26.1
MEDAN,2025-05-05,15.3,25.9
MEDAN,2025-05-06,27.3,26.0
MEDAN,2025-05-07,6.6,26.1
MEDAN,2025-05-08,7.1,26.2
MEDAN,2025-05-09,7.9,26.9
MEDAN,2025-05-10,7.0,26.7
MEDAN,2025-05-11,11.5,26.9
MEDAN,2025-05-12,14.4,26.9
MEDAN,2025-05-13,2.6,27.2
MEDAN,2025-05-14,5.3,27.0
MEDAN,2025-05-15,11.6,27.1
MEDAN,2025-05-16,5.3,27.5
MEDAN,2025-05-17,22.8,26.7
MEDAN,2025-05-18,22.1,27.0
MEDAN,2025-05-19,4.5,26.1
MEDAN,2025-05-20,23.0,26.4
MEDAN,2025-05-21,23.9,26.4
MEDAN,2025-05-22,5.6,26.5
MEDAN,2025-05-23,19.9,26.8
MEDAN,2025-05-24,20.6,26.7
MEDAN,2025-05-25,0.6,26.8
MEDAN,2025-05-26,20.3,26.2
MEDAN,2025-05-27,1.4,27.4
MEDAN,2025-05-28,19.1,28.1
MEDAN,2025-05-29,1.4,27.0
MEDAN,2025-05-30,7.6,27.1
MEDAN,2025-05-31,3.9,27.8
MEDAN,2025-06-01,11.8,27.9
MEDAN,2025-06-02,1.2,27.9
MEDAN,2025-06-03,9.7,27.1
MEDAN,2025-06-04,13.0,26.5
MEDAN,2025-06-05,21.2,26.6
MEDAN,2025-06-06,5.7,26.9
MEDAN,2025-06-07,11.8,26.4
MEDAN,2025-06-08,5.1,26.7
MEDAN,2025-06-09,18.9,26.6
MEDAN,2025-06-10,0.0,27.0
MEDAN,2025-06-11,0.0,26.8
MEDAN,2025-06-12,4.6,27.5
MEDAN,2025-06-13,0.8,28.2
MEDAN,2025-06-14,5.1,27.8
MEDAN,2025-06-15,7.5,26.7
MEDAN,2025-06-16,16.9,26.0
MEDAN,2025-06-17,6.7,26.7
MEDAN,2025-06-18,1.3,26.7
MEDAN,2025-06-19,13.4,27.2
MEDAN,2025-06-20,0.2,26.6
MEDAN,2025-06-21,0.6,27.2
MEDAN,2025-06-22,2.8,26.8
MEDAN,2025-06-23,3.6,27.0
MEDAN,2025-06-24,0.3,27.3
MEDAN,2025-06-25,0.0,28.0
MEDAN,2025-06-26,4.8,28.4
MEDAN,2025-06-27,0.0,27.8
MEDAN,2025-06-28,3.4,27.3
MEDAN,2025-06-29,1.1,27.0
MEDAN,2025-06-30,9.6,27.4
MEDAN,2025-07-01,9.8,26.8
MEDAN,2025-07-02,20.0,26.6
MEDAN,2025-07-03,22.8,25.9
MEDAN,2025-07-04,0.6,27.3
MEDAN,2025-07-05,10.6,27.2
MEDAN,2025-07-06,0.1,27.4
MEDAN,2025-07-07,7.8,27.1
MEDAN,2025-07-08,1.4,25.9
MEDAN,2025-07-09,0.1,26.7
MEDAN,2025-07-10,20.2,26.9
MEDAN,2025-07-11,6.2,27.4
MEDAN,2025-07-12,24.0,26.4
MEDAN,2025-07-13,2.4,27.0
MEDAN,2025-07-14,4.8,27.3
MEDAN,2025-07-15,1.7,26.9
MEDAN,2025-07-16,0.0,27.7
MEDAN,2025-07-17,0.0,28.4
MEDAN,2025-07-18,0.0,27.8
MEDAN,2025-07-19,0.0,28.8
MEDAN,2025-07-20,0.0,28.9
MEDAN,2025-07-21,0.0,29.4
MEDAN,2025-07-22,0.0,29.7
MEDAN,2025-07-23,0.6,29.5
MEDAN,2025-07-24,11.8,28.5
MEDAN,2025-07-25,8.2,27.3
MEDAN,2025-07-26,1.9,27.8
MEDAN,2025-07-27,3.7,27.7
MEDAN,2025-07-28,8.9,28.4
MEDAN,2025-07-29,3.0,28.2
MEDAN,2025-07-30,2.1,27.7
MEDAN,2025-07-31,1.4,28.2
MEDAN,2025-08-01,5.7,27.4
MEDAN,2025-08-02,0.2,28.3
MEDAN,2025-08-03,2.2,28.4
MEDAN,2025-08-04,7.6,26.4
MEDAN,2025-08-05,3.3,27.3
MEDAN,2025-08-06,17.8,26.7
MEDAN,2025-08-07,19.9,26.0
MEDAN,2025-08-08,25.4,25.8
MEDAN,2025-08-09,16.9,26.1
MEDAN,2025-08-10,34.6,25.6
MEDAN,2025-08-11,4.1,25.7
MEDAN,2025-08-12,0.7,26.7
MEDAN,2025-08-13,17.0,26.6
MEDAN,2025-08-14,45.3,25.8
MEDAN,2025-08-15,4.4,25.4
MEDAN,2025-08-16,0.3,26.5
MEDAN,2025-08-17,0.0,27.3
MEDAN,2025-08-18,2.2,27.1
MEDAN,2025-08-19,4.2,26.9
MEDAN,2025-08-20,1.2,27.0
MEDAN,2025-08-21,4.6,25.6
MEDAN,2025-08-22,10.2,26.1
MEDAN,2025-08-23,11.7,25.8
MEDAN,2025-08-24,13.9,26.1
MEDAN,2025-08-25,6.1,26.9
MEDAN,2025-08-26,3.6,27.2
MEDAN,2025-08-27,28.2,26.3
MEDAN,2025-08-28,3.3,25.3
MEDAN,2025-08-29,9.3,25.8
MEDAN,2025-08-30,14.2,26.5
MEDAN,2025-08-31,2.9,27.1
MEDAN,2025-09-01,18.4,26.4
MEDAN,2025-09-02,8.2,26.2
MEDAN,2025-09-03,18.6,25.8
MEDAN,2025-09-04,15.8,25.4
MEDAN,2025-09-05,0.0,26.2
MEDAN,2025-09-06,1.6,26.7
MEDAN,2025-09-07,2.5,26.7
MEDAN,2025-09-08,9.4,27.0
MEDAN,2025-09-09,3.3,26.2
MEDAN,2025-09-10,10.3,26.2
MEDAN,2025-09-11,6.9,26.5
MEDAN,2025-09-12,20.9,24.6
MEDAN,2025-09-13,5.4,25.8
MEDAN,2025-09-14,40.1,25.6
MEDAN,2025-09-15,20.5,25.6
MEDAN,2025-09-16,7.5,26.3
MEDAN,2025-09-17,1.6,26.4
MEDAN,2025-09-18,8.4,26.1
MEDAN,2025-09-19,5.4,25.6
MEDAN,2025-09-20,6.0,26.2
MEDAN,2025-09-21,0.9,27.2
MEDAN,2025-09-22,18.4,25.8
MEDAN,2025-09-23,4.1,26.3
MEDAN,2025-09-24,10.5,25.8
MEDAN,2025-09-25,1.7,26.2
MEDAN,2025-09-26,13.0,26.2
MEDAN,2025-09-27,16.2,25.8
MEDAN,2025-09-28,3.6,26.1
MEDAN,2025-09-29,17.0,26.3
MEDAN,2025-09-30,1.9,26.9
MEDAN,2025-10-01,6.8,26.0
MEDAN,2025-10-02,1.9,26.7
MEDAN,2025-10-03,21.0,24.8
MEDAN,2025-10-04,23.3,25.5
MEDAN,2025-10-05,3.7,26.0
MEDAN,2025-10-06,16.6,25.9
MEDAN,2025-10-07,8.3,25.5
MEDAN,2025-10-08,12.8,26.1
MEDAN,2025-10-09,18.6,25.9
MEDAN,2025-10-10,35.3,25.9
MEDAN,2025-10-11,68.3,25.4
MEDAN,2025-10-12,30.9,25.6
MEDAN,2025-10-13,22.4,25.9
MEDAN,2025-10-14,14.2,26.1
MEDAN,2025-10-15,19.4,26.2
MEDAN,2025-10-16,11.9,26.2
MEDAN,2025-10-17,3.5,25.8
MEDAN,2025-10-18,38.7,25.7
MEDAN,2025-10-19,21.1,25.4
MEDAN,2025-10-20,10.9,25.0
MEDAN,2025-10-21,9.1,26.1
MEDAN,2025-10-22,4.4,24.5
MEDAN,2025-10-23,4.1,25.7
MEDAN,2025-10-24,5.2,25.8
MEDAN,2025-10-25,5.0,25.9
MEDAN,2025-10-26,3.2,27.0
MEDAN,2025-10-27,8.6,26.5
MEDAN,2025-10-28,2.9,26.9
MEDAN,2025-10-29,3.5,26.8
MEDAN,2025-10-30,5.3,27.1
MEDAN,2025-10-31,4.2,26.6
MEDAN,2025-11-01,1.8,27.4
MEDAN,2025-11-02,10.0,27.0
MEDAN,2025-11-03,7.7,25.8
MEDAN,2025-11-04,5.1,26.5
MEDAN,2025-11-05,1.7,26.9
MEDAN,2025-11-06,11.4,26.8
MEDAN,2025-11-07,8.1,26.3
MEDAN,2025-11-08,9.9,26.6
MEDAN,2025-11-09,4.1,26.4
MEDAN,2025-11-10,36.3,26.1
MEDAN,2025-11-11,18.2,25.8
MEDAN,2025-11-12,21.3,25.3
MEDAN,2025-11-13,21.2,25.0
MEDAN,2025-11-14,19.4,25.4
MEDAN,2025-11-15,13.7,25.2
MEDAN,2025-11-16,25.5,25.3
MEDAN,2025-11-17,11.4,25.7
MEDAN,2025-11-18,3.2,25.4
MEDAN,2025-11-19,9.9,25.0
MEDAN,2025-11-20,17.2,25.2
MEDAN,2025-11-21,16.3,25.6
MEDAN,2025-11-22,6.3,25.8
MEDAN,2025-11-23,6.3,24.9
MEDAN,2025-11-24,44.4,24.1
MEDAN,2025-11-25,89.5,23.7
MEDAN,2025-11-26,77.3,24.6
MEDAN,2025-11-27,129.7,23.3
MEDAN,2025-11-28,25.9,23.2
MEDAN,2025-11-29,0.5,25.3
MEDAN,2025-11-30,1.2,26.3
MEDAN,2025-12-01,2.8,26.1
MEDAN,2025-12-02,29.7,25.3
MEDAN,2025-12-03,14.5,25.8
MEDAN,2025-12-04,20.5,25.5
MEDAN,2025-12-05,15.7,25.5
MEDAN,2025-12-06,17.4,25.2
MEDAN,2025-12-07,19.9,24.4
MEDAN,2025-12-08,2.5,25.5
MEDAN,2025-12-09,5.2,24.6
MEDAN,2025-12-10,1.4,26.2
MEDAN,2025-12-11,0.5,26.5
MEDAN,2025-12-12,17.9,25.6
MEDAN,2025-12-13,26.6,24.9
MEDAN,2025-12-14,8.8,24.6
MEDAN,2025-12-15,9.8,24.5
MEDAN,2025-12-16,16.9,25.0
MEDAN,2025-12-17,24.0,24.4
MEDAN,2025-12-18,16.6,24.7
MEDAN,2025-12-19,26.2,24.8
MEDAN,2025-12-20,10.2,25.4
MEDAN,2025-12-21,8.8,25.5
MEDAN,2025-12-22,5.0,25.4
MEDAN,2025-12-23,0.7,26.3
MEDAN,2025-12-24,6.0,25.9
MEDAN,2025-12-25,16.4,25.5
MEDAN,2025-12-26,7.4,25.8
MEDAN,2025-12-27,6.8,25.5
MEDAN,2025-12-28,4.0,25.8
MEDAN,2025-12-29,11.3,26.1
MEDAN,2025-12-30,7.1,25.3
MEDAN,2025-12-31,11.0,26.1
MEDAN,2026-01-01,14.5,25.7
MEDAN,2026-01-02,22.5,24.5
MEDAN,2026-01-03,3.3,25.5
MEDAN,2026-01-04,7.3,26.1
MEDAN,2026-01-05,12.7,25.3
MEDAN,2026-01-06,15.1,25.4
MEDAN,2026-01-07,29.4,25.5
MEDAN,2026-01-08,48.5,23.8
MEDAN,2026-01-09,13.0,24.5
MEDAN,2026-01-10,0.9,25.4
MEDAN,2026-01-11,1.9,25.6
MEDAN,2026-01-12,2.3,25.8
MEDAN,2026-01-13,3.0,25.8
MEDAN,2026-01-14,2.5,25.8
MEDAN,2026-01-15,1.6,26.1
MEDAN,2026-01-16,1.2,26.1
MEDAN,2026-01-17,2.2,26.0
MEDAN,2026-01-18,3.5,25.6
MEDAN,2026-01-19,4.9,25.3
MEDAN,2026-01-20,4.5,25.1
MEDAN,2026-01-21,0.3,25.3
MEDAN,2026-01-22,1.7,25.7
MEDAN,2026-01-23,1.5,25.8
MEDAN,2026-01-24,1.6,25.6
MEDAN,2026-01-25,0.6,26.1
MEDAN,2026-01-26,6.8,26.1
MEDAN,2026-01-27,2.1,26.1
MEDAN,2026-01-28,4.1,26.0
MEDAN,2026-01-29,6.1,26.5
MEDAN,2026-01-30,6.2,25.0
MEDAN,2026-01-31,2.1,26.2
MEDAN,2026-02-01,1.1,26.2
MEDAN,2026-02-02,4.9,25.4
MEDAN,2026-02-03,13.2,25.3
MEDAN,2026-02-04,16.5,25.0
MEDAN,2026-02-05,7.6,26.2
MEDAN,2026-02-06,4.8,24.8
MEDAN,2026-02-07,1.7,26.6
MEDAN,2026-02-08,2.7,26.0
MEDAN,2026-02-09,10.6,26.0
MEDAN,2026-02-10,3.8,26.2
MEDAN,2026-02-11,0.3,26.7
MEDAN,2026-02-12,9.3,26.0
MEDAN,2026-02-13,11.9,25.8
MEDAN,2026-02-14,20.3,25.7
MEDAN,2026-02-15,14.3,25.9
MEDAN,2026-02-16,35.4,24.9
MEDAN,2026-02-17,19.2,24.8
MEDAN,2026-02-18,11.0,25.0
MEDAN,2026-02-19,16.8,25.2
MEDAN,2026-02-20,0.6,26.6
MEDAN,2026-02-21,14.1,26.0
MEDAN,2026-02-22,1.7,26.6
MEDAN,2026-02-23,1.4,26.7
MEDAN,2026-02-24,0.9,26.8
MEDAN,2026-02-25,0.7,27.3
MEDAN,2026-02-26,5.8,26.0
MEDAN,2026-02-27,13.3,26.3
MEDAN,2026-02-28,0.1,27.2
MEDAN,2026-03-01,3.3,26.9
MEDAN,2026-03-02,7.1,26.4
MEDAN,2026-03-03,9.6,26.3
MEDAN,2026-03-04,1.6,27.2
MEDAN,2026-03-05,0.6,27.0
MEDAN,2026-03-06,0.4,27.5
MEDAN,2026-03-07,0.2,27.9
MEDAN,2026-03-08,2.2,27.8
MEDAN,2026-03-09,2.2,27.6
MEDAN,2026-03-10,2.3,26.0
MEDAN,2026-03-11,2.4,26.8
MEDAN,2026-03-12,4.1,27.2
MEDAN,2026-03-13,11.2,26.9
MEDAN,2026-03-14,49.7,25.0
MEDAN,2026-03-15,4.0,26.0
MEDAN,2026-03-16,5.2,26.2
MEDAN,2026-03-17,4.8,26.5
MEDAN,2026-03-18,3.4,26.9
MEDAN,2026-03-19,2.6,26.0
MEDAN,2026-03-20,6.0,26.3
MEDAN,2026-03-21,1.1,27.8
MEDAN,2026-03-22,2.2,28.2
MEDAN,2026-03-23,1.2,28.4
MEDAN,2026-03-24,0.9,28.9
MEDAN,2026-03-25,2.5,28.7
MEDAN,2026-03-26,1.0,28.7
MEDAN,2026-03-27,1.4,29.2
MEDAN,2026-03-28,22.3,26.7
MEDAN,2026-03-29,11.3,26.3
MEDAN,2026-03-30,3.5,26.6
MEDAN,2026-03-31,7.0,26.4
KISARAN,2025-03-15,8.5,26.2
KISARAN,2025-03-16,8.3,25.9
KISARAN,2025-03-17,12.9,26.0
KISARAN,2025-03-18,2.7,26.2
KISARAN,2025-03-19,3.5,26.3
KISARAN,2025-03-20,10.3,25.1
KISARAN,2025-03-21,14.3,25.2
KISARAN,2025-03-22,2.3,25.8
KISARAN,2025-03-23,31.6,25.5
KISARAN,2025-03-24,8.7,26.1
KISARAN,2025-03-25,8.4,26.1
KISARAN,2025-03-26,3.3,26.9
KISARAN,2025-03-27,10.6,26.2
KISARAN,2025-03-28,27.4,25.6
KISARAN,2025-03-29,17.1,26.0
KISARAN,2025-03-30,16.0,26.2
KISARAN,2025-03-31,29.7,25.1
KISARAN,2025-04-01,4.7,26.3
KISARAN,2025-04-02,27.1,25.9
KISARAN,2025-04-03,23.3,25.6
KISARAN,2025-04-04,8.8,25.2
KISARAN,2025-04-05,8.5,25.9
KISARAN,2025-04-06,18.9,25.4
KISARAN,2025-04-07,21.2,24.9
KISARAN,2025-04-08,17.8,26.1
KISARAN,2025-04-09,13.1,25.7
KISARAN,2025-04-10,25.8,26.0
KISARAN,2025-04-11,10.1,25.2
KISARAN,2025-04-12,20.0,25.2
KISARAN,2025-04-13,0.1,26.7
KISARAN,2025-04-14,3.7,26.7
KISARAN,2025-04-15,9.2,26.8
KISARAN,2025-04-16,3.8,26.3
KISARAN,2025-04-17,8.8,27.0
KISARAN,2025-04-18,4.0,26.5
KISARAN,2025-04-19,10.3,26.5
KISARAN,2025-04-20,38.0,25.5
KISARAN,2025-04-21,5.9,26.3
KISARAN,2025-04-22,4.2,26.1
KISARAN,2025-04-23,16.2,25.6
KISARAN,2025-04-24,12.1,26.1
KISARAN,2025-04-25,16.2,26.1
KISARAN,2025-04-26,8.4,26.3
KISARAN,2025-04-27,28.0,25.7
KISARAN,2025-04-28,18.5,25.0
KISARAN,2025-04-29,4.8,26.0
KISARAN,2025-04-30,13.8,25.2
KISARAN,2025-05-01,10.8,25.8
KISARAN,2025-05-02,17.4,25.7
KISARAN,2025-05-03,23.0,25.7
KISARAN,2025-05-04,19.1,25.9
KISARAN,2025-05-05,13.7,25.6
KISARAN,2025-05-06,1.3,26.7
KISARAN,2025-05-07,7.0,26.3
KISARAN,2025-05-08,15.6,25.8
KISARAN,2025-05-09,5.3,27.0
KISARAN,2025-05-10,14.5,26.4
KISARAN,2025-05-11,10.0,26.4
KISARAN,2025-05-12,13.9,26.6
KISARAN,2025-05-13,4.4,27.5
KISARAN,2025-05-14,2.1,27.6
KISARAN,2025-05-15,19.4,27.7
KISARAN,2025-05-16,22.1,27.2
KISARAN,2025-05-17,20.6,26.7
KISARAN,2025-05-18,12.2,26.7
KISARAN,2025-05-19,10.4,25.9
KISARAN,2025-05-20,23.6,26.1
KISARAN,2025-05-21,10.3,26.5
KISARAN,2025-05-22,2.8,26.8
KISARAN,2025-05-23,10.2,26.4
KISARAN,2025-05-24,16.8,26.7
KISARAN,2025-05-25,0.2,27.2
KISARAN,2025-05-26,4.2,26.9
KISARAN,2025-05-27,2.0,27.4
KISARAN,2025-05-28,10.5,27.8
KISARAN,2025-05-29,15.9,26.4
KISARAN,2025-05-30,10.8,27.5
KISARAN,2025-05-31,0.2,26.4
KISARAN,2025-06-01,13.4,27.4
KISARAN,2025-06-02,0.2,27.9
KISARAN,2025-06-03,8.7,27.2
KISARAN,2025-06-04,6.8,26.7
KISARAN,2025-06-05,20.8,26.2
KISARAN,2025-06-06,9.0,26.5
KISARAN,2025-06-07,5.6,26.4
KISARAN,2025-06-08,5.6,26.7
KISARAN,2025-06-09,5.6,26.8
KISARAN,2025-06-10,6.3,26.5
KISARAN,2025-06-11,0.0,27.5
KISARAN,2025-06-12,1.3,27.8
KISARAN,2025-06-13,0.0,28.0
KISARAN,2025-06-14,0.3,28.2
KISARAN,2025-06-15,10.4,27.2
KISARAN,2025-06-16,21.6,26.1
KISARAN,2025-06-17,9.0,26.8
KISARAN,2025-06-18,2.7,26.4
KISARAN,2025-06-19,0.0,27.3
KISARAN,2025-06-20,0.0,26.7
KISARAN,2025-06-21,0.1,27.1
KISARAN,2025-06-22,1.3,26.8
KISARAN,2025-06-23,0.0,26.9
KISARAN,2025-06-24,0.2,27.5
KISARAN,2025-06-25,0.0,28.1
KISARAN,2025-06-26,0.0,28.3
KISARAN,2025-06-27,0.6,27.2
KISARAN,2025-06-28,1.5,26.6
KISARAN,2025-06-29,0.5,26.9
KISARAN,2025-06-30,1.3,27.0
KISARAN,2025-07-01,2.5,27.2
KISARAN,2025-07-02,3.1,26.9
KISARAN,2025-07-03,1.6,26.0
KISARAN,2025-07-04,0.7,26.8
KISARAN,2025-07-05,0.5,27.3
KISARAN,2025-07-06,0.6,27.3
KISARAN,2025-07-07,14.0,27.2
KISARAN,2025-07-08,12.3,25.5
KISARAN,2025-07-09,0.0,26.6
KISARAN,2025-07-10,0.8,26.4
KISARAN,2025-07-11,5.4,27.0
KISARAN,2025-07-12,7.8,26.3
KISARAN,2025-07-13,0.0,27.1
KISARAN,2025-07-14,6.5,27.2
KISARAN,2025-07-15,0.3,27.1
KISARAN,2025-07-16,0.0,27.7
KISARAN,2025-07-17,0.0,27.8
KISARAN,2025-07-18,0.0,27.1
KISARAN,2025-07-19,0.0,27.7
KISARAN,2025-07-20,2.2,26.9
KISARAN,2025-07-21,5.0,27.7
KISARAN,2025-07-22,1.0,27.5
KISARAN,2025-07-23,1.3,27.5
KISARAN,2025-07-24,11.3,26.8
KISARAN,2025-07-25,4.7,25.7
KISARAN,2025-07-26,3.7,26.3
KISARAN,2025-07-27,2.7,26.5
KISARAN,2025-07-28,0.1,27.6
KISARAN,2025-07-29,0.2,28.1
KISARAN,2025-07-30,11.2,27.3
KISARAN,2025-07-31,0.5,27.7
KISARAN,2025-08-01,5.0,27.3
KISARAN,2025-08-02,9.7,27.7
KISARAN,2025-08-03,0.3,27.1
KISARAN,2025-08-04,18.8,26.1
KISARAN,2025-08-05,0.6,26.7
KISARAN,2025-08-06,21.2,25.9
KISARAN,2025-08-07,21.5,26.0
KISARAN,2025-08-08,4.7,25.4
KISARAN,2025-08-09,0.6,26.3
KISARAN,2025-08-10,21.8,25.1
KISARAN,2025-08-11,4.7,25.3
KISARAN,2025-08-12,0.8,26.6
KISARAN,2025-08-13,3.8,26.5
KISARAN,2025-08-14,27.7,25.7
KISARAN,2025-08-15,22.6,25.6
KISARAN,2025-08-16,0.7,26.5
KISARAN,2025-08-17,0.0,27.3
KISARAN,2025-08-18,0.0,27.6
KISARAN,2025-08-19,0.1,27.3
KISARAN,2025-08-20,7.3,27.0
KISARAN,2025-08-21,4.5,24.9
KISARAN,2025-08-22,3.1,26.6
KISARAN,2025-08-23,11.8,26.2
KISARAN,2025-08-24,3.3,26.3
KISARAN,2025-08-25,4.0,26.9
KISARAN,2025-08-26,19.0,27.6
KISARAN,2025-08-27,17.8,27.1
KISARAN,2025-08-28,12.9,25.2
KISARAN,2025-08-29,8.0,25.9
KISARAN,2025-08-30,3.2,26.7
KISARAN,2025-08-31,12.9,26.8
KISARAN,2025-09-01,7.5,26.5
KISARAN,2025-09-02,1.5,26.8
KISARAN,2025-09-03,8.8,26.7
KISARAN,2025-09-04,10.6,25.0
KISARAN,2025-09-05,3.2,26.1
KISARAN,2025-09-06,6.4,26.9
KISARAN,2025-09-07,4.4,26.3
KISARAN,2025-09-08,10.1,26.9
KISARAN,2025-09-09,2.2,25.1
KISARAN,2025-09-10,4.1,26.2
KISARAN,2025-09-11,4.8,26.9
KISARAN,2025-09-12,23.2,25.5
KISARAN,2025-09-13,1.7,25.4
KISARAN,2025-09-14,30.6,26.2
KISARAN,2025-09-15,5.7,26.2
KISARAN,2025-09-16,4.7,26.4
KISARAN,2025-09-17,3.9,26.0
KISARAN,2025-09-18,12.8,26.2
KISARAN,2025-09-19,3.2,26.1
KISARAN,2025-09-20,14.0,26.1
KISARAN,2025-09-21,0.3,27.0
KISARAN,2025-09-22,7.2,26.1
KISARAN,2025-09-23,11.6,26.2
KISARAN,2025-09-24,10.0,26.3
KISARAN,2025-09-25,0.0,26.9
KISARAN,2025-09-26,12.1,26.5
KISARAN,2025-09-27,26.5,25.8
KISARAN,2025-09-28,3.8,25.7
KISARAN,2025-09-29,0.6,26.4
KISARAN,2025-09-30,0.2,27.1
KISARAN,2025-10-01,4.8,26.6
KISARAN,2025-10-02,14.2,26.6
KISARAN,2025-10-03,15.6,25.1
KISARAN,2025-10-04,2.7,26.1
KISARAN,2025-10-05,1.6,26.4
KISARAN,2025-10-06,15.0,25.8
KISARAN,2025-10-07,15.9,25.5
KISARAN,2025-10-08,4.4,26.1
KISARAN,2025-10-09,16.0,25.9
KISARAN,2025-10-10,17.4,26.0
KISARAN,2025-10-11,14.1,25.4
KISARAN,2025-10-12,9.7,25.4
KISARAN,2025-10-13,0.8,26.7
KISARAN,2025-10-14,8.4,26.7
KISARAN,2025-10-15,7.6,27.3
KISARAN,2025-10-16,25.2,26.6
KISARAN,2025-10-17,21.5,25.8
KISARAN,2025-10-18,8.9,26.2
KISARAN,2025-10-19,10.4,26.2
KISARAN,2025-10-20,14.5,25.3
KISARAN,2025-10-21,10.0,26.1
KISARAN,2025-10-22,18.9,24.4
KISARAN,2025-10-23,0.6,25.5
KISARAN,2025-10-24,10.6,25.9
KISARAN,2025-10-25,2.9,26.1
KISARAN,2025-10-26,0.0,26.8
KISARAN,2025-10-27,5.0,27.0
KISARAN,2025-10-28,1.2,27.4
KISARAN,2025-10-29,2.9,27.4
KISARAN,2025-10-30,2.1,27.0
KISARAN,2025-10-31,4.2,26.9
KISARAN,2025-11-01,1.2,27.4
KISARAN,2025-11-02,5.3,27.1
KISARAN,2025-11-03,1.1,26.4
KISARAN,2025-11-04,4.7,25.9
KISARAN,2025-11-05,1.4,26.9
KISARAN,2025-11-06,5.0,27.1
KISARAN,2025-11-07,0.6,26.5
KISARAN,2025-11-08,2.6,27.1
KISARAN,2025-11-09,8.7,26.9
KISARAN,2025-11-10,9.0,26.6
KISARAN,2025-11-11,17.9,25.5
KISARAN,2025-11-12,12.4,25.1
KISARAN,2025-11-13,11.8,24.8
KISARAN,2025-11-14,6.4,25.7
KISARAN,2025-11-15,4.6,25.1
KISARAN,2025-11-16,8.1,25.4
KISARAN,2025-11-17,16.6,25.9
KISARAN,2025-11-18,19.1,25.2
KISARAN,2025-11-19,10.6,25.6
KISARAN,2025-11-20,20.5,25.6
KISARAN,2025-11-21,3.9,26.0
KISARAN,2025-11-22,4.3,25.9
KISARAN,2025-11-23,6.5,25.3
KISARAN,2025-11-24,25.4,24.8
KISARAN,2025-11-25,6.7,24.8
KISARAN,2025-11-26,15.5,25.6
KISARAN,2025-11-27,169.5,23.6
KISARAN,2025-11-28,35.1,23.3
KISARAN,2025-11-29,0.1,25.4
KISARAN,2025-11-30,0.5,26.1
KISARAN,2025-12-01,1.2,26.4
KISARAN,2025-12-02,11.3,25.9
KISARAN,2025-12-03,18.9,25.3
KISARAN,2025-12-04,24.0,25.0
KISARAN,2025-12-05,10.5,25.6
KISARAN,2025-12-06,21.7,25.0
KISARAN,2025-12-07,11.9,24.9
KISARAN,2025-12-08,1.7,25.6
KISARAN,2025-12-09,3.3,25.3
KISARAN,2025-12-10,1.3,26.1
KISARAN,2025-12-11,0.3,26.6
KISARAN,2025-12-12,6.0,26.1
KISARAN,2025-12-13,3.8,25.0
KISARAN,2025-12-14,21.3,24.6
KISARAN,2025-12-15,21.4,24.6
KISARAN,2025-12-16,15.3,24.4
KISARAN,2025-12-17,28.2,24.1
KISARAN,2025-12-18,9.1,25.4
KISARAN,2025-12-19,17.3,24.7
KISARAN,2025-12-20,10.1,25.6
KISARAN,2025-12-21,6.4,25.4
KISARAN,2025-12-22,1.6,26.0
KISARAN,2025-12-23,1.7,26.6
KISARAN,2025-12-24,8.0,26.1
KISARAN,2025-12-25,14.2,26.0
KISARAN,2025-12-26,12.9,25.6
KISARAN,2025-12-27,17.2,25.2
KISARAN,2025-12-28,15.0,25.5
KISARAN,2025-12-29,5.5,26.2
KISARAN,2025-12-30,9.6,25.3
KISARAN,2025-12-31,3.0,25.9
KISARAN,2026-01-01,3.0,25.5
KISARAN,2026-01-02,9.3,25.2
KISARAN,2026-01-03,3.7,25.3
KISARAN,2026-01-04,2.0,26.0
KISARAN,2026-01-05,2.6,25.8
KISARAN,2026-01-06,15.1,25.6
KISARAN,2026-01-07,2.7,26.3
KISARAN,2026-01-08,17.6,25.1
KISARAN,2026-01-09,18.3,24.7
KISARAN,2026-01-10,2.0,25.4
KISARAN,2026-01-11,1.1,25.7
KISARAN,2026-01-12,0.9,26.0
KISARAN,2026-01-13,2.6,26.0
KISARAN,2026-01-14,5.4,25.5
KISARAN,2026-01-15,3.4,25.7
KISARAN,2026-01-16,2.8,25.9
KISARAN,2026-01-17,0.3,26.2
KISARAN,2026-01-18,0.6,26.3
KISARAN,2026-01-19,1.9,26.0
KISARAN,2026-01-20,2.1,25.5
KISARAN,2026-01-21,2.8,25.3
KISARAN,2026-01-22,0.7,25.5
KISARAN,2026-01-23,1.4,25.7
KISARAN,2026-01-24,1.8,25.5
KISARAN,2026-01-25,0.9,25.7
KISARAN,2026-01-26,0.5,26.0
KISARAN,2026-01-27,2.0,26.1
KISARAN,2026-01-28,11.9,25.5
KISARAN,2026-01-29,12.0,25.6
KISARAN,2026-01-30,8.7,25.0
KISARAN,2026-01-31,1.3,25.4
KISARAN,2026-02-01,4.4,25.8
KISARAN,2026-02-02,3.5,25.2
KISARAN,2026-02-03,6.6,25.4
KISARAN,2026-02-04,9.1,25.3
KISARAN,2026-02-05,8.2,26.0
KISARAN,2026-02-06,10.5,25.0
KISARAN,2026-02-07,2.1,26.3
KISARAN,2026-02-08,8.6,25.3
KISARAN,2026-02-09,9.8,25.5
KISARAN,2026-02-10,3.3,26.4
KISARAN,2026-02-11,0.7,26.8
KISARAN,2026-02-12,8.0,25.9
KISARAN,2026-02-13,12.7,25.9
KISARAN,2026-02-14,15.1,25.7
KISARAN,2026-02-15,26.4,24.9
KISARAN,2026-02-16,26.1,25.3
KISARAN,2026-02-17,14.5,24.5
KISARAN,2026-02-18,10.0,25.4
KISARAN,2026-02-19,9.0,26.5
KISARAN,2026-02-20,0.1,26.9
KISARAN,2026-02-21,5.2,26.3
KISARAN,2026-02-22,3.1,26.8
KISARAN,2026-02-23,1.0,27.0
KISARAN,2026-02-24,0.5,27.0
KISARAN,2026-02-25,0.1,27.5
KISARAN,2026-02-26,6.2,26.3
KISARAN,2026-02-27,4.7,26.6
KISARAN,2026-02-28,0.4,27.1
KISARAN,2026-03-01,4.6,27.3
KISARAN,2026-03-02,7.2,26.6
KISARAN,2026-03-03,1.4,27.0
KISARAN,2026-03-04,0.2,27.9
KISARAN,2026-03-05,1.4,27.5
KISARAN,2026-03-06,1.9,27.3
KISARAN,2026-03-07,1.2,27.4
KISARAN,2026-03-08,3.0,27.4
KISARAN,2026-03-09,6.4,26.5
KISARAN,2026-03-10,4.4,26.4
KISARAN,2026-03-11,4.0,26.7
KISARAN,2026-03-12,2.5,27.3
KISARAN,2026-03-13,12.5,26.5
KISARAN,2026-03-14,36.6,25.3
KISARAN,2026-03-15,12.2,25.4
KISARAN,2026-03-16,4.4,25.9
KISARAN,2026-03-17,9.2,26.1
KISARAN,2026-03-18,5.4,26.5
KISARAN,2026-03-19,6.4,26.9
KISARAN,2026-03-20,10.1,26.7
KISARAN,2026-03-21,1.7,27.3
KISARAN,2026-03-22,2.6,27.0
KISARAN,2026-03-23,1.9,27.5
KISARAN,2026-03-24,0.4,28.0
KISARAN,2026-03-25,0.3,28.1
KISARAN,2026-03-26,0.2,28.2
KISARAN,2026-03-27,10.1,28.1
KISARAN,2026-03-28,26.4,26.0
KISARAN,2026-03-29,4.2,26.3
KISARAN,2026-03-30,9.7,27.1
KISARAN,2026-03-31,2.4,28.3
PEMATANG SIANTAR,2025-03-15,6.3,24.2
PEMATANG SIANTAR,2025-03-16,5.7,23.9
PEMATANG SIANTAR,2025-03-17,2.7,24.6
PEMATANG SIANTAR,2025-03-18,0.8,24.6
PEMATANG SIANTAR,2025-03-19,2.3,24.3
PEMATANG SIANTAR,2025-03-20,9.7,23.4
PEMATANG SIANTAR,2025-03-21,7.7,23.6
PEMATANG SIANTAR,2025-03-22,4.2,24.4
PEMATANG SIANTAR,2025-03-23,19.5,24.2
PEMATANG SIANTAR,2025-03-24,12.7,24.0
PEMATANG SIANTAR,2025-03-25,2.2,24.6
PEMATANG SIANTAR,2025-03-26,4.6,24.6
PEMATANG SIANTAR,2025-03-27,17.2,24.3
PEMATANG SIANTAR,2025-03-28,3.6,24.1
PEMATANG SIANTAR,2025-03-29,5.9,24.4
PEMATANG SIANTAR,2025-03-30,13.6,24.4
PEMATANG SIANTAR,2025-03-31,17.2,23.6
PEMATANG SIANTAR,2025-04-01,8.9,24.5
PEMATANG SIANTAR,2025-04-02,12.3,24.4
PEMATANG SIANTAR,2025-04-03,15.4,24.2
PEMATANG SIANTAR,2025-04-04,13.5,23.8
PEMATANG SIANTAR,2025-04-05,12.4,24.2
PEMATANG SIANTAR,2025-04-06,3.9,23.5
PEMATANG SIANTAR,2025-04-07,8.7,23.3
PEMATANG SIANTAR,2025-04-08,3.0,24.3
PEMATANG SIANTAR,2025-04-09,10.4,24.1
PEMATANG SIANTAR,2025-04-10,10.1,24.4
PEMATANG SIANTAR,2025-04-11,8.1,24.0
PEMATANG SIANTAR,2025-04-12,6.7,23.6
PEMATANG SIANTAR,2025-04-13,7.0,25.1
PEMATANG SIANTAR,2025-04-14,5.8,24.8
PEMATANG SIANTAR,2025-04-15,13.8,24.8
PEMATANG SIANTAR,2025-04-16,11.1,24.3
PEMATANG SIANTAR,2025-04-17,3.6,24.8
PEMATANG SIANTAR,2025-04-18,3.8,24.8
PEMATANG SIANTAR,2025-04-19,3.9,24.6
PEMATANG SIANTAR,2025-04-20,13.4,23.4
PEMATANG SIANTAR,2025-04-21,1.6,24.2
PEMATANG SIANTAR,2025-04-22,12.9,24.3
PEMATANG SIANTAR,2025-04-23,33.9,23.6
PEMATANG SIANTAR,2025-04-24,26.4,24.4
PEMATANG SIANTAR,2025-04-25,13.4,24.8
PEMATANG SIANTAR,2025-04-26,10.9,24.3
PEMATANG SIANTAR,2025-04-27,13.6,23.9
PEMATANG SIANTAR,2025-04-28,9.7,23.8
PEMATANG SIANTAR,2025-04-29,2.7,24.5
PEMATANG SIANTAR,2025-04-30,2.4,24.1
PEMATANG SIANTAR,2025-05-01,1.5,24.6
PEMATANG SIANTAR,2025-05-02,10.0,24.6
PEMATANG SIANTAR,2025-05-03,16.1,24.1
PEMATANG SIANTAR,2025-05-04,9.5,24.0
PEMATANG SIANTAR,2025-05-05,15.3,23.9
PEMATANG SIANTAR,2025-05-06,9.9,24.4
PEMATANG SIANTAR,2025-05-07,8.3,24.3
PEMATANG SIANTAR,2025-05-08,17.8,24.2
PEMATANG SIANTAR,2025-05-09,6.2,24.8
PEMATANG SIANTAR,2025-05-10,14.7,24.4
PEMATANG SIANTAR,2025-05-11,2.8,24.9
PEMATANG SIANTAR,2025-05-12,17.9,24.4
PEMATANG SIANTAR,2025-05-13,2.4,25.4
PEMATANG SIANTAR,2025-05-14,10.9,25.2
PEMATANG SIANTAR,2025-05-15,11.8,25.3
PEMATANG SIANTAR,2025-05-16,3.1,25.9
PEMATANG SIANTAR,2025-05-17,6.2,24.8
PEMATANG SIANTAR,2025-05-18,3.4,25.1
PEMATANG SIANTAR,2025-05-19,5.3,24.5
PEMATANG SIANTAR,2025-05-20,10.0,24.5
PEMATANG SIANTAR,2025-05-21,6.4,24.5
PEMATANG SIANTAR,2025-05-22,12.0,24.7
PEMATANG SIANTAR,2025-05-23,20.3,24.3
PEMATANG SIANTAR,2025-05-24,16.2,24.3
PEMATANG SIANTAR,2025-05-25,0.6,24.9
PEMATANG SIANTAR,2025-05-26,25.8,24.5
PEMATANG SIANTAR,2025-05-27,6.1,25.6
PEMATANG SIANTAR,2025-05-28,5.5,26.0
PEMATANG SIANTAR,2025-05-29,0.2,25.1
PEMATANG SIANTAR,2025-05-30,10.6,25.3
PEMATANG SIANTAR,2025-05-31,1.7,25.4
PEMATANG SIANTAR,2025-06-01,9.5,26.2
PEMATANG SIANTAR,2025-06-02,0.0,26.2
PEMATANG SIANTAR,2025-06-03,2.2,25.0
PEMATANG SIANTAR,2025-06-04,8.2,24.9
PEMATANG SIANTAR,2025-06-05,17.5,24.4
PEMATANG SIANTAR,2025-06-06,1.7,24.3
PEMATANG SIANTAR,2025-06-07,0.6,23.9
PEMATANG SIANTAR,2025-06-08,9.0,24.5
PEMATANG SIANTAR,2025-06-09,8.9,24.9
PEMATANG SIANTAR,2025-06-10,3.6,24.8
PEMATANG SIANTAR,2025-06-11,0.0,25.3
PEMATANG SIANTAR,2025-06-12,0.2,25.5
PEMATANG SIANTAR,2025-06-13,0.0,25.8
PEMATANG SIANTAR,2025-06-14,5.5,26.3
PEMATANG SIANTAR,2025-06-15,1.8,25.3
PEMATANG SIANTAR,2025-06-16,23.5,24.2
PEMATANG SIANTAR,2025-06-17,3.0,24.7
PEMATANG SIANTAR,2025-06-18,0.1,24.6
PEMATANG SIANTAR,2025-06-19,0.3,24.6
PEMATANG SIANTAR,2025-06-20,0.0,24.6
PEMATANG SIANTAR,2025-06-21,0.5,24.4
PEMATANG SIANTAR,2025-06-22,0.4,24.6
PEMATANG SIANTAR,2025-06-23,0.4,24.9
PEMATANG SIANTAR,2025-06-24,0.6,25.3
PEMATANG SIANTAR,2025-06-25,0.4,26.1
PEMATANG SIANTAR,2025-06-26,0.3,26.3
PEMATANG SIANTAR,2025-06-27,0.3,25.7
PEMATANG SIANTAR,2025-06-28,3.7,25.0
PEMATANG SIANTAR,2025-06-29,0.0,25.0
PEMATANG SIANTAR,2025-06-30,1.6,25.0
PEMATANG SIANTAR,2025-07-01,1.6,25.3
PEMATANG SIANTAR,2025-07-02,0.2,24.7
PEMATANG SIANTAR,2025-07-03,1.1,24.5
PEMATANG SIANTAR,2025-07-04,3.0,25.1
PEMATANG SIANTAR,2025-07-05,6.7,25.0
PEMATANG SIANTAR,2025-07-06,0.6,25.5
PEMATANG SIANTAR,2025-07-07,11.5,25.3
PEMATANG SIANTAR,2025-07-08,3.3,23.7
PEMATANG SIANTAR,2025-07-09,0.2,25.0
PEMATANG SIANTAR,2025-07-10,2.5,25.3
PEMATANG SIANTAR,2025-07-11,0.5,26.0
PEMATANG SIANTAR,2025-07-12,2.4,24.7
PEMATANG SIANTAR,2025-07-13,4.8,24.8
PEMATANG SIANTAR,2025-07-14,9.4,25.1
PEMATANG SIANTAR,2025-07-15,0.0,25.9
PEMATANG SIANTAR,2025-07-16,0.1,26.7
PEMATANG SIANTAR,2025-07-17,0.0,26.3
PEMATANG SIANTAR,2025-07-18,0.0,26.5
PEMATANG SIANTAR,2025-07-19,0.0,27.0
PEMATANG SIANTAR,2025-07-20,7.8,26.5
PEMATANG SIANTAR,2025-07-21,0.4,27.1
PEMATANG SIANTAR,2025-07-22,0.6,26.7
PEMATANG SIANTAR,2025-07-23,1.1,26.3
PEMATANG SIANTAR,2025-07-24,9.0,25.4
PEMATANG SIANTAR,2025-07-25,3.0,24.9
PEMATANG SIANTAR,2025-07-26,5.7,25.5
PEMATANG SIANTAR,2025-07-27,3.1,25.0
PEMATANG SIANTAR,2025-07-28,0.1,26.3
PEMATANG SIANTAR,2025-07-29,2.2,26.3
PEMATANG SIANTAR,2025-07-30,4.1,25.9
PEMATANG SIANTAR,2025-07-31,0.2,26.2
PEMATANG SIANTAR,2025-08-01,4.3,25.7
PEMATANG SIANTAR,2025-08-02,4.9,27.0
PEMATANG SIANTAR,2025-08-03,0.6,26.1
PEMATANG SIANTAR,2025-08-04,3.0,24.9
PEMATANG SIANTAR,2025-08-05,0.6,25.2
PEMATANG SIANTAR,2025-08-06,4.9,25.2
PEMATANG SIANTAR,2025-08-07,13.2,24.5
PEMATANG SIANTAR,2025-08-08,10.6,23.9
PEMATANG SIANTAR,2025-08-09,6.0,24.6
PEMATANG SIANTAR,2025-08-10,10.5,23.6
PEMATANG SIANTAR,2025-08-11,10.2,23.3
PEMATANG SIANTAR,2025-08-12,0.4,24.5
PEMATANG SIANTAR,2025-08-13,1.2,24.2
PEMATANG SIANTAR,2025-08-14,6.9,24.4
PEMATANG SIANTAR,2025-08-15,6.0,23.7
PEMATANG SIANTAR,2025-08-16,0.1,24.2
PEMATANG SIANTAR,2025-08-17,0.1,24.9
PEMATANG SIANTAR,2025-08-18,0.6,25.3
PEMATANG SIANTAR,2025-08-19,1.7,25.1
PEMATANG SIANTAR,2025-08-20,9.4,25.2
PEMATANG SIANTAR,2025-08-21,7.3,23.3
PEMATANG SIANTAR,2025-08-22,1.7,24.4
PEMATANG SIANTAR,2025-08-23,6.4,24.0
PEMATANG SIANTAR,2025-08-24,3.2,24.2
PEMATANG SIANTAR,2025-08-25,2.2,24.5
PEMATANG SIANTAR,2025-08-26,1.4,25.4
PEMATANG SIANTAR,2025-08-27,25.7,25.0
PEMATANG SIANTAR,2025-08-28,4.0,23.5
PEMATANG SIANTAR,2025-08-29,4.7,23.7
PEMATANG SIANTAR,2025-08-30,3.1,24.0
PEMATANG SIANTAR,2025-08-31,6.3,24.9
PEMATANG SIANTAR,2025-09-01,4.7,24.4
PEMATANG SIANTAR,2025-09-02,6.5,24.5
PEMATANG SIANTAR,2025-09-03,9.0,24.8
PEMATANG SIANTAR,2025-09-04,7.5,23.5
PEMATANG SIANTAR,2025-09-05,3.6,23.7
PEMATANG SIANTAR,2025-09-06,14.0,24.0
PEMATANG SIANTAR,2025-09-07,3.0,24.3
PEMATANG SIANTAR,2025-09-08,1.0,25.1
PEMATANG SIANTAR,2025-09-09,0.5,24.2
PEMATANG SIANTAR,2025-09-10,7.2,24.0
PEMATANG SIANTAR,2025-09-11,8.3,24.5
PEMATANG SIANTAR,2025-09-12,10.8,23.3
PEMATANG SIANTAR,2025-09-13,1.3,24.0
PEMATANG SIANTAR,2025-09-14,48.9,24.0
PEMATANG SIANTAR,2025-09-15,25.7,23.8
PEMATANG SIANTAR,2025-09-16,17.2,24.4
PEMATANG SIANTAR,2025-09-17,5.6,24.4
PEMATANG SIANTAR,2025-09-18,5.8,24.2
PEMATANG SIANTAR,2025-09-19,5.9,23.9
PEMATANG SIANTAR,2025-09-20,4.1,24.2
PEMATANG SIANTAR,2025-09-21,0.8,25.2
PEMATANG SIANTAR,2025-09-22,7.0,24.4
PEMATANG SIANTAR,2025-09-23,6.6,24.8
PEMATANG SIANTAR,2025-09-24,14.8,24.5
PEMATANG SIANTAR,2025-09-25,0.3,24.7
PEMATANG SIANTAR,2025-09-26,8.9,24.6
PEMATANG SIANTAR,2025-09-27,7.4,24.3
PEMATANG SIANTAR,2025-09-28,2.3,24.0
PEMATANG SIANTAR,2025-09-29,2.9,24.1
PEMATANG SIANTAR,2025-09-30,0.0,25.1
PEMATANG SIANTAR,2025-10-01,1.9,24.0
PEMATANG SIANTAR,2025-10-02,9.3,24.8
PEMATANG SIANTAR,2025-10-03,9.0,22.9
PEMATANG SIANTAR,2025-10-04,9.4,24.1
PEMATANG SIANTAR,2025-10-05,8.1,24.2
PEMATANG SIANTAR,2025-10-06,8.6,24.3
PEMATANG SIANTAR,2025-10-07,2.4,23.8
PEMATANG SIANTAR,2025-10-08,12.9,24.0
PEMATANG SIANTAR,2025-10-09,9.8,24.1
PEMATANG SIANTAR,2025-10-10,11.9,24.2
PEMATANG SIANTAR,2025-10-11,52.6,23.5
PEMATANG SIANTAR,2025-10-12,12.7,23.7
PEMATANG SIANTAR,2025-10-13,7.6,24.1
PEMATANG SIANTAR,2025-10-14,6.6,24.2
PEMATANG SIANTAR,2025-10-15,5.4,24.9
PEMATANG SIANTAR,2025-10-16,12.7,24.7
PEMATANG SIANTAR,2025-10-17,6.2,24.5
PEMATANG SIANTAR,2025-10-18,39.0,24.1
PEMATANG SIANTAR,2025-10-19,9.6,23.9
PEMATANG SIANTAR,2025-10-20,14.5,23.6
PEMATANG SIANTAR,2025-10-21,8.9,24.2
PEMATANG SIANTAR,2025-10-22,9.2,22.6
PEMATANG SIANTAR,2025-10-23,1.2,23.5
PEMATANG SIANTAR,2025-10-24,5.1,23.7
PEMATANG SIANTAR,2025-10-25,3.4,24.1
PEMATANG SIANTAR,2025-10-26,3.6,24.8
PEMATANG SIANTAR,2025-10-27,3.9,24.7
PEMATANG SIANTAR,2025-10-28,0.2,25.0
PEMATANG SIANTAR,2025-10-29,0.1,24.9
PEMATANG SIANTAR,2025-10-30,3.9,25.0
PEMATANG SIANTAR,2025-10-31,0.8,24.9
PEMATANG SIANTAR,2025-11-01,0.8,25.0
PEMATANG SIANTAR,2025-11-02,4.6,24.9
PEMATANG SIANTAR,2025-11-03,7.8,24.4
PEMATANG SIANTAR,2025-11-04,2.1,24.4
PEMATANG SIANTAR,2025-11-05,1.3,24.9
PEMATANG SIANTAR,2025-11-06,2.0,25.2
PEMATANG SIANTAR,2025-11-07,3.0,24.4
PEMATANG SIANTAR,2025-11-08,4.8,24.6
PEMATANG SIANTAR,2025-11-09,5.4,24.5
PEMATANG SIANTAR,2025-11-10,14.2,24.3
PEMATANG SIANTAR,2025-11-11,7.1,23.7
PEMATANG SIANTAR,2025-11-12,16.4,23.3
PEMATANG SIANTAR,2025-11-13,33.8,23.1
PEMATANG SIANTAR,2025-11-14,11.6,23.6
PEMATANG SIANTAR,2025-11-15,1.1,23.9
PEMATANG SIANTAR,2025-11-16,2.0,24.1
PEMATANG SIANTAR,2025-11-17,10.3,24.2
PEMATANG SIANTAR,2025-11-18,21.7,23.1
PEMATANG SIANTAR,2025-11-19,10.7,23.5
PEMATANG SIANTAR,2025-11-20,14.2,23.4
PEMATANG SIANTAR,2025-11-21,40.6,23.2
PEMATANG SIANTAR,2025-11-22,3.5,23.7
PEMATANG SIANTAR,2025-11-23,1.7,23.8
PEMATANG SIANTAR,2025-11-24,13.2,23.1
PEMATANG SIANTAR,2025-11-25,29.1,22.6
PEMATANG SIANTAR,2025-11-26,48.3,23.1
PEMATANG SIANTAR,2025-11-27,98.3,21.9
PEMATANG SIANTAR,2025-11-28,21.2,21.5
PEMATANG SIANTAR,2025-11-29,0.3,23.9
PEMATANG SIANTAR,2025-11-30,1.3,24.4
PEMATANG SIANTAR,2025-12-01,0.9,24.3
PEMATANG SIANTAR,2025-12-02,24.9,23.9
PEMATANG SIANTAR,2025-12-03,17.4,23.7
PEMATANG SIANTAR,2025-12-04,23.0,23.6
PEMATANG SIANTAR,2025-12-05,4.7,23.9
PEMATANG SIANTAR,2025-12-06,7.3,23.6
PEMATANG SIANTAR,2025-12-07,9.6,23.2
PEMATANG SIANTAR,2025-12-08,3.3,23.8
PEMATANG SIANTAR,2025-12-09,0.4,24.2
PEMATANG SIANTAR,2025-12-10,1.9,24.6
PEMATANG SIANTAR,2025-12-11,0.4,24.6
PEMATANG SIANTAR,2025-12-12,17.0,23.7
PEMATANG SIANTAR,2025-12-13,13.0,23.2
PEMATANG SIANTAR,2025-12-14,5.2,23.1
PEMATANG SIANTAR,2025-12-15,10.5,23.1
PEMATANG SIANTAR,2025-12-16,14.5,23.0
PEMATANG SIANTAR,2025-12-17,11.5,22.9
PEMATANG SIANTAR,2025-12-18,4.2,23.5
PEMATANG SIANTAR,2025-12-19,7.1,23.5
PEMATANG SIANTAR,2025-12-20,5.7,24.1
PEMATANG SIANTAR,2025-12-21,5.5,24.1
PEMATANG SIANTAR,2025-12-22,1.7,24.2
PEMATANG SIANTAR,2025-12-23,0.2,24.8
PEMATANG SIANTAR,2025-12-24,12.6,24.2
PEMATANG SIANTAR,2025-12-25,7.7,24.1
PEMATANG SIANTAR,2025-12-26,1.1,24.1
PEMATANG SIANTAR,2025-12-27,3.2,23.8
PEMATANG SIANTAR,2025-12-28,11.1,23.8
PEMATANG SIANTAR,2025-12-29,8.5,24.3
PEMATANG SIANTAR,2025-12-30,7.2,23.7
PEMATANG SIANTAR,2025-12-31,10.6,24.8
PEMATANG SIANTAR,2026-01-01,20.3,23.8
PEMATANG SIANTAR,2026-01-02,15.5,23.1
PEMATANG SIANTAR,2026-01-03,6.8,23.7
PEMATANG SIANTAR,2026-01-04,1.8,24.4
PEMATANG SIANTAR,2026-01-05,5.5,24.0
PEMATANG SIANTAR,2026-01-06,7.1,24.3
PEMATANG SIANTAR,2026-01-07,4.8,24.2
PEMATANG SIANTAR,2026-01-08,27.5,23.5
PEMATANG SIANTAR,2026-01-09,10.4,23.1
PEMATANG SIANTAR,2026-01-10,2.7,23.6
PEMATANG SIANTAR,2026-01-11,0.1,24.0
PEMATANG SIANTAR,2026-01-12,0.9,23.9
PEMATANG SIANTAR,2026-01-13,10.6,23.8
PEMATANG SIANTAR,2026-01-14,8.7,23.8
PEMATANG SIANTAR,2026-01-15,1.4,24.1
PEMATANG SIANTAR,2026-01-16,0.6,24.2
PEMATANG SIANTAR,2026-01-17,1.8,24.1
PEMATANG SIANTAR,2026-01-18,2.0,24.0
PEMATANG SIANTAR,2026-01-19,2.6,24.0
PEMATANG SIANTAR,2026-01-20,1.8,23.5
PEMATANG SIANTAR,2026-01-21,1.3,23.4
PEMATANG SIANTAR,2026-01-22,0.7,23.8
PEMATANG SIANTAR,2026-01-23,0.2,24.2
PEMATANG SIANTAR,2026-01-24,1.3,24.1
PEMATANG SIANTAR,2026-01-25,0.8,23.9
PEMATANG SIANTAR,2026-01-26,1.0,24.4
PEMATANG SIANTAR,2026-01-27,2.1,24.1
PEMATANG SIANTAR,2026-01-28,9.6,23.9
PEMATANG SIANTAR,2026-01-29,8.4,24.1
PEMATANG SIANTAR,2026-01-30,4.5,23.6
PEMATANG SIANTAR,2026-01-31,3.5,24.0
PEMATANG SIANTAR,2026-02-01,4.8,24.2
PEMATANG SIANTAR,2026-02-02,13.4,23.7
PEMATANG SIANTAR,2026-02-03,10.5,23.0
PEMATANG SIANTAR,2026-02-04,2.2,23.9
PEMATANG SIANTAR,2026-02-05,5.6,24.2
PEMATANG SIANTAR,2026-02-06,9.9,22.4
PEMATANG SIANTAR,2026-02-07,2.6,24.4
PEMATANG SIANTAR,2026-02-08,2.5,23.8
PEMATANG SIANTAR,2026-02-09,6.3,23.6
PEMATANG SIANTAR,2026-02-10,3.0,24.3
PEMATANG SIANTAR,2026-02-11,0.4,24.8
PEMATANG SIANTAR,2026-02-12,7.0,23.7
PEMATANG SIANTAR,2026-02-13,11.2,23.8
PEMATANG SIANTAR,2026-02-14,12.4,23.8
PEMATANG SIANTAR,2026-02-15,11.8,23.9
PEMATANG SIANTAR,2026-02-16,12.3,23.6
PEMATANG SIANTAR,2026-02-17,10.7,22.7
PEMATANG SIANTAR,2026-02-18,17.0,23.6
PEMATANG SIANTAR,2026-02-19,7.6,24.1
PEMATANG SIANTAR,2026-02-20,0.2,25.0
PEMATANG SIANTAR,2026-02-21,2.4,24.2
PEMATANG SIANTAR,2026-02-22,0.3,24.9
PEMATANG SIANTAR,2026-02-23,0.0,25.2
PEMATANG SIANTAR,2026-02-24,1.8,24.9
PEMATANG SIANTAR,2026-02-25,0.0,25.4
PEMATANG SIANTAR,2026-02-26,3.1,24.6
PEMATANG SIANTAR,2026-02-27,0.7,24.5
PEMATANG SIANTAR,2026-02-28,0.6,25.0
PEMATANG SIANTAR,2026-03-01,6.4,24.8
PEMATANG SIANTAR,2026-03-02,5.1,24.3
PEMATANG SIANTAR,2026-03-03,1.5,24.7
PEMATANG SIANTAR,2026-03-04,0.5,25.3
PEMATANG SIANTAR,2026-03-05,0.4,25.0
PEMATANG SIANTAR,2026-03-06,0.0,24.9
PEMATANG SIANTAR,2026-03-07,0.0,24.9
PEMATANG SIANTAR,2026-03-08,3.3,25.1
PEMATANG SIANTAR,2026-03-09,10.5,24.4
PEMATANG SIANTAR,2026-03-10,7.8,23.9
PEMATANG SIANTAR,2026-03-11,9.3,23.9
PEMATANG SIANTAR,2026-03-12,3.0,24.5
PEMATANG SIANTAR,2026-03-13,7.3,24.5
PEMATANG SIANTAR,2026-03-14,24.3,23.6
PEMATANG SIANTAR,2026-03-15,8.2,23.8
PEMATANG SIANTAR,2026-03-16,3.5,23.6
PEMATANG SIANTAR,2026-03-17,10.3,23.7
PEMATANG SIANTAR,2026-03-18,2.6,24.6
PEMATANG SIANTAR,2026-03-19,2.0,24.4
PEMATANG SIANTAR,2026-03-20,1.0,24.5
PEMATANG SIANTAR,2026-03-21,0.7,25.1
PEMATANG SIANTAR,2026-03-22,2.8,24.8
PEMATANG SIANTAR,2026-03-23,4.2,25.1
PEMATANG SIANTAR,2026-03-24,0.1,25.6
PEMATANG SIANTAR,2026-03-25,0.2,25.9
PEMATANG SIANTAR,2026-03-26,0.0,26.1
PEMATANG SIANTAR,2026-03-27,6.5,25.3
PEMATANG SIANTAR,2026-03-28,20.2,24.1
PEMATANG SIANTAR,2026-03-29,13.5,24.3
PEMATANG SIANTAR,2026-03-30,12.6,24.2
PEMATANG SIANTAR,2026-03-31,13.8,25.3
RANTAU PRAPAT,2025-03-15,16.0,25.8
RANTAU PRAPAT,2025-03-16,4.6,25.7
RANTAU PRAPAT,2025-03-17,10.1,25.6
RANTAU PRAPAT,2025-03-18,7.7,25.3
RANTAU PRAPAT,2025-03-19,25.5,25.7
RANTAU PRAPAT,2025-03-20,4.7,25.0
RANTAU PRAPAT,2025-03-21,3.0,25.6
RANTAU PRAPAT,2025-03-22,10.3,25.1
RANTAU PRAPAT,2025-03-23,12.9,25.2
RANTAU PRAPAT,2025-03-24,16.4,26.0
RANTAU PRAPAT,2025-03-25,7.4,25.9
RANTAU PRAPAT,2025-03-26,0.9,26.5
RANTAU PRAPAT,2025-03-27,18.8,26.0
RANTAU PRAPAT,2025-03-28,1.3,25.9
RANTAU PRAPAT,2025-03-29,12.9,25.8
RANTAU PRAPAT,2025-03-30,9.4,25.9
RANTAU PRAPAT,2025-03-31,12.5,25.7
RANTAU PRAPAT,2025-04-01,5.2,26.5
RANTAU PRAPAT,2025-04-02,9.2,26.2
RANTAU PRAPAT,2025-04-03,11.7,25.8
RANTAU PRAPAT,2025-04-04,15.0,25.6
RANTAU PRAPAT,2025-04-05,11.1,25.8
RANTAU PRAPAT,2025-04-06,1.9,25.4
RANTAU PRAPAT,2025-04-07,15.7,24.9
RANTAU PRAPAT,2025-04-08,4.1,25.8
RANTAU PRAPAT,2025-04-09,18.5,25.8
RANTAU PRAPAT,2025-04-10,30.9,25.8
RANTAU PRAPAT,2025-04-11,6.0,25.1
RANTAU PRAPAT,2025-04-12,6.5,25.1
RANTAU PRAPAT,2025-04-13,6.5,26.0
RANTAU PRAPAT,2025-04-14,10.0,26.1
RANTAU PRAPAT,2025-04-15,0.8,26.6
RANTAU PRAPAT,2025-04-16,2.9,26.2
RANTAU PRAPAT,2025-04-17,2.3,26.6
RANTAU PRAPAT,2025-04-18,2.3,26.4
RANTAU PRAPAT,2025-04-19,9.4,25.9
RANTAU PRAPAT,2025-04-20,9.1,25.8
RANTAU PRAPAT,2025-04-21,23.8,26.0
RANTAU PRAPAT,2025-04-22,16.2,25.8
RANTAU PRAPAT,2025-04-23,19.0,25.5
RANTAU PRAPAT,2025-04-24,4.4,26.0
RANTAU PRAPAT,2025-04-25,4.1,27.2
RANTAU PRAPAT,2025-04-26,4.9,26.4
RANTAU PRAPAT,2025-04-27,9.3,26.1
RANTAU PRAPAT,2025-04-28,10.5,25.2
RANTAU PRAPAT,2025-04-29,1.1,26.1
RANTAU PRAPAT,2025-04-30,11.4,25.3
RANTAU PRAPAT,2025-05-01,5.8,25.5
RANTAU PRAPAT,2025-05-02,9.0,26.2
RANTAU PRAPAT,2025-05-03,2.2,26.1
RANTAU PRAPAT,2025-05-04,13.1,26.2
RANTAU PRAPAT,2025-05-05,3.7,25.9
RANTAU PRAPAT,2025-05-06,4.0,26.5
RANTAU PRAPAT,2025-05-07,0.4,26.7
RANTAU PRAPAT,2025-05-08,5.2,26.3
RANTAU PRAPAT,2025-05-09,1.5,26.8
RANTAU PRAPAT,2025-05-10,17.6,25.9
RANTAU PRAPAT,2025-05-11,16.3,25.9
RANTAU PRAPAT,2025-05-12,8.0,26.9
RANTAU PRAPAT,2025-05-13,0.3,27.7
RANTAU PRAPAT,2025-05-14,0.1,27.4
RANTAU PRAPAT,2025-05-15,0.7,28.0
RANTAU PRAPAT,2025-05-16,0.0,28.1
RANTAU PRAPAT,2025-05-17,3.5,27.5
RANTAU PRAPAT,2025-05-18,15.0,26.4
RANTAU PRAPAT,2025-05-19,10.4,26.1
RANTAU PRAPAT,2025-05-20,12.9,26.1
RANTAU PRAPAT,2025-05-21,31.2,26.2
RANTAU PRAPAT,2025-05-22,8.9,26.5
RANTAU PRAPAT,2025-05-23,0.9,26.2
RANTAU PRAPAT,2025-05-24,1.0,26.9
RANTAU PRAPAT,2025-05-25,0.0,27.1
RANTAU PRAPAT,2025-05-26,5.2,26.8
RANTAU PRAPAT,2025-05-27,0.3,28.1
RANTAU PRAPAT,2025-05-28,0.0,28.8
RANTAU PRAPAT,2025-05-29,0.4,27.9
RANTAU PRAPAT,2025-05-30,20.9,27.7
RANTAU PRAPAT,2025-05-31,3.9,25.8
RANTAU PRAPAT,2025-06-01,0.0,28.4
RANTAU PRAPAT,2025-06-02,0.1,28.4
RANTAU PRAPAT,2025-06-03,11.3,28.0
RANTAU PRAPAT,2025-06-04,5.0,27.5
RANTAU PRAPAT,2025-06-05,5.5,26.8
RANTAU PRAPAT,2025-06-06,0.0,26.8
RANTAU PRAPAT,2025-06-07,6.9,26.8
RANTAU PRAPAT,2025-06-08,1.1,27.3
RANTAU PRAPAT,2025-06-09,3.6,27.6
RANTAU PRAPAT,2025-06-10,0.7,27.1
RANTAU PRAPAT,2025-06-11,0.0,28.8
RANTAU PRAPAT,2025-06-12,0.0,28.8
RANTAU PRAPAT,2025-06-13,0.2,29.2
RANTAU PRAPAT,2025-06-14,0.5,28.8
RANTAU PRAPAT,2025-06-15,0.6,28.1
RANTAU PRAPAT,2025-06-16,9.1,26.1
RANTAU PRAPAT,2025-06-17,0.3,27.1
RANTAU PRAPAT,2025-06-18,0.1,28.0
RANTAU PRAPAT,2025-06-19,0.0,28.3
RANTAU PRAPAT,2025-06-20,0.0,26.9
RANTAU PRAPAT,2025-06-21,0.0,28.0
RANTAU PRAPAT,2025-06-22,0.7,27.8
RANTAU PRAPAT,2025-06-23,0.0,28.6
RANTAU PRAPAT,2025-06-24,0.2,29.5
RANTAU PRAPAT,2025-06-25,0.0,29.5
RANTAU PRAPAT,2025-06-26,0.0,29.8
RANTAU PRAPAT,2025-06-27,0.0,29.8
RANTAU PRAPAT,2025-06-28,0.2,28.3
RANTAU PRAPAT,2025-06-29,0.0,29.0
RANTAU PRAPAT,2025-06-30,0.7,28.2
RANTAU PRAPAT,2025-07-01,0.0,29.4
RANTAU PRAPAT,2025-07-02,0.0,28.4
RANTAU PRAPAT,2025-07-03,0.2,28.8
RANTAU PRAPAT,2025-07-04,0.1,27.9
RANTAU PRAPAT,2025-07-05,0.2,29.1
RANTAU PRAPAT,2025-07-06,2.0,28.6
RANTAU PRAPAT,2025-07-07,0.0,27.8
RANTAU PRAPAT,2025-07-08,7.4,26.3
RANTAU PRAPAT,2025-07-09,0.0,28.0
RANTAU PRAPAT,2025-07-10,0.0,29.1
RANTAU PRAPAT,2025-07-11,1.0,28.7
RANTAU PRAPAT,2025-07-12,1.4,28.2
RANTAU PRAPAT,2025-07-13,0.0,28.8
RANTAU PRAPAT,2025-07-14,0.8,29.0
RANTAU PRAPAT,2025-07-15,0.0,30.1
RANTAU PRAPAT,2025-07-16,0.5,30.6
RANTAU PRAPAT,2025-07-17,0.0,30.1
RANTAU PRAPAT,2025-07-18,0.0,30.2
RANTAU PRAPAT,2025-07-19,0.0,30.5
RANTAU PRAPAT,2025-07-20,0.0,30.7
RANTAU PRAPAT,2025-07-21,0.8,30.1
RANTAU PRAPAT,2025-07-22,0.7,29.6
RANTAU PRAPAT,2025-07-23,0.1,30.4
RANTAU PRAPAT,2025-07-24,3.1,28.7
RANTAU PRAPAT,2025-07-25,5.0,26.7
RANTAU PRAPAT,2025-07-26,1.3,28.4
RANTAU PRAPAT,2025-07-27,4.1,27.2
RANTAU PRAPAT,2025-07-28,1.8,29.2
RANTAU PRAPAT,2025-07-29,1.1,30.3
RANTAU PRAPAT,2025-07-30,2.1,29.9
RANTAU PRAPAT,2025-07-31,0.4,30.1
RANTAU PRAPAT,2025-08-01,3.7,30.2
RANTAU PRAPAT,2025-08-02,3.0,29.9
RANTAU PRAPAT,2025-08-03,0.1,30.5
RANTAU PRAPAT,2025-08-04,7.0,28.6
RANTAU PRAPAT,2025-08-05,2.3,27.8
RANTAU PRAPAT,2025-08-06,3.3,28.1
RANTAU PRAPAT,2025-08-07,9.6,27.5
RANTAU PRAPAT,2025-08-08,8.5,26.2
RANTAU PRAPAT,2025-08-09,0.0,27.4
RANTAU PRAPAT,2025-08-10,12.5,25.9
RANTAU PRAPAT,2025-08-11,2.1,25.4
RANTAU PRAPAT,2025-08-12,0.2,27.8
RANTAU PRAPAT,2025-08-13,0.7,27.9
RANTAU PRAPAT,2025-08-14,45.6,27.0
RANTAU PRAPAT,2025-08-15,23.1,26.1
RANTAU PRAPAT,2025-08-16,0.0,26.6
RANTAU PRAPAT,2025-08-17,0.1,27.4
RANTAU PRAPAT,2025-08-18,0.0,27.3
RANTAU PRAPAT,2025-08-19,0.0,27.3
RANTAU PRAPAT,2025-08-20,13.6,28.1
RANTAU PRAPAT,2025-08-21,20.3,25.5
RANTAU PRAPAT,2025-08-22,0.3,27.8
RANTAU PRAPAT,2025-08-23,0.0,27.2
RANTAU PRAPAT,2025-08-24,0.1,27.1
RANTAU PRAPAT,2025-08-25,9.1,27.1
RANTAU PRAPAT,2025-08-26,0.6,27.7
RANTAU PRAPAT,2025-08-27,1.1,27.6
RANTAU PRAPAT,2025-08-28,3.3,25.5
RANTAU PRAPAT,2025-08-29,13.5,25.9
RANTAU PRAPAT,2025-08-30,0.0,26.7
RANTAU PRAPAT,2025-08-31,0.7,27.9
RANTAU PRAPAT,2025-09-01,10.4,27.2
RANTAU PRAPAT,2025-09-02,6.7,26.7
RANTAU PRAPAT,2025-09-03,10.7,26.6
RANTAU PRAPAT,2025-09-04,26.8,25.4
RANTAU PRAPAT,2025-09-05,5.0,25.8
RANTAU PRAPAT,2025-09-06,1.9,26.7
RANTAU PRAPAT,2025-09-07,7.5,26.4
RANTAU PRAPAT,2025-09-08,9.1,26.6
RANTAU PRAPAT,2025-09-09,3.0,26.2
RANTAU PRAPAT,2025-09-10,10.7,26.7
RANTAU PRAPAT,2025-09-11,18.5,26.4
RANTAU PRAPAT,2025-09-12,1.7,24.6
RANTAU PRAPAT,2025-09-13,6.4,24.9
RANTAU PRAPAT,2025-09-14,8.3,26.5
RANTAU PRAPAT,2025-09-15,7.0,26.0
RANTAU PRAPAT,2025-09-16,0.2,26.4
RANTAU PRAPAT,2025-09-17,3.1,25.8
RANTAU PRAPAT,2025-09-18,4.6,27.1
RANTAU PRAPAT,2025-09-19,8.7,26.2
RANTAU PRAPAT,2025-09-20,16.9,26.0
RANTAU PRAPAT,2025-09-21,0.6,27.3
RANTAU PRAPAT,2025-09-22,16.7,26.0
RANTAU PRAPAT,2025-09-23,1.8,27.5
RANTAU PRAPAT,2025-09-24,9.3,26.4
RANTAU PRAPAT,2025-09-25,0.4,27.2
RANTAU PRAPAT,2025-09-26,12.1,27.4
RANTAU PRAPAT,2025-09-27,16.8,25.7
RANTAU PRAPAT,2025-09-28,8.0,25.5
RANTAU PRAPAT,2025-09-29,0.1,26.5
RANTAU PRAPAT,2025-09-30,0.5,27.2
RANTAU PRAPAT,2025-10-01,7.9,25.8
RANTAU PRAPAT,2025-10-02,18.1,26.6
RANTAU PRAPAT,2025-10-03,13.9,24.7
RANTAU PRAPAT,2025-10-04,2.4,26.0
RANTAU PRAPAT,2025-10-05,2.7,27.1
RANTAU PRAPAT,2025-10-06,5.4,26.6
RANTAU PRAPAT,2025-10-07,2.8,25.8
RANTAU PRAPAT,2025-10-08,0.0,26.4
RANTAU PRAPAT,2025-10-09,1.7,26.6
RANTAU PRAPAT,2025-10-10,0.2,26.8
RANTAU PRAPAT,2025-10-11,4.8,26.3
RANTAU PRAPAT,2025-10-12,2.5,25.7
RANTAU PRAPAT,2025-10-13,1.8,27.1
RANTAU PRAPAT,2025-10-14,8.3,26.5
RANTAU PRAPAT,2025-10-15,20.8,26.4
RANTAU PRAPAT,2025-10-16,20.1,26.9
RANTAU PRAPAT,2025-10-17,4.0,26.5
RANTAU PRAPAT,2025-10-18,3.7,26.2
RANTAU PRAPAT,2025-10-19,6.4,26.1
RANTAU PRAPAT,2025-10-20,7.9,25.5
RANTAU PRAPAT,2025-10-21,3.8,26.1
RANTAU PRAPAT,2025-10-22,4.4,25.2
RANTAU PRAPAT,2025-10-23,8.5,25.7
RANTAU PRAPAT,2025-10-24,11.1,25.9
RANTAU PRAPAT,2025-10-25,0.7,26.2
RANTAU PRAPAT,2025-10-26,0.0,27.8
RANTAU PRAPAT,2025-10-27,1.5,27.1
RANTAU PRAPAT,2025-10-28,0.0,27.3
RANTAU PRAPAT,2025-10-29,0.0,27.2
RANTAU PRAPAT,2025-10-30,0.7,27.6
RANTAU PRAPAT,2025-10-31,0.1,28.0
RANTAU PRAPAT,2025-11-01,0.0,28.2
RANTAU PRAPAT,2025-11-02,1.6,27.9
RANTAU PRAPAT,2025-11-03,6.1,27.4
RANTAU PRAPAT,2025-11-04,0.3,26.7
RANTAU PRAPAT,2025-11-05,0.0,27.7
RANTAU PRAPAT,2025-11-06,0.7,28.6
RANTAU PRAPAT,2025-11-07,0.3,27.7
RANTAU PRAPAT,2025-11-08,0.6,28.1
RANTAU PRAPAT,2025-11-09,0.4,28.0
RANTAU PRAPAT,2025-11-10,16.4,26.1
RANTAU PRAPAT,2025-11-11,11.7,26.3
RANTAU PRAPAT,2025-11-12,16.4,26.0
RANTAU PRAPAT,2025-11-13,22.5,25.7
RANTAU PRAPAT,2025-11-14,16.8,25.6
RANTAU PRAPAT,2025-11-15,5.4,26.3
RANTAU PRAPAT,2025-11-16,0.5,26.3
RANTAU PRAPAT,2025-11-17,20.9,25.9
RANTAU PRAPAT,2025-11-18,13.6,25.6
RANTAU PRAPAT,2025-11-19,14.0,25.1
RANTAU PRAPAT,2025-11-20,3.5,25.7
RANTAU PRAPAT,2025-11-21,14.9,25.3
RANTAU PRAPAT,2025-11-22,14.5,25.2
RANTAU PRAPAT,2025-11-23,2.8,26.1
RANTAU PRAPAT,2025-11-24,7.4,25.2
RANTAU PRAPAT,2025-11-25,14.8,25.0
RANTAU PRAPAT,2025-11-26,40.2,24.7
RANTAU PRAPAT,2025-11-27,50.1,24.0
RANTAU PRAPAT,2025-11-28,5.6,24.0
RANTAU PRAPAT,2025-11-29,0.2,25.9
RANTAU PRAPAT,2025-11-30,3.2,26.2
RANTAU PRAPAT,2025-12-01,5.2,26.4
RANTAU PRAPAT,2025-12-02,19.3,25.6
RANTAU PRAPAT,2025-12-03,8.2,25.5
RANTAU PRAPAT,2025-12-04,4.3,25.1
RANTAU PRAPAT,2025-12-05,19.3,25.7
RANTAU PRAPAT,2025-12-06,4.6,25.4
RANTAU PRAPAT,2025-12-07,6.9,25.1
RANTAU PRAPAT,2025-12-08,0.2,25.8
RANTAU PRAPAT,2025-12-09,1.4,26.0
RANTAU PRAPAT,2025-12-10,11.6,25.1
RANTAU PRAPAT,2025-12-11,2.0,26.2
RANTAU PRAPAT,2025-12-12,13.1,26.0
RANTAU PRAPAT,2025-12-13,9.0,25.6
RANTAU PRAPAT,2025-12-14,15.1,24.6
RANTAU PRAPAT,2025-12-15,12.7,24.2
RANTAU PRAPAT,2025-12-16,44.3,24.3
RANTAU PRAPAT,2025-12-17,18.4,24.5
RANTAU PRAPAT,2025-12-18,9.5,25.6
RANTAU PRAPAT,2025-12-19,11.3,25.1
RANTAU PRAPAT,2025-12-20,2.7,25.9
RANTAU PRAPAT,2025-12-21,7.1,25.5
RANTAU PRAPAT,2025-12-22,2.4,25.9
RANTAU PRAPAT,2025-12-23,0.0,26.5
RANTAU PRAPAT,2025-12-24,3.8,26.0
RANTAU PRAPAT,2025-12-25,7.5,25.9
RANTAU PRAPAT,2025-12-26,1.2,26.1
RANTAU PRAPAT,2025-12-27,19.1,25.4
RANTAU PRAPAT,2025-12-28,18.7,25.0
RANTAU PRAPAT,2025-12-29,9.6,25.8
RANTAU PRAPAT,2025-12-30,25.6,25.1
RANTAU PRAPAT,2025-12-31,13.1,25.7
RANTAU PRAPAT,2026-01-01,9.6,25.6
RANTAU PRAPAT,2026-01-02,29.3,24.4
RANTAU PRAPAT,2026-01-03,1.3,25.2
RANTAU PRAPAT,2026-01-04,1.3,25.6
RANTAU PRAPAT,2026-01-05,2.5,25.7
RANTAU PRAPAT,2026-01-06,7.1,25.4
RANTAU PRAPAT,2026-01-07,11.6,25.4
RANTAU PRAPAT,2026-01-08,7.6,25.3
RANTAU PRAPAT,2026-01-09,3.5,25.0
RANTAU PRAPAT,2026-01-10,6.9,24.9
RANTAU PRAPAT,2026-01-11,1.2,26.0
RANTAU PRAPAT,2026-01-12,8.4,25.5
RANTAU PRAPAT,2026-01-13,11.0,25.4
RANTAU PRAPAT,2026-01-14,1.0,25.4
RANTAU PRAPAT,2026-01-15,2.6,25.7
RANTAU PRAPAT,2026-01-16,7.8,25.5
RANTAU PRAPAT,2026-01-17,0.5,26.1
RANTAU PRAPAT,2026-01-18,1.8,25.4
RANTAU PRAPAT,2026-01-19,1.7,25.5
RANTAU PRAPAT,2026-01-20,0.5,25.5
RANTAU PRAPAT,2026-01-21,0.9,25.2
RANTAU PRAPAT,2026-01-22,1.0,25.8
RANTAU PRAPAT,2026-01-23,1.8,25.5
RANTAU PRAPAT,2026-01-24,2.4,25.2
RANTAU PRAPAT,2026-01-25,0.4,25.5
RANTAU PRAPAT,2026-01-26,0.3,26.3
RANTAU PRAPAT,2026-01-27,1.7,26.2
RANTAU PRAPAT,2026-01-28,4.4,25.4
RANTAU PRAPAT,2026-01-29,7.3,25.5
RANTAU PRAPAT,2026-01-30,8.4,25.5
RANTAU PRAPAT,2026-01-31,3.4,25.7
RANTAU PRAPAT,2026-02-01,2.4,25.6
RANTAU PRAPAT,2026-02-02,3.4,25.1
RANTAU PRAPAT,2026-02-03,5.8,25.1
RANTAU PRAPAT,2026-02-04,27.1,25.7
RANTAU PRAPAT,2026-02-05,3.7,26.2
RANTAU PRAPAT,2026-02-06,6.7,25.3
RANTAU PRAPAT,2026-02-07,4.8,26.2
RANTAU PRAPAT,2026-02-08,3.5,25.5
RANTAU PRAPAT,2026-02-09,6.1,25.5
RANTAU PRAPAT,2026-02-10,2.3,26.5
RANTAU PRAPAT,2026-02-11,0.8,26.8
RANTAU PRAPAT,2026-02-12,1.3,26.0
RANTAU PRAPAT,2026-02-13,15.6,25.7
RANTAU PRAPAT,2026-02-14,16.9,26.0
RANTAU PRAPAT,2026-02-15,11.6,25.5
RANTAU PRAPAT,2026-02-16,37.2,25.7
RANTAU PRAPAT,2026-02-17,12.0,24.6
RANTAU PRAPAT,2026-02-18,3.5,25.6
RANTAU PRAPAT,2026-02-19,2.6,26.3
RANTAU PRAPAT,2026-02-20,0.2,26.7
RANTAU PRAPAT,2026-02-21,8.4,26.6
RANTAU PRAPAT,2026-02-22,1.7,26.6
RANTAU PRAPAT,2026-02-23,0.1,27.3
RANTAU PRAPAT,2026-02-24,0.5,27.6
RANTAU PRAPAT,2026-02-25,1.2,28.0
RANTAU PRAPAT,2026-02-26,1.6,26.3
RANTAU PRAPAT,2026-02-27,0.0,26.9
RANTAU PRAPAT,2026-02-28,0.0,27.6
RANTAU PRAPAT,2026-03-01,1.1,27.7
RANTAU PRAPAT,2026-03-02,3.0,27.3
RANTAU PRAPAT,2026-03-03,2.3,27.5
RANTAU PRAPAT,2026-03-04,0.4,28.3
RANTAU PRAPAT,2026-03-05,0.6,28.3
RANTAU PRAPAT,2026-03-06,0.0,28.6
RANTAU PRAPAT,2026-03-07,0.5,28.2
RANTAU PRAPAT,2026-03-08,8.4,27.1
RANTAU PRAPAT,2026-03-09,7.5,26.2
RANTAU PRAPAT,2026-03-10,9.0,26.8
RANTAU PRAPAT,2026-03-11,3.1,26.4
RANTAU PRAPAT,2026-03-12,1.3,27.5
RANTAU PRAPAT,2026-03-13,19.2,26.0
RANTAU PRAPAT,2026-03-14,26.6,25.2
RANTAU PRAPAT,2026-03-15,6.0,25.7
RANTAU PRAPAT,2026-03-16,4.0,25.9
RANTAU PRAPAT,2026-03-17,2.9,26.5
RANTAU PRAPAT,2026-03-18,6.3,26.6
RANTAU PRAPAT,2026-03-19,3.4,26.8
RANTAU PRAPAT,2026-03-20,5.0,26.5
RANTAU PRAPAT,2026-03-21,12.6,27.0
RANTAU PRAPAT,2026-03-22,2.4,27.5
RANTAU PRAPAT,2026-03-23,3.7,27.4
RANTAU PRAPAT,2026-03-24,0.3,28.4
RANTAU PRAPAT,2026-03-25,0.9,29.2
RANTAU PRAPAT,2026-03-26,0.1,29.5
RANTAU PRAPAT,2026-03-27,18.0,28.3
RANTAU PRAPAT,2026-03-28,33.2,26.1
RANTAU PRAPAT,2026-03-29,10.2,26.6
RANTAU PRAPAT,2026-03-30,7.6,27.4
RANTAU PRAPAT,2026-03-31,3.4,27.9
LAMPUNG,2025-03-15,30.8,25.4
LAMPUNG,2025-03-16,17.0,25.7
LAMPUNG,2025-03-17,11.3,25.0
LAMPUNG,2025-03-18,13.7,25.6
LAMPUNG,2025-03-19,2.1,25.7
LAMPUNG,2025-03-20,1.4,26.1
LAMPUNG,2025-03-21,5.3,26.1
LAMPUNG,2025-03-22,6.9,25.4
LAMPUNG,2025-03-23,4.0,26.0
LAMPUNG,2025-03-24,2.0,26.2
LAMPUNG,2025-03-25,6.4,26.2
LAMPUNG,2025-03-26,1.4,26.6
LAMPUNG,2025-03-27,4.0,26.2
LAMPUNG,2025-03-28,24.3,25.4
LAMPUNG,2025-03-29,5.8,27.1
LAMPUNG,2025-03-30,1.6,26.5
LAMPUNG,2025-03-31,3.5,26.1
LAMPUNG,2025-04-01,43.7,24.6
LAMPUNG,2025-04-02,13.3,25.2
LAMPUNG,2025-04-03,15.7,25.2
LAMPUNG,2025-04-04,19.8,25.5
LAMPUNG,2025-04-05,21.5,25.3
LAMPUNG,2025-04-06,11.7,25.8
LAMPUNG,2025-04-07,0.4,26.7
LAMPUNG,2025-04-08,0.0,27.1
LAMPUNG,2025-04-09,2.8,27.2
LAMPUNG,2025-04-10,0.9,26.9
LAMPUNG,2025-04-11,4.4,26.5
LAMPUNG,2025-04-12,4.3,25.8
LAMPUNG,2025-04-13,25.2,25.5
LAMPUNG,2025-04-14,1.8,26.7
LAMPUNG,2025-04-15,4.7,25.8
LAMPUNG,2025-04-16,0.5,26.5
LAMPUNG,2025-04-17,2.0,26.4
LAMPUNG,2025-04-18,6.5,25.4
LAMPUNG,2025-04-19,14.0,25.9
LAMPUNG,2025-04-20,6.8,25.7
LAMPUNG,2025-04-21,6.2,25.1
LAMPUNG,2025-04-22,2.2,26.5
LAMPUNG,2025-04-23,2.5,26.3
LAMPUNG,2025-04-24,3.1,26.6
LAMPUNG,2025-04-25,10.6,26.1
LAMPUNG,2025-04-26,5.9,26.4
LAMPUNG,2025-04-27,1.5,27.2
LAMPUNG,2025-04-28,0.0,27.5
LAMPUNG,2025-04-29,4.2,26.7
LAMPUNG,2025-04-30,3.0,27.0
LAMPUNG,2025-05-01,0.9,27.2
LAMPUNG,2025-05-02,0.2,27.7
LAMPUNG,2025-05-03,0.0,27.6
LAMPUNG,2025-05-04,3.0,26.9
LAMPUNG,2025-05-05,1.5,27.1
LAMPUNG,2025-05-06,0.9,28.1
LAMPUNG,2025-05-07,3.9,27.7
LAMPUNG,2025-05-08,5.2,27.4
LAMPUNG,2025-05-09,1.5,27.0
LAMPUNG,2025-05-10,4.1,28.2
LAMPUNG,2025-05-11,5.9,27.3
LAMPUNG,2025-05-12,5.0,27.1
LAMPUNG,2025-05-13,3.1,26.5
LAMPUNG,2025-05-14,19.5,25.8
LAMPUNG,2025-05-15,0.6,27.0
LAMPUNG,2025-05-16,5.4,26.7
LAMPUNG,2025-05-17,1.8,26.6
LAMPUNG,2025-05-18,0.3,26.7
LAMPUNG,2025-05-19,0.9,27.1
LAMPUNG,2025-05-20,0.2,27.7
LAMPUNG,2025-05-21,13.9,26.3
LAMPUNG,2025-05-22,15.8,25.3
LAMPUNG,2025-05-23,16.5,24.8
LAMPUNG,2025-05-24,2.9,25.6
LAMPUNG,2025-05-25,11.8,25.7
LAMPUNG,2025-05-26,49.0,24.7
LAMPUNG,2025-05-27,0.2,27.1
LAMPUNG,2025-05-28,1.6,27.0
LAMPUNG,2025-05-29,3.2,27.0
LAMPUNG,2025-05-30,0.0,27.7
LAMPUNG,2025-05-31,3.8,27.5
LAMPUNG,2025-06-01,3.0,26.8
LAMPUNG,2025-06-02,0.0,27.3
LAMPUNG,2025-06-03,0.2,27.5
LAMPUNG,2025-06-04,0.0,27.2
LAMPUNG,2025-06-05,0.0,27.4
LAMPUNG,2025-06-06,0.1,27.7
LAMPUNG,2025-06-07,0.4,27.1
LAMPUNG,2025-06-08,0.0,27.7
LAMPUNG,2025-06-09,0.1,28.2
LAMPUNG,2025-06-10,0.2,27.7
LAMPUNG,2025-06-11,3.6,27.1
LAMPUNG,2025-06-12,7.3,26.2
LAMPUNG,2025-06-13,2.0,27.2
LAMPUNG,2025-06-14,3.9,27.0
LAMPUNG,2025-06-15,2.3,26.2
LAMPUNG,2025-06-16,4.0,26.5
LAMPUNG,2025-06-17,13.2,25.8
LAMPUNG,2025-06-18,16.4,24.9
LAMPUNG,2025-06-19,24.2,24.5
LAMPUNG,2025-06-20,13.2,25.1
LAMPUNG,2025-06-21,5.5,25.2
LAMPUNG,2025-06-22,21.0,25.1
LAMPUNG,2025-06-23,26.2,24.4
LAMPUNG,2025-06-24,12.0,24.9
LAMPUNG,2025-06-25,0.0,26.7
LAMPUNG,2025-06-26,2.2,26.8
LAMPUNG,2025-06-27,0.3,26.6
LAMPUNG,2025-06-28,6.7,25.6
LAMPUNG,2025-06-29,4.0,24.8
LAMPUNG,2025-06-30,10.8,25.0
LAMPUNG,2025-07-01,4.0,25.2
LAMPUNG,2025-07-02,8.5,25.8
LAMPUNG,2025-07-03,4.9,25.7
LAMPUNG,2025-07-04,0.9,26.4
LAMPUNG,2025-07-05,8.4,25.5
LAMPUNG,2025-07-06,12.1,25.7
LAMPUNG,2025-07-07,0.0,26.4
LAMPUNG,2025-07-08,0.5,26.8
LAMPUNG,2025-07-09,8.0,25.8
LAMPUNG,2025-07-10,0.0,26.2
LAMPUNG,2025-07-11,0.3,25.9
LAMPUNG,2025-07-12,0.4,26.2
LAMPUNG,2025-07-13,2.4,26.3
LAMPUNG,2025-07-14,5.5,26.0
LAMPUNG,2025-07-15,0.1,25.9
LAMPUNG,2025-07-16,0.8,26.8
LAMPUNG,2025-07-17,0.4,26.9
LAMPUNG,2025-07-18,1.7,26.8
LAMPUNG,2025-07-19,0.0,27.1
LAMPUNG,2025-07-20,0.3,27.3
LAMPUNG,2025-07-21,4.0,26.5
LAMPUNG,2025-07-22,1.6,25.8
LAMPUNG,2025-07-23,0.5,26.6
LAMPUNG,2025-07-24,0.2,26.9
LAMPUNG,2025-07-25,1.8,27.0
LAMPUNG,2025-07-26,2.1,27.2
LAMPUNG,2025-07-27,4.8,26.5
LAMPUNG,2025-07-28,4.1,26.4
LAMPUNG,2025-07-29,2.1,27.1
LAMPUNG,2025-07-30,3.8,26.3
LAMPUNG,2025-07-31,2.0,25.9
LAMPUNG,2025-08-01,3.9,26.9
LAMPUNG,2025-08-02,1.9,27.2
LAMPUNG,2025-08-03,4.8,26.6
LAMPUNG,2025-08-04,2.2,26.4
LAMPUNG,2025-08-05,4.0,25.7
LAMPUNG,2025-08-06,0.1,27.4
LAMPUNG,2025-08-07,2.0,27.2
LAMPUNG,2025-08-08,0.0,27.5
LAMPUNG,2025-08-09,1.0,26.8
LAMPUNG,2025-08-10,1.1,26.7
LAMPUNG,2025-08-11,7.2,25.8
LAMPUNG,2025-08-12,6.7,25.3
LAMPUNG,2025-08-13,21.4,24.6
LAMPUNG,2025-08-14,1.4,25.2
LAMPUNG,2025-08-15,1.9,26.0
LAMPUNG,2025-08-16,2.7,26.3
LAMPUNG,2025-08-17,0.5,27.0
LAMPUNG,2025-08-18,16.1,25.2
LAMPUNG,2025-08-19,6.2,24.9
LAMPUNG,2025-08-20,5.3,25.9
LAMPUNG,2025-08-21,1.5,26.3
LAMPUNG,2025-08-22,0.8,26.2
LAMPUNG,2025-08-23,1.4,26.3
LAMPUNG,2025-08-24,1.7,26.0
LAMPUNG,2025-08-25,0.3,26.3
LAMPUNG,2025-08-26,0.1,27.1
LAMPUNG,2025-08-27,0.8,27.4
LAMPUNG,2025-08-28,18.1,26.1
LAMPUNG,2025-08-29,0.7,25.9
LAMPUNG,2025-08-30,5.9,25.9
LAMPUNG,2025-08-31,27.2,24.9
LAMPUNG,2025-09-01,1.2,25.9
LAMPUNG,2025-09-02,3.1,26.4
LAMPUNG,2025-09-03,1.7,26.8
LAMPUNG,2025-09-04,1.6,27.0
LAMPUNG,2025-09-05,1.0,26.9
LAMPUNG,2025-09-06,4.0,25.8
LAMPUNG,2025-09-07,2.6,25.8
LAMPUNG,2025-09-08,6.4,26.2
LAMPUNG,2025-09-09,21.6,25.5
LAMPUNG,2025-09-10,16.4,25.6
LAMPUNG,2025-09-11,22.1,24.8
LAMPUNG,2025-09-12,4.3,25.7
LAMPUNG,2025-09-13,0.0,26.3
LAMPUNG,2025-09-14,0.0,26.2
LAMPUNG,2025-09-15,0.4,26.6
LAMPUNG,2025-09-16,3.1,25.8
LAMPUNG,2025-09-17,8.2,25.3
LAMPUNG,2025-09-18,3.0,25.1
LAMPUNG,2025-09-19,12.2,25.5
LAMPUNG,2025-09-20,12.5,25.1
LAMPUNG,2025-09-21,3.1,26.1
LAMPUNG,2025-09-22,1.9,27.2
LAMPUNG,2025-09-23,1.8,26.6
LAMPUNG,2025-09-24,0.0,26.8
LAMPUNG,2025-09-25,0.0,26.8
LAMPUNG,2025-09-26,0.3,27.3
LAMPUNG,2025-09-27,7.2,26.7
LAMPUNG,2025-09-28,8.0,25.9
LAMPUNG,2025-09-29,8.3,26.0
LAMPUNG,2025-09-30,8.2,25.8
LAMPUNG,2025-10-01,18.2,25.0
LAMPUNG,2025-10-02,27.7,24.0
LAMPUNG,2025-10-03,0.4,26.3
LAMPUNG,2025-10-04,0.0,27.3
LAMPUNG,2025-10-05,0.0,27.2
LAMPUNG,2025-10-06,6.0,26.9
LAMPUNG,2025-10-07,9.8,24.4
LAMPUNG,2025-10-08,0.0,26.4
LAMPUNG,2025-10-09,1.3,27.2
LAMPUNG,2025-10-10,1.3,26.7
LAMPUNG,2025-10-11,1.4,26.8
LAMPUNG,2025-10-12,1.6,27.6
LAMPUNG,2025-10-13,4.5,26.7
LAMPUNG,2025-10-14,5.6,26.6
LAMPUNG,2025-10-15,1.5,27.5
LAMPUNG,2025-10-16,5.6,26.6
LAMPUNG,2025-10-17,1.1,26.8
LAMPUNG,2025-10-18,2.7,26.7
LAMPUNG,2025-10-19,0.2,27.1
LAMPUNG,2025-10-20,4.5,27.1
LAMPUNG,2025-10-21,7.8,26.6
LAMPUNG,2025-10-22,10.3,26.4
LAMPUNG,2025-10-23,3.6,26.3
LAMPUNG,2025-10-24,15.1,25.6
LAMPUNG,2025-10-25,19.5,26.2
LAMPUNG,2025-10-26,1.4,25.8
LAMPUNG,2025-10-27,1.1,26.2
LAMPUNG,2025-10-28,6.0,25.5
LAMPUNG,2025-10-29,8.3,26.0
LAMPUNG,2025-10-30,0.4,26.7
LAMPUNG,2025-10-31,0.8,27.2
LAMPUNG,2025-11-01,1.8,27.1
LAMPUNG,2025-11-02,4.0,27.1
LAMPUNG,2025-11-03,1.1,27.2
LAMPUNG,2025-11-04,10.5,26.5
LAMPUNG,2025-11-05,7.4,25.7
LAMPUNG,2025-11-06,10.2,27.3
LAMPUNG,2025-11-07,4.7,27.4
LAMPUNG,2025-11-08,14.1,25.3
LAMPUNG,2025-11-09,3.5,26.8
LAMPUNG,2025-11-10,9.7,25.9
LAMPUNG,2025-11-11,32.6,25.1
LAMPUNG,2025-11-12,16.6,25.9
LAMPUNG,2025-11-13,13.3,25.6
LAMPUNG,2025-11-14,12.9,25.5
LAMPUNG,2025-11-15,5.3,26.3
LAMPUNG,2025-11-16,24.9,26.2
LAMPUNG,2025-11-17,16.7,26.9
LAMPUNG,2025-11-18,13.1,25.2
LAMPUNG,2025-11-19,16.6,25.8
LAMPUNG,2025-11-20,15.5,26.1
LAMPUNG,2025-11-21,3.4,26.4
LAMPUNG,2025-11-22,54.1,24.9
LAMPUNG,2025-11-23,11.1,26.4
LAMPUNG,2025-11-24,3.8,26.4
LAMPUNG,2025-11-25,0.0,27.2
LAMPUNG,2025-11-26,3.4,26.3
LAMPUNG,2025-11-27,0.2,26.4
LAMPUNG,2025-11-28,2.9,26.0
LAMPUNG,2025-11-29,0.1,26.1
LAMPUNG,2025-11-30,0.3,27.1
LAMPUNG,2025-12-01,0.7,27.0
LAMPUNG,2025-12-02,2.5,26.7
LAMPUNG,2025-12-03,8.2,26.2
LAMPUNG,2025-12-04,9.0,25.0
LAMPUNG,2025-12-05,10.7,25.5
LAMPUNG,2025-12-06,5.1,25.6
LAMPUNG,2025-12-07,24.5,25.1
LAMPUNG,2025-12-08,45.4,24.9
LAMPUNG,2025-12-09,16.5,25.3
LAMPUNG,2025-12-10,41.5,24.9
LAMPUNG,2025-12-11,20.5,25.4
LAMPUNG,2025-12-12,3.6,26.7
LAMPUNG,2025-12-13,31.9,25.9
LAMPUNG,2025-12-14,6.4,25.9
LAMPUNG,2025-12-15,1.4,26.2
LAMPUNG,2025-12-16,3.8,26.2
LAMPUNG,2025-12-17,11.7,26.1
LAMPUNG,2025-12-18,28.9,25.4
LAMPUNG,2025-12-19,16.9,25.0
LAMPUNG,2025-12-20,6.6,25.7
LAMPUNG,2025-12-21,10.0,25.6
LAMPUNG,2025-12-22,3.5,26.6
LAMPUNG,2025-12-23,13.5,26.1
LAMPUNG,2025-12-24,11.5,26.3
LAMPUNG,2025-12-25,33.5,26.4
LAMPUNG,2025-12-26,30.6,25.3
LAMPUNG,2025-12-27,14.3,26.8
LAMPUNG,2025-12-28,4.7,26.4
LAMPUNG,2025-12-29,12.0,25.6
LAMPUNG,2025-12-30,25.0,25.3
LAMPUNG,2025-12-31,11.0,24.7
LAMPUNG,2026-01-01,26.7,25.2
LAMPUNG,2026-01-02,45.7,24.7
LAMPUNG,2026-01-03,2.0,24.4
LAMPUNG,2026-01-04,8.3,25.4
LAMPUNG,2026-01-05,7.6,26.1
LAMPUNG,2026-01-06,0.2,26.4
LAMPUNG,2026-01-07,2.6,26.0
LAMPUNG,2026-01-08,13.3,24.7
LAMPUNG,2026-01-09,6.6,25.1
LAMPUNG,2026-01-10,6.2,24.7
LAMPUNG,2026-01-11,10.3,25.0
LAMPUNG,2026-01-12,8.6,24.7
LAMPUNG,2026-01-13,10.7,25.0
LAMPUNG,2026-01-14,9.3,25.1
LAMPUNG,2026-01-15,1.0,25.3
LAMPUNG,2026-01-16,18.1,25.2
LAMPUNG,2026-01-17,20.4,24.7
LAMPUNG,2026-01-18,7.3,25.1
LAMPUNG,2026-01-19,12.9,25.1
LAMPUNG,2026-01-20,16.5,24.9
LAMPUNG,2026-01-21,6.6,24.6
LAMPUNG,2026-01-22,20.3,24.4
LAMPUNG,2026-01-23,5.1,24.5
LAMPUNG,2026-01-24,0.7,25.6
LAMPUNG,2026-01-25,1.9,26.1
LAMPUNG,2026-01-26,0.6,25.9
LAMPUNG,2026-01-27,3.5,25.8
LAMPUNG,2026-01-28,10.4,25.3
LAMPUNG,2026-01-29,11.7,24.7
LAMPUNG,2026-01-30,3.7,25.1
LAMPUNG,2026-01-31,50.7,24.6
LAMPUNG,2026-02-01,16.9,24.1
LAMPUNG,2026-02-02,3.5,24.8
LAMPUNG,2026-02-03,8.6,25.1
LAMPUNG,2026-02-04,9.8,24.8
LAMPUNG,2026-02-05,14.5,25.0
LAMPUNG,2026-02-06,15.8,25.0
LAMPUNG,2026-02-07,5.5,24.9
LAMPUNG,2026-02-08,9.9,24.7
LAMPUNG,2026-02-09,4.3,25.3
LAMPUNG,2026-02-10,1.7,25.5
LAMPUNG,2026-02-11,10.0,26.2
LAMPUNG,2026-02-12,19.4,24.9
LAMPUNG,2026-02-13,4.6,25.3
LAMPUNG,2026-02-14,17.4,25.4
LAMPUNG,2026-02-15,1.7,25.7
LAMPUNG,2026-02-16,28.4,25.9
LAMPUNG,2026-02-17,24.9,25.1
LAMPUNG,2026-02-18,11.5,25.3
LAMPUNG,2026-02-19,7.2,25.1
LAMPUNG,2026-02-20,1.0,25.3
LAMPUNG,2026-02-21,6.4,26.1
LAMPUNG,2026-02-22,18.8,25.6
LAMPUNG,2026-02-23,27.0,24.7
LAMPUNG,2026-02-24,3.6,25.4
LAMPUNG,2026-02-25,5.5,26.7
LAMPUNG,2026-02-26,0.1,26.5
LAMPUNG,2026-02-27,0.0,26.5
LAMPUNG,2026-02-28,7.6,26.4
LAMPUNG,2026-03-01,9.8,26.6
LAMPUNG,2026-03-02,11.1,26.1
LAMPUNG,2026-03-03,6.4,26.2
LAMPUNG,2026-03-04,2.7,25.9
LAMPUNG,2026-03-05,19.0,25.7
LAMPUNG,2026-03-06,17.9,25.2
LAMPUNG,2026-03-07,33.2,24.7
LAMPUNG,2026-03-08,6.3,25.0
LAMPUNG,2026-03-09,3.3,25.9
LAMPUNG,2026-03-10,22.4,25.7
LAMPUNG,2026-03-11,13.2,25.3
LAMPUNG,2026-03-12,5.8,25.5
LAMPUNG,2026-03-13,5.4,25.6
LAMPUNG,2026-03-14,1.0,26.2
LAMPUNG,2026-03-15,0.6,26.6
LAMPUNG,2026-03-16,8.3,24.9
LAMPUNG,2026-03-17,7.8,26.1
LAMPUNG,2026-03-18,0.7,26.6
LAMPUNG,2026-03-19,0.5,26.6
LAMPUNG,2026-03-20,0.4,27.2
LAMPUNG,2026-03-21,13.3,26.0
LAMPUNG,2026-03-22,5.7,26.3
LAMPUNG,2026-03-23,2.3,26.4
LAMPUNG,2026-03-24,1.5,26.3
LAMPUNG,2026-03-25,0.5,27.1
LAMPUNG,2026-03-26,9.6,26.2
LAMPUNG,2026-03-27,2.8,26.4
LAMPUNG,2026-03-28,12.1,25.5
LAMPUNG,2026-03-29,15.5,26.4
LAMPUNG,2026-03-30,8.4,26.0
LAMPUNG,2026-03-31,8.6,26.2
BATAM,2025-03-15,5.2,27.4
BATAM,2025-03-16,0.8,27.7
BATAM,2025-03-17,1.1,27.7
BATAM,2025-03-18,8.2,27.2
BATAM,2025-03-19,50.5,24.8
BATAM,2025-03-20,67.4,24.1
BATAM,2025-03-21,7.3,25.9
BATAM,2025-03-22,23.3,26.1
BATAM,2025-03-23,4.9,26.8
BATAM,2025-03-24,1.8,27.0
BATAM,2025-03-25,0.5,27.7
BATAM,2025-03-26,0.2,27.8
BATAM,2025-03-27,1.0,27.8
BATAM,2025-03-28,3.0,27.8
BATAM,2025-03-29,0.9,27.6
BATAM,2025-03-30,1.3,27.9
BATAM,2025-03-31,6.4,27.1
BATAM,2025-04-01,3.3,27.6
BATAM,2025-04-02,2.5,26.8
BATAM,2025-04-03,1.0,27.2
BATAM,2025-04-04,14.1,27.2
BATAM,2025-04-05,14.4,26.9
BATAM,2025-04-06,3.4,27.2
BATAM,2025-04-07,13.7,26.0
BATAM,2025-04-08,4.1,26.6
BATAM,2025-04-09,4.7,27.5
BATAM,2025-04-10,6.5,27.5
BATAM,2025-04-11,42.1,26.7
BATAM,2025-04-12,28.5,27.3
BATAM,2025-04-13,15.9,26.2
BATAM,2025-04-14,10.6,27.5
BATAM,2025-04-15,13.6,27.3
BATAM,2025-04-16,3.9,27.2
BATAM,2025-04-17,5.6,27.0
BATAM,2025-04-18,1.5,28.4
BATAM,2025-04-19,10.9,27.3
BATAM,2025-04-20,3.6,27.3
BATAM,2025-04-21,4.2,27.6
BATAM,2025-04-22,5.0,27.3
BATAM,2025-04-23,35.4,26.3
BATAM,2025-04-24,15.0,27.5
BATAM,2025-04-25,4.6,28.1
BATAM,2025-04-26,6.5,27.4
BATAM,2025-04-27,0.8,28.1
BATAM,2025-04-28,0.9,27.9
BATAM,2025-04-29,3.8,28.2
BATAM,2025-04-30,6.7,28.2
BATAM,2025-05-01,12.6,27.6
BATAM,2025-05-02,1.9,28.0
BATAM,2025-05-03,3.5,27.8
BATAM,2025-05-04,9.4,27.6
BATAM,2025-05-05,20.7,27.4
BATAM,2025-05-06,1.9,28.7
BATAM,2025-05-07,5.1,28.4
BATAM,2025-05-08,4.5,28.4
BATAM,2025-05-09,1.7,29.3
BATAM,2025-05-10,1.6,29.7
BATAM,2025-05-11,0.8,29.2
BATAM,2025-05-12,12.2,28.7
BATAM,2025-05-13,0.3,29.4
BATAM,2025-05-14,0.0,28.1
BATAM,2025-05-15,0.5,29.1
BATAM,2025-05-16,2.4,28.5
BATAM,2025-05-17,0.5,30.0
BATAM,2025-05-18,20.6,27.0
BATAM,2025-05-19,5.1,27.6
BATAM,2025-05-20,1.1,28.9
BATAM,2025-05-21,0.6,29.6
BATAM,2025-05-22,5.8,28.5
BATAM,2025-05-23,0.3,29.7
BATAM,2025-05-24,11.0,29.8
BATAM,2025-05-25,0.4,29.2
BATAM,2025-05-26,0.5,30.1
BATAM,2025-05-27,0.7,29.8
BATAM,2025-05-28,0.2,30.6
BATAM,2025-05-29,10.7,28.1
BATAM,2025-05-30,2.7,28.1
BATAM,2025-05-31,0.5,29.2
BATAM,2025-06-01,0.4,29.1
BATAM,2025-06-02,0.0,30.0
BATAM,2025-06-03,3.6,29.3
BATAM,2025-06-04,1.0,29.4
BATAM,2025-06-05,4.2,28.6
BATAM,2025-06-06,19.6,27.0
BATAM,2025-06-07,0.2,28.9
BATAM,2025-06-08,0.7,28.2
BATAM,2025-06-09,2.8,28.5
BATAM,2025-06-10,12.2,27.7
BATAM,2025-06-11,2.3,28.3
BATAM,2025-06-12,0.6,28.9
BATAM,2025-06-13,1.0,29.4
BATAM,2025-06-14,10.7,29.0
BATAM,2025-06-15,0.3,29.0
BATAM,2025-06-16,2.4,28.7
BATAM,2025-06-17,15.2,26.7
BATAM,2025-06-18,16.9,27.3
BATAM,2025-06-19,0.0,28.9
BATAM,2025-06-20,15.7,27.6
BATAM,2025-06-21,4.0,28.5
BATAM,2025-06-22,0.7,29.8
BATAM,2025-06-23,5.1,28.2
BATAM,2025-06-24,2.0,28.1
BATAM,2025-06-25,0.5,29.3
BATAM,2025-06-26,0.9,29.8
BATAM,2025-06-27,1.9,29.1
BATAM,2025-06-28,0.2,28.8
BATAM,2025-06-29,0.0,28.2
BATAM,2025-06-30,3.1,28.3
BATAM,2025-07-01,0.7,29.0
BATAM,2025-07-02,3.3,28.1
BATAM,2025-07-03,7.4,27.4
BATAM,2025-07-04,6.2,26.8
BATAM,2025-07-05,0.4,27.4
BATAM,2025-07-06,1.2,28.3
BATAM,2025-07-07,1.6,27.9
BATAM,2025-07-08,1.2,28.4
BATAM,2025-07-09,11.3,28.0
BATAM,2025-07-10,9.0,28.5
BATAM,2025-07-11,0.1,29.0
BATAM,2025-07-12,16.0,26.8
BATAM,2025-07-13,0.4,28.3
BATAM,2025-07-14,7.0,27.6
BATAM,2025-07-15,1.1,27.6
BATAM,2025-07-16,0.1,29.5
BATAM,2025-07-17,0.4,29.4
BATAM,2025-07-18,0.5,29.6
BATAM,2025-07-19,1.4,29.3
BATAM,2025-07-20,4.9,28.6
BATAM,2025-07-21,0.8,28.2
BATAM,2025-07-22,3.1,28.2
BATAM,2025-07-23,1.0,28.5
BATAM,2025-07-24,1.2,29.1
BATAM,2025-07-25,4.2,28.5
BATAM,2025-07-26,5.3,28.0
BATAM,2025-07-27,0.3,28.9
BATAM,2025-07-28,1.5,29.7
BATAM,2025-07-29,1.2,29.6
BATAM,2025-07-30,1.1,29.2
BATAM,2025-07-31,1.5,28.9
BATAM,2025-08-01,1.4,28.7
BATAM,2025-08-02,2.0,28.4
BATAM,2025-08-03,13.2,27.6
BATAM,2025-08-04,21.7,26.7
BATAM,2025-08-05,2.2,27.0
BATAM,2025-08-06,1.0,27.9
BATAM,2025-08-07,0.1,29.0
BATAM,2025-08-08,1.3,29.0
BATAM,2025-08-09,0.4,28.9
BATAM,2025-08-10,1.8,28.0
BATAM,2025-08-11,9.8,25.9
BATAM,2025-08-12,0.6,28.7
BATAM,2025-08-13,3.8,27.1
BATAM,2025-08-14,2.7,28.2
BATAM,2025-08-15,15.2,26.3
BATAM,2025-08-16,0.9,28.0
BATAM,2025-08-17,0.7,28.6
BATAM,2025-08-18,0.5,27.8
BATAM,2025-08-19,5.2,26.7
BATAM,2025-08-20,3.5,26.9
BATAM,2025-08-21,0.6,27.9
BATAM,2025-08-22,0.4,29.5
BATAM,2025-08-23,4.0,28.2
BATAM,2025-08-24,31.8,25.3
BATAM,2025-08-25,0.1,27.7
BATAM,2025-08-26,2.2,27.7
BATAM,2025-08-27,0.3,28.1
BATAM,2025-08-28,4.3,27.3
BATAM,2025-08-29,0.5,28.4
BATAM,2025-08-30,4.0,27.1
BATAM,2025-08-31,4.9,27.6
BATAM,2025-09-01,9.4,26.6
BATAM,2025-09-02,17.7,26.3
BATAM,2025-09-03,2.5,27.4
BATAM,2025-09-04,14.6,27.3
BATAM,2025-09-05,5.1,26.5
BATAM,2025-09-06,0.3,27.8
BATAM,2025-09-07,7.0,26.0
BATAM,2025-09-08,4.8,27.3
BATAM,2025-09-09,1.6,26.4
BATAM,2025-09-10,9.7,26.6
BATAM,2025-09-11,22.9,26.4
BATAM,2025-09-12,0.4,26.1
BATAM,2025-09-13,8.9,26.0
BATAM,2025-09-14,0.3,27.5
BATAM,2025-09-15,1.0,27.1
BATAM,2025-09-16,1.8,27.4
BATAM,2025-09-17,10.5,25.8
BATAM,2025-09-18,4.4,27.6
BATAM,2025-09-19,0.5,28.1
BATAM,2025-09-20,0.4,28.3
BATAM,2025-09-21,0.6,28.5
BATAM,2025-09-22,0.3,28.7
BATAM,2025-09-23,0.1,29.5
BATAM,2025-09-24,0.5,29.3
BATAM,2025-09-25,4.2,28.8
BATAM,2025-09-26,0.8,29.9
BATAM,2025-09-27,1.2,29.5
BATAM,2025-09-28,3.2,27.9
BATAM,2025-09-29,0.5,28.5
BATAM,2025-09-30,1.6,28.2
BATAM,2025-10-01,3.8,27.9
BATAM,2025-10-02,0.1,27.4
BATAM,2025-10-03,7.6,26.6
BATAM,2025-10-04,0.2,28.1
BATAM,2025-10-05,3.0,28.2
BATAM,2025-10-06,1.7,27.9
BATAM,2025-10-07,0.4,27.4
BATAM,2025-10-08,1.9,27.8
BATAM,2025-10-09,18.7,26.1
BATAM,2025-10-10,1.0,27.7
BATAM,2025-10-11,0.4,27.9
BATAM,2025-10-12,5.6,27.3
BATAM,2025-10-13,3.0,27.7
BATAM,2025-10-14,10.4,27.8
BATAM,2025-10-15,1.7,28.4
BATAM,2025-10-16,0.2,28.6
BATAM,2025-10-17,7.1,27.8
BATAM,2025-10-18,4.8,28.2
BATAM,2025-10-19,2.3,27.9
BATAM,2025-10-20,1.6,27.9
BATAM,2025-10-21,0.7,27.9
BATAM,2025-10-22,6.2,27.1
BATAM,2025-10-23,9.9,27.9
BATAM,2025-10-24,7.9,28.1
BATAM,2025-10-25,4.9,27.6
BATAM,2025-10-26,0.4,28.8
BATAM,2025-10-27,0.8,28.4
BATAM,2025-10-28,0.1,29.0
BATAM,2025-10-29,0.8,28.3
BATAM,2025-10-30,0.1,29.8
BATAM,2025-10-31,3.8,28.7
BATAM,2025-11-01,1.4,29.0
BATAM,2025-11-02,16.7,28.0
BATAM,2025-11-03,2.7,27.5
BATAM,2025-11-04,3.0,27.7
BATAM,2025-11-05,0.6,28.2
BATAM,2025-11-06,0.6,28.5
BATAM,2025-11-07,0.2,28.4
BATAM,2025-11-08,0.1,29.1
BATAM,2025-11-09,0.9,28.5
BATAM,2025-11-10,3.9,27.6
BATAM,2025-11-11,1.5,27.2
BATAM,2025-11-12,4.6,26.9
BATAM,2025-11-13,5.6,26.9
BATAM,2025-11-14,17.7,26.7
BATAM,2025-11-15,0.8,27.5
BATAM,2025-11-16,10.8,26.4
BATAM,2025-11-17,6.9,27.1
BATAM,2025-11-18,8.1,27.1
BATAM,2025-11-19,12.2,27.1
BATAM,2025-11-20,8.7,26.9
BATAM,2025-11-21,0.8,27.4
BATAM,2025-11-22,11.9,27.1
BATAM,2025-11-23,10.3,28.1
BATAM,2025-11-24,2.7,27.3
BATAM,2025-11-25,24.5,26.9
BATAM,2025-11-26,5.9,27.5
BATAM,2025-11-27,11.5,27.0
BATAM,2025-11-28,19.1,26.3
BATAM,2025-11-29,1.1,27.5
BATAM,2025-11-30,1.1,27.4
BATAM,2025-12-01,15.3,27.2
BATAM,2025-12-02,30.0,24.9
BATAM,2025-12-03,1.2,27.2
BATAM,2025-12-04,7.5,26.1
BATAM,2025-12-05,0.5,27.3
BATAM,2025-12-06,3.2,26.9
BATAM,2025-12-07,0.2,27.5
BATAM,2025-12-08,0.4,27.2
BATAM,2025-12-09,0.3,27.5
BATAM,2025-12-10,1.3,27.1
BATAM,2025-12-11,4.5,26.8
BATAM,2025-12-12,10.7,27.2
BATAM,2025-12-13,6.8,26.0
BATAM,2025-12-14,18.8,26.2
BATAM,2025-12-15,26.0,25.0
BATAM,2025-12-16,71.8,24.9
BATAM,2025-12-17,6.4,25.5
BATAM,2025-12-18,10.5,26.1
BATAM,2025-12-19,10.0,25.9
BATAM,2025-12-20,1.8,27.1
BATAM,2025-12-21,0.8,27.7
BATAM,2025-12-22,0.4,27.7
BATAM,2025-12-23,1.4,28.0
BATAM,2025-12-24,1.6,28.0
BATAM,2025-12-25,5.9,27.6
BATAM,2025-12-26,3.1,26.8
BATAM,2025-12-27,3.0,26.9
BATAM,2025-12-28,6.5,26.6
BATAM,2025-12-29,8.7,26.3
BATAM,2025-12-30,1.6,27.3
BATAM,2025-12-31,0.4,27.4
BATAM,2026-01-01,0.8,27.3
BATAM,2026-01-02,1.6,27.3
BATAM,2026-01-03,4.6,26.7
BATAM,2026-01-04,0.0,27.3
BATAM,2026-01-05,0.5,27.2
BATAM,2026-01-06,2.3,26.8
BATAM,2026-01-07,15.1,25.8
BATAM,2026-01-08,9.5,25.9
BATAM,2026-01-09,3.0,26.2
BATAM,2026-01-10,0.0,26.4
BATAM,2026-01-11,0.0,26.5
BATAM,2026-01-12,0.0,26.9
BATAM,2026-01-13,1.2,27.0
BATAM,2026-01-14,0.6,27.3
BATAM,2026-01-15,0.5,27.0
BATAM,2026-01-16,1.1,27.3
BATAM,2026-01-17,0.6,27.2
BATAM,2026-01-18,0.0,27.3
BATAM,2026-01-19,0.0,27.1
BATAM,2026-01-20,0.4,26.9
BATAM,2026-01-21,0.0,26.9
BATAM,2026-01-22,0.0,26.9
BATAM,2026-01-23,0.4,27.0
BATAM,2026-01-24,1.0,27.1
BATAM,2026-01-25,0.8,26.8
BATAM,2026-01-26,0.1,27.0
BATAM,2026-01-27,0.0,27.0
BATAM,2026-01-28,0.0,27.2
BATAM,2026-01-29,0.5,27.0
BATAM,2026-01-30,0.2,27.5
BATAM,2026-01-31,0.0,27.7
BATAM,2026-02-01,0.7,27.3
BATAM,2026-02-02,0.0,27.3
BATAM,2026-02-03,0.1,27.3
BATAM,2026-02-04,0.7,27.2
BATAM,2026-02-05,1.1,27.4
BATAM,2026-02-06,1.1,27.2
BATAM,2026-02-07,0.8,27.1
BATAM,2026-02-08,0.0,27.4
BATAM,2026-02-09,0.0,27.7
BATAM,2026-02-10,1.7,27.3
BATAM,2026-02-11,1.7,27.6
BATAM,2026-02-12,1.8,27.1
BATAM,2026-02-13,3.5,27.2
BATAM,2026-02-14,1.2,27.5
BATAM,2026-02-15,4.4,26.9
BATAM,2026-02-16,15.1,26.1
BATAM,2026-02-17,37.5,24.8
BATAM,2026-02-18,9.1,25.6
BATAM,2026-02-19,17.8,25.2
BATAM,2026-02-20,1.1,25.8
BATAM,2026-02-21,1.4,26.6
BATAM,2026-02-22,1.6,26.9
BATAM,2026-02-23,1.9,26.8
BATAM,2026-02-24,3.3,27.2
BATAM,2026-02-25,0.6,27.3
BATAM,2026-02-26,0.2,27.6
BATAM,2026-02-27,11.7,26.6
BATAM,2026-02-28,0.7,28.0
BATAM,2026-03-01,0.2,28.7
BATAM,2026-03-02,6.4,27.9
BATAM,2026-03-03,5.6,27.5
BATAM,2026-03-04,3.9,27.1
BATAM,2026-03-05,0.9,27.5
BATAM,2026-03-06,1.1,27.5
BATAM,2026-03-07,0.3,27.7
BATAM,2026-03-08,0.2,28.4
BATAM,2026-03-09,0.0,28.2
BATAM,2026-03-10,0.0,28.0
BATAM,2026-03-11,0.1,28.0
BATAM,2026-03-12,1.8,27.6
BATAM,2026-03-13,0.6,27.9
BATAM,2026-03-14,2.2,27.8
BATAM,2026-03-15,1.5,27.4
BATAM,2026-03-16,0.0,28.4
BATAM,2026-03-17,0.4,28.4
BATAM,2026-03-18,0.3,28.2
BATAM,2026-03-19,0.0,28.5
BATAM,2026-03-20,0.0,28.3
BATAM,2026-03-21,0.0,28.5
BATAM,2026-03-22,0.0,28.2
BATAM,2026-03-23,0.0,28.3
BATAM,2026-03-24,0.4,28.3
BATAM,2026-03-25,0.0,28.4
BATAM,2026-03-26,0.0,28.3
BATAM,2026-03-27,0.0,28.4
BATAM,2026-03-28,0.3,28.4
BATAM,2026-03-29,0.5,28.0
BATAM,2026-03-30,0.4,28.8
BATAM,2026-03-31,0.6,28.2
TANJUNG PINANG,2025-03-15,3.4,27.5
TANJUNG PINANG,2025-03-16,1.0,27.7
TANJUNG PINANG,2025-03-17,0.1,27.8
TANJUNG PINANG,2025-03-18,5.3,27.0
TANJUNG PINANG,2025-03-19,63.0,25.0
TANJUNG PINANG,2025-03-20,87.3,24.7
TANJUNG PINANG,2025-03-21,4.6,26.2
TANJUNG PINANG,2025-03-22,10.3,26.2
TANJUNG PINANG,2025-03-23,2.2,26.5
TANJUNG PINANG,2025-03-24,0.7,27.0
TANJUNG PINANG,2025-03-25,0.6,27.5
TANJUNG PINANG,2025-03-26,0.0,27.6
TANJUNG PINANG,2025-03-27,0.7,27.8
TANJUNG PINANG,2025-03-28,0.1,27.8
TANJUNG PINANG,2025-03-29,12.3,27.2
TANJUNG PINANG,2025-03-30,1.0,27.7
TANJUNG PINANG,2025-03-31,7.4,27.4
TANJUNG PINANG,2025-04-01,2.1,27.9
TANJUNG PINANG,2025-04-02,4.8,26.8
TANJUNG PINANG,2025-04-03,4.4,27.1
TANJUNG PINANG,2025-04-04,25.5,26.6
TANJUNG PINANG,2025-04-05,25.5,27.0
TANJUNG PINANG,2025-04-06,5.4,27.4
TANJUNG PINANG,2025-04-07,11.5,26.0
TANJUNG PINANG,2025-04-08,1.9,26.9
TANJUNG PINANG,2025-04-09,11.1,27.2
TANJUNG PINANG,2025-04-10,0.4,27.4
TANJUNG PINANG,2025-04-11,4.8,27.4
TANJUNG PINANG,2025-04-12,3.7,28.0
TANJUNG PINANG,2025-04-13,37.8,26.3
TANJUNG PINANG,2025-04-14,0.9,27.7
TANJUNG PINANG,2025-04-15,4.2,27.1
TANJUNG PINANG,2025-04-16,2.9,27.1
TANJUNG PINANG,2025-04-17,11.9,26.9
TANJUNG PINANG,2025-04-18,0.0,28.2
TANJUNG PINANG,2025-04-19,10.8,27.7
TANJUNG PINANG,2025-04-20,2.2,27.8
TANJUNG PINANG,2025-04-21,14.4,27.0
TANJUNG PINANG,2025-04-22,1.6,27.2
TANJUNG PINANG,2025-04-23,34.6,26.9
TANJUNG PINANG,2025-04-24,1.1,28.0
TANJUNG PINANG,2025-04-25,1.1,28.0
TANJUNG PINANG,2025-04-26,5.8,27.4
TANJUNG PINANG,2025-04-27,1.9,27.6
TANJUNG PINANG,2025-04-28,1.6,27.5
TANJUNG PINANG,2025-04-29,1.5,27.8
TANJUNG PINANG,2025-04-30,3.3,28.2
TANJUNG PINANG,2025-05-01,1.4,28.0
TANJUNG PINANG,2025-05-02,0.5,28.1
TANJUNG PINANG,2025-05-03,3.8,28.3
TANJUNG PINANG,2025-05-04,0.7,28.0
TANJUNG PINANG,2025-05-05,2.5,28.3
TANJUNG PINANG,2025-05-06,0.1,28.8
TANJUNG PINANG,2025-05-07,2.8,28.6
TANJUNG PINANG,2025-05-08,7.1,28.2
TANJUNG PINANG,2025-05-09,2.3,28.7
TANJUNG PINANG,2025-05-10,1.6,28.8
TANJUNG PINANG,2025-05-11,1.1,28.9
TANJUNG PINANG,2025-05-12,1.4,28.9
TANJUNG PINANG,2025-05-13,0.2,28.3
TANJUNG PINANG,2025-05-14,2.0,27.9
TANJUNG PINANG,2025-05-15,0.3,28.4
TANJUNG PINANG,2025-05-16,0.2,28.3
TANJUNG PINANG,2025-05-17,0.0,29.6
TANJUNG PINANG,2025-05-18,19.4,27.8
TANJUNG PINANG,2025-05-19,4.6,28.4
TANJUNG PINANG,2025-05-20,5.3,29.1
TANJUNG PINANG,2025-05-21,0.4,29.4
TANJUNG PINANG,2025-05-22,1.5,28.0
TANJUNG PINANG,2025-05-23,0.7,29.2
TANJUNG PINANG,2025-05-24,0.5,28.7
TANJUNG PINANG,2025-05-25,0.8,28.5
TANJUNG PINANG,2025-05-26,0.0,29.2
TANJUNG PINANG,2025-05-27,8.4,28.1
TANJUNG PINANG,2025-05-28,1.0,29.4
TANJUNG PINANG,2025-05-29,5.2,28.6
TANJUNG PINANG,2025-05-30,0.5,28.2
TANJUNG PINANG,2025-05-31,0.4,28.8
TANJUNG PINANG,2025-06-01,0.5,29.3
TANJUNG PINANG,2025-06-02,0.0,29.5
TANJUNG PINANG,2025-06-03,0.9,29.4
TANJUNG PINANG,2025-06-04,0.1,29.6
TANJUNG PINANG,2025-06-05,10.6,28.5
TANJUNG PINANG,2025-06-06,10.4,28.3
TANJUNG PINANG,2025-06-07,0.6,29.5
TANJUNG PINANG,2025-06-08,2.0,28.7
TANJUNG PINANG,2025-06-09,1.1,28.9
TANJUNG PINANG,2025-06-10,9.6,28.2
TANJUNG PINANG,2025-06-11,0.3,29.0
TANJUNG PINANG,2025-06-12,0.9,29.3
TANJUNG PINANG,2025-06-13,0.0,29.7
TANJUNG PINANG,2025-06-14,9.6,28.5
TANJUNG PINANG,2025-06-15,1.6,28.7
TANJUNG PINANG,2025-06-16,7.9,28.1
TANJUNG PINANG,2025-06-17,14.5,27.0
TANJUNG PINANG,2025-06-18,1.3,27.8
TANJUNG PINANG,2025-06-19,0.0,28.1
TANJUNG PINANG,2025-06-20,8.1,27.8
TANJUNG PINANG,2025-06-21,0.9,28.3
TANJUNG PINANG,2025-06-22,0.0,29.0
TANJUNG PINANG,2025-06-23,2.3,28.3
TANJUNG PINANG,2025-06-24,0.9,28.7
TANJUNG PINANG,2025-06-25,0.1,29.5
TANJUNG PINANG,2025-06-26,1.6,29.7
TANJUNG PINANG,2025-06-27,0.9,29.1
TANJUNG PINANG,2025-06-28,1.9,28.6
TANJUNG PINANG,2025-06-29,0.3,28.3
TANJUNG PINANG,2025-06-30,1.6,28.5
TANJUNG PINANG,2025-07-01,0.0,28.8
TANJUNG PINANG,2025-07-02,3.0,27.8
TANJUNG PINANG,2025-07-03,9.4,27.2
TANJUNG PINANG,2025-07-04,0.1,27.3
TANJUNG PINANG,2025-07-05,2.9,27.9
TANJUNG PINANG,2025-07-06,0.0,28.9
TANJUNG PINANG,2025-07-07,0.8,28.1
TANJUNG PINANG,2025-07-08,0.1,28.8
TANJUNG PINANG,2025-07-09,5.6,28.2
TANJUNG PINANG,2025-07-10,4.0,28.4
TANJUNG PINANG,2025-07-11,0.2,28.4
TANJUNG PINANG,2025-07-12,8.9,27.5
TANJUNG PINANG,2025-07-13,16.4,27.7
TANJUNG PINANG,2025-07-14,10.0,27.6
TANJUNG PINANG,2025-07-15,12.2,28.0
TANJUNG PINANG,2025-07-16,0.3,29.0
TANJUNG PINANG,2025-07-17,0.4,27.9
TANJUNG PINANG,2025-07-18,0.3,28.5
TANJUNG PINANG,2025-07-19,0.0,28.7
TANJUNG PINANG,2025-07-20,1.3,27.9
TANJUNG PINANG,2025-07-21,0.7,27.9
TANJUNG PINANG,2025-07-22,1.1,28.3
TANJUNG PINANG,2025-07-23,0.9,28.7
TANJUNG PINANG,2025-07-24,0.8,28.8
TANJUNG PINANG,2025-07-25,3.7,28.5
TANJUNG PINANG,2025-07-26,6.9,27.7
TANJUNG PINANG,2025-07-27,1.0,28.7
TANJUNG PINANG,2025-07-28,0.0,29.1
TANJUNG PINANG,2025-07-29,2.2,29.1
TANJUNG PINANG,2025-07-30,0.5,29.1
TANJUNG PINANG,2025-07-31,3.3,29.0
TANJUNG PINANG,2025-08-01,2.2,28.8
TANJUNG PINANG,2025-08-02,8.2,28.2
TANJUNG PINANG,2025-08-03,8.7,27.9
TANJUNG PINANG,2025-08-04,11.0,26.9
TANJUNG PINANG,2025-08-05,3.6,27.6
TANJUNG PINANG,2025-08-06,4.9,28.1
TANJUNG PINANG,2025-08-07,0.0,28.9
TANJUNG PINANG,2025-08-08,0.8,28.4
TANJUNG PINANG,2025-08-09,0.5,28.4
TANJUNG PINANG,2025-08-10,7.8,27.6
TANJUNG PINANG,2025-08-11,12.0,26.9
TANJUNG PINANG,2025-08-12,0.0,27.9
TANJUNG PINANG,2025-08-13,3.4,27.4
TANJUNG PINANG,2025-08-14,0.3,28.1
TANJUNG PINANG,2025-08-15,16.2,27.0
TANJUNG PINANG,2025-08-16,2.5,27.7
TANJUNG PINANG,2025-08-17,0.7,28.3
TANJUNG PINANG,2025-08-18,2.1,27.2
TANJUNG PINANG,2025-08-19,2.1,27.3
TANJUNG PINANG,2025-08-20,2.3,27.1
TANJUNG PINANG,2025-08-21,0.2,27.8
TANJUNG PINANG,2025-08-22,0.1,28.1
TANJUNG PINANG,2025-08-23,4.0,27.6
TANJUNG PINANG,2025-08-24,19.7,26.7
TANJUNG PINANG,2025-08-25,0.0,28.0
TANJUNG PINANG,2025-08-26,5.7,28.1
TANJUNG PINANG,2025-08-27,0.4,28.5
TANJUNG PINANG,2025-08-28,0.6,28.0
TANJUNG PINANG,2025-08-29,0.3,28.2
TANJUNG PINANG,2025-08-30,19.0,27.3
TANJUNG PINANG,2025-08-31,9.7,27.6
TANJUNG PINANG,2025-09-01,13.2,27.5
TANJUNG PINANG,2025-09-02,8.4,27.1
TANJUNG PINANG,2025-09-03,2.5,27.8
TANJUNG PINANG,2025-09-04,6.6,28.0
TANJUNG PINANG,2025-09-05,15.2,27.2
TANJUNG PINANG,2025-09-06,13.2,28.2
TANJUNG PINANG,2025-09-07,4.5,27.7
TANJUNG PINANG,2025-09-08,1.2,27.6
TANJUNG PINANG,2025-09-09,15.4,26.6
TANJUNG PINANG,2025-09-10,8.8,26.4
TANJUNG PINANG,2025-09-11,8.2,26.4
TANJUNG PINANG,2025-09-12,1.4,26.9
TANJUNG PINANG,2025-09-13,8.0,26.6
TANJUNG PINANG,2025-09-14,0.0,27.7
TANJUNG PINANG,2025-09-15,5.3,27.2
TANJUNG PINANG,2025-09-16,1.6,27.1
TANJUNG PINANG,2025-09-17,7.4,27.0
TANJUNG PINANG,2025-09-18,0.5,27.8
TANJUNG PINANG,2025-09-19,4.3,27.7
TANJUNG PINANG,2025-09-20,4.9,28.1
TANJUNG PINANG,2025-09-21,0.8,28.5
TANJUNG PINANG,2025-09-22,0.3,28.8
TANJUNG PINANG,2025-09-23,0.0,28.8
TANJUNG PINANG,2025-09-24,0.6,28.4
TANJUNG PINANG,2025-09-25,1.0,28.2
TANJUNG PINANG,2025-09-26,0.5,29.2
TANJUNG PINANG,2025-09-27,3.0,28.7
TANJUNG PINANG,2025-09-28,12.3,27.4
TANJUNG PINANG,2025-09-29,1.6,28.4
TANJUNG PINANG,2025-09-30,2.6,28.5
TANJUNG PINANG,2025-10-01,4.6,27.9
TANJUNG PINANG,2025-10-02,2.3,27.3
TANJUNG PINANG,2025-10-03,7.9,27.4
TANJUNG PINANG,2025-10-04,0.0,28.2
TANJUNG PINANG,2025-10-05,0.4,27.9
TANJUNG PINANG,2025-10-06,10.6,27.7
TANJUNG PINANG,2025-10-07,1.5,27.7
TANJUNG PINANG,2025-10-08,3.3,27.8
TANJUNG PINANG,2025-10-09,30.3,26.7
TANJUNG PINANG,2025-10-10,0.0,28.7
TANJUNG PINANG,2025-10-11,1.0,28.4
TANJUNG PINANG,2025-10-12,0.4,28.6
TANJUNG PINANG,2025-10-13,0.9,27.5
TANJUNG PINANG,2025-10-14,3.9,28.1
TANJUNG PINANG,2025-10-15,1.0,28.3
TANJUNG PINANG,2025-10-16,1.4,28.3
TANJUNG PINANG,2025-10-17,1.8,27.8
TANJUNG PINANG,2025-10-18,2.1,28.2
TANJUNG PINANG,2025-10-19,2.6,27.7
TANJUNG PINANG,2025-10-20,2.2,28.3
TANJUNG PINANG,2025-10-21,1.5,28.1
TANJUNG PINANG,2025-10-22,7.9,27.2
TANJUNG PINANG,2025-10-23,1.7,28.6
TANJUNG PINANG,2025-10-24,26.3,28.6
TANJUNG PINANG,2025-10-25,11.3,28.2
TANJUNG PINANG,2025-10-26,0.0,28.7
TANJUNG PINANG,2025-10-27,0.3,29.0
TANJUNG PINANG,2025-10-28,0.3,28.5
TANJUNG PINANG,2025-10-29,0.6,28.8
TANJUNG PINANG,2025-10-30,0.0,28.7
TANJUNG PINANG,2025-10-31,2.1,28.2
TANJUNG PINANG,2025-11-01,1.1,28.7
TANJUNG PINANG,2025-11-02,5.1,28.2
TANJUNG PINANG,2025-11-03,4.6,27.8
TANJUNG PINANG,2025-11-04,2.6,28.1
TANJUNG PINANG,2025-11-05,0.1,28.0
TANJUNG PINANG,2025-11-06,2.1,28.7
TANJUNG PINANG,2025-11-07,0.6,29.4
TANJUNG PINANG,2025-11-08,0.0,29.2
TANJUNG PINANG,2025-11-09,0.2,28.6
TANJUNG PINANG,2025-11-10,0.6,28.2
TANJUNG PINANG,2025-11-11,0.9,27.8
TANJUNG PINANG,2025-11-12,4.3,27.3
TANJUNG PINANG,2025-11-13,6.9,26.5
TANJUNG PINANG,2025-11-14,16.6,26.7
TANJUNG PINANG,2025-11-15,1.3,27.2
TANJUNG PINANG,2025-11-16,10.7,26.8
TANJUNG PINANG,2025-11-17,12.0,27.2
TANJUNG PINANG,2025-11-18,4.1,27.3
TANJUNG PINANG,2025-11-19,13.3,27.2
TANJUNG PINANG,2025-11-20,7.4,27.3
TANJUNG PINANG,2025-11-21,5.6,27.3
TANJUNG PINANG,2025-11-22,5.2,27.5
TANJUNG PINANG,2025-11-23,0.3,28.5
TANJUNG PINANG,2025-11-24,12.6,28.1
TANJUNG PINANG,2025-11-25,15.3,27.1
TANJUNG PINANG,2025-11-26,0.7,27.8
TANJUNG PINANG,2025-11-27,19.0,27.3
TANJUNG PINANG,2025-11-28,12.8,27.2
TANJUNG PINANG,2025-11-29,0.8,27.7
TANJUNG PINANG,2025-11-30,1.3,26.8
TANJUNG PINANG,2025-12-01,1.8,27.2
TANJUNG PINANG,2025-12-02,12.9,26.0
TANJUNG PINANG,2025-12-03,0.0,27.1
TANJUNG PINANG,2025-12-04,6.3,26.4
TANJUNG PINANG,2025-12-05,0.1,27.7
TANJUNG PINANG,2025-12-06,1.8,27.0
TANJUNG PINANG,2025-12-07,0.2,27.4
TANJUNG PINANG,2025-12-08,0.6,27.2
TANJUNG PINANG,2025-12-09,0.0,27.5
TANJUNG PINANG,2025-12-10,2.4,27.4
TANJUNG PINANG,2025-12-11,6.3,26.9
TANJUNG PINANG,2025-12-12,7.2,26.8
TANJUNG PINANG,2025-12-13,23.4,25.9
TANJUNG PINANG,2025-12-14,16.9,26.4
TANJUNG PINANG,2025-12-15,13.0,25.3
TANJUNG PINANG,2025-12-16,63.9,25.2
TANJUNG PINANG,2025-12-17,14.6,25.9
TANJUNG PINANG,2025-12-18,11.6,26.4
TANJUNG PINANG,2025-12-19,20.0,26.0
TANJUNG PINANG,2025-12-20,0.1,27.3
TANJUNG PINANG,2025-12-21,1.2,27.5
TANJUNG PINANG,2025-12-22,0.1,27.9
TANJUNG PINANG,2025-12-23,0.1,28.0
TANJUNG PINANG,2025-12-24,0.1,27.7
TANJUNG PINANG,2025-12-25,1.5,27.7
TANJUNG PINANG,2025-12-26,4.9,26.7
TANJUNG PINANG,2025-12-27,0.8,26.7
TANJUNG PINANG,2025-12-28,2.4,26.2
TANJUNG PINANG,2025-12-29,3.6,26.0
TANJUNG PINANG,2025-12-30,0.6,27.0
TANJUNG PINANG,2025-12-31,0.1,27.0
TANJUNG PINANG,2026-01-01,3.5,26.8
TANJUNG PINANG,2026-01-02,1.5,27.0
TANJUNG PINANG,2026-01-03,0.0,26.8
TANJUNG PINANG,2026-01-04,0.0,27.0
TANJUNG PINANG,2026-01-05,0.0,27.1
TANJUNG PINANG,2026-01-06,1.3,26.7
TANJUNG PINANG,2026-01-07,9.2,26.2
TANJUNG PINANG,2026-01-08,2.0,26.3
TANJUNG PINANG,2026-01-09,5.9,26.4
TANJUNG PINANG,2026-01-10,0.0,26.4
TANJUNG PINANG,2026-01-11,0.0,26.3
TANJUNG PINANG,2026-01-12,0.0,26.4
TANJUNG PINANG,2026-01-13,0.1,26.3
TANJUNG PINANG,2026-01-14,0.0,26.6
TANJUNG PINANG,2026-01-15,0.2,26.6
TANJUNG PINANG,2026-01-16,0.1,26.6
TANJUNG PINANG,2026-01-17,0.0,26.5
TANJUNG PINANG,2026-01-18,0.0,26.5
TANJUNG PINANG,2026-01-19,0.0,26.4
TANJUNG PINANG,2026-01-20,0.0,26.5
TANJUNG PINANG,2026-01-21,0.0,26.3
TANJUNG PINANG,2026-01-22,0.0,26.4
TANJUNG PINANG,2026-01-23,0.2,26.5
TANJUNG PINANG,2026-01-24,0.0,26.6
TANJUNG PINANG,2026-01-25,0.8,26.6
TANJUNG PINANG,2026-01-26,0.0,26.4
TANJUNG PINANG,2026-01-27,0.0,26.5
TANJUNG PINANG,2026-01-28,0.0,26.8
TANJUNG PINANG,2026-01-29,0.0,26.6
TANJUNG PINANG,2026-01-30,0.0,26.8
TANJUNG PINANG,2026-01-31,0.3,26.9
TANJUNG PINANG,2026-02-01,0.0,26.9
TANJUNG PINANG,2026-02-02,0.0,26.9
TANJUNG PINANG,2026-02-03,0.0,26.7
TANJUNG PINANG,2026-02-04,1.0,26.8
TANJUNG PINANG,2026-02-05,0.0,27.0
TANJUNG PINANG,2026-02-06,0.5,26.9
TANJUNG PINANG,2026-02-07,0.2,26.8
TANJUNG PINANG,2026-02-08,0.0,26.6
TANJUNG PINANG,2026-02-09,0.0,26.9
TANJUNG PINANG,2026-02-10,0.6,26.8
TANJUNG PINANG,2026-02-11,0.5,27.3
TANJUNG PINANG,2026-02-12,1.0,26.8
TANJUNG PINANG,2026-02-13,3.6,26.9
TANJUNG PINANG,2026-02-14,1.5,27.2
TANJUNG PINANG,2026-02-15,1.2,26.6
TANJUNG PINANG,2026-02-16,10.8,26.1
TANJUNG PINANG,2026-02-17,35.7,25.1
TANJUNG PINANG,2026-02-18,9.5,25.8
TANJUNG PINANG,2026-02-19,17.4,25.5
TANJUNG PINANG,2026-02-20,2.3,25.9
TANJUNG PINANG,2026-02-21,0.8,26.5
TANJUNG PINANG,2026-02-22,0.0,26.8
TANJUNG PINANG,2026-02-23,0.4,27.1
TANJUNG PINANG,2026-02-24,0.0,27.0
TANJUNG PINANG,2026-02-25,0.1,27.1
TANJUNG PINANG,2026-02-26,0.1,27.0
TANJUNG PINANG,2026-02-27,3.1,26.9
TANJUNG PINANG,2026-02-28,0.1,27.5
TANJUNG PINANG,2026-03-01,0.1,27.7
TANJUNG PINANG,2026-03-02,0.0,27.5
TANJUNG PINANG,2026-03-03,0.3,27.4
TANJUNG PINANG,2026-03-04,0.4,27.1
TANJUNG PINANG,2026-03-05,0.0,27.2
TANJUNG PINANG,2026-03-06,1.1,27.2
TANJUNG PINANG,2026-03-07,0.6,27.4
TANJUNG PINANG,2026-03-08,0.0,27.5
TANJUNG PINANG,2026-03-09,0.0,27.4
TANJUNG PINANG,2026-03-10,0.0,27.0
TANJUNG PINANG,2026-03-11,0.0,27.2
TANJUNG PINANG,2026-03-12,0.0,27.4
TANJUNG PINANG,2026-03-13,1.7,27.5
TANJUNG PINANG,2026-03-14,1.1,27.7
TANJUNG PINANG,2026-03-15,3.8,27.1
TANJUNG PINANG,2026-03-16,0.0,27.8
TANJUNG PINANG,2026-03-17,0.0,27.7
TANJUNG PINANG,2026-03-18,0.8,27.6
TANJUNG PINANG,2026-03-19,0.7,27.7
TANJUNG PINANG,2026-03-20,0.0,27.6
TANJUNG PINANG,2026-03-21,0.0,27.6
TANJUNG PINANG,2026-03-22,0.0,27.1
TANJUNG PINANG,2026-03-23,0.0,27.4
TANJUNG PINANG,2026-03-24,0.0,27.5
TANJUNG PINANG,2026-03-25,0.0,27.5
TANJUNG PINANG,2026-03-26,0.0,27.6
TANJUNG PINANG,2026-03-27,0.0,27.7
TANJUNG PINANG,2026-03-28,0.1,27.6
TANJUNG PINANG,2026-03-29,0.2,27.7
TANJUNG PINANG,2026-03-30,0.6,27.9
TANJUNG PINANG,2026-03-31,5.3,27.7
PEKANBARU,2025-03-15,14.1,26.3
PEKANBARU,2025-03-16,3.2,26.5
PEKANBARU,2025-03-17,4.5,25.6
PEKANBARU,2025-03-18,6.6,26.3
PEKANBARU,2025-03-19,9.1,25.3
PEKANBARU,2025-03-20,10.8,23.7
PEKANBARU,2025-03-21,4.3,25.4
PEKANBARU,2025-03-22,19.8,25.6
PEKANBARU,2025-03-23,14.7,25.0
PEKANBARU,2025-03-24,22.8,26.0
PEKANBARU,2025-03-25,6.6,26.7
PEKANBARU,2025-03-26,8.5,28.0
PEKANBARU,2025-03-27,15.5,27.1
PEKANBARU,2025-03-28,0.0,27.5
PEKANBARU,2025-03-29,14.0,27.2
PEKANBARU,2025-03-30,10.6,26.6
PEKANBARU,2025-03-31,9.8,27.2
PEKANBARU,2025-04-01,14.5,26.8
PEKANBARU,2025-04-02,16.3,26.7
PEKANBARU,2025-04-03,30.3,26.1
PEKANBARU,2025-04-04,57.9,25.3
PEKANBARU,2025-04-05,5.8,26.3
PEKANBARU,2025-04-06,11.5,26.4
PEKANBARU,2025-04-07,8.1,25.7
PEKANBARU,2025-04-08,1.6,26.5
PEKANBARU,2025-04-09,9.5,26.3
PEKANBARU,2025-04-10,16.9,26.9
PEKANBARU,2025-04-11,13.5,26.6
PEKANBARU,2025-04-12,6.8,26.6
PEKANBARU,2025-04-13,9.8,26.2
PEKANBARU,2025-04-14,2.7,27.2
PEKANBARU,2025-04-15,8.5,26.9
PEKANBARU,2025-04-16,2.4,27.5
PEKANBARU,2025-04-17,0.1,27.5
PEKANBARU,2025-04-18,0.0,28.1
PEKANBARU,2025-04-19,3.3,26.9
PEKANBARU,2025-04-20,9.7,27.1
PEKANBARU,2025-04-21,10.0,27.2
PEKANBARU,2025-04-22,18.0,26.2
PEKANBARU,2025-04-23,8.6,26.2
PEKANBARU,2025-04-24,11.4,26.8
PEKANBARU,2025-04-25,1.1,28.2
PEKANBARU,2025-04-26,16.6,26.6
PEKANBARU,2025-04-27,12.1,26.8
PEKANBARU,2025-04-28,13.1,25.9
PEKANBARU,2025-04-29,7.3,26.6
PEKANBARU,2025-04-30,24.7,25.7
PEKANBARU,2025-05-01,9.0,26.3
PEKANBARU,2025-05-02,15.8,27.0
PEKANBARU,2025-05-03,14.3,26.8
PEKANBARU,2025-05-04,0.7,27.2
PEKANBARU,2025-05-05,5.5,26.7
PEKANBARU,2025-05-06,4.6,27.5
PEKANBARU,2025-05-07,1.3,27.3
PEKANBARU,2025-05-08,10.5,27.1
PEKANBARU,2025-05-09,0.5,27.9
PEKANBARU,2025-05-10,7.4,27.7
PEKANBARU,2025-05-11,9.1,27.4
PEKANBARU,2025-05-12,0.0,28.5
PEKANBARU,2025-05-13,1.7,29.1
PEKANBARU,2025-05-14,0.0,28.6
PEKANBARU,2025-05-15,0.1,29.1
PEKANBARU,2025-05-16,0.4,28.4
PEKANBARU,2025-05-17,0.9,28.8
PEKANBARU,2025-05-18,5.3,27.5
PEKANBARU,2025-05-19,0.3,27.4
PEKANBARU,2025-05-20,16.0,26.2
PEKANBARU,2025-05-21,1.7,27.1
PEKANBARU,2025-05-22,4.4,27.4
PEKANBARU,2025-05-23,0.2,27.8
PEKANBARU,2025-05-24,0.0,28.6
PEKANBARU,2025-05-25,0.1,28.7
PEKANBARU,2025-05-26,0.0,29.0
PEKANBARU,2025-05-27,0.0,29.9
PEKANBARU,2025-05-28,0.0,29.7
PEKANBARU,2025-05-29,0.0,29.5
PEKANBARU,2025-05-30,5.3,28.4
PEKANBARU,2025-05-31,35.1,26.4
PEKANBARU,2025-06-01,0.0,27.9
PEKANBARU,2025-06-02,1.4,28.3
PEKANBARU,2025-06-03,0.7,28.7
PEKANBARU,2025-06-04,2.9,27.8
PEKANBARU,2025-06-05,13.7,27.2
PEKANBARU,2025-06-06,0.4,27.4
PEKANBARU,2025-06-07,0.0,28.2
PEKANBARU,2025-06-08,0.1,27.9
PEKANBARU,2025-06-09,0.9,28.2
PEKANBARU,2025-06-10,12.9,27.3
PEKANBARU,2025-06-11,0.0,27.9
PEKANBARU,2025-06-12,1.0,28.8
PEKANBARU,2025-06-13,0.5,29.3
PEKANBARU,2025-06-14,0.2,29.4
PEKANBARU,2025-06-15,1.2,28.8
PEKANBARU,2025-06-16,14.4,26.5
PEKANBARU,2025-06-17,8.5,26.6
PEKANBARU,2025-06-18,0.0,27.5
PEKANBARU,2025-06-19,0.0,28.1
PEKANBARU,2025-06-20,0.3,28.1
PEKANBARU,2025-06-21,0.0,28.4
PEKANBARU,2025-06-22,0.2,28.9
PEKANBARU,2025-06-23,0.0,28.8
PEKANBARU,2025-06-24,0.0,29.1
PEKANBARU,2025-06-25,0.0,28.7
PEKANBARU,2025-06-26,6.6,29.5
PEKANBARU,2025-06-27,0.2,28.8
PEKANBARU,2025-06-28,14.1,27.4
PEKANBARU,2025-06-29,5.3,27.8
PEKANBARU,2025-06-30,2.5,28.8
PEKANBARU,2025-07-01,0.0,30.1
PEKANBARU,2025-07-02,1.1,28.6
PEKANBARU,2025-07-03,7.4,27.7
PEKANBARU,2025-07-04,20.7,26.4
PEKANBARU,2025-07-05,0.2,26.4
PEKANBARU,2025-07-06,1.1,27.3
PEKANBARU,2025-07-07,0.0,27.3
PEKANBARU,2025-07-08,1.3,27.8
PEKANBARU,2025-07-09,0.0,28.1
PEKANBARU,2025-07-10,0.0,29.1
PEKANBARU,2025-07-11,0.0,29.5
PEKANBARU,2025-07-12,2.2,28.4
PEKANBARU,2025-07-13,9.9,27.5
PEKANBARU,2025-07-14,1.5,27.7
PEKANBARU,2025-07-15,0.0,28.5
PEKANBARU,2025-07-16,0.0,29.8
PEKANBARU,2025-07-17,0.0,29.5
PEKANBARU,2025-07-18,0.0,30.1
PEKANBARU,2025-07-19,0.0,29.8
PEKANBARU,2025-07-20,0.0,29.9
PEKANBARU,2025-07-21,0.3,29.9
PEKANBARU,2025-07-22,0.9,28.5
PEKANBARU,2025-07-23,0.2,29.2
PEKANBARU,2025-07-24,2.3,29.4
PEKANBARU,2025-07-25,18.5,27.0
PEKANBARU,2025-07-26,11.7,26.5
PEKANBARU,2025-07-27,0.3,28.0
PEKANBARU,2025-07-28,4.3,28.2
PEKANBARU,2025-07-29,6.6,28.7
PEKANBARU,2025-07-30,8.3,27.7
PEKANBARU,2025-07-31,0.3,28.6
PEKANBARU,2025-08-01,22.5,27.5
PEKANBARU,2025-08-02,0.3,27.6
PEKANBARU,2025-08-03,0.0,28.1
PEKANBARU,2025-08-04,35.1,27.2
PEKANBARU,2025-08-05,5.4,26.9
PEKANBARU,2025-08-06,2.1,27.3
PEKANBARU,2025-08-07,3.4,27.4
PEKANBARU,2025-08-08,18.6,26.1
PEKANBARU,2025-08-09,0.0,27.0
PEKANBARU,2025-08-10,17.6,26.1
PEKANBARU,2025-08-11,12.2,25.3
PEKANBARU,2025-08-12,1.6,26.9
PEKANBARU,2025-08-13,1.3,25.6
PEKANBARU,2025-08-14,0.0,26.7
PEKANBARU,2025-08-15,9.2,26.6
PEKANBARU,2025-08-16,0.2,27.1
PEKANBARU,2025-08-17,3.3,26.7
PEKANBARU,2025-08-18,0.0,27.7
PEKANBARU,2025-08-19,0.1,27.2
PEKANBARU,2025-08-20,0.4,27.3
PEKANBARU,2025-08-21,0.0,27.6
PEKANBARU,2025-08-22,0.5,28.4
PEKANBARU,2025-08-23,0.0,27.7
PEKANBARU,2025-08-24,0.4,26.5
PEKANBARU,2025-08-25,0.4,27.7
PEKANBARU,2025-08-26,1.4,28.5
PEKANBARU,2025-08-27,18.4,27.9
PEKANBARU,2025-08-28,18.6,26.5
PEKANBARU,2025-08-29,11.1,27.2
PEKANBARU,2025-08-30,2.3,27.2
PEKANBARU,2025-08-31,9.8,27.5
PEKANBARU,2025-09-01,2.0,27.0
PEKANBARU,2025-09-02,2.9,26.8
PEKANBARU,2025-09-03,17.0,26.9
PEKANBARU,2025-09-04,20.8,26.2
PEKANBARU,2025-09-05,16.8,25.8
PEKANBARU,2025-09-06,3.4,27.0
PEKANBARU,2025-09-07,0.1,26.8
PEKANBARU,2025-09-08,2.9,27.8
PEKANBARU,2025-09-09,1.8,27.0
PEKANBARU,2025-09-10,14.3,27.4
PEKANBARU,2025-09-11,20.4,26.4
PEKANBARU,2025-09-12,1.0,25.9
PEKANBARU,2025-09-13,2.2,25.6
PEKANBARU,2025-09-14,20.6,26.9
PEKANBARU,2025-09-15,7.3,26.3
PEKANBARU,2025-09-16,6.1,26.5
PEKANBARU,2025-09-17,0.0,26.7
PEKANBARU,2025-09-18,7.9,27.6
PEKANBARU,2025-09-19,8.6,26.7
PEKANBARU,2025-09-20,10.4,26.0
PEKANBARU,2025-09-21,7.8,26.9
PEKANBARU,2025-09-22,10.3,27.4
PEKANBARU,2025-09-23,0.4,27.6
PEKANBARU,2025-09-24,0.6,27.0
PEKANBARU,2025-09-25,0.3,27.1
PEKANBARU,2025-09-26,0.8,27.8
PEKANBARU,2025-09-27,15.2,26.7
PEKANBARU,2025-09-28,8.4,25.5
PEKANBARU,2025-09-29,0.4,26.4
PEKANBARU,2025-09-30,0.2,27.4
PEKANBARU,2025-10-01,6.0,26.7
PEKANBARU,2025-10-02,10.9,26.3
PEKANBARU,2025-10-03,2.7,25.9
PEKANBARU,2025-10-04,0.1,27.2
PEKANBARU,2025-10-05,2.2,25.6
PEKANBARU,2025-10-06,1.4,26.8
PEKANBARU,2025-10-07,16.0,26.5
PEKANBARU,2025-10-08,0.0,27.2
PEKANBARU,2025-10-09,0.0,27.5
PEKANBARU,2025-10-10,5.6,27.6
PEKANBARU,2025-10-11,3.2,27.8
PEKANBARU,2025-10-12,21.3,25.5
PEKANBARU,2025-10-13,0.2,27.5
PEKANBARU,2025-10-14,2.5,27.7
PEKANBARU,2025-10-15,4.5,26.7
PEKANBARU,2025-10-16,1.8,27.3
PEKANBARU,2025-10-17,1.2,27.2
PEKANBARU,2025-10-18,50.9,27.3
PEKANBARU,2025-10-19,43.1,26.4
PEKANBARU,2025-10-20,1.5,26.6
PEKANBARU,2025-10-21,0.2,27.6
PEKANBARU,2025-10-22,8.3,26.1
PEKANBARU,2025-10-23,0.1,27.4
PEKANBARU,2025-10-24,3.1,27.9
PEKANBARU,2025-10-25,0.0,27.8
PEKANBARU,2025-10-26,0.0,28.5
PEKANBARU,2025-10-27,0.3,28.9
PEKANBARU,2025-10-28,0.0,29.5
PEKANBARU,2025-10-29,0.0,28.4
PEKANBARU,2025-10-30,0.0,29.5
PEKANBARU,2025-10-31,2.3,29.9
PEKANBARU,2025-11-01,0.0,29.7
PEKANBARU,2025-11-02,9.0,28.2
PEKANBARU,2025-11-03,0.4,27.5
PEKANBARU,2025-11-04,0.1,27.4
PEKANBARU,2025-11-05,0.0,28.3
PEKANBARU,2025-11-06,0.0,28.5
PEKANBARU,2025-11-07,0.0,28.6
PEKANBARU,2025-11-08,0.0,29.3
PEKANBARU,2025-11-09,10.1,29.2
PEKANBARU,2025-11-10,0.7,28.0
PEKANBARU,2025-11-11,17.3,27.9
PEKANBARU,2025-11-12,0.1,27.5
PEKANBARU,2025-11-13,8.1,27.3
PEKANBARU,2025-11-14,0.7,27.8
PEKANBARU,2025-11-15,11.6,26.7
PEKANBARU,2025-11-16,18.1,26.5
PEKANBARU,2025-11-17,5.7,26.4
PEKANBARU,2025-11-18,5.2,27.3
PEKANBARU,2025-11-19,2.5,27.2
PEKANBARU,2025-11-20,0.8,27.7
PEKANBARU,2025-11-21,1.7,27.8
PEKANBARU,2025-11-22,2.8,27.1
PEKANBARU,2025-11-23,3.3,27.6
PEKANBARU,2025-11-24,24.6,27.4
PEKANBARU,2025-11-25,7.5,26.6
PEKANBARU,2025-11-26,5.8,27.1
PEKANBARU,2025-11-27,13.0,26.7
PEKANBARU,2025-11-28,7.1,25.8
PEKANBARU,2025-11-29,0.5,27.1
PEKANBARU,2025-11-30,0.4,27.4
PEKANBARU,2025-12-01,30.9,27.5
PEKANBARU,2025-12-02,13.5,26.2
PEKANBARU,2025-12-03,13.7,26.1
PEKANBARU,2025-12-04,4.7,25.6
PEKANBARU,2025-12-05,12.9,26.2
PEKANBARU,2025-12-06,1.6,25.8
PEKANBARU,2025-12-07,2.5,26.4
PEKANBARU,2025-12-08,3.7,25.7
PEKANBARU,2025-12-09,6.9,25.9
PEKANBARU,2025-12-10,10.7,25.3
PEKANBARU,2025-12-11,15.9,25.7
PEKANBARU,2025-12-12,13.6,26.2
PEKANBARU,2025-12-13,17.9,25.4
PEKANBARU,2025-12-14,26.1,24.6
PEKANBARU,2025-12-15,28.4,24.6
PEKANBARU,2025-12-16,27.3,24.9
PEKANBARU,2025-12-17,26.5,25.8
PEKANBARU,2025-12-18,20.2,25.8
PEKANBARU,2025-12-19,19.6,25.4
PEKANBARU,2025-12-20,3.9,26.4
PEKANBARU,2025-12-21,7.9,26.1
PEKANBARU,2025-12-22,14.7,26.0
PEKANBARU,2025-12-23,1.6,27.0
PEKANBARU,2025-12-24,4.2,26.9
PEKANBARU,2025-12-25,3.5,26.9
PEKANBARU,2025-12-26,12.9,26.1
PEKANBARU,2025-12-27,15.5,26.2
PEKANBARU,2025-12-28,21.9,24.8
PEKANBARU,2025-12-29,11.9,25.7
PEKANBARU,2025-12-30,29.0,25.7
PEKANBARU,2025-12-31,13.1,26.5
PEKANBARU,2026-01-01,5.7,25.9
PEKANBARU,2026-01-02,27.6,25.0
PEKANBARU,2026-01-03,2.2,26.3
PEKANBARU,2026-01-04,0.1,26.7
PEKANBARU,2026-01-05,0.3,26.9
PEKANBARU,2026-01-06,3.9,26.6
PEKANBARU,2026-01-07,12.1,25.7
PEKANBARU,2026-01-08,16.5,24.6
PEKANBARU,2026-01-09,8.3,25.8
PEKANBARU,2026-01-10,1.5,25.6
PEKANBARU,2026-01-11,3.5,26.0
PEKANBARU,2026-01-12,3.8,25.9
PEKANBARU,2026-01-13,3.6,26.1
PEKANBARU,2026-01-14,3.0,26.6
PEKANBARU,2026-01-15,9.3,26.3
PEKANBARU,2026-01-16,10.1,26.2
PEKANBARU,2026-01-17,5.9,26.4
PEKANBARU,2026-01-18,1.3,26.8
PEKANBARU,2026-01-19,0.8,26.8
PEKANBARU,2026-01-20,0.8,27.0
PEKANBARU,2026-01-21,0.0,26.8
PEKANBARU,2026-01-22,0.2,27.1
PEKANBARU,2026-01-23,0.5,26.9
PEKANBARU,2026-01-24,0.4,27.0
PEKANBARU,2026-01-25,1.7,27.3
PEKANBARU,2026-01-26,0.8,27.3
PEKANBARU,2026-01-27,1.1,27.3
PEKANBARU,2026-01-28,4.9,27.1
PEKANBARU,2026-01-29,2.7,26.6
PEKANBARU,2026-01-30,0.8,26.9
PEKANBARU,2026-01-31,2.2,26.6
PEKANBARU,2026-02-01,1.6,26.4
PEKANBARU,2026-02-02,3.6,26.4
PEKANBARU,2026-02-03,0.6,26.4
PEKANBARU,2026-02-04,0.3,27.2
PEKANBARU,2026-02-05,5.0,28.0
PEKANBARU,2026-02-06,5.2,26.7
PEKANBARU,2026-02-07,1.8,26.7
PEKANBARU,2026-02-08,11.0,26.7
PEKANBARU,2026-02-09,2.2,27.0
PEKANBARU,2026-02-10,0.4,27.7
PEKANBARU,2026-02-11,0.3,28.0
PEKANBARU,2026-02-12,0.6,27.8
PEKANBARU,2026-02-13,3.5,26.9
PEKANBARU,2026-02-14,1.5,26.9
PEKANBARU,2026-02-15,22.4,25.9
PEKANBARU,2026-02-16,6.5,25.9
PEKANBARU,2026-02-17,1.7,25.4
PEKANBARU,2026-02-18,1.2,26.3
PEKANBARU,2026-02-19,1.5,25.6
PEKANBARU,2026-02-20,0.0,25.9
PEKANBARU,2026-02-21,0.3,27.4
PEKANBARU,2026-02-22,1.0,26.9
PEKANBARU,2026-02-23,1.4,27.2
PEKANBARU,2026-02-24,0.0,27.7
PEKANBARU,2026-02-25,20.7,27.0
PEKANBARU,2026-02-26,9.8,26.1
PEKANBARU,2026-02-27,0.1,27.2
PEKANBARU,2026-02-28,0.0,28.4
PEKANBARU,2026-03-01,0.0,28.8
PEKANBARU,2026-03-02,5.2,27.5
PEKANBARU,2026-03-03,6.8,27.9
PEKANBARU,2026-03-04,1.1,27.7
PEKANBARU,2026-03-05,1.7,29.0
PEKANBARU,2026-03-06,1.2,28.5
PEKANBARU,2026-03-07,3.5,27.9
PEKANBARU,2026-03-08,1.4,28.3
PEKANBARU,2026-03-09,2.3,28.1
PEKANBARU,2026-03-10,0.2,29.2
PEKANBARU,2026-03-11,0.0,29.2
PEKANBARU,2026-03-12,0.7,29.1
PEKANBARU,2026-03-13,13.9,27.1
PEKANBARU,2026-03-14,9.5,25.5
PEKANBARU,2026-03-15,1.4,26.4
PEKANBARU,2026-03-16,4.4,26.6
PEKANBARU,2026-03-17,16.1,26.9
PEKANBARU,2026-03-18,8.5,27.3
PEKANBARU,2026-03-19,10.1,26.8
PEKANBARU,2026-03-20,4.6,26.7
PEKANBARU,2026-03-21,2.1,26.7
PEKANBARU,2026-03-22,9.2,27.7
PEKANBARU,2026-03-23,0.3,28.9
PEKANBARU,2026-03-24,2.0,28.9
PEKANBARU,2026-03-25,2.0,28.5
PEKANBARU,2026-03-26,2.1,29.2
PEKANBARU,2026-03-27,2.2,29.0
PEKANBARU,2026-03-28,13.6,26.0
PEKANBARU,2026-03-29,12.5,26.4
PEKANBARU,2026-03-30,17.4,26.6
PEKANBARU,2026-03-31,2.5,27.4
DUMAI,2025-03-15,9.4,26.8
DUMAI,2025-03-16,5.9,27.1
DUMAI,2025-03-17,22.0,25.9
DUMAI,2025-03-18,3.5,27.2
DUMAI,2025-03-19,7.7,26.6
DUMAI,2025-03-20,19.1,24.3
DUMAI,2025-03-21,6.6,26.2
DUMAI,2025-03-22,13.3,25.8
DUMAI,2025-03-23,8.6,26.0
DUMAI,2025-03-24,8.8,26.8
DUMAI,2025-03-25,12.6,26.5
DUMAI,2025-03-26,3.9,28.1
DUMAI,2025-03-27,6.9,27.3
DUMAI,2025-03-28,8.6,26.7
DUMAI,2025-03-29,0.7,28.2
DUMAI,2025-03-30,17.5,27.2
DUMAI,2025-03-31,5.2,27.0
DUMAI,2025-04-01,10.1,26.9
DUMAI,2025-04-02,15.8,26.4
DUMAI,2025-04-03,26.5,26.7
DUMAI,2025-04-04,29.8,26.0
DUMAI,2025-04-05,1.2,26.5
DUMAI,2025-04-06,10.8,26.6
DUMAI,2025-04-07,8.8,25.4
DUMAI,2025-04-08,1.6,26.4
DUMAI,2025-04-09,26.4,26.6
DUMAI,2025-04-10,4.9,27.1
DUMAI,2025-04-11,18.7,26.4
DUMAI,2025-04-12,11.2,26.6
DUMAI,2025-04-13,20.8,26.1
DUMAI,2025-04-14,4.7,27.6
DUMAI,2025-04-15,19.8,26.6
DUMAI,2025-04-16,7.6,27.4
DUMAI,2025-04-17,0.0,28.0
DUMAI,2025-04-18,1.7,27.6
DUMAI,2025-04-19,21.7,27.1
DUMAI,2025-04-20,5.8,27.2
DUMAI,2025-04-21,2.0,27.4
DUMAI,2025-04-22,34.1,26.3
DUMAI,2025-04-23,15.1,26.3
DUMAI,2025-04-24,18.2,26.9
DUMAI,2025-04-25,1.8,28.3
DUMAI,2025-04-26,6.1,27.1
DUMAI,2025-04-27,4.6,27.1
DUMAI,2025-04-28,20.0,26.0
DUMAI,2025-04-29,1.0,27.1
DUMAI,2025-04-30,3.7,26.5
DUMAI,2025-05-01,4.2,26.3
DUMAI,2025-05-02,17.4,27.3
DUMAI,2025-05-03,25.2,26.7
DUMAI,2025-05-04,6.7,27.7
DUMAI,2025-05-05,11.4,26.8
DUMAI,2025-05-06,23.2,27.6
DUMAI,2025-05-07,21.9,26.9
DUMAI,2025-05-08,14.2,27.0
DUMAI,2025-05-09,6.1,27.6
DUMAI,2025-05-10,13.4,27.7
DUMAI,2025-05-11,4.5,27.4
DUMAI,2025-05-12,5.4,28.2
DUMAI,2025-05-13,1.2,29.0
DUMAI,2025-05-14,10.0,28.1
DUMAI,2025-05-15,1.5,29.8
DUMAI,2025-05-16,0.3,29.1
DUMAI,2025-05-17,0.9,29.3
DUMAI,2025-05-18,18.5,27.1
DUMAI,2025-05-19,16.0,27.2
DUMAI,2025-05-20,15.3,27.0
DUMAI,2025-05-21,3.6,26.9
DUMAI,2025-05-22,4.3,27.9
DUMAI,2025-05-23,1.3,28.2
DUMAI,2025-05-24,0.4,29.8
DUMAI,2025-05-25,0.1,30.0
DUMAI,2025-05-26,0.3,30.2
DUMAI,2025-05-27,0.0,30.7
DUMAI,2025-05-28,0.0,31.4
DUMAI,2025-05-29,8.2,29.0
DUMAI,2025-05-30,7.1,28.6
DUMAI,2025-05-31,16.3,26.0
DUMAI,2025-06-01,0.0,28.9
DUMAI,2025-06-02,0.0,29.3
DUMAI,2025-06-03,0.0,30.1
DUMAI,2025-06-04,15.1,27.9
DUMAI,2025-06-05,7.0,27.6
DUMAI,2025-06-06,5.1,26.7
DUMAI,2025-06-07,0.1,28.1
DUMAI,2025-06-08,0.2,28.2
DUMAI,2025-06-09,23.7,27.9
DUMAI,2025-06-10,1.3,27.0
DUMAI,2025-06-11,0.0,28.6
DUMAI,2025-06-12,0.0,29.0
DUMAI,2025-06-13,0.3,29.5
DUMAI,2025-06-14,0.2,29.9
DUMAI,2025-06-15,4.8,28.5
DUMAI,2025-06-16,27.2,27.2
DUMAI,2025-06-17,33.1,26.2
DUMAI,2025-06-18,0.4,28.1
DUMAI,2025-06-19,0.0,28.1
DUMAI,2025-06-20,0.0,27.4
DUMAI,2025-06-21,0.0,27.9
DUMAI,2025-06-22,0.0,28.0
DUMAI,2025-06-23,0.0,28.3
DUMAI,2025-06-24,0.0,28.6
DUMAI,2025-06-25,0.0,28.6
DUMAI,2025-06-26,0.2,29.2
DUMAI,2025-06-27,3.1,28.2
DUMAI,2025-06-28,8.6,27.1
DUMAI,2025-06-29,0.0,27.2
DUMAI,2025-06-30,0.2,27.8
DUMAI,2025-07-01,0.3,28.7
DUMAI,2025-07-02,3.4,27.9
DUMAI,2025-07-03,3.6,27.8
DUMAI,2025-07-04,9.0,26.5
DUMAI,2025-07-05,0.1,27.6
DUMAI,2025-07-06,7.6,27.4
DUMAI,2025-07-07,0.0,28.1
DUMAI,2025-07-08,1.4,27.6
DUMAI,2025-07-09,3.0,28.0
DUMAI,2025-07-10,0.8,28.8
DUMAI,2025-07-11,1.6,28.9
DUMAI,2025-07-12,1.8,27.3
DUMAI,2025-07-13,1.3,28.0
DUMAI,2025-07-14,9.7,27.3
DUMAI,2025-07-15,0.0,27.7
DUMAI,2025-07-16,0.0,28.8
DUMAI,2025-07-17,0.0,28.7
DUMAI,2025-07-18,0.0,28.8
DUMAI,2025-07-19,0.0,29.2
DUMAI,2025-07-20,0.0,29.4
DUMAI,2025-07-21,4.9,29.3
DUMAI,2025-07-22,4.7,27.7
DUMAI,2025-07-23,1.2,28.1
DUMAI,2025-07-24,1.6,28.9
DUMAI,2025-07-25,8.7,27.0
DUMAI,2025-07-26,8.6,26.9
DUMAI,2025-07-27,0.1,28.3
DUMAI,2025-07-28,1.1,28.6
DUMAI,2025-07-29,7.3,29.4
DUMAI,2025-07-30,14.8,27.7
DUMAI,2025-07-31,0.1,29.0
DUMAI,2025-08-01,6.4,28.1
DUMAI,2025-08-02,0.3,28.6
DUMAI,2025-08-03,0.0,29.0
DUMAI,2025-08-04,35.1,27.1
DUMAI,2025-08-05,6.4,26.6
DUMAI,2025-08-06,1.8,27.9
DUMAI,2025-08-07,6.0,27.9
DUMAI,2025-08-08,10.5,27.0
DUMAI,2025-08-09,0.0,29.0
DUMAI,2025-08-10,8.2,26.1
DUMAI,2025-08-11,25.4,25.9
DUMAI,2025-08-12,22.7,27.6
DUMAI,2025-08-13,8.7,26.4
DUMAI,2025-08-14,6.3,27.4
DUMAI,2025-08-15,7.3,27.2
DUMAI,2025-08-16,0.2,28.0
DUMAI,2025-08-17,5.8,28.3
DUMAI,2025-08-18,0.0,29.0
DUMAI,2025-08-19,0.5,28.8
DUMAI,2025-08-20,0.1,29.1
DUMAI,2025-08-21,13.5,27.0
DUMAI,2025-08-22,0.3,28.9
DUMAI,2025-08-23,0.1,29.1
DUMAI,2025-08-24,17.7,27.0
DUMAI,2025-08-25,0.0,29.0
DUMAI,2025-08-26,1.1,29.2
DUMAI,2025-08-27,24.2,28.5
DUMAI,2025-08-28,11.2,26.9
DUMAI,2025-08-29,6.8,27.5
DUMAI,2025-08-30,0.0,28.1
DUMAI,2025-08-31,0.2,29.2
DUMAI,2025-09-01,13.1,27.5
DUMAI,2025-09-02,7.2,27.4
DUMAI,2025-09-03,5.6,27.8
DUMAI,2025-09-04,11.5,26.2
DUMAI,2025-09-05,7.5,26.5
DUMAI,2025-09-06,3.9,27.8
DUMAI,2025-09-07,0.4,27.5
DUMAI,2025-09-08,9.4,27.4
DUMAI,2025-09-09,4.3,26.7
DUMAI,2025-09-10,8.2,28.2
DUMAI,2025-09-11,8.3,26.7
DUMAI,2025-09-12,0.9,26.5
DUMAI,2025-09-13,15.8,25.9
DUMAI,2025-09-14,24.4,27.3
DUMAI,2025-09-15,19.4,27.0
DUMAI,2025-09-16,5.9,27.4
DUMAI,2025-09-17,8.5,26.3
DUMAI,2025-09-18,0.0,28.0
DUMAI,2025-09-19,0.8,27.7
DUMAI,2025-09-20,4.9,26.3
DUMAI,2025-09-21,1.8,27.3
DUMAI,2025-09-22,26.0,27.0
DUMAI,2025-09-23,3.1,27.8
DUMAI,2025-09-24,3.1,27.1
DUMAI,2025-09-25,10.7,27.4
DUMAI,2025-09-26,0.3,28.5
DUMAI,2025-09-27,10.5,26.7
DUMAI,2025-09-28,16.2,25.5
DUMAI,2025-09-29,0.0,26.4
DUMAI,2025-09-30,0.3,27.8
DUMAI,2025-10-01,15.3,26.9
DUMAI,2025-10-02,8.4,27.2
DUMAI,2025-10-03,5.6,26.0
DUMAI,2025-10-04,0.0,27.3
DUMAI,2025-10-05,3.3,26.8
DUMAI,2025-10-06,13.4,26.7
DUMAI,2025-10-07,8.4,26.9
DUMAI,2025-10-08,1.1,27.3
DUMAI,2025-10-09,1.1,27.9
DUMAI,2025-10-10,25.1,27.3
DUMAI,2025-10-11,3.9,27.1
DUMAI,2025-10-12,21.0,25.9
DUMAI,2025-10-13,0.0,27.8
DUMAI,2025-10-14,3.8,28.0
DUMAI,2025-10-15,1.6,27.7
DUMAI,2025-10-16,0.9,27.9
DUMAI,2025-10-17,17.2,26.3
DUMAI,2025-10-18,12.1,27.3
DUMAI,2025-10-19,17.0,26.1
DUMAI,2025-10-20,3.4,26.4
DUMAI,2025-10-21,14.2,26.7
DUMAI,2025-10-22,9.0,26.0
DUMAI,2025-10-23,0.2,27.1
DUMAI,2025-10-24,17.2,27.0
DUMAI,2025-10-25,0.0,27.6
DUMAI,2025-10-26,0.0,28.6
DUMAI,2025-10-27,0.0,28.6
DUMAI,2025-10-28,0.0,29.1
DUMAI,2025-10-29,0.0,29.0
DUMAI,2025-10-30,0.0,29.4
DUMAI,2025-10-31,1.7,29.8
DUMAI,2025-11-01,3.1,28.5
DUMAI,2025-11-02,10.5,28.2
DUMAI,2025-11-03,2.8,28.0
DUMAI,2025-11-04,13.3,27.2
DUMAI,2025-11-05,0.6,28.4
DUMAI,2025-11-06,0.2,30.6
DUMAI,2025-11-07,0.6,30.0
DUMAI,2025-11-08,0.5,29.8
DUMAI,2025-11-09,4.1,29.9
DUMAI,2025-11-10,4.6,27.4
DUMAI,2025-11-11,1.5,27.7
DUMAI,2025-11-12,7.0,26.8
DUMAI,2025-11-13,5.6,26.4
DUMAI,2025-11-14,13.8,26.6
DUMAI,2025-11-15,6.0,27.3
DUMAI,2025-11-16,19.8,26.4
DUMAI,2025-11-17,19.3,26.7
DUMAI,2025-11-18,13.1,27.0
DUMAI,2025-11-19,13.9,26.4
DUMAI,2025-11-20,18.0,27.0
DUMAI,2025-11-21,1.7,28.5
DUMAI,2025-11-22,8.6,27.1
DUMAI,2025-11-23,2.0,28.1
DUMAI,2025-11-24,8.5,27.6
DUMAI,2025-11-25,3.3,26.8
DUMAI,2025-11-26,5.2,27.6
DUMAI,2025-11-27,56.9,25.7
DUMAI,2025-11-28,1.4,25.2
DUMAI,2025-11-29,0.9,27.1
DUMAI,2025-11-30,0.5,27.7
DUMAI,2025-12-01,0.7,27.6
DUMAI,2025-12-02,4.3,26.5
DUMAI,2025-12-03,4.7,26.6
DUMAI,2025-12-04,12.1,25.5
DUMAI,2025-12-05,13.7,26.8
DUMAI,2025-12-06,3.0,26.0
DUMAI,2025-12-07,0.8,27.1
DUMAI,2025-12-08,4.9,26.0
DUMAI,2025-12-09,3.8,26.4
DUMAI,2025-12-10,4.1,26.2
DUMAI,2025-12-11,8.4,26.2
DUMAI,2025-12-12,10.0,27.1
DUMAI,2025-12-13,24.3,25.6
DUMAI,2025-12-14,17.7,25.7
DUMAI,2025-12-15,27.2,24.6
DUMAI,2025-12-16,39.2,24.7
DUMAI,2025-12-17,32.8,24.8
DUMAI,2025-12-18,29.8,25.8
DUMAI,2025-12-19,20.5,25.6
DUMAI,2025-12-20,6.6,26.6
DUMAI,2025-12-21,14.4,25.9
DUMAI,2025-12-22,6.5,26.6
DUMAI,2025-12-23,10.8,27.1
DUMAI,2025-12-24,2.6,27.0
DUMAI,2025-12-25,6.5,26.5
DUMAI,2025-12-26,15.6,26.1
DUMAI,2025-12-27,1.3,26.5
DUMAI,2025-12-28,32.3,25.3
DUMAI,2025-12-29,3.4,26.2
DUMAI,2025-12-30,15.0,26.6
DUMAI,2025-12-31,8.3,26.3
DUMAI,2026-01-01,13.6,25.9
DUMAI,2026-01-02,23.5,25.3
DUMAI,2026-01-03,0.3,25.9
DUMAI,2026-01-04,0.0,26.9
DUMAI,2026-01-05,0.2,27.1
DUMAI,2026-01-06,0.0,27.0
DUMAI,2026-01-07,12.0,26.1
DUMAI,2026-01-08,1.4,26.5
DUMAI,2026-01-09,1.2,26.4
DUMAI,2026-01-10,3.3,25.8
DUMAI,2026-01-11,1.1,26.4
DUMAI,2026-01-12,1.2,26.1
DUMAI,2026-01-13,2.6,26.3
DUMAI,2026-01-14,1.5,26.5
DUMAI,2026-01-15,2.8,26.3
DUMAI,2026-01-16,1.1,26.5
DUMAI,2026-01-17,1.1,26.5
DUMAI,2026-01-18,1.6,26.8
DUMAI,2026-01-19,0.5,26.8
DUMAI,2026-01-20,2.7,26.9
DUMAI,2026-01-21,0.6,26.9
DUMAI,2026-01-22,0.0,27.1
DUMAI,2026-01-23,0.0,27.2
DUMAI,2026-01-24,0.0,27.8
DUMAI,2026-01-25,0.8,27.7
DUMAI,2026-01-26,0.5,27.7
DUMAI,2026-01-27,0.3,28.0
DUMAI,2026-01-28,1.5,28.0
DUMAI,2026-01-29,1.7,27.4
DUMAI,2026-01-30,1.1,27.7
DUMAI,2026-01-31,1.5,26.9
DUMAI,2026-02-01,0.5,27.6
DUMAI,2026-02-02,0.0,28.3
DUMAI,2026-02-03,0.1,28.2
DUMAI,2026-02-04,0.0,28.5
DUMAI,2026-02-05,7.3,28.3
DUMAI,2026-02-06,13.1,26.4
DUMAI,2026-02-07,3.2,27.8
DUMAI,2026-02-08,0.3,28.2
DUMAI,2026-02-09,1.7,28.6
DUMAI,2026-02-10,0.5,29.3
DUMAI,2026-02-11,0.3,29.9
DUMAI,2026-02-12,1.2,28.8
DUMAI,2026-02-13,1.2,29.0
DUMAI,2026-02-14,4.7,28.3
DUMAI,2026-02-15,8.5,26.9
DUMAI,2026-02-16,40.0,26.3
DUMAI,2026-02-17,27.3,25.2
DUMAI,2026-02-18,22.1,26.1
DUMAI,2026-02-19,4.6,26.5
DUMAI,2026-02-20,0.0,27.3
DUMAI,2026-02-21,0.4,28.3
DUMAI,2026-02-22,2.2,27.3
DUMAI,2026-02-23,0.8,27.7
DUMAI,2026-02-24,0.4,28.3
DUMAI,2026-02-25,13.2,28.2
DUMAI,2026-02-26,17.3,25.7
DUMAI,2026-02-27,7.0,26.9
DUMAI,2026-02-28,0.7,27.8
DUMAI,2026-03-01,0.6,28.4
DUMAI,2026-03-02,3.4,27.3
DUMAI,2026-03-03,12.2,27.4
DUMAI,2026-03-04,0.1,27.7
DUMAI,2026-03-05,1.0,28.2
DUMAI,2026-03-06,1.5,27.8
DUMAI,2026-03-07,0.5,28.0
DUMAI,2026-03-08,0.5,28.3
DUMAI,2026-03-09,0.4,28.0
DUMAI,2026-03-10,0.2,28.7
DUMAI,2026-03-11,0.0,28.2
DUMAI,2026-03-12,0.9,28.5
DUMAI,2026-03-13,0.8,29.1
DUMAI,2026-03-14,13.3,27.6
DUMAI,2026-03-15,1.1,27.2
DUMAI,2026-03-16,3.4,27.5
DUMAI,2026-03-17,2.2,28.9
DUMAI,2026-03-18,1.5,29.3
DUMAI,2026-03-19,0.6,29.5
DUMAI,2026-03-20,0.4,28.6
DUMAI,2026-03-21,2.0,28.8
DUMAI,2026-03-22,0.1,30.0
DUMAI,2026-03-23,0.5,30.4
DUMAI,2026-03-24,2.0,29.9
DUMAI,2026-03-25,2.0,29.7
DUMAI,2026-03-26,3.4,29.7
DUMAI,2026-03-27,3.8,30.0
DUMAI,2026-03-28,4.2,28.0
DUMAI,2026-03-29,4.5,26.7
DUMAI,2026-03-30,1.4,27.1
DUMAI,2026-03-31,0.6,27.9
PALEMBANG,2025-03-15,9.9,26.4
PALEMBANG,2025-03-16,2.3,27.0
PALEMBANG,2025-03-17,9.8,25.7
PALEMBANG,2025-03-18,8.8,26.1
PALEMBANG,2025-03-19,15.8,24.4
PALEMBANG,2025-03-20,0.9,25.3
PALEMBANG,2025-03-21,3.7,25.4
PALEMBANG,2025-03-22,3.8,25.5
PALEMBANG,2025-03-23,2.6,26.3
PALEMBANG,2025-03-24,5.0,26.6
PALEMBANG,2025-03-25,3.5,26.5
PALEMBANG,2025-03-26,1.0,27.4
PALEMBANG,2025-03-27,5.6,27.3
PALEMBANG,2025-03-28,18.8,26.2
PALEMBANG,2025-03-29,8.1,27.3
PALEMBANG,2025-03-30,18.4,27.0
PALEMBANG,2025-03-31,27.0,25.8
PALEMBANG,2025-04-01,6.3,26.4
PALEMBANG,2025-04-02,24.6,25.4
PALEMBANG,2025-04-03,22.6,26.0
PALEMBANG,2025-04-04,14.3,26.2
PALEMBANG,2025-04-05,27.3,25.3
PALEMBANG,2025-04-06,11.0,26.3
PALEMBANG,2025-04-07,24.8,26.1
PALEMBANG,2025-04-08,10.1,26.8
PALEMBANG,2025-04-09,9.3,26.3
PALEMBANG,2025-04-10,4.1,27.4
PALEMBANG,2025-04-11,13.4,26.7
PALEMBANG,2025-04-12,18.0,26.5
PALEMBANG,2025-04-13,38.9,25.2
PALEMBANG,2025-04-14,7.4,26.6
PALEMBANG,2025-04-15,30.1,26.3
PALEMBANG,2025-04-16,16.6,26.6
PALEMBANG,2025-04-17,8.5,26.3
PALEMBANG,2025-04-18,7.8,26.6
PALEMBANG,2025-04-19,3.8,26.7
PALEMBANG,2025-04-20,1.3,26.8
PALEMBANG,2025-04-21,30.7,25.6
PALEMBANG,2025-04-22,0.4,27.0
PALEMBANG,2025-04-23,15.6,26.5
PALEMBANG,2025-04-24,15.0,26.9
PALEMBANG,2025-04-25,4.7,26.7
PALEMBANG,2025-04-26,8.4,26.2
PALEMBANG,2025-04-27,4.7,26.7
PALEMBANG,2025-04-28,11.8,26.9
PALEMBANG,2025-04-29,13.1,27.0
PALEMBANG,2025-04-30,7.6,26.6
PALEMBANG,2025-05-01,12.6,26.9
PALEMBANG,2025-05-02,16.5,26.8
PALEMBANG,2025-05-03,0.4,27.8
PALEMBANG,2025-05-04,4.4,27.0
PALEMBANG,2025-05-05,6.1,26.6
PALEMBANG,2025-05-06,0.9,27.8
PALEMBANG,2025-05-07,0.2,28.5
PALEMBANG,2025-05-08,0.3,28.8
PALEMBANG,2025-05-09,7.0,27.2
PALEMBANG,2025-05-10,7.1,28.1
PALEMBANG,2025-05-11,19.6,27.4
PALEMBANG,2025-05-12,6.5,27.1
PALEMBANG,2025-05-13,18.7,26.4
PALEMBANG,2025-05-14,3.5,27.5
PALEMBANG,2025-05-15,0.2,28.1
PALEMBANG,2025-05-16,8.5,27.3
PALEMBANG,2025-05-17,0.0,27.3
PALEMBANG,2025-05-18,8.1,27.4
PALEMBANG,2025-05-19,1.0,26.9
PALEMBANG,2025-05-20,0.0,28.4
PALEMBANG,2025-05-21,0.0,28.7
PALEMBANG,2025-05-22,6.9,27.0
PALEMBANG,2025-05-23,9.8,26.3
PALEMBANG,2025-05-24,5.3,27.7
PALEMBANG,2025-05-25,20.1,27.3
PALEMBANG,2025-05-26,5.3,27.0
PALEMBANG,2025-05-27,0.7,28.5
PALEMBANG,2025-05-28,9.5,27.9
PALEMBANG,2025-05-29,8.1,27.3
PALEMBANG,2025-05-30,0.0,27.4
PALEMBANG,2025-05-31,17.5,28.0
PALEMBANG,2025-06-01,0.8,25.9
PALEMBANG,2025-06-02,0.2,27.2
PALEMBANG,2025-06-03,5.2,27.7
PALEMBANG,2025-06-04,6.3,27.5
PALEMBANG,2025-06-05,23.6,27.6
PALEMBANG,2025-06-06,8.6,26.2
PALEMBANG,2025-06-07,12.4,26.3
PALEMBANG,2025-06-08,0.0,28.1
PALEMBANG,2025-06-09,0.0,28.3
PALEMBANG,2025-06-10,0.6,28.0
PALEMBANG,2025-06-11,0.0,28.2
PALEMBANG,2025-06-12,2.9,27.8
PALEMBANG,2025-06-13,1.0,27.5
PALEMBANG,2025-06-14,5.5,25.9
PALEMBANG,2025-06-15,3.5,27.0
PALEMBANG,2025-06-16,2.9,27.1
PALEMBANG,2025-06-17,19.2,26.9
PALEMBANG,2025-06-18,23.6,25.8
PALEMBANG,2025-06-19,0.6,26.4
PALEMBANG,2025-06-20,10.5,26.4
PALEMBANG,2025-06-21,0.7,26.9
PALEMBANG,2025-06-22,0.8,26.9
PALEMBANG,2025-06-23,29.3,25.9
PALEMBANG,2025-06-24,9.5,25.5
PALEMBANG,2025-06-25,0.7,27.5
PALEMBANG,2025-06-26,0.0,27.5
PALEMBANG,2025-06-27,0.0,28.0
PALEMBANG,2025-06-28,2.5,26.3
PALEMBANG,2025-06-29,0.0,26.6
PALEMBANG,2025-06-30,0.7,26.9
PALEMBANG,2025-07-01,3.9,27.1
PALEMBANG,2025-07-02,1.5,27.4
PALEMBANG,2025-07-03,5.2,26.7
PALEMBANG,2025-07-04,24.6,27.3
PALEMBANG,2025-07-05,10.3,25.1
PALEMBANG,2025-07-06,0.2,27.0
PALEMBANG,2025-07-07,0.3,26.4
PALEMBANG,2025-07-08,0.8,26.5
PALEMBANG,2025-07-09,5.2,26.2
PALEMBANG,2025-07-10,0.5,27.3
PALEMBANG,2025-07-11,3.4,26.2
PALEMBANG,2025-07-12,5.5,25.9
PALEMBANG,2025-07-13,9.6,26.5
PALEMBANG,2025-07-14,5.8,26.0
PALEMBANG,2025-07-15,2.2,26.9
PALEMBANG,2025-07-16,6.4,27.7
PALEMBANG,2025-07-17,0.2,27.7
PALEMBANG,2025-07-18,0.6,28.2
PALEMBANG,2025-07-19,0.9,28.5
PALEMBANG,2025-07-20,0.1,28.6
PALEMBANG,2025-07-21,0.2,28.5
PALEMBANG,2025-07-22,1.6,28.0
PALEMBANG,2025-07-23,1.1,28.5
PALEMBANG,2025-07-24,1.2,28.5
PALEMBANG,2025-07-25,0.7,28.3
PALEMBANG,2025-07-26,0.2,28.6
PALEMBANG,2025-07-27,3.3,27.4
PALEMBANG,2025-07-28,1.1,27.5
PALEMBANG,2025-07-29,2.1,28.0
PALEMBANG,2025-07-30,6.4,27.4
PALEMBANG,2025-07-31,7.6,26.8
PALEMBANG,2025-08-01,0.9,27.8
PALEMBANG,2025-08-02,0.7,27.5
PALEMBANG,2025-08-03,5.2,27.0
PALEMBANG,2025-08-04,13.9,26.1
PALEMBANG,2025-08-05,12.8,25.2
PALEMBANG,2025-08-06,1.7,27.1
PALEMBANG,2025-08-07,0.3,27.9
PALEMBANG,2025-08-08,0.6,28.0
PALEMBANG,2025-08-09,0.9,27.9
PALEMBANG,2025-08-10,0.5,28.3
PALEMBANG,2025-08-11,3.3,25.5
PALEMBANG,2025-08-12,9.2,25.8
PALEMBANG,2025-08-13,10.2,25.4
PALEMBANG,2025-08-14,4.0,25.9
PALEMBANG,2025-08-15,4.2,26.1
PALEMBANG,2025-08-16,1.7,26.9
PALEMBANG,2025-08-17,1.9,27.2
PALEMBANG,2025-08-18,24.5,24.7
PALEMBANG,2025-08-19,0.4,25.7
PALEMBANG,2025-08-20,0.2,26.2
PALEMBANG,2025-08-21,0.1,26.1
PALEMBANG,2025-08-22,0.0,27.7
PALEMBANG,2025-08-23,5.6,26.4
PALEMBANG,2025-08-24,28.0,25.4
PALEMBANG,2025-08-25,3.5,26.7
PALEMBANG,2025-08-26,0.8,27.7
PALEMBANG,2025-08-27,0.0,28.1
PALEMBANG,2025-08-28,0.3,27.8
PALEMBANG,2025-08-29,1.3,28.1
PALEMBANG,2025-08-30,16.2,26.4
PALEMBANG,2025-08-31,8.3,26.3
PALEMBANG,2025-09-01,12.8,26.3
PALEMBANG,2025-09-02,5.3,25.5
PALEMBANG,2025-09-03,3.4,25.9
PALEMBANG,2025-09-04,2.2,26.3
PALEMBANG,2025-09-05,2.3,26.8
PALEMBANG,2025-09-06,0.8,26.9
PALEMBANG,2025-09-07,8.0,26.5
PALEMBANG,2025-09-08,16.6,26.6
PALEMBANG,2025-09-09,17.0,25.4
PALEMBANG,2025-09-10,9.1,25.7
PALEMBANG,2025-09-11,43.0,24.7
PALEMBANG,2025-09-12,10.0,25.5
PALEMBANG,2025-09-13,6.8,26.6
PALEMBANG,2025-09-14,0.0,27.5
PALEMBANG,2025-09-15,0.0,27.9
PALEMBANG,2025-09-16,4.2,26.4
PALEMBANG,2025-09-17,23.8,25.4
PALEMBANG,2025-09-18,1.2,26.7
PALEMBANG,2025-09-19,0.3,26.7
PALEMBANG,2025-09-20,5.6,26.1
PALEMBANG,2025-09-21,12.4,26.6
PALEMBANG,2025-09-22,2.8,26.9
PALEMBANG,2025-09-23,1.1,26.3
PALEMBANG,2025-09-24,0.0,27.5
PALEMBANG,2025-09-25,0.0,28.0
PALEMBANG,2025-09-26,2.8,28.2
PALEMBANG,2025-09-27,0.2,28.6
PALEMBANG,2025-09-28,15.4,27.2
PALEMBANG,2025-09-29,23.7,25.1
PALEMBANG,2025-09-30,13.8,25.9
PALEMBANG,2025-10-01,8.6,26.3
PALEMBANG,2025-10-02,19.1,24.8
PALEMBANG,2025-10-03,1.4,26.8
PALEMBANG,2025-10-04,0.0,28.0
PALEMBANG,2025-10-05,0.2,28.0
PALEMBANG,2025-10-06,17.9,26.4
PALEMBANG,2025-10-07,25.1,25.1
PALEMBANG,2025-10-08,4.4,26.8
PALEMBANG,2025-10-09,4.9,26.7
PALEMBANG,2025-10-10,4.0,26.8
PALEMBANG,2025-10-11,0.5,27.6
PALEMBANG,2025-10-12,0.9,27.6
PALEMBANG,2025-10-13,8.3,26.6
PALEMBANG,2025-10-14,5.8,26.9
PALEMBANG,2025-10-15,0.6,28.0
PALEMBANG,2025-10-16,9.8,26.9
PALEMBANG,2025-10-17,1.7,27.7
PALEMBANG,2025-10-18,2.3,27.4
PALEMBANG,2025-10-19,5.8,27.3
PALEMBANG,2025-10-20,11.0,27.0
PALEMBANG,2025-10-21,22.6,26.6
PALEMBANG,2025-10-22,15.1,26.3
PALEMBANG,2025-10-23,24.9,26.0
PALEMBANG,2025-10-24,0.2,27.4
PALEMBANG,2025-10-25,0.3,27.6
PALEMBANG,2025-10-26,0.5,27.8
PALEMBANG,2025-10-27,4.3,27.9
PALEMBANG,2025-10-28,1.8,27.4
PALEMBANG,2025-10-29,0.5,28.7
PALEMBANG,2025-10-30,0.1,29.4
PALEMBANG,2025-10-31,0.8,29.5
PALEMBANG,2025-11-01,1.2,28.7
PALEMBANG,2025-11-02,4.1,29.1
PALEMBANG,2025-11-03,18.3,27.4
PALEMBANG,2025-11-04,2.5,27.2
PALEMBANG,2025-11-05,20.2,26.8
PALEMBANG,2025-11-06,0.0,28.3
PALEMBANG,2025-11-07,12.8,28.2
PALEMBANG,2025-11-08,14.1,26.6
PALEMBANG,2025-11-09,0.7,28.2
PALEMBANG,2025-11-10,10.6,26.1
PALEMBANG,2025-11-11,20.6,27.1
PALEMBANG,2025-11-12,5.8,26.2
PALEMBANG,2025-11-13,14.0,27.1
PALEMBANG,2025-11-14,1.1,27.4
PALEMBANG,2025-11-15,10.4,26.4
PALEMBANG,2025-11-16,7.7,26.5
PALEMBANG,2025-11-17,0.0,26.8
PALEMBANG,2025-11-18,4.6,26.7
PALEMBANG,2025-11-19,17.9,26.5
PALEMBANG,2025-11-20,2.7,26.6
PALEMBANG,2025-11-21,11.1,27.6
PALEMBANG,2025-11-22,8.0,27.1
PALEMBANG,2025-11-23,18.2,26.3
PALEMBANG,2025-11-24,14.6,27.2
PALEMBANG,2025-11-25,9.5,27.4
PALEMBANG,2025-11-26,0.3,28.6
PALEMBANG,2025-11-27,0.3,28.1
PALEMBANG,2025-11-28,1.7,28.6
PALEMBANG,2025-11-29,0.8,28.5
PALEMBANG,2025-11-30,4.5,27.1
PALEMBANG,2025-12-01,7.4,27.8
PALEMBANG,2025-12-02,4.2,26.8
PALEMBANG,2025-12-03,7.5,26.7
PALEMBANG,2025-12-04,23.2,25.5
PALEMBANG,2025-12-05,8.8,26.1
PALEMBANG,2025-12-06,31.0,25.3
PALEMBANG,2025-12-07,9.8,25.6
PALEMBANG,2025-12-08,16.6,25.7
PALEMBANG,2025-12-09,30.3,25.1
PALEMBANG,2025-12-10,11.8,25.7
PALEMBANG,2025-12-11,45.0,26.0
PALEMBANG,2025-12-12,44.8,25.2
PALEMBANG,2025-12-13,14.3,26.0
PALEMBANG,2025-12-14,22.5,25.7
PALEMBANG,2025-12-15,8.6,25.7
PALEMBANG,2025-12-16,6.3,25.8
PALEMBANG,2025-12-17,15.2,26.5
PALEMBANG,2025-12-18,8.7,26.9
PALEMBANG,2025-12-19,13.5,25.9
PALEMBANG,2025-12-20,9.9,26.8
PALEMBANG,2025-12-21,17.6,25.9
PALEMBANG,2025-12-22,8.1,27.0
PALEMBANG,2025-12-23,0.5,27.5
PALEMBANG,2025-12-24,7.2,26.7
PALEMBANG,2025-12-25,29.5,26.4
PALEMBANG,2025-12-26,28.9,25.9
PALEMBANG,2025-12-27,12.6,26.9
PALEMBANG,2025-12-28,16.6,26.0
PALEMBANG,2025-12-29,25.6,26.0
PALEMBANG,2025-12-30,12.5,25.2
PALEMBANG,2025-12-31,5.6,25.8
PALEMBANG,2026-01-01,11.3,26.0
PALEMBANG,2026-01-02,34.2,24.5
PALEMBANG,2026-01-03,12.5,25.2
PALEMBANG,2026-01-04,0.2,25.8
PALEMBANG,2026-01-05,1.6,26.7
PALEMBANG,2026-01-06,7.3,26.2
PALEMBANG,2026-01-07,4.1,26.7
PALEMBANG,2026-01-08,35.5,24.3
PALEMBANG,2026-01-09,35.2,23.9
PALEMBANG,2026-01-10,14.8,24.8
PALEMBANG,2026-01-11,8.3,25.3
PALEMBANG,2026-01-12,10.7,25.6
PALEMBANG,2026-01-13,9.3,26.0
PALEMBANG,2026-01-14,8.0,25.6
PALEMBANG,2026-01-15,5.8,26.2
PALEMBANG,2026-01-16,12.7,25.9
PALEMBANG,2026-01-17,26.3,25.5
PALEMBANG,2026-01-18,11.0,25.5
PALEMBANG,2026-01-19,7.0,25.8
PALEMBANG,2026-01-20,6.9,26.6
PALEMBANG,2026-01-21,1.7,26.0
PALEMBANG,2026-01-22,0.6,26.1
PALEMBANG,2026-01-23,1.5,26.3
PALEMBANG,2026-01-24,1.2,26.1
PALEMBANG,2026-01-25,1.2,26.3
PALEMBANG,2026-01-26,1.4,26.5
PALEMBANG,2026-01-27,8.6,25.8
PALEMBANG,2026-01-28,1.4,26.4
PALEMBANG,2026-01-29,7.9,25.9
PALEMBANG,2026-01-30,13.5,25.4
PALEMBANG,2026-01-31,7.9,26.0
PALEMBANG,2026-02-01,22.2,25.3
PALEMBANG,2026-02-02,17.0,25.0
PALEMBANG,2026-02-03,8.0,25.5
PALEMBANG,2026-02-04,6.0,25.7
PALEMBANG,2026-02-05,4.0,26.1
PALEMBANG,2026-02-06,16.4,25.1
PALEMBANG,2026-02-07,5.8,26.1
PALEMBANG,2026-02-08,25.8,25.5
PALEMBANG,2026-02-09,4.5,26.2
PALEMBANG,2026-02-10,0.2,26.8
PALEMBANG,2026-02-11,2.4,27.1
PALEMBANG,2026-02-12,30.5,25.5
PALEMBANG,2026-02-13,3.4,26.3
PALEMBANG,2026-02-14,6.8,26.5
PALEMBANG,2026-02-15,18.4,25.4
PALEMBANG,2026-02-16,7.9,26.5
PALEMBANG,2026-02-17,1.5,26.2
PALEMBANG,2026-02-18,6.0,26.5
PALEMBANG,2026-02-19,18.6,25.9
PALEMBANG,2026-02-20,0.7,26.4
PALEMBANG,2026-02-21,2.3,26.5
PALEMBANG,2026-02-22,1.8,26.9
PALEMBANG,2026-02-23,10.3,26.0
PALEMBANG,2026-02-24,0.0,26.8
PALEMBANG,2026-02-25,6.4,27.3
PALEMBANG,2026-02-26,1.3,27.8
PALEMBANG,2026-02-27,0.1,28.1
PALEMBANG,2026-02-28,3.5,28.0
PALEMBANG,2026-03-01,1.4,28.1
PALEMBANG,2026-03-02,1.8,28.1
PALEMBANG,2026-03-03,9.5,28.4
PALEMBANG,2026-03-04,8.6,27.2
PALEMBANG,2026-03-05,24.1,27.6
PALEMBANG,2026-03-06,33.3,25.0
PALEMBANG,2026-03-07,1.5,25.9
PALEMBANG,2026-03-08,7.8,26.3
PALEMBANG,2026-03-09,3.6,26.6
PALEMBANG,2026-03-10,1.7,27.3
PALEMBANG,2026-03-11,1.1,27.1
PALEMBANG,2026-03-12,3.6,27.4
PALEMBANG,2026-03-13,8.3,27.4
PALEMBANG,2026-03-14,18.4,25.7
PALEMBANG,2026-03-15,9.0,26.1
PALEMBANG,2026-03-16,5.4,26.0
PALEMBANG,2026-03-17,15.8,26.6
PALEMBANG,2026-03-18,11.7,27.0
PALEMBANG,2026-03-19,6.0,26.1
PALEMBANG,2026-03-20,11.0,26.4
PALEMBANG,2026-03-21,15.6,26.0
PALEMBANG,2026-03-22,16.2,25.9
PALEMBANG,2026-03-23,1.0,26.9
PALEMBANG,2026-03-24,1.1,27.5
PALEMBANG,2026-03-25,3.7,26.9
PALEMBANG,2026-03-26,1.1,27.2
PALEMBANG,2026-03-27,3.0,26.9
PALEMBANG,2026-03-28,13.2,26.4
PALEMBANG,2026-03-29,14.6,26.6
PALEMBANG,2026-03-30,8.3,26.5
PALEMBANG,2026-03-31,18.4,26.6
JAMBI,2025-03-15,7.2,21.1
JAMBI,2025-03-16,2.0,21.2
JAMBI,2025-03-17,2.6,21.1
JAMBI,2025-03-18,2.6,21.4
JAMBI,2025-03-19,1.1,22.1
JAMBI,2025-03-20,0.6,22.2
JAMBI,2025-03-21,4.1,21.9
JAMBI,2025-03-22,14.8,21.5
JAMBI,2025-03-23,0.5,23.4
JAMBI,2025-03-24,0.1,23.2
JAMBI,2025-03-25,0.1,24.2
JAMBI,2025-03-26,0.0,23.5
JAMBI,2025-03-27,0.7,22.9
JAMBI,2025-03-28,0.7,22.1
JAMBI,2025-03-29,0.9,22.2
JAMBI,2025-03-30,0.1,22.8
JAMBI,2025-03-31,4.4,22.0
JAMBI,2025-04-01,4.9,21.6
JAMBI,2025-04-02,6.8,20.6
JAMBI,2025-04-03,3.5,21.5
JAMBI,2025-04-04,0.2,22.7
JAMBI,2025-04-05,0.1,22.4
JAMBI,2025-04-06,12.3,19.9
JAMBI,2025-04-07,0.7,21.1
JAMBI,2025-04-08,4.1,21.8
JAMBI,2025-04-09,2.5,22.1
JAMBI,2025-04-10,5.2,22.0
JAMBI,2025-04-11,0.5,21.9
JAMBI,2025-04-12,4.6,21.6
JAMBI,2025-04-13,0.4,21.4
JAMBI,2025-04-14,2.2,21.2
JAMBI,2025-04-15,1.3,21.8
JAMBI,2025-04-16,0.3,22.3
JAMBI,2025-04-17,0.9,21.8
JAMBI,2025-04-18,3.1,21.0
JAMBI,2025-04-19,0.3,21.2
JAMBI,2025-04-20,2.0,20.6
JAMBI,2025-04-21,0.8,21.1
JAMBI,2025-04-22,3.7,20.2
JAMBI,2025-04-23,1.1,20.4
JAMBI,2025-04-24,3.2,20.8
JAMBI,2025-04-25,6.8,20.1
JAMBI,2025-04-26,0.3,21.6
JAMBI,2025-04-27,0.0,22.0
JAMBI,2025-04-28,0.0,21.8
JAMBI,2025-04-29,0.0,21.5
JAMBI,2025-04-30,0.1,21.6
JAMBI,2025-05-01,0.0,22.3
JAMBI,2025-05-02,0.0,22.8
JAMBI,2025-05-03,0.3,23.0
JAMBI,2025-05-04,0.2,22.1
JAMBI,2025-05-05,0.3,21.5
JAMBI,2025-05-06,0.0,20.0
JAMBI,2025-05-07,0.0,19.0
JAMBI,2025-05-08,0.0,18.0
JAMBI,2025-05-09,0.0,18.4
JAMBI,2025-05-10,0.0,19.8
JAMBI,2025-05-11,0.0,21.8
JAMBI,2025-05-12,0.0,21.6
JAMBI,2025-05-13,0.0,21.1
JAMBI,2025-05-14,0.0,21.2
JAMBI,2025-05-15,0.0,20.7
JAMBI,2025-05-16,0.0,21.3
JAMBI,2025-05-17,0.0,21.3
JAMBI,2025-05-18,0.0,21.4
JAMBI,2025-05-19,0.0,21.2
JAMBI,2025-05-20,0.0,21.9
JAMBI,2025-05-21,0.0,22.2
JAMBI,2025-05-22,0.0,21.6
JAMBI,2025-05-23,0.0,20.7
JAMBI,2025-05-24,0.0,20.4
JAMBI,2025-05-25,0.0,18.5
JAMBI,2025-05-26,0.0,18.4
JAMBI,2025-05-27,0.0,18.3
JAMBI,2025-05-28,0.0,18.6
JAMBI,2025-05-29,0.0,19.5
JAMBI,2025-05-30,0.0,19.3
JAMBI,2025-05-31,0.0,18.7
JAMBI,2025-06-01,0.0,18.9
JAMBI,2025-06-02,0.0,18.4
JAMBI,2025-06-03,0.0,18.0
JAMBI,2025-06-04,0.0,18.4
JAMBI,2025-06-05,0.0,19.0
JAMBI,2025-06-06,0.0,18.7
JAMBI,2025-06-07,0.0,18.4
JAMBI,2025-06-08,0.0,19.7
JAMBI,2025-06-09,0.0,20.8
JAMBI,2025-06-10,0.0,18.9
JAMBI,2025-06-11,0.0,17.2
JAMBI,2025-06-12,0.0,18.6
JAMBI,2025-06-13,0.0,19.4
JAMBI,2025-06-14,0.0,17.9
JAMBI,2025-06-15,0.0,17.8
JAMBI,2025-06-16,0.0,17.4
JAMBI,2025-06-17,0.0,17.6
JAMBI,2025-06-18,0.0,18.0
JAMBI,2025-06-19,0.0,19.1
JAMBI,2025-06-20,0.0,20.3
JAMBI,2025-06-21,0.0,20.5
JAMBI,2025-06-22,0.0,19.8
JAMBI,2025-06-23,0.0,18.4
JAMBI,2025-06-24,0.0,17.5
JAMBI,2025-06-25,0.0,17.8
JAMBI,2025-06-26,0.0,20.3
JAMBI,2025-06-27,0.0,20.1
JAMBI,2025-06-28,0.0,17.1
JAMBI,2025-06-29,0.0,17.3
JAMBI,2025-06-30,0.0,18.3
JAMBI,2025-07-01,0.0,17.9
JAMBI,2025-07-02,0.0,18.5
JAMBI,2025-07-03,0.0,19.1
JAMBI,2025-07-04,0.0,19.2
JAMBI,2025-07-05,0.0,19.0
JAMBI,2025-07-06,0.0,19.0
JAMBI,2025-07-07,0.0,19.2
JAMBI,2025-07-08,0.0,18.9
JAMBI,2025-07-09,0.0,18.0
JAMBI,2025-07-10,0.0,16.5
JAMBI,2025-07-11,0.0,16.9
JAMBI,2025-07-12,0.0,17.0
JAMBI,2025-07-13,0.0,17.2
JAMBI,2025-07-14,0.0,17.8
JAMBI,2025-07-15,0.0,18.2
JAMBI,2025-07-16,0.0,18.6
JAMBI,2025-07-17,0.0,19.0
JAMBI,2025-07-18,0.0,19.7
JAMBI,2025-07-19,0.0,19.4
JAMBI,2025-07-20,0.0,18.7
JAMBI,2025-07-21,0.0,17.4
JAMBI,2025-07-22,0.0,16.9
JAMBI,2025-07-23,0.0,17.8
JAMBI,2025-07-24,0.0,18.3
JAMBI,2025-07-25,0.0,18.9
JAMBI,2025-07-26,0.0,19.3
JAMBI,2025-07-27,0.0,19.1
JAMBI,2025-07-28,0.0,18.7
JAMBI,2025-07-29,0.0,17.7
JAMBI,2025-07-30,0.0,17.0
JAMBI,2025-07-31,0.0,17.1
JAMBI,2025-08-01,0.0,17.2
JAMBI,2025-08-02,0.0,17.7
JAMBI,2025-08-03,0.0,17.5
JAMBI,2025-08-04,0.0,17.0
JAMBI,2025-08-05,0.0,17.2
JAMBI,2025-08-06,0.0,20.3
JAMBI,2025-08-07,0.0,19.3
JAMBI,2025-08-08,0.0,18.3
JAMBI,2025-08-09,0.0,18.9
JAMBI,2025-08-10,0.0,20.5
JAMBI,2025-08-11,0.0,20.7
JAMBI,2025-08-12,0.0,20.8
JAMBI,2025-08-13,0.0,20.2
JAMBI,2025-08-14,0.0,20.4
JAMBI,2025-08-15,0.0,20.3
JAMBI,2025-08-16,0.0,22.5
JAMBI,2025-08-17,0.0,22.5
JAMBI,2025-08-18,0.0,22.1
JAMBI,2025-08-19,0.0,21.1
JAMBI,2025-08-20,0.0,21.1
JAMBI,2025-08-21,0.0,20.7
JAMBI,2025-08-22,0.0,21.6
JAMBI,2025-08-23,0.0,21.9
JAMBI,2025-08-24,0.0,22.4
JAMBI,2025-08-25,0.0,22.6
JAMBI,2025-08-26,0.0,24.4
JAMBI,2025-08-27,0.0,25.1
JAMBI,2025-08-28,0.0,23.8
JAMBI,2025-08-29,0.0,22.8
JAMBI,2025-08-30,0.0,23.0
JAMBI,2025-08-31,0.0,23.3
JAMBI,2025-09-01,0.0,23.1
JAMBI,2025-09-02,0.0,23.0
JAMBI,2025-09-03,0.0,21.5
JAMBI,2025-09-04,0.0,22.1
JAMBI,2025-09-05,0.0,23.0
JAMBI,2025-09-06,0.0,23.6
JAMBI,2025-09-07,0.0,24.1
JAMBI,2025-09-08,0.0,24.9
JAMBI,2025-09-09,0.0,25.1
JAMBI,2025-09-10,0.0,24.2
JAMBI,2025-09-11,0.0,24.2
JAMBI,2025-09-12,0.0,24.8
JAMBI,2025-09-13,0.0,25.0
JAMBI,2025-09-14,0.0,24.8
JAMBI,2025-09-15,0.0,25.2
JAMBI,2025-09-16,0.0,27.0
JAMBI,2025-09-17,0.0,26.4
JAMBI,2025-09-18,0.0,26.8
JAMBI,2025-09-19,0.0,26.7
JAMBI,2025-09-20,0.0,26.7
JAMBI,2025-09-21,0.0,26.1
JAMBI,2025-09-22,0.0,26.5
JAMBI,2025-09-23,0.0,26.2
JAMBI,2025-09-24,0.0,26.8
JAMBI,2025-09-25,0.0,26.6
JAMBI,2025-09-26,0.0,26.0
JAMBI,2025-09-27,0.0,26.4
JAMBI,2025-09-28,0.0,27.2
JAMBI,2025-09-29,0.0,26.9
JAMBI,2025-09-30,0.0,25.5
JAMBI,2025-10-01,0.1,24.7
JAMBI,2025-10-02,0.0,25.3
JAMBI,2025-10-03,0.0,25.7
JAMBI,2025-10-04,0.0,25.9
JAMBI,2025-10-05,0.0,25.1
JAMBI,2025-10-06,0.0,25.6
JAMBI,2025-10-07,0.0,26.3
JAMBI,2025-10-08,0.0,27.3
JAMBI,2025-10-09,0.0,27.2
JAMBI,2025-10-10,0.0,26.7
JAMBI,2025-10-11,0.0,27.3
JAMBI,2025-10-12,0.1,26.0
JAMBI,2025-10-13,0.1,25.5
JAMBI,2025-10-14,0.0,25.9
JAMBI,2025-10-15,0.0,26.9
JAMBI,2025-10-16,0.0,26.5
JAMBI,2025-10-17,0.0,26.7
JAMBI,2025-10-18,0.0,26.0
JAMBI,2025-10-19,0.0,26.6
JAMBI,2025-10-20,0.0,28.0
JAMBI,2025-10-21,0.0,27.2
JAMBI,2025-10-22,2.0,25.8
JAMBI,2025-10-23,0.2,23.1
JAMBI,2025-10-24,11.0,23.0
JAMBI,2025-10-25,0.0,24.2
JAMBI,2025-10-26,7.1,22.8
JAMBI,2025-10-27,0.3,23.0
JAMBI,2025-10-28,0.1,23.7
JAMBI,2025-10-29,0.2,25.7
JAMBI,2025-10-30,2.0,25.1
JAMBI,2025-10-31,0.2,24.7
JAMBI,2025-11-01,0.0,25.2
JAMBI,2025-11-02,4.1,23.3
JAMBI,2025-11-03,0.0,24.5
JAMBI,2025-11-04,0.0,25.1
JAMBI,2025-11-05,0.2,23.6
JAMBI,2025-11-06,1.6,23.6
JAMBI,2025-11-07,1.5,23.6
JAMBI,2025-11-08,19.6,19.4
JAMBI,2025-11-09,0.2,21.2
JAMBI,2025-11-10,8.5,20.9
JAMBI,2025-11-11,2.1,20.9
JAMBI,2025-11-12,5.2,20.6
JAMBI,2025-11-13,6.9,21.6
JAMBI,2025-11-14,13.3,20.5
JAMBI,2025-11-15,8.4,19.8
JAMBI,2025-11-16,0.5,21.5
JAMBI,2025-11-17,0.1,23.3
JAMBI,2025-11-18,13.4,23.2
JAMBI,2025-11-19,0.9,23.0
JAMBI,2025-11-20,1.6,23.1
JAMBI,2025-11-21,0.0,23.3
JAMBI,2025-11-22,0.0,23.7
JAMBI,2025-11-23,0.0,24.5
JAMBI,2025-11-24,0.0,24.5
JAMBI,2025-11-25,0.2,23.2
JAMBI,2025-11-26,1.2,22.3
JAMBI,2025-11-27,7.8,21.4
JAMBI,2025-11-28,0.2,23.5
JAMBI,2025-11-29,2.5,23.3
JAMBI,2025-11-30,0.0,24.8
JAMBI,2025-12-01,0.4,25.4
JAMBI,2025-12-02,0.0,25.0
JAMBI,2025-12-03,0.6,24.7
JAMBI,2025-12-04,0.4,24.0
JAMBI,2025-12-05,1.2,22.2
JAMBI,2025-12-06,4.7,21.9
JAMBI,2025-12-07,0.5,22.2
JAMBI,2025-12-08,14.2,20.4
JAMBI,2025-12-09,1.0,21.7
JAMBI,2025-12-10,0.7,23.1
JAMBI,2025-12-11,4.9,22.1
JAMBI,2025-12-12,13.7,20.6
JAMBI,2025-12-13,6.6,21.3
JAMBI,2025-12-14,4.3,22.0
JAMBI,2025-12-15,5.9,21.6
JAMBI,2025-12-16,21.7,20.0
JAMBI,2025-12-17,6.0,20.1
JAMBI,2025-12-18,6.4,21.5
JAMBI,2025-12-19,2.1,22.2
JAMBI,2025-12-20,4.9,21.3
JAMBI,2025-12-21,0.2,22.3
JAMBI,2025-12-22,0.1,22.7
JAMBI,2025-12-23,0.1,23.5
JAMBI,2025-12-24,1.4,24.0
JAMBI,2025-12-25,6.8,22.4
JAMBI,2025-12-26,6.1,21.4
JAMBI,2025-12-27,7.1,20.9
JAMBI,2025-12-28,2.3,22.4
JAMBI,2025-12-29,7.8,22.2
JAMBI,2025-12-30,0.4,23.0
JAMBI,2025-12-31,2.1,22.6
JAMBI,2026-01-01,24.0,21.8
JAMBI,2026-01-02,1.2,22.0
JAMBI,2026-01-03,11.9,23.6
JAMBI,2026-01-04,3.9,23.2
JAMBI,2026-01-05,8.6,22.3
JAMBI,2026-01-06,5.9,22.4
JAMBI,2026-01-07,1.9,23.6
JAMBI,2026-01-08,0.5,24.7
JAMBI,2026-01-09,0.4,24.2
JAMBI,2026-01-10,7.3,22.7
JAMBI,2026-01-11,2.5,22.8
JAMBI,2026-01-12,4.6,22.4
JAMBI,2026-01-13,6.4,21.5
JAMBI,2026-01-14,7.5,21.8
JAMBI,2026-01-15,17.9,21.6
JAMBI,2026-01-16,9.4,20.5
JAMBI,2026-01-17,8.4,21.0
JAMBI,2026-01-18,15.7,20.7
JAMBI,2026-01-19,5.4,21.2
JAMBI,2026-01-20,1.0,21.9
JAMBI,2026-01-21,14.7,22.3
JAMBI,2026-01-22,0.4,23.3
JAMBI,2026-01-23,0.9,23.1
JAMBI,2026-01-24,0.0,24.3
JAMBI,2026-01-25,0.5,24.1
JAMBI,2026-01-26,1.2,22.0
JAMBI,2026-01-27,5.4,22.5
JAMBI,2026-01-28,7.3,22.5
JAMBI,2026-01-29,6.4,22.2
JAMBI,2026-01-30,9.3,21.5
JAMBI,2026-01-31,0.2,22.4
JAMBI,2026-02-01,1.8,21.9
JAMBI,2026-02-02,4.2,22.0
JAMBI,2026-02-03,1.9,22.1
JAMBI,2026-02-04,5.3,21.7
JAMBI,2026-02-05,9.0,21.4
JAMBI,2026-02-06,6.8,21.3
JAMBI,2026-02-07,2.7,21.1
JAMBI,2026-02-08,14.5,20.3
JAMBI,2026-02-09,7.8,20.7
JAMBI,2026-02-10,7.2,20.7
JAMBI,2026-02-11,3.7,21.3
JAMBI,2026-02-12,8.1,22.7
JAMBI,2026-02-13,13.8,21.8
JAMBI,2026-02-14,20.2,20.1
JAMBI,2026-02-15,0.3,21.9
JAMBI,2026-02-16,4.8,23.2
JAMBI,2026-02-17,16.3,20.0
JAMBI,2026-02-18,8.5,21.8
JAMBI,2026-02-19,9.0,22.4
JAMBI,2026-02-20,1.8,22.0
JAMBI,2026-02-21,7.5,21.8
JAMBI,2026-02-22,11.3,21.5
JAMBI,2026-02-23,0.5,22.3
JAMBI,2026-02-24,0.1,22.4
JAMBI,2026-02-25,0.1,23.1
JAMBI,2026-02-26,8.5,21.8
JAMBI,2026-02-27,1.0,22.6
JAMBI,2026-02-28,14.0,20.8
JAMBI,2026-03-01,1.5,21.4
JAMBI,2026-03-02,9.4,22.2
JAMBI,2026-03-03,41.3,20.7
JAMBI,2026-03-04,13.5,21.3
JAMBI,2026-03-05,1.0,21.9
JAMBI,2026-03-06,17.3,21.5
JAMBI,2026-03-07,10.0,22.5
JAMBI,2026-03-08,2.5,22.2
JAMBI,2026-03-09,18.1,20.7
JAMBI,2026-03-10,12.8,19.9
JAMBI,2026-03-11,8.1,19.6
JAMBI,2026-03-12,1.2,20.6
JAMBI,2026-03-13,0.9,21.5
JAMBI,2026-03-14,0.4,21.8
JAMBI,2026-03-15,0.2,22.9
JAMBI,2026-03-16,0.4,23.4
JAMBI,2026-03-17,0.1,23.4
JAMBI,2026-03-18,0.4,23.4
JAMBI,2026-03-19,4.6,22.3
JAMBI,2026-03-20,19.6,20.5
JAMBI,2026-03-21,7.3,20.7
JAMBI,2026-03-22,15.0,19.6
JAMBI,2026-03-23,0.9,20.8
JAMBI,2026-03-24,14.3,20.9
JAMBI,2026-03-25,1.1,21.4
JAMBI,2026-03-26,14.0,20.7
JAMBI,2026-03-27,0.8,21.1
JAMBI,2026-03-28,6.6,21.9
JAMBI,2026-03-29,1.8,22.7
JAMBI,2026-03-30,11.3,20.8
JAMBI,2026-03-31,7.4,21.2
PADANG,2025-03-15,1.5,26.8
PADANG,2025-03-16,0.6,26.9
PADANG,2025-03-17,28.7,25.4
PADANG,2025-03-18,23.6,25.6
PADANG,2025-03-19,7.9,25.7
PADANG,2025-03-20,2.8,25.8
PADANG,2025-03-21,5.6,27.5
PADANG,2025-03-22,7.3,26.3
PADANG,2025-03-23,3.2,26.3
PADANG,2025-03-24,4.7,26.3
PADANG,2025-03-25,0.4,27.2
PADANG,2025-03-26,3.2,27.4
PADANG,2025-03-27,16.6,25.6
PADANG,2025-03-28,18.4,25.8
PADANG,2025-03-29,10.5,26.5
PADANG,2025-03-30,3.9,26.9
PADANG,2025-03-31,0.1,27.2
PADANG,2025-04-01,0.8,27.1
PADANG,2025-04-02,5.5,26.9
PADANG,2025-04-03,1.9,27.1
PADANG,2025-04-04,6.7,26.2
PADANG,2025-04-05,1.0,26.3
PADANG,2025-04-06,7.2,26.1
PADANG,2025-04-07,13.6,25.9
PADANG,2025-04-08,11.4,26.7
PADANG,2025-04-09,7.7,26.0
PADANG,2025-04-10,14.7,26.3
PADANG,2025-04-11,6.0,26.4
PADANG,2025-04-12,2.8,26.5
PADANG,2025-04-13,9.4,26.1
PADANG,2025-04-14,0.8,27.3
PADANG,2025-04-15,15.1,26.5
PADANG,2025-04-16,8.5,26.1
PADANG,2025-04-17,9.5,26.2
PADANG,2025-04-18,0.0,27.0
PADANG,2025-04-19,14.3,26.7
PADANG,2025-04-20,4.0,26.4
PADANG,2025-04-21,5.0,27.2
PADANG,2025-04-22,2.4,26.6
PADANG,2025-04-23,8.9,25.5
PADANG,2025-04-24,2.8,26.3
PADANG,2025-04-25,0.0,26.8
PADANG,2025-04-26,0.0,26.9
PADANG,2025-04-27,20.3,26.6
PADANG,2025-04-28,13.9,25.7
PADANG,2025-04-29,5.5,26.7
PADANG,2025-04-30,3.7,26.2
PADANG,2025-05-01,4.9,26.1
PADANG,2025-05-02,2.8,26.1
PADANG,2025-05-03,3.5,26.5
PADANG,2025-05-04,0.6,26.8
PADANG,2025-05-05,0.5,27.3
PADANG,2025-05-06,0.0,27.5
PADANG,2025-05-07,0.5,27.2
PADANG,2025-05-08,10.4,26.7
PADANG,2025-05-09,0.4,27.4
PADANG,2025-05-10,29.7,26.0
PADANG,2025-05-11,10.3,26.1
PADANG,2025-05-12,0.7,27.0
PADANG,2025-05-13,3.8,27.1
PADANG,2025-05-14,0.3,27.4
PADANG,2025-05-15,3.9,27.8
PADANG,2025-05-16,4.7,27.0
PADANG,2025-05-17,0.2,28.1
PADANG,2025-05-18,0.0,27.6
PADANG,2025-05-19,0.0,27.1
PADANG,2025-05-20,0.3,27.5
PADANG,2025-05-21,0.8,27.0
PADANG,2025-05-22,9.7,26.7
PADANG,2025-05-23,1.8,26.6
PADANG,2025-05-24,0.5,27.4
PADANG,2025-05-25,0.7,27.4
PADANG,2025-05-26,0.0,27.9
PADANG,2025-05-27,0.0,27.6
PADANG,2025-05-28,0.0,27.6
PADANG,2025-05-29,0.0,28.3
PADANG,2025-05-30,0.0,28.2
PADANG,2025-05-31,5.1,27.4
PADANG,2025-06-01,0.1,28.7
PADANG,2025-06-02,0.0,28.0
PADANG,2025-06-03,0.0,27.6
PADANG,2025-06-04,3.8,27.2
PADANG,2025-06-05,4.7,26.4
PADANG,2025-06-06,0.0,27.1
PADANG,2025-06-07,3.2,26.8
PADANG,2025-06-08,0.9,27.5
PADANG,2025-06-09,13.8,25.8
PADANG,2025-06-10,47.8,24.7
PADANG,2025-06-11,0.0,26.0
PADANG,2025-06-12,0.0,26.7
PADANG,2025-06-13,0.4,26.7
PADANG,2025-06-14,9.6,26.5
PADANG,2025-06-15,8.1,26.6
PADANG,2025-06-16,26.7,26.0
PADANG,2025-06-17,32.9,25.0
PADANG,2025-06-18,0.4,26.2
PADANG,2025-06-19,0.0,27.0
PADANG,2025-06-20,0.1,27.1
PADANG,2025-06-21,0.0,26.6
PADANG,2025-06-22,2.9,26.5
PADANG,2025-06-23,0.1,26.7
PADANG,2025-06-24,0.0,27.3
PADANG,2025-06-25,0.0,27.5
PADANG,2025-06-26,0.0,27.2
PADANG,2025-06-27,0.2,27.1
PADANG,2025-06-28,20.7,25.0
PADANG,2025-06-29,2.7,26.2
PADANG,2025-06-30,0.7,26.2
PADANG,2025-07-01,0.0,26.5
PADANG,2025-07-02,0.0,26.4
PADANG,2025-07-03,0.0,26.6
PADANG,2025-07-04,0.7,26.7
PADANG,2025-07-05,1.6,26.5
PADANG,2025-07-06,3.5,26.0
PADANG,2025-07-07,0.0,27.0
PADANG,2025-07-08,2.3,26.4
PADANG,2025-07-09,3.7,26.6
PADANG,2025-07-10,2.9,26.4
PADANG,2025-07-11,7.7,25.8
PADANG,2025-07-12,0.4,26.7
PADANG,2025-07-13,6.9,26.0
PADANG,2025-07-14,22.1,25.2
PADANG,2025-07-15,0.2,27.2
PADANG,2025-07-16,0.2,27.5
PADANG,2025-07-17,0.0,27.3
PADANG,2025-07-18,0.0,27.2
PADANG,2025-07-19,0.1,26.9
PADANG,2025-07-20,1.9,26.6
PADANG,2025-07-21,1.1,26.6
PADANG,2025-07-22,0.8,26.7
PADANG,2025-07-23,2.3,26.5
PADANG,2025-07-24,1.8,26.4
PADANG,2025-07-25,18.1,25.8
PADANG,2025-07-26,13.4,26.0
PADANG,2025-07-27,2.9,27.2
PADANG,2025-07-28,6.7,26.2
PADANG,2025-07-29,10.7,26.3
PADANG,2025-07-30,15.5,25.7
PADANG,2025-07-31,0.1,26.7
PADANG,2025-08-01,10.0,26.3
PADANG,2025-08-02,3.4,26.7
PADANG,2025-08-03,0.0,27.5
PADANG,2025-08-04,0.1,27.3
PADANG,2025-08-05,0.0,26.9
PADANG,2025-08-06,0.7,26.7
PADANG,2025-08-07,13.1,25.8
PADANG,2025-08-08,37.1,24.9
PADANG,2025-08-09,0.9,25.8
PADANG,2025-08-10,20.4,24.7
PADANG,2025-08-11,35.1,24.8
PADANG,2025-08-12,1.6,25.6
PADANG,2025-08-13,2.6,26.3
PADANG,2025-08-14,0.5,26.6
PADANG,2025-08-15,0.3,26.9
PADANG,2025-08-16,1.1,26.7
PADANG,2025-08-17,4.3,25.9
PADANG,2025-08-18,0.0,26.6
PADANG,2025-08-19,0.0,26.9
PADANG,2025-08-20,0.0,26.9
PADANG,2025-08-21,0.0,27.0
PADANG,2025-08-22,0.0,27.1
PADANG,2025-08-23,1.9,26.4
PADANG,2025-08-24,0.2,26.4
PADANG,2025-08-25,0.7,26.2
PADANG,2025-08-26,0.0,26.5
PADANG,2025-08-27,4.3,26.6
PADANG,2025-08-28,23.8,25.5
PADANG,2025-08-29,16.1,25.2
PADANG,2025-08-30,6.2,25.2
PADANG,2025-08-31,0.6,26.1
PADANG,2025-09-01,2.3,25.9
PADANG,2025-09-02,0.1,26.6
PADANG,2025-09-03,1.1,26.0
PADANG,2025-09-04,11.7,25.6
PADANG,2025-09-05,10.6,24.7
PADANG,2025-09-06,11.7,25.9
PADANG,2025-09-07,2.8,26.3
PADANG,2025-09-08,0.0,27.0
PADANG,2025-09-09,0.4,26.9
PADANG,2025-09-10,3.1,26.4
PADANG,2025-09-11,13.0,26.4
PADANG,2025-09-12,1.7,26.4
PADANG,2025-09-13,8.5,25.9
PADANG,2025-09-14,4.7,26.0
PADANG,2025-09-15,0.2,26.2
PADANG,2025-09-16,14.1,25.2
PADANG,2025-09-17,2.0,26.1
PADANG,2025-09-18,0.0,26.7
PADANG,2025-09-19,6.1,26.3
PADANG,2025-09-20,36.6,25.6
PADANG,2025-09-21,9.9,25.9
PADANG,2025-09-22,3.1,26.1
PADANG,2025-09-23,4.9,25.6
PADANG,2025-09-24,15.2,25.3
PADANG,2025-09-25,3.6,25.9
PADANG,2025-09-26,0.0,26.9
PADANG,2025-09-27,3.6,26.3
PADANG,2025-09-28,27.4,25.1
PADANG,2025-09-29,0.0,25.9
PADANG,2025-09-30,0.0,26.4
PADANG,2025-10-01,0.1,27.2
PADANG,2025-10-02,2.9,26.9
PADANG,2025-10-03,16.9,25.1
PADANG,2025-10-04,0.6,26.3
PADANG,2025-10-05,0.0,26.6
PADANG,2025-10-06,1.2,26.6
PADANG,2025-10-07,5.9,25.8
PADANG,2025-10-08,1.3,26.1
PADANG,2025-10-09,0.5,26.4
PADANG,2025-10-10,0.1,26.8
PADANG,2025-10-11,5.8,26.5
PADANG,2025-10-12,9.3,25.1
PADANG,2025-10-13,6.8,26.1
PADANG,2025-10-14,33.4,26.0
PADANG,2025-10-15,10.0,27.0
PADANG,2025-10-16,9.0,26.0
PADANG,2025-10-17,13.0,25.5
PADANG,2025-10-18,7.6,26.2
PADANG,2025-10-19,19.2,25.8
PADANG,2025-10-20,10.7,26.8
PADANG,2025-10-21,0.3,27.3
PADANG,2025-10-22,4.9,26.9
PADANG,2025-10-23,1.7,27.1
PADANG,2025-10-24,1.7,26.9
PADANG,2025-10-25,0.9,27.3
PADANG,2025-10-26,0.0,27.2
PADANG,2025-10-27,0.3,27.2
PADANG,2025-10-28,0.0,27.1
PADANG,2025-10-29,0.2,27.4
PADANG,2025-10-30,0.6,27.0
PADANG,2025-10-31,0.8,26.9
PADANG,2025-11-01,0.2,26.9
PADANG,2025-11-02,0.0,27.1
PADANG,2025-11-03,0.3,27.5
PADANG,2025-11-04,6.9,26.9
PADANG,2025-11-05,15.3,25.4
PADANG,2025-11-06,26.6,25.0
PADANG,2025-11-07,7.7,25.8
PADANG,2025-11-08,6.2,26.4
PADANG,2025-11-09,11.4,25.7
PADANG,2025-11-10,16.1,25.2
PADANG,2025-11-11,31.0,25.5
PADANG,2025-11-12,15.6,26.4
PADANG,2025-11-13,0.7,26.8
PADANG,2025-11-14,0.5,26.2
PADANG,2025-11-15,4.2,26.8
PADANG,2025-11-16,46.8,25.3
PADANG,2025-11-17,52.5,24.8
PADANG,2025-11-18,41.8,26.2
PADANG,2025-11-19,50.0,24.8
PADANG,2025-11-20,23.8,25.1
PADANG,2025-11-21,48.5,25.1
PADANG,2025-11-22,51.1,24.6
PADANG,2025-11-23,102.3,24.3
PADANG,2025-11-24,95.1,24.5
PADANG,2025-11-25,56.3,24.7
PADANG,2025-11-26,55.5,24.4
PADANG,2025-11-27,171.6,24.5
PADANG,2025-11-28,76.5,24.4
PADANG,2025-11-29,0.6,26.6
PADANG,2025-11-30,0.9,26.3
PADANG,2025-12-01,1.1,26.9
PADANG,2025-12-02,1.6,26.6
PADANG,2025-12-03,0.9,26.6
PADANG,2025-12-04,16.4,25.8
PADANG,2025-12-05,0.7,26.2
PADANG,2025-12-06,12.5,26.0
PADANG,2025-12-07,19.7,25.1
PADANG,2025-12-08,16.7,25.3
PADANG,2025-12-09,10.8,25.3
PADANG,2025-12-10,58.3,24.6
PADANG,2025-12-11,28.1,24.4
PADANG,2025-12-12,24.2,25.3
PADANG,2025-12-13,15.0,25.0
PADANG,2025-12-14,23.9,25.3
PADANG,2025-12-15,29.3,25.1
PADANG,2025-12-16,10.1,25.0
PADANG,2025-12-17,10.7,25.6
PADANG,2025-12-18,2.4,26.7
PADANG,2025-12-19,22.8,26.6
PADANG,2025-12-20,1.4,26.6
PADANG,2025-12-21,1.1,26.6
PADANG,2025-12-22,2.6,27.0
PADANG,2025-12-23,1.2,26.6
PADANG,2025-12-24,2.5,26.8
PADANG,2025-12-25,6.1,25.8
PADANG,2025-12-26,3.5,26.8
PADANG,2025-12-27,10.8,26.3
PADANG,2025-12-28,38.4,25.9
PADANG,2025-12-29,3.4,26.8
PADANG,2025-12-30,20.4,25.0
PADANG,2025-12-31,0.6,26.6
PADANG,2026-01-01,16.3,26.1
PADANG,2026-01-02,83.7,24.2
PADANG,2026-01-03,2.5,25.9
PADANG,2026-01-04,0.0,27.0
PADANG,2026-01-05,0.1,26.9
PADANG,2026-01-06,1.9,27.0
PADANG,2026-01-07,8.8,27.0
PADANG,2026-01-08,6.3,26.1
PADANG,2026-01-09,39.4,25.4
PADANG,2026-01-10,4.3,25.9
PADANG,2026-01-11,0.0,26.8
PADANG,2026-01-12,1.3,26.2
PADANG,2026-01-13,0.5,26.4
PADANG,2026-01-14,1.8,26.6
PADANG,2026-01-15,6.1,25.9
PADANG,2026-01-16,0.7,26.6
PADANG,2026-01-17,20.9,25.3
PADANG,2026-01-18,0.0,26.6
PADANG,2026-01-19,0.0,26.6
PADANG,2026-01-20,0.4,26.9
PADANG,2026-01-21,0.0,26.4
PADANG,2026-01-22,0.0,25.8
PADANG,2026-01-23,0.0,26.3
PADANG,2026-01-24,0.0,27.2
PADANG,2026-01-25,0.0,26.7
PADANG,2026-01-26,2.3,26.9
PADANG,2026-01-27,3.5,26.7
PADANG,2026-01-28,5.5,26.1
PADANG,2026-01-29,12.2,26.0
PADANG,2026-01-30,0.1,26.7
PADANG,2026-01-31,7.3,25.9
PADANG,2026-02-01,6.6,25.7
PADANG,2026-02-02,17.8,26.0
PADANG,2026-02-03,13.5,26.0
PADANG,2026-02-04,4.1,26.0
PADANG,2026-02-05,1.7,27.4
PADANG,2026-02-06,0.0,27.1
PADANG,2026-02-07,3.0,26.2
PADANG,2026-02-08,0.0,26.6
PADANG,2026-02-09,3.8,26.4
PADANG,2026-02-10,2.4,26.6
PADANG,2026-02-11,22.1,25.7
PADANG,2026-02-12,6.6,26.9
PADANG,2026-02-13,1.3,27.0
PADANG,2026-02-14,12.4,26.0
PADANG,2026-02-15,6.6,25.0
PADANG,2026-02-16,50.8,24.8
PADANG,2026-02-17,7.6,26.0
PADANG,2026-02-18,0.0,27.5
PADANG,2026-02-19,0.6,27.3
PADANG,2026-02-20,0.0,28.1
PADANG,2026-02-21,0.4,27.6
PADANG,2026-02-22,5.5,26.9
PADANG,2026-02-23,3.9,27.1
PADANG,2026-02-24,0.0,27.1
PADANG,2026-02-25,1.9,27.3
PADANG,2026-02-26,4.1,26.4
PADANG,2026-02-27,1.9,26.4
PADANG,2026-02-28,0.0,27.6
PADANG,2026-03-01,0.0,27.1
PADANG,2026-03-02,0.0,27.1
PADANG,2026-03-03,0.7,26.3
PADANG,2026-03-04,5.5,26.6
PADANG,2026-03-05,3.2,26.0
PADANG,2026-03-06,12.6,25.8
PADANG,2026-03-07,1.2,26.4
PADANG,2026-03-08,19.0,26.2
PADANG,2026-03-09,15.7,25.9
PADANG,2026-03-10,9.1,26.1
PADANG,2026-03-11,7.0,25.8
PADANG,2026-03-12,0.6,26.4
PADANG,2026-03-13,21.5,26.0
PADANG,2026-03-14,16.7,25.8
PADANG,2026-03-15,24.3,25.7
PADANG,2026-03-16,11.9,26.1
PADANG,2026-03-17,8.2,25.9
PADANG,2026-03-18,3.6,26.8
PADANG,2026-03-19,1.8,26.6
PADANG,2026-03-20,0.0,26.5
PADANG,2026-03-21,10.3,26.5
PADANG,2026-03-22,3.3,26.7
PADANG,2026-03-23,2.9,26.7
PADANG,2026-03-24,1.1,26.9
PADANG,2026-03-25,2.8,26.8
PADANG,2026-03-26,2.5,27.0
PADANG,2026-03-27,0.2,27.0
PADANG,2026-03-28,7.2,26.7
PADANG,2026-03-29,7.7,26.4
PADANG,2026-03-30,4.7,27.1
PADANG,2026-03-31,15.6,27.0
BENGKULU,2025-03-15,3.6,26.7
BENGKULU,2025-03-16,6.0,27.1
BENGKULU,2025-03-17,27.6,25.6
BENGKULU,2025-03-18,18.6,25.9
BENGKULU,2025-03-19,1.1,27.1
BENGKULU,2025-03-20,2.5,26.5
BENGKULU,2025-03-21,4.2,27.2
BENGKULU,2025-03-22,14.2,26.2
BENGKULU,2025-03-23,4.7,27.3
BENGKULU,2025-03-24,15.6,26.4
BENGKULU,2025-03-25,0.0,27.9
BENGKULU,2025-03-26,0.3,28.5
BENGKULU,2025-03-27,3.3,27.8
BENGKULU,2025-03-28,14.2,26.4
BENGKULU,2025-03-29,6.8,27.0
BENGKULU,2025-03-30,10.7,26.5
BENGKULU,2025-03-31,11.5,26.7
BENGKULU,2025-04-01,8.2,26.6
BENGKULU,2025-04-02,5.7,25.8
BENGKULU,2025-04-03,0.2,27.2
BENGKULU,2025-04-04,8.5,26.4
BENGKULU,2025-04-05,9.8,26.1
BENGKULU,2025-04-06,11.1,26.0
BENGKULU,2025-04-07,20.0,25.7
BENGKULU,2025-04-08,16.4,26.4
BENGKULU,2025-04-09,6.7,27.0
BENGKULU,2025-04-10,12.7,26.4
BENGKULU,2025-04-11,6.3,26.4
BENGKULU,2025-04-12,26.3,25.9
BENGKULU,2025-04-13,25.7,25.2
BENGKULU,2025-04-14,4.0,26.8
BENGKULU,2025-04-15,7.5,26.8
BENGKULU,2025-04-16,22.9,25.7
BENGKULU,2025-04-17,15.7,26.0
BENGKULU,2025-04-18,0.4,27.1
BENGKULU,2025-04-19,17.4,26.9
BENGKULU,2025-04-20,13.6,26.5
BENGKULU,2025-04-21,0.8,27.0
BENGKULU,2025-04-22,2.6,27.2
BENGKULU,2025-04-23,11.1,26.0
BENGKULU,2025-04-24,2.3,26.6
BENGKULU,2025-04-25,1.7,27.4
BENGKULU,2025-04-26,28.2,26.3
BENGKULU,2025-04-27,3.0,26.8
BENGKULU,2025-04-28,38.3,25.4
BENGKULU,2025-04-29,1.6,26.8
BENGKULU,2025-04-30,11.5,26.4
BENGKULU,2025-05-01,13.9,26.2
BENGKULU,2025-05-02,15.4,25.6
BENGKULU,2025-05-03,0.5,27.0
BENGKULU,2025-05-04,1.0,27.5
BENGKULU,2025-05-05,0.0,27.7
BENGKULU,2025-05-06,0.1,28.2
BENGKULU,2025-05-07,3.9,27.6
BENGKULU,2025-05-08,16.3,26.8
BENGKULU,2025-05-09,16.7,26.9
BENGKULU,2025-05-10,28.4,27.0
BENGKULU,2025-05-11,16.3,26.1
BENGKULU,2025-05-12,1.9,27.4
BENGKULU,2025-05-13,13.9,26.6
BENGKULU,2025-05-14,17.6,26.7
BENGKULU,2025-05-15,9.4,27.5
BENGKULU,2025-05-16,0.0,27.9
BENGKULU,2025-05-17,0.1,28.0
BENGKULU,2025-05-18,0.7,27.8
BENGKULU,2025-05-19,0.0,27.5
BENGKULU,2025-05-20,0.0,27.7
BENGKULU,2025-05-21,0.2,27.7
BENGKULU,2025-05-22,19.5,26.4
BENGKULU,2025-05-23,34.1,26.2
BENGKULU,2025-05-24,9.0,26.5
BENGKULU,2025-05-25,8.2,26.9
BENGKULU,2025-05-26,0.4,27.7
BENGKULU,2025-05-27,0.4,27.9
BENGKULU,2025-05-28,0.4,27.6
BENGKULU,2025-05-29,0.0,28.0
BENGKULU,2025-05-30,0.5,28.3
BENGKULU,2025-05-31,1.1,28.0
BENGKULU,2025-06-01,0.1,27.7
BENGKULU,2025-06-02,1.8,27.8
BENGKULU,2025-06-03,0.5,27.5
BENGKULU,2025-06-04,3.5,27.0
BENGKULU,2025-06-05,10.2,26.4
BENGKULU,2025-06-06,32.9,25.8
BENGKULU,2025-06-07,8.5,26.3
BENGKULU,2025-06-08,0.4,27.5
BENGKULU,2025-06-09,4.5,26.7
BENGKULU,2025-06-10,2.6,26.0
BENGKULU,2025-06-11,0.0,26.8
BENGKULU,2025-06-12,6.5,26.7
BENGKULU,2025-06-13,0.1,27.1
BENGKULU,2025-06-14,0.1,27.5
BENGKULU,2025-06-15,0.1,28.4
BENGKULU,2025-06-16,6.4,27.3
BENGKULU,2025-06-17,57.7,24.9
BENGKULU,2025-06-18,34.6,24.6
BENGKULU,2025-06-19,5.7,25.3
BENGKULU,2025-06-20,5.5,26.2
BENGKULU,2025-06-21,6.3,25.8
BENGKULU,2025-06-22,0.4,26.6
BENGKULU,2025-06-23,3.7,26.2
BENGKULU,2025-06-24,0.0,26.2
BENGKULU,2025-06-25,0.3,27.2
BENGKULU,2025-06-26,0.0,27.1
BENGKULU,2025-06-27,2.6,26.7
BENGKULU,2025-06-28,14.5,24.6
BENGKULU,2025-06-29,0.3,26.1
BENGKULU,2025-06-30,4.5,26.5
BENGKULU,2025-07-01,0.5,27.0
BENGKULU,2025-07-02,1.2,27.0
BENGKULU,2025-07-03,0.1,27.5
BENGKULU,2025-07-04,10.7,26.8
BENGKULU,2025-07-05,7.0,26.2
BENGKULU,2025-07-06,1.4,26.2
BENGKULU,2025-07-07,1.1,26.2
BENGKULU,2025-07-08,0.4,27.0
BENGKULU,2025-07-09,12.6,25.7
BENGKULU,2025-07-10,13.0,25.7
BENGKULU,2025-07-11,5.8,25.9
BENGKULU,2025-07-12,0.0,26.5
BENGKULU,2025-07-13,17.0,25.6
BENGKULU,2025-07-14,4.7,25.8
BENGKULU,2025-07-15,0.3,27.1
BENGKULU,2025-07-16,1.3,26.8
BENGKULU,2025-07-17,1.2,26.7
BENGKULU,2025-07-18,0.7,26.9
BENGKULU,2025-07-19,1.1,26.7
BENGKULU,2025-07-20,6.7,25.9
BENGKULU,2025-07-21,3.2,26.4
BENGKULU,2025-07-22,3.6,27.1
BENGKULU,2025-07-23,2.4,26.8
BENGKULU,2025-07-24,3.3,26.8
BENGKULU,2025-07-25,6.2,26.5
BENGKULU,2025-07-26,14.4,26.4
BENGKULU,2025-07-27,1.6,27.2
BENGKULU,2025-07-28,2.0,27.2
BENGKULU,2025-07-29,1.3,27.6
BENGKULU,2025-07-30,32.4,26.0
BENGKULU,2025-07-31,3.8,26.5
BENGKULU,2025-08-01,3.1,26.3
BENGKULU,2025-08-02,2.9,26.6
BENGKULU,2025-08-03,0.0,27.4
BENGKULU,2025-08-04,18.7,26.4
BENGKULU,2025-08-05,0.5,27.5
BENGKULU,2025-08-06,1.9,27.5
BENGKULU,2025-08-07,5.8,27.1
BENGKULU,2025-08-08,6.4,25.6
BENGKULU,2025-08-09,15.2,25.9
BENGKULU,2025-08-10,35.8,25.3
BENGKULU,2025-08-11,42.4,25.1
BENGKULU,2025-08-12,26.8,24.4
BENGKULU,2025-08-13,7.3,25.4
BENGKULU,2025-08-14,1.8,25.9
BENGKULU,2025-08-15,13.4,25.2
BENGKULU,2025-08-16,1.3,25.7
BENGKULU,2025-08-17,14.9,26.2
BENGKULU,2025-08-18,9.4,25.3
BENGKULU,2025-08-19,7.3,25.8
BENGKULU,2025-08-20,4.2,26.3
BENGKULU,2025-08-21,1.5,26.7
BENGKULU,2025-08-22,1.8,26.5
BENGKULU,2025-08-23,16.4,25.2
BENGKULU,2025-08-24,12.7,24.8
BENGKULU,2025-08-25,0.9,26.4
BENGKULU,2025-08-26,2.2,26.6
BENGKULU,2025-08-27,0.0,27.1
BENGKULU,2025-08-28,1.6,26.3
BENGKULU,2025-08-29,22.2,25.1
BENGKULU,2025-08-30,37.4,24.9
BENGKULU,2025-08-31,52.3,25.0
BENGKULU,2025-09-01,7.0,25.9
BENGKULU,2025-09-02,1.1,26.3
BENGKULU,2025-09-03,1.2,26.2
BENGKULU,2025-09-04,28.4,26.1
BENGKULU,2025-09-05,15.6,25.3
BENGKULU,2025-09-06,28.6,24.4
BENGKULU,2025-09-07,11.4,25.4
BENGKULU,2025-09-08,4.5,26.4
BENGKULU,2025-09-09,16.5,26.3
BENGKULU,2025-09-10,44.3,25.8
BENGKULU,2025-09-11,47.2,24.9
BENGKULU,2025-09-12,7.3,26.2
BENGKULU,2025-09-13,29.8,25.7
BENGKULU,2025-09-14,4.7,25.9
BENGKULU,2025-09-15,10.3,26.4
BENGKULU,2025-09-16,15.6,25.1
BENGKULU,2025-09-17,6.1,25.2
BENGKULU,2025-09-18,6.0,26.0
BENGKULU,2025-09-19,7.2,25.9
BENGKULU,2025-09-20,7.8,25.6
BENGKULU,2025-09-21,12.2,26.1
BENGKULU,2025-09-22,1.4,26.7
BENGKULU,2025-09-23,4.5,26.0
BENGKULU,2025-09-24,3.5,25.7
BENGKULU,2025-09-25,20.9,25.4
BENGKULU,2025-09-26,0.9,26.4
BENGKULU,2025-09-27,16.0,26.9
BENGKULU,2025-09-28,40.7,25.3
BENGKULU,2025-09-29,5.5,26.2
BENGKULU,2025-09-30,0.6,26.8
BENGKULU,2025-10-01,29.4,26.2
BENGKULU,2025-10-02,34.5,25.4
BENGKULU,2025-10-03,0.0,27.1
BENGKULU,2025-10-04,0.0,27.5
BENGKULU,2025-10-05,0.0,27.6
BENGKULU,2025-10-06,9.4,26.6
BENGKULU,2025-10-07,6.6,24.9
BENGKULU,2025-10-08,4.9,26.4
BENGKULU,2025-10-09,12.8,25.6
BENGKULU,2025-10-10,7.3,25.8
BENGKULU,2025-10-11,2.2,26.4
BENGKULU,2025-10-12,16.8,26.1
BENGKULU,2025-10-13,3.8,26.4
BENGKULU,2025-10-14,5.2,27.3
BENGKULU,2025-10-15,0.0,28.3
BENGKULU,2025-10-16,13.3,26.9
BENGKULU,2025-10-17,10.1,26.5
BENGKULU,2025-10-18,23.0,25.7
BENGKULU,2025-10-19,17.4,25.6
BENGKULU,2025-10-20,4.3,26.5
BENGKULU,2025-10-21,12.0,26.5
BENGKULU,2025-10-22,21.2,25.5
BENGKULU,2025-10-23,3.5,26.4
BENGKULU,2025-10-24,15.7,26.5
BENGKULU,2025-10-25,0.0,27.4
BENGKULU,2025-10-26,1.5,26.8
BENGKULU,2025-10-27,4.0,25.9
BENGKULU,2025-10-28,4.1,25.8
BENGKULU,2025-10-29,3.7,26.5
BENGKULU,2025-10-30,1.2,26.8
BENGKULU,2025-10-31,0.5,27.1
BENGKULU,2025-11-01,0.0,27.0
BENGKULU,2025-11-02,1.1,27.3
BENGKULU,2025-11-03,5.1,27.4
BENGKULU,2025-11-04,8.1,26.1
BENGKULU,2025-11-05,28.9,26.5
BENGKULU,2025-11-06,29.0,25.3
BENGKULU,2025-11-07,20.2,25.4
BENGKULU,2025-11-08,24.5,26.0
BENGKULU,2025-11-09,34.3,26.0
BENGKULU,2025-11-10,9.1,26.0
BENGKULU,2025-11-11,61.1,25.7
BENGKULU,2025-11-12,49.1,25.3
BENGKULU,2025-11-13,18.5,25.3
BENGKULU,2025-11-14,3.6,26.7
BENGKULU,2025-11-15,0.7,27.7
BENGKULU,2025-11-16,19.8,25.5
BENGKULU,2025-11-17,24.2,26.2
BENGKULU,2025-11-18,11.9,25.8
BENGKULU,2025-11-19,7.9,26.2
BENGKULU,2025-11-20,25.2,25.3
BENGKULU,2025-11-21,28.0,25.4
BENGKULU,2025-11-22,33.4,24.8
BENGKULU,2025-11-23,33.5,25.3
BENGKULU,2025-11-24,6.0,25.9
BENGKULU,2025-11-25,4.1,26.4
BENGKULU,2025-11-26,10.7,26.1
BENGKULU,2025-11-27,34.8,24.7
BENGKULU,2025-11-28,5.6,25.5
BENGKULU,2025-11-29,2.1,26.3
BENGKULU,2025-11-30,0.2,27.3
BENGKULU,2025-12-01,2.7,27.4
BENGKULU,2025-12-02,3.7,26.7
BENGKULU,2025-12-03,29.5,25.7
BENGKULU,2025-12-04,34.8,25.1
BENGKULU,2025-12-05,0.3,26.7
BENGKULU,2025-12-06,0.2,27.0
BENGKULU,2025-12-07,20.3,25.3
BENGKULU,2025-12-08,30.8,25.3
BENGKULU,2025-12-09,20.8,24.7
BENGKULU,2025-12-10,9.4,25.9
BENGKULU,2025-12-11,3.9,26.4
BENGKULU,2025-12-12,6.4,26.6
BENGKULU,2025-12-13,16.3,25.7
BENGKULU,2025-12-14,29.6,25.4
BENGKULU,2025-12-15,14.7,24.7
BENGKULU,2025-12-16,33.4,24.6
BENGKULU,2025-12-17,21.8,25.4
BENGKULU,2025-12-18,24.9,26.3
BENGKULU,2025-12-19,24.8,26.3
BENGKULU,2025-12-20,18.0,26.4
BENGKULU,2025-12-21,15.4,26.3
BENGKULU,2025-12-22,0.5,27.1
BENGKULU,2025-12-23,4.5,27.0
BENGKULU,2025-12-24,0.8,27.3
BENGKULU,2025-12-25,9.5,26.2
BENGKULU,2025-12-26,25.0,25.5
BENGKULU,2025-12-27,5.2,26.7
BENGKULU,2025-12-28,22.8,25.6
BENGKULU,2025-12-29,28.8,25.9
BENGKULU,2025-12-30,2.3,26.5
BENGKULU,2025-12-31,14.6,26.0
BENGKULU,2026-01-01,49.8,25.8
BENGKULU,2026-01-02,58.0,24.2
BENGKULU,2026-01-03,15.1,24.8
BENGKULU,2026-01-04,0.0,27.2
BENGKULU,2026-01-05,0.0,27.8
BENGKULU,2026-01-06,2.7,27.9
BENGKULU,2026-01-07,4.5,27.3
BENGKULU,2026-01-08,10.2,26.4
BENGKULU,2026-01-09,12.8,25.5
BENGKULU,2026-01-10,7.2,25.8
BENGKULU,2026-01-11,13.0,26.9
BENGKULU,2026-01-12,2.0,26.7
BENGKULU,2026-01-13,3.8,26.4
BENGKULU,2026-01-14,7.6,25.3
BENGKULU,2026-01-15,2.2,26.3
BENGKULU,2026-01-16,8.4,26.3
BENGKULU,2026-01-17,36.3,25.5
BENGKULU,2026-01-18,7.1,26.9
BENGKULU,2026-01-19,5.8,26.0
BENGKULU,2026-01-20,18.2,26.5
BENGKULU,2026-01-21,9.2,25.6
BENGKULU,2026-01-22,4.1,26.2
BENGKULU,2026-01-23,1.9,26.4
BENGKULU,2026-01-24,0.1,27.2
BENGKULU,2026-01-25,0.0,27.0
BENGKULU,2026-01-26,0.0,27.4
BENGKULU,2026-01-27,2.2,27.2
BENGKULU,2026-01-28,20.0,26.1
BENGKULU,2026-01-29,17.4,26.1
BENGKULU,2026-01-30,6.3,26.2
BENGKULU,2026-01-31,14.2,26.0
BENGKULU,2026-02-01,24.0,25.0
BENGKULU,2026-02-02,14.0,25.2
BENGKULU,2026-02-03,13.3,25.6
BENGKULU,2026-02-04,0.9,26.7
BENGKULU,2026-02-05,0.7,27.7
BENGKULU,2026-02-06,5.9,26.5
BENGKULU,2026-02-07,34.6,25.7
BENGKULU,2026-02-08,6.1,26.4
BENGKULU,2026-02-09,0.6,27.1
BENGKULU,2026-02-10,3.3,26.7
BENGKULU,2026-02-11,9.8,26.9
BENGKULU,2026-02-12,14.3,25.9
BENGKULU,2026-02-13,14.9,27.6
BENGKULU,2026-02-14,19.3,26.4
BENGKULU,2026-02-15,8.6,26.4
BENGKULU,2026-02-16,25.5,25.5
BENGKULU,2026-02-17,24.0,26.0
BENGKULU,2026-02-18,1.4,27.2
BENGKULU,2026-02-19,4.9,27.2
BENGKULU,2026-02-20,14.0,27.2
BENGKULU,2026-02-21,7.8,27.0
BENGKULU,2026-02-22,5.8,26.6
BENGKULU,2026-02-23,28.8,25.7
BENGKULU,2026-02-24,3.9,26.6
BENGKULU,2026-02-25,1.5,27.4
BENGKULU,2026-02-26,0.3,27.4
BENGKULU,2026-02-27,6.7,27.0
BENGKULU,2026-02-28,0.3,27.8
BENGKULU,2026-03-01,1.9,27.9
BENGKULU,2026-03-02,3.3,27.5
BENGKULU,2026-03-03,8.4,27.0
BENGKULU,2026-03-04,7.9,26.3
BENGKULU,2026-03-05,57.0,25.7
BENGKULU,2026-03-06,16.7,25.0
BENGKULU,2026-03-07,3.3,25.8
BENGKULU,2026-03-08,13.0,25.1
BENGKULU,2026-03-09,1.0,26.3
BENGKULU,2026-03-10,2.2,26.8
BENGKULU,2026-03-11,4.9,25.7
BENGKULU,2026-03-12,4.3,26.5
BENGKULU,2026-03-13,6.5,26.7
BENGKULU,2026-03-14,1.2,27.1
BENGKULU,2026-03-15,0.1,27.0
BENGKULU,2026-03-16,6.1,26.6
BENGKULU,2026-03-17,14.4,25.6
BENGKULU,2026-03-18,0.0,27.5
BENGKULU,2026-03-19,1.3,27.1
BENGKULU,2026-03-20,0.7,27.5
BENGKULU,2026-03-21,1.4,27.3
BENGKULU,2026-03-22,1.8,27.9
BENGKULU,2026-03-23,0.2,28.3
BENGKULU,2026-03-24,0.2,28.7
BENGKULU,2026-03-25,0.4,29.1
BENGKULU,2026-03-26,0.1,29.2
BENGKULU,2026-03-27,2.3,28.8
BENGKULU,2026-03-28,7.2,27.3
BENGKULU,2026-03-29,0.2,28.2
BENGKULU,2026-03-30,9.4,26.5
BENGKULU,2026-03-31,1.6,28.0
PANGKAL PINANG,2025-03-15,3.0,25.0
PANGKAL PINANG,2025-03-16,5.0,24.2
PANGKAL PINANG,2025-03-17,14.3,24.3
PANGKAL PINANG,2025-03-18,30.3,24.9
PANGKAL PINANG,2025-03-19,27.6,24.1
PANGKAL PINANG,2025-03-20,3.8,25.3
PANGKAL PINANG,2025-03-21,1.0,26.0
PANGKAL PINANG,2025-03-22,8.1,24.6
PANGKAL PINANG,2025-03-23,0.1,25.4
PANGKAL PINANG,2025-03-24,0.6,25.4
PANGKAL PINANG,2025-03-25,0.4,25.9
PANGKAL PINANG,2025-03-26,12.0,25.7
PANGKAL PINANG,2025-03-27,4.3,25.1
PANGKAL PINANG,2025-03-28,30.7,24.8
PANGKAL PINANG,2025-03-29,33.7,24.9
PANGKAL PINANG,2025-03-30,1.1,25.3
PANGKAL PINANG,2025-03-31,6.2,25.2
PANGKAL PINANG,2025-04-01,4.2,24.7
PANGKAL PINANG,2025-04-02,4.1,24.8
PANGKAL PINANG,2025-04-03,5.0,25.1
PANGKAL PINANG,2025-04-04,0.4,25.2
PANGKAL PINANG,2025-04-05,0.2,25.4
PANGKAL PINANG,2025-04-06,0.0,25.2
PANGKAL PINANG,2025-04-07,0.5,25.2
PANGKAL PINANG,2025-04-08,2.7,25.1
PANGKAL PINANG,2025-04-09,2.9,25.1
PANGKAL PINANG,2025-04-10,10.4,24.7
PANGKAL PINANG,2025-04-11,3.7,24.7
PANGKAL PINANG,2025-04-12,17.9,24.6
PANGKAL PINANG,2025-04-13,7.3,25.2
PANGKAL PINANG,2025-04-14,0.7,25.1
PANGKAL PINANG,2025-04-15,0.2,25.3
PANGKAL PINANG,2025-04-16,0.3,25.9
PANGKAL PINANG,2025-04-17,8.7,24.6
PANGKAL PINANG,2025-04-18,8.6,24.9
PANGKAL PINANG,2025-04-19,13.7,24.8
PANGKAL PINANG,2025-04-20,7.3,25.0
PANGKAL PINANG,2025-04-21,6.9,25.1
PANGKAL PINANG,2025-04-22,2.6,25.4
PANGKAL PINANG,2025-04-23,0.0,25.2
PANGKAL PINANG,2025-04-24,0.0,25.6
PANGKAL PINANG,2025-04-25,1.6,25.8
PANGKAL PINANG,2025-04-26,2.1,25.2
PANGKAL PINANG,2025-04-27,0.0,24.7
PANGKAL PINANG,2025-04-28,0.0,24.6
PANGKAL PINANG,2025-04-29,0.3,24.5
PANGKAL PINANG,2025-04-30,2.8,24.5
PANGKAL PINANG,2025-05-01,0.1,25.4
PANGKAL PINANG,2025-05-02,3.5,24.3
PANGKAL PINANG,2025-05-03,1.9,24.8
PANGKAL PINANG,2025-05-04,4.5,25.1
PANGKAL PINANG,2025-05-05,11.4,25.0
PANGKAL PINANG,2025-05-06,7.8,24.8
PANGKAL PINANG,2025-05-07,5.0,24.7
PANGKAL PINANG,2025-05-08,20.0,25.2
PANGKAL PINANG,2025-05-09,9.2,24.8
PANGKAL PINANG,2025-05-10,12.2,24.8
PANGKAL PINANG,2025-05-11,11.1,24.7
PANGKAL PINANG,2025-05-12,9.0,24.2
PANGKAL PINANG,2025-05-13,13.1,24.3
PANGKAL PINANG,2025-05-14,3.8,24.7
PANGKAL PINANG,2025-05-15,3.8,24.8
PANGKAL PINANG,2025-05-16,13.2,24.6
PANGKAL PINANG,2025-05-17,30.7,24.0
PANGKAL PINANG,2025-05-18,9.6,24.4
PANGKAL PINANG,2025-05-19,59.9,24.1
PANGKAL PINANG,2025-05-20,22.9,24.6
PANGKAL PINANG,2025-05-21,7.6,24.5
PANGKAL PINANG,2025-05-22,20.0,24.3
PANGKAL PINANG,2025-05-23,13.6,23.6
PANGKAL PINANG,2025-05-24,1.7,24.5
PANGKAL PINANG,2025-05-25,1.8,25.1
PANGKAL PINANG,2025-05-26,6.4,24.1
PANGKAL PINANG,2025-05-27,3.4,24.9
PANGKAL PINANG,2025-05-28,1.7,25.4
PANGKAL PINANG,2025-05-29,0.1,25.9
PANGKAL PINANG,2025-05-30,2.1,25.4
PANGKAL PINANG,2025-05-31,2.9,25.3
PANGKAL PINANG,2025-06-01,4.1,24.9
PANGKAL PINANG,2025-06-02,0.3,25.0
PANGKAL PINANG,2025-06-03,0.2,25.6
PANGKAL PINANG,2025-06-04,1.2,24.7
PANGKAL PINANG,2025-06-05,0.0,24.8
PANGKAL PINANG,2025-06-06,0.0,25.1
PANGKAL PINANG,2025-06-07,0.0,25.0
PANGKAL PINANG,2025-06-08,3.9,24.4
PANGKAL PINANG,2025-06-09,8.0,23.7
PANGKAL PINANG,2025-06-10,2.4,24.3
PANGKAL PINANG,2025-06-11,0.7,24.9
PANGKAL PINANG,2025-06-12,0.0,25.4
PANGKAL PINANG,2025-06-13,0.8,25.2
PANGKAL PINANG,2025-06-14,20.6,24.5
PANGKAL PINANG,2025-06-15,1.1,24.9
PANGKAL PINANG,2025-06-16,0.7,24.7
PANGKAL PINANG,2025-06-17,0.0,24.9
PANGKAL PINANG,2025-06-18,0.0,24.2
PANGKAL PINANG,2025-06-19,0.0,23.5
PANGKAL PINANG,2025-06-20,0.2,24.2
PANGKAL PINANG,2025-06-21,3.1,24.5
PANGKAL PINANG,2025-06-22,3.7,23.8
PANGKAL PINANG,2025-06-23,1.4,24.1
PANGKAL PINANG,2025-06-24,0.0,24.6
PANGKAL PINANG,2025-06-25,0.8,24.6
PANGKAL PINANG,2025-06-26,1.1,24.4
PANGKAL PINANG,2025-06-27,4.9,24.2
PANGKAL PINANG,2025-06-28,3.9,23.8
PANGKAL PINANG,2025-06-29,8.8,23.6
PANGKAL PINANG,2025-06-30,0.7,24.5
PANGKAL PINANG,2025-07-01,0.6,24.8
PANGKAL PINANG,2025-07-02,0.0,24.6
PANGKAL PINANG,2025-07-03,0.5,24.2
PANGKAL PINANG,2025-07-04,2.5,23.4
PANGKAL PINANG,2025-07-05,1.3,24.0
PANGKAL PINANG,2025-07-06,1.2,24.2
PANGKAL PINANG,2025-07-07,6.4,24.1
PANGKAL PINANG,2025-07-08,0.3,23.9
PANGKAL PINANG,2025-07-09,0.0,23.2
PANGKAL PINANG,2025-07-10,0.0,23.0
PANGKAL PINANG,2025-07-11,0.0,23.1
PANGKAL PINANG,2025-07-12,0.0,23.7
PANGKAL PINANG,2025-07-13,7.4,24.1
PANGKAL PINANG,2025-07-14,1.0,24.3
PANGKAL PINANG,2025-07-15,0.3,24.5
PANGKAL PINANG,2025-07-16,0.1,24.0
PANGKAL PINANG,2025-07-17,0.0,23.6
PANGKAL PINANG,2025-07-18,0.0,23.7
PANGKAL PINANG,2025-07-19,0.0,23.1
PANGKAL PINANG,2025-07-20,0.0,22.9
PANGKAL PINANG,2025-07-21,0.0,22.8
PANGKAL PINANG,2025-07-22,0.0,23.1
PANGKAL PINANG,2025-07-23,0.1,24.2
PANGKAL PINANG,2025-07-24,0.0,24.1
PANGKAL PINANG,2025-07-25,0.0,24.5
PANGKAL PINANG,2025-07-26,0.0,24.8
PANGKAL PINANG,2025-07-27,0.5,25.1
PANGKAL PINANG,2025-07-28,1.2,24.0
PANGKAL PINANG,2025-07-29,2.4,23.4
PANGKAL PINANG,2025-07-30,4.0,22.9
PANGKAL PINANG,2025-07-31,0.1,23.7
PANGKAL PINANG,2025-08-01,0.0,24.2
PANGKAL PINANG,2025-08-02,1.5,24.9
PANGKAL PINANG,2025-08-03,5.6,24.9
PANGKAL PINANG,2025-08-04,6.2,24.9
PANGKAL PINANG,2025-08-05,7.0,24.8
PANGKAL PINANG,2025-08-06,0.0,24.1
PANGKAL PINANG,2025-08-07,0.0,24.0
PANGKAL PINANG,2025-08-08,0.0,24.9
PANGKAL PINANG,2025-08-09,0.2,24.9
PANGKAL PINANG,2025-08-10,1.5,24.7
PANGKAL PINANG,2025-08-11,2.6,24.3
PANGKAL PINANG,2025-08-12,1.1,24.4
PANGKAL PINANG,2025-08-13,0.9,24.3
PANGKAL PINANG,2025-08-14,0.7,23.6
PANGKAL PINANG,2025-08-15,0.4,23.8
PANGKAL PINANG,2025-08-16,0.1,24.2
PANGKAL PINANG,2025-08-17,0.2,24.7
PANGKAL PINANG,2025-08-18,7.6,24.7
PANGKAL PINANG,2025-08-19,57.1,23.6
PANGKAL PINANG,2025-08-20,0.9,24.8
PANGKAL PINANG,2025-08-21,4.2,24.2
PANGKAL PINANG,2025-08-22,2.3,24.8
PANGKAL PINANG,2025-08-23,0.4,24.9
PANGKAL PINANG,2025-08-24,0.0,24.9
PANGKAL PINANG,2025-08-25,0.0,24.4
PANGKAL PINANG,2025-08-26,0.0,23.9
PANGKAL PINANG,2025-08-27,2.2,23.5
PANGKAL PINANG,2025-08-28,1.4,22.8
PANGKAL PINANG,2025-08-29,1.4,23.0
PANGKAL PINANG,2025-08-30,2.0,23.9
PANGKAL PINANG,2025-08-31,0.3,24.3
PANGKAL PINANG,2025-09-01,0.0,24.7
PANGKAL PINANG,2025-09-02,1.2,25.3
PANGKAL PINANG,2025-09-03,0.0,25.6
PANGKAL PINANG,2025-09-04,0.5,25.2
PANGKAL PINANG,2025-09-05,0.1,24.9
PANGKAL PINANG,2025-09-06,0.1,24.3
PANGKAL PINANG,2025-09-07,0.0,24.4
PANGKAL PINANG,2025-09-08,1.2,24.5
PANGKAL PINANG,2025-09-09,7.5,23.5
PANGKAL PINANG,2025-09-10,5.1,23.9
PANGKAL PINANG,2025-09-11,22.5,24.1
PANGKAL PINANG,2025-09-12,0.0,25.2
PANGKAL PINANG,2025-09-13,0.0,25.3
PANGKAL PINANG,2025-09-14,1.8,24.3
PANGKAL PINANG,2025-09-15,1.0,24.4
PANGKAL PINANG,2025-09-16,1.7,24.2
PANGKAL PINANG,2025-09-17,7.4,24.3
PANGKAL PINANG,2025-09-18,10.6,23.6
PANGKAL PINANG,2025-09-19,14.7,24.1
PANGKAL PINANG,2025-09-20,3.1,25.1
PANGKAL PINANG,2025-09-21,2.1,25.3
PANGKAL PINANG,2025-09-22,0.0,25.2
PANGKAL PINANG,2025-09-23,0.0,25.8
PANGKAL PINANG,2025-09-24,0.0,25.6
PANGKAL PINANG,2025-09-25,1.7,25.5
PANGKAL PINANG,2025-09-26,0.9,25.4
PANGKAL PINANG,2025-09-27,1.2,25.6
PANGKAL PINANG,2025-09-28,0.5,26.0
PANGKAL PINANG,2025-09-29,1.6,25.1
PANGKAL PINANG,2025-09-30,8.0,24.0
PANGKAL PINANG,2025-10-01,26.6,24.2
PANGKAL PINANG,2025-10-02,2.5,26.1
PANGKAL PINANG,2025-10-03,2.6,25.9
PANGKAL PINANG,2025-10-04,0.0,25.4
PANGKAL PINANG,2025-10-05,0.5,25.9
PANGKAL PINANG,2025-10-06,1.2,25.2
PANGKAL PINANG,2025-10-07,0.1,26.3
PANGKAL PINANG,2025-10-08,0.0,25.8
PANGKAL PINANG,2025-10-09,2.6,25.7
PANGKAL PINANG,2025-10-10,1.1,25.6
PANGKAL PINANG,2025-10-11,6.4,25.5
PANGKAL PINANG,2025-10-12,13.0,25.6
PANGKAL PINANG,2025-10-13,2.0,26.1
PANGKAL PINANG,2025-10-14,1.8,26.5
PANGKAL PINANG,2025-10-15,3.8,25.9
PANGKAL PINANG,2025-10-16,3.6,25.8
PANGKAL PINANG,2025-10-17,2.0,25.8
PANGKAL PINANG,2025-10-18,5.5,26.5
PANGKAL PINANG,2025-10-19,3.0,25.7
PANGKAL PINANG,2025-10-20,31.5,25.5
PANGKAL PINANG,2025-10-21,37.9,25.2
PANGKAL PINANG,2025-10-22,28.2,25.1
PANGKAL PINANG,2025-10-23,16.6,24.9
PANGKAL PINANG,2025-10-24,27.6,24.9
PANGKAL PINANG,2025-10-25,10.5,24.7
PANGKAL PINANG,2025-10-26,2.8,25.5
PANGKAL PINANG,2025-10-27,7.4,25.5
PANGKAL PINANG,2025-10-28,23.7,24.7
PANGKAL PINANG,2025-10-29,18.2,25.0
PANGKAL PINANG,2025-10-30,13.5,24.9
PANGKAL PINANG,2025-10-31,22.1,24.7
PANGKAL PINANG,2025-11-01,18.3,24.8
PANGKAL PINANG,2025-11-02,6.5,25.0
PANGKAL PINANG,2025-11-03,10.9,24.8
PANGKAL PINANG,2025-11-04,29.9,25.0
PANGKAL PINANG,2025-11-05,30.9,24.4
PANGKAL PINANG,2025-11-06,15.1,25.0
PANGKAL PINANG,2025-11-07,4.2,25.1
PANGKAL PINANG,2025-11-08,20.3,25.2
PANGKAL PINANG,2025-11-09,17.8,25.2
PANGKAL PINANG,2025-11-10,5.0,25.5
PANGKAL PINANG,2025-11-11,23.6,24.9
PANGKAL PINANG,2025-11-12,9.7,24.1
PANGKAL PINANG,2025-11-13,4.2,24.7
PANGKAL PINANG,2025-11-14,11.2,24.6
PANGKAL PINANG,2025-11-15,26.0,24.6
PANGKAL PINANG,2025-11-16,9.5,25.2
PANGKAL PINANG,2025-11-17,18.4,25.3
PANGKAL PINANG,2025-11-18,18.8,25.0
PANGKAL PINANG,2025-11-19,24.5,24.3
PANGKAL PINANG,2025-11-20,19.0,24.8
PANGKAL PINANG,2025-11-21,25.5,24.8
PANGKAL PINANG,2025-11-22,73.9,25.7
PANGKAL PINANG,2025-11-23,20.4,25.9
PANGKAL PINANG,2025-11-24,0.6,26.0
PANGKAL PINANG,2025-11-25,0.0,26.5
PANGKAL PINANG,2025-11-26,7.1,24.6
PANGKAL PINANG,2025-11-27,0.7,25.4
PANGKAL PINANG,2025-11-28,0.2,25.9
PANGKAL PINANG,2025-11-29,0.0,25.6
PANGKAL PINANG,2025-11-30,1.5,25.3
PANGKAL PINANG,2025-12-01,0.6,25.4
PANGKAL PINANG,2025-12-02,1.9,25.2
PANGKAL PINANG,2025-12-03,4.9,25.6
PANGKAL PINANG,2025-12-04,2.7,24.6
PANGKAL PINANG,2025-12-05,2.9,24.6
PANGKAL PINANG,2025-12-06,9.3,24.2
PANGKAL PINANG,2025-12-07,6.5,25.0
PANGKAL PINANG,2025-12-08,24.1,24.8
PANGKAL PINANG,2025-12-09,4.7,25.2
PANGKAL PINANG,2025-12-10,0.4,26.8
PANGKAL PINANG,2025-12-11,2.2,26.0
PANGKAL PINANG,2025-12-12,0.3,26.0
PANGKAL PINANG,2025-12-13,1.6,25.7
PANGKAL PINANG,2025-12-14,0.7,25.4
PANGKAL PINANG,2025-12-15,0.3,25.2
PANGKAL PINANG,2025-12-16,0.0,26.0
PANGKAL PINANG,2025-12-17,0.3,25.8
PANGKAL PINANG,2025-12-18,11.0,25.2
PANGKAL PINANG,2025-12-19,1.3,25.5
PANGKAL PINANG,2025-12-20,7.2,25.0
PANGKAL PINANG,2025-12-21,13.8,25.3
PANGKAL PINANG,2025-12-22,10.0,25.9
PANGKAL PINANG,2025-12-23,1.3,26.4
PANGKAL PINANG,2025-12-24,1.8,26.2
PANGKAL PINANG,2025-12-25,0.8,26.1
PANGKAL PINANG,2025-12-26,4.3,25.4
PANGKAL PINANG,2025-12-27,16.5,25.9
PANGKAL PINANG,2025-12-28,0.5,26.8
PANGKAL PINANG,2025-12-29,0.6,26.4
PANGKAL PINANG,2025-12-30,1.5,26.0
PANGKAL PINANG,2025-12-31,15.9,24.5
PANGKAL PINANG,2026-01-01,20.2,24.8
PANGKAL PINANG,2026-01-02,53.9,25.7
PANGKAL PINANG,2026-01-03,7.5,24.8
PANGKAL PINANG,2026-01-04,3.2,25.5
PANGKAL PINANG,2026-01-05,2.3,25.5
PANGKAL PINANG,2026-01-06,0.0,26.8
PANGKAL PINANG,2026-01-07,0.9,26.6
PANGKAL PINANG,2026-01-08,3.5,25.4
PANGKAL PINANG,2026-01-09,29.8,24.3
PANGKAL PINANG,2026-01-10,19.1,23.3
PANGKAL PINANG,2026-01-11,16.8,23.5
PANGKAL PINANG,2026-01-12,2.7,23.8
PANGKAL PINANG,2026-01-13,2.0,24.1
PANGKAL PINANG,2026-01-14,7.1,23.4
PANGKAL PINANG,2026-01-15,11.4,23.3
PANGKAL PINANG,2026-01-16,5.5,24.1
PANGKAL PINANG,2026-01-17,8.7,24.3
PANGKAL PINANG,2026-01-18,12.5,24.1
PANGKAL PINANG,2026-01-19,5.4,24.3
PANGKAL PINANG,2026-01-20,1.5,24.6
PANGKAL PINANG,2026-01-21,5.7,24.2
PANGKAL PINANG,2026-01-22,9.2,24.1
PANGKAL PINANG,2026-01-23,5.9,23.8
PANGKAL PINANG,2026-01-24,0.0,25.8
PANGKAL PINANG,2026-01-25,0.7,24.9
PANGKAL PINANG,2026-01-26,2.1,24.8
PANGKAL PINANG,2026-01-27,5.4,24.1
PANGKAL PINANG,2026-01-28,42.0,23.9
PANGKAL PINANG,2026-01-29,15.3,24.5
PANGKAL PINANG,2026-01-30,17.9,24.7
PANGKAL PINANG,2026-01-31,1.3,25.1
PANGKAL PINANG,2026-02-01,26.7,24.1
PANGKAL PINANG,2026-02-02,13.6,24.1
PANGKAL PINANG,2026-02-03,11.0,24.7
PANGKAL PINANG,2026-02-04,5.9,24.0
PANGKAL PINANG,2026-02-05,5.9,24.2
PANGKAL PINANG,2026-02-06,2.6,24.6
PANGKAL PINANG,2026-02-07,3.1,24.3
PANGKAL PINANG,2026-02-08,10.2,24.3
PANGKAL PINANG,2026-02-09,5.9,24.3
PANGKAL PINANG,2026-02-10,8.0,24.5
PANGKAL PINANG,2026-02-11,17.1,24.4
PANGKAL PINANG,2026-02-12,19.7,24.5
PANGKAL PINANG,2026-02-13,10.0,23.8
PANGKAL PINANG,2026-02-14,11.9,24.8
PANGKAL PINANG,2026-02-15,3.9,25.0
PANGKAL PINANG,2026-02-16,7.3,24.8
PANGKAL PINANG,2026-02-17,7.1,24.8
PANGKAL PINANG,2026-02-18,8.1,24.5
PANGKAL PINANG,2026-02-19,1.5,25.0
PANGKAL PINANG,2026-02-20,5.8,24.9
PANGKAL PINANG,2026-02-21,13.0,25.1
PANGKAL PINANG,2026-02-22,20.9,24.2
PANGKAL PINANG,2026-02-23,9.4,24.1
PANGKAL PINANG,2026-02-24,4.5,24.3
PANGKAL PINANG,2026-02-25,7.9,24.5
PANGKAL PINANG,2026-02-26,11.3,24.1
PANGKAL PINANG,2026-02-27,30.7,23.5
PANGKAL PINANG,2026-02-28,13.1,24.2
PANGKAL PINANG,2026-03-01,7.4,25.4
PANGKAL PINANG,2026-03-02,20.5,24.8
PANGKAL PINANG,2026-03-03,15.1,24.4
PANGKAL PINANG,2026-03-04,5.7,24.5
PANGKAL PINANG,2026-03-05,9.2,23.5
PANGKAL PINANG,2026-03-06,1.7,24.9
PANGKAL PINANG,2026-03-07,3.3,24.6
PANGKAL PINANG,2026-03-08,3.9,24.5
PANGKAL PINANG,2026-03-09,8.0,25.2
PANGKAL PINANG,2026-03-10,0.4,25.7
PANGKAL PINANG,2026-03-11,0.8,25.3
PANGKAL PINANG,2026-03-12,0.9,25.3
PANGKAL PINANG,2026-03-13,0.8,25.5
PANGKAL PINANG,2026-03-14,2.8,25.3
PANGKAL PINANG,2026-03-15,21.1,24.9
PANGKAL PINANG,2026-03-16,16.8,24.6
PANGKAL PINANG,2026-03-17,11.4,25.2
PANGKAL PINANG,2026-03-18,2.9,24.9
PANGKAL PINANG,2026-03-19,4.1,25.2
PANGKAL PINANG,2026-03-20,9.1,24.6
PANGKAL PINANG,2026-03-21,2.7,25.4
PANGKAL PINANG,2026-03-22,0.6,25.4
PANGKAL PINANG,2026-03-23,0.1,25.9
PANGKAL PINANG,2026-03-24,5.6,25.1
PANGKAL PINANG,2026-03-25,2.1,25.0
PANGKAL PINANG,2026-03-26,17.3,24.2
PANGKAL PINANG,2026-03-27,9.6,24.7
PANGKAL PINANG,2026-03-28,10.7,25.1
PANGKAL PINANG,2026-03-29,1.7,25.3
PANGKAL PINANG,2026-03-30,2.9,24.7
PANGKAL PINANG,2026-03-31,2.6,24.7
SAMARINDA,2025-03-15,11.1,26.9
SAMARINDA,2025-03-16,38.8,25.3
SAMARINDA,2025-03-17,27.3,25.2
SAMARINDA,2025-03-18,0.2,27.2
SAMARINDA,2025-03-19,31.2,26.3
SAMARINDA,2025-03-20,24.2,25.0
SAMARINDA,2025-03-21,5.3,26.4
SAMARINDA,2025-03-22,7.2,26.1
SAMARINDA,2025-03-23,12.1,26.5
SAMARINDA,2025-03-24,3.5,26.7
SAMARINDA,2025-03-25,5.8,26.6
SAMARINDA,2025-03-26,7.5,27.6
SAMARINDA,2025-03-27,29.6,27.1
SAMARINDA,2025-03-28,4.9,27.0
SAMARINDA,2025-03-29,15.1,26.2
SAMARINDA,2025-03-30,5.7,26.6
SAMARINDA,2025-03-31,13.6,26.9
SAMARINDA,2025-04-01,13.5,25.3
SAMARINDA,2025-04-02,11.2,26.2
SAMARINDA,2025-04-03,19.5,26.3
SAMARINDA,2025-04-04,11.4,25.9
SAMARINDA,2025-04-05,3.4,27.3
SAMARINDA,2025-04-06,47.1,25.6
SAMARINDA,2025-04-07,3.1,26.8
SAMARINDA,2025-04-08,1.7,26.8
SAMARINDA,2025-04-09,22.5,26.0
SAMARINDA,2025-04-10,15.6,26.5
SAMARINDA,2025-04-11,39.5,25.5
SAMARINDA,2025-04-12,8.3,27.2
SAMARINDA,2025-04-13,32.9,26.3
SAMARINDA,2025-04-14,21.3,26.1
SAMARINDA,2025-04-15,16.3,26.2
SAMARINDA,2025-04-16,12.2,27.1
SAMARINDA,2025-04-17,13.3,26.4
SAMARINDA,2025-04-18,9.6,26.0
SAMARINDA,2025-04-19,3.5,26.6
SAMARINDA,2025-04-20,0.5,27.6
SAMARINDA,2025-04-21,9.4,26.6
SAMARINDA,2025-04-22,9.6,26.4
SAMARINDA,2025-04-23,8.9,26.6
SAMARINDA,2025-04-24,17.6,25.6
SAMARINDA,2025-04-25,21.9,25.8
SAMARINDA,2025-04-26,16.8,26.1
SAMARINDA,2025-04-27,4.0,26.7
SAMARINDA,2025-04-28,6.1,26.2
SAMARINDA,2025-04-29,13.8,25.5
SAMARINDA,2025-04-30,13.0,26.0
SAMARINDA,2025-05-01,7.1,26.8
SAMARINDA,2025-05-02,23.1,25.7
SAMARINDA,2025-05-03,7.5,27.2
SAMARINDA,2025-05-04,0.0,27.9
SAMARINDA,2025-05-05,21.5,26.8
SAMARINDA,2025-05-06,9.3,26.9
SAMARINDA,2025-05-07,8.9,27.3
SAMARINDA,2025-05-08,1.1,28.1
SAMARINDA,2025-05-09,18.9,26.9
SAMARINDA,2025-05-10,11.6,26.6
SAMARINDA,2025-05-11,20.0,27.3
SAMARINDA,2025-05-12,29.0,25.5
SAMARINDA,2025-05-13,10.2,27.3
SAMARINDA,2025-05-14,18.3,26.2
SAMARINDA,2025-05-15,6.8,26.6
SAMARINDA,2025-05-16,8.9,26.6
SAMARINDA,2025-05-17,30.1,26.1
SAMARINDA,2025-05-18,11.1,26.8
SAMARINDA,2025-05-19,4.2,26.8
SAMARINDA,2025-05-20,11.9,25.8
SAMARINDA,2025-05-21,21.2,26.2
SAMARINDA,2025-05-22,14.2,27.0
SAMARINDA,2025-05-23,0.9,26.6
SAMARINDA,2025-05-24,11.5,26.8
SAMARINDA,2025-05-25,6.5,27.3
SAMARINDA,2025-05-26,9.0,27.8
SAMARINDA,2025-05-27,39.3,25.0
SAMARINDA,2025-05-28,1.9,27.6
SAMARINDA,2025-05-29,16.6,27.5
SAMARINDA,2025-05-30,15.2,27.2
SAMARINDA,2025-05-31,23.1,25.9
SAMARINDA,2025-06-01,8.9,25.4
SAMARINDA,2025-06-02,4.1,24.9
SAMARINDA,2025-06-03,5.0,26.1
SAMARINDA,2025-06-04,2.1,27.0
SAMARINDA,2025-06-05,7.6,26.7
SAMARINDA,2025-06-06,0.8,27.6
SAMARINDA,2025-06-07,15.2,25.9
SAMARINDA,2025-06-08,15.2,26.5
SAMARINDA,2025-06-09,0.4,27.0
SAMARINDA,2025-06-10,15.1,26.6
SAMARINDA,2025-06-11,2.6,26.4
SAMARINDA,2025-06-12,13.3,26.7
SAMARINDA,2025-06-13,7.9,27.8
SAMARINDA,2025-06-14,1.9,26.8
SAMARINDA,2025-06-15,0.3,27.1
SAMARINDA,2025-06-16,8.6,27.2
SAMARINDA,2025-06-17,1.8,27.1
SAMARINDA,2025-06-18,13.3,25.7
SAMARINDA,2025-06-19,14.2,25.3
SAMARINDA,2025-06-20,11.1,25.0
SAMARINDA,2025-06-21,2.7,26.5
SAMARINDA,2025-06-22,9.1,25.9
SAMARINDA,2025-06-23,14.6,26.2
SAMARINDA,2025-06-24,9.1,26.4
SAMARINDA,2025-06-25,19.5,26.5
SAMARINDA,2025-06-26,1.0,26.3
SAMARINDA,2025-06-27,8.4,26.8
SAMARINDA,2025-06-28,10.8,26.2
SAMARINDA,2025-06-29,1.3,26.8
SAMARINDA,2025-06-30,4.1,26.2
SAMARINDA,2025-07-01,0.5,27.7
SAMARINDA,2025-07-02,11.5,26.5
SAMARINDA,2025-07-03,0.8,27.3
SAMARINDA,2025-07-04,15.1,26.3
SAMARINDA,2025-07-05,14.5,25.9
SAMARINDA,2025-07-06,9.2,26.8
SAMARINDA,2025-07-07,23.7,25.3
SAMARINDA,2025-07-08,3.2,26.1
SAMARINDA,2025-07-09,2.1,26.6
SAMARINDA,2025-07-10,13.0,25.3
SAMARINDA,2025-07-11,4.3,26.2
SAMARINDA,2025-07-12,3.2,26.7
SAMARINDA,2025-07-13,1.4,27.3
SAMARINDA,2025-07-14,9.5,26.2
SAMARINDA,2025-07-15,6.8,25.2
SAMARINDA,2025-07-16,7.7,25.9
SAMARINDA,2025-07-17,7.1,24.9
SAMARINDA,2025-07-18,1.7,26.1
SAMARINDA,2025-07-19,1.6,26.2
SAMARINDA,2025-07-20,0.0,26.5
SAMARINDA,2025-07-21,0.1,26.7
SAMARINDA,2025-07-22,0.8,27.0
SAMARINDA,2025-07-23,0.5,27.4
SAMARINDA,2025-07-24,1.0,27.9
SAMARINDA,2025-07-25,6.1,27.8
SAMARINDA,2025-07-26,2.8,27.9
SAMARINDA,2025-07-27,4.5,27.2
SAMARINDA,2025-07-28,1.3,27.7
SAMARINDA,2025-07-29,0.1,27.4
SAMARINDA,2025-07-30,3.1,27.4
SAMARINDA,2025-07-31,3.8,27.2
SAMARINDA,2025-08-01,0.9,27.8
SAMARINDA,2025-08-02,4.1,26.7
SAMARINDA,2025-08-03,5.7,26.3
SAMARINDA,2025-08-04,22.1,25.4
SAMARINDA,2025-08-05,2.7,26.3
SAMARINDA,2025-08-06,12.4,25.5
SAMARINDA,2025-08-07,5.7,26.2
SAMARINDA,2025-08-08,2.0,26.7
SAMARINDA,2025-08-09,6.3,25.5
SAMARINDA,2025-08-10,24.9,24.8
SAMARINDA,2025-08-11,10.6,26.1
SAMARINDA,2025-08-12,25.5,25.3
SAMARINDA,2025-08-13,7.9,25.3
SAMARINDA,2025-08-14,17.9,25.3
SAMARINDA,2025-08-15,4.0,26.2
SAMARINDA,2025-08-16,15.4,25.9
SAMARINDA,2025-08-17,22.3,25.7
SAMARINDA,2025-08-18,5.6,26.2
SAMARINDA,2025-08-19,2.2,26.6
SAMARINDA,2025-08-20,20.3,25.0
SAMARINDA,2025-08-21,2.9,25.2
SAMARINDA,2025-08-22,1.2,26.0
SAMARINDA,2025-08-23,2.7,25.7
SAMARINDA,2025-08-24,0.8,25.6
SAMARINDA,2025-08-25,0.3,26.0
SAMARINDA,2025-08-26,1.2,25.8
SAMARINDA,2025-08-27,15.4,25.4
SAMARINDA,2025-08-28,12.9,25.4
SAMARINDA,2025-08-29,5.6,26.3
SAMARINDA,2025-08-30,2.1,26.1
SAMARINDA,2025-08-31,30.4,25.6
SAMARINDA,2025-09-01,4.6,26.5
SAMARINDA,2025-09-02,10.2,26.4
SAMARINDA,2025-09-03,15.2,26.0
SAMARINDA,2025-09-04,8.9,26.3
SAMARINDA,2025-09-05,16.3,25.6
SAMARINDA,2025-09-06,20.9,25.5
SAMARINDA,2025-09-07,14.5,25.2
SAMARINDA,2025-09-08,10.7,25.3
SAMARINDA,2025-09-09,10.4,25.9
SAMARINDA,2025-09-10,9.4,25.8
SAMARINDA,2025-09-11,24.6,25.8
SAMARINDA,2025-09-12,23.0,26.0
SAMARINDA,2025-09-13,4.1,25.9
SAMARINDA,2025-09-14,10.1,26.5
SAMARINDA,2025-09-15,4.2,26.3
SAMARINDA,2025-09-16,22.6,26.1
SAMARINDA,2025-09-17,8.0,25.6
SAMARINDA,2025-09-18,5.3,26.2
SAMARINDA,2025-09-19,4.0,27.3
SAMARINDA,2025-09-20,13.0,26.6
SAMARINDA,2025-09-21,5.9,26.8
SAMARINDA,2025-09-22,1.8,27.2
SAMARINDA,2025-09-23,3.9,27.0
SAMARINDA,2025-09-24,9.0,26.8
SAMARINDA,2025-09-25,9.6,26.8
SAMARINDA,2025-09-26,3.2,27.2
SAMARINDA,2025-09-27,10.8,26.2
SAMARINDA,2025-09-28,7.1,27.0
SAMARINDA,2025-09-29,7.1,27.2
SAMARINDA,2025-09-30,12.4,26.2
SAMARINDA,2025-10-01,5.5,26.3
SAMARINDA,2025-10-02,1.2,27.4
SAMARINDA,2025-10-03,7.3,26.7
SAMARINDA,2025-10-04,37.7,24.9
SAMARINDA,2025-10-05,5.3,25.3
SAMARINDA,2025-10-06,15.2,24.2
SAMARINDA,2025-10-07,2.2,26.1
SAMARINDA,2025-10-08,3.9,26.7
SAMARINDA,2025-10-09,0.8,27.2
SAMARINDA,2025-10-10,0.7,27.4
SAMARINDA,2025-10-11,0.5,27.3
SAMARINDA,2025-10-12,1.5,27.6
SAMARINDA,2025-10-13,14.9,27.2
SAMARINDA,2025-10-14,7.1,26.8
SAMARINDA,2025-10-15,0.5,27.5
SAMARINDA,2025-10-16,1.6,28.0
SAMARINDA,2025-10-17,0.8,28.0
SAMARINDA,2025-10-18,12.8,27.2
SAMARINDA,2025-10-19,7.2,26.5
SAMARINDA,2025-10-20,5.0,27.1
SAMARINDA,2025-10-21,4.1,26.4
SAMARINDA,2025-10-22,11.8,26.1
SAMARINDA,2025-10-23,6.4,26.8
SAMARINDA,2025-10-24,20.2,25.8
SAMARINDA,2025-10-25,23.1,26.7
SAMARINDA,2025-10-26,56.5,24.8
SAMARINDA,2025-10-27,12.9,26.5
SAMARINDA,2025-10-28,9.9,26.9
SAMARINDA,2025-10-29,7.0,26.3
SAMARINDA,2025-10-30,5.0,27.0
SAMARINDA,2025-10-31,0.8,26.6
SAMARINDA,2025-11-01,0.0,28.3
SAMARINDA,2025-11-02,3.7,27.4
SAMARINDA,2025-11-03,7.8,27.4
SAMARINDA,2025-11-04,8.1,26.9
SAMARINDA,2025-11-05,20.1,26.5
SAMARINDA,2025-11-06,13.5,26.8
SAMARINDA,2025-11-07,2.7,27.1
SAMARINDA,2025-11-08,6.6,27.6
SAMARINDA,2025-11-09,20.8,26.0
SAMARINDA,2025-11-10,1.2,28.0
SAMARINDA,2025-11-11,8.9,26.4
SAMARINDA,2025-11-12,20.1,26.4
SAMARINDA,2025-11-13,0.9,26.1
SAMARINDA,2025-11-14,12.7,27.0
SAMARINDA,2025-11-15,2.8,27.4
SAMARINDA,2025-11-16,16.5,26.2
SAMARINDA,2025-11-17,1.4,27.6
SAMARINDA,2025-11-18,10.8,26.3
SAMARINDA,2025-11-19,8.2,26.1
SAMARINDA,2025-11-20,4.5,26.7
SAMARINDA,2025-11-21,5.7,26.7
SAMARINDA,2025-11-22,13.4,26.5
SAMARINDA,2025-11-23,8.7,26.9
SAMARINDA,2025-11-24,24.9,26.2
SAMARINDA,2025-11-25,0.4,27.2
SAMARINDA,2025-11-26,5.5,27.7
SAMARINDA,2025-11-27,7.1,27.8
SAMARINDA,2025-11-28,8.8,27.5
SAMARINDA,2025-11-29,15.1,25.0
SAMARINDA,2025-11-30,10.0,26.5
SAMARINDA,2025-12-01,9.0,26.3
SAMARINDA,2025-12-02,4.8,26.7
SAMARINDA,2025-12-03,2.3,27.2
SAMARINDA,2025-12-04,15.5,25.9
SAMARINDA,2025-12-05,7.5,26.6
SAMARINDA,2025-12-06,5.7,26.6
SAMARINDA,2025-12-07,17.0,26.5
SAMARINDA,2025-12-08,13.2,26.1
SAMARINDA,2025-12-09,6.8,26.0
SAMARINDA,2025-12-10,8.3,26.8
SAMARINDA,2025-12-11,15.3,25.9
SAMARINDA,2025-12-12,6.9,26.3
SAMARINDA,2025-12-13,9.3,26.3
SAMARINDA,2025-12-14,8.6,26.6
SAMARINDA,2025-12-15,1.9,26.4
SAMARINDA,2025-12-16,19.9,26.0
SAMARINDA,2025-12-17,8.0,26.5
SAMARINDA,2025-12-18,6.1,26.4
SAMARINDA,2025-12-19,16.1,26.4
SAMARINDA,2025-12-20,6.1,26.0
SAMARINDA,2025-12-21,16.6,26.1
SAMARINDA,2025-12-22,10.7,26.1
SAMARINDA,2025-12-23,20.3,26.4
SAMARINDA,2025-12-24,27.6,26.5
SAMARINDA,2025-12-25,3.0,27.7
SAMARINDA,2025-12-26,10.2,27.4
SAMARINDA,2025-12-27,18.1,25.9
SAMARINDA,2025-12-28,2.8,27.6
SAMARINDA,2025-12-29,7.2,26.4
SAMARINDA,2025-12-30,15.4,26.3
SAMARINDA,2025-12-31,5.8,26.4
SAMARINDA,2026-01-01,7.3,26.2
SAMARINDA,2026-01-02,20.5,27.0
SAMARINDA,2026-01-03,36.3,25.2
SAMARINDA,2026-01-04,8.7,25.8
SAMARINDA,2026-01-05,12.6,25.6
SAMARINDA,2026-01-06,1.6,26.1
SAMARINDA,2026-01-07,45.3,25.8
SAMARINDA,2026-01-08,14.1,25.9
SAMARINDA,2026-01-09,10.7,26.1
SAMARINDA,2026-01-10,8.5,26.5
SAMARINDA,2026-01-11,21.5,25.2
SAMARINDA,2026-01-12,0.8,26.7
SAMARINDA,2026-01-13,12.5,27.2
SAMARINDA,2026-01-14,5.9,26.9
SAMARINDA,2026-01-15,28.9,25.9
SAMARINDA,2026-01-16,1.9,26.4
SAMARINDA,2026-01-17,0.1,28.4
SAMARINDA,2026-01-18,2.5,27.5
SAMARINDA,2026-01-19,0.3,28.0
SAMARINDA,2026-01-20,0.0,27.8
SAMARINDA,2026-01-21,0.2,27.7
SAMARINDA,2026-01-22,0.3,27.9
SAMARINDA,2026-01-23,0.1,28.1
SAMARINDA,2026-01-24,0.2,27.7
SAMARINDA,2026-01-25,2.0,27.1
SAMARINDA,2026-01-26,5.2,27.2
SAMARINDA,2026-01-27,6.7,27.3
SAMARINDA,2026-01-28,9.4,26.3
SAMARINDA,2026-01-29,13.7,26.8
SAMARINDA,2026-01-30,10.9,25.9
SAMARINDA,2026-01-31,25.9,25.0
SAMARINDA,2026-02-01,1.6,27.2
SAMARINDA,2026-02-02,7.2,25.8
SAMARINDA,2026-02-03,6.2,27.5
SAMARINDA,2026-02-04,3.6,25.8
SAMARINDA,2026-02-05,28.5,26.3
SAMARINDA,2026-02-06,6.9,25.9
SAMARINDA,2026-02-07,40.3,25.9
SAMARINDA,2026-02-08,8.2,26.9
SAMARINDA,2026-02-09,7.1,26.4
SAMARINDA,2026-02-10,17.8,25.8
SAMARINDA,2026-02-11,10.4,27.1
SAMARINDA,2026-02-12,26.5,26.2
SAMARINDA,2026-02-13,23.3,25.4
SAMARINDA,2026-02-14,6.5,26.3
SAMARINDA,2026-02-15,4.4,26.7
SAMARINDA,2026-02-16,8.6,27.3
SAMARINDA,2026-02-17,0.7,27.6
SAMARINDA,2026-02-18,2.0,27.6
SAMARINDA,2026-02-19,6.4,25.4
SAMARINDA,2026-02-20,4.0,27.0
SAMARINDA,2026-02-21,25.6,24.6
SAMARINDA,2026-02-22,0.0,27.0
SAMARINDA,2026-02-23,17.4,26.0
SAMARINDA,2026-02-24,19.0,26.0
SAMARINDA,2026-02-25,2.0,26.4
SAMARINDA,2026-02-26,1.5,27.3
SAMARINDA,2026-02-27,0.1,26.8
SAMARINDA,2026-02-28,11.2,26.4
SAMARINDA,2026-03-01,2.3,27.4
SAMARINDA,2026-03-02,9.9,26.9
SAMARINDA,2026-03-03,4.3,26.8
SAMARINDA,2026-03-04,8.8,27.2
SAMARINDA,2026-03-05,24.9,25.9
SAMARINDA,2026-03-06,21.7,27.5
SAMARINDA,2026-03-07,13.3,25.6
SAMARINDA,2026-03-08,9.7,27.1
SAMARINDA,2026-03-09,20.4,25.1
SAMARINDA,2026-03-10,21.8,25.8
SAMARINDA,2026-03-11,23.2,26.0
SAMARINDA,2026-03-12,12.4,26.3
SAMARINDA,2026-03-13,20.4,26.3
SAMARINDA,2026-03-14,19.5,26.2
SAMARINDA,2026-03-15,17.9,26.3
SAMARINDA,2026-03-16,4.0,25.6
SAMARINDA,2026-03-17,3.1,26.1
SAMARINDA,2026-03-18,9.7,26.2
SAMARINDA,2026-03-19,1.3,25.8
SAMARINDA,2026-03-20,23.3,25.5
SAMARINDA,2026-03-21,7.7,26.0
SAMARINDA,2026-03-22,6.6,26.7
SAMARINDA,2026-03-23,3.8,26.3
SAMARINDA,2026-03-24,0.1,27.2
SAMARINDA,2026-03-25,0.0,27.8
SAMARINDA,2026-03-26,0.0,27.7
SAMARINDA,2026-03-27,0.0,27.8
SAMARINDA,2026-03-28,6.8,27.3
SAMARINDA,2026-03-29,3.0,27.5
SAMARINDA,2026-03-30,28.9,26.1
SAMARINDA,2026-03-31,12.9,26.3
BALIKPAPAN,2025-03-15,13.1,26.5
BALIKPAPAN,2025-03-16,16.9,25.6
BALIKPAPAN,2025-03-17,24.6,24.9
BALIKPAPAN,2025-03-18,8.1,26.6
BALIKPAPAN,2025-03-19,18.6,26.0
BALIKPAPAN,2025-03-20,21.3,25.0
BALIKPAPAN,2025-03-21,4.8,26.1
BALIKPAPAN,2025-03-22,22.5,25.6
BALIKPAPAN,2025-03-23,0.7,26.4
BALIKPAPAN,2025-03-24,4.9,26.4
BALIKPAPAN,2025-03-25,12.0,26.5
BALIKPAPAN,2025-03-26,1.1,27.4
BALIKPAPAN,2025-03-27,16.4,27.0
BALIKPAPAN,2025-03-28,12.1,26.4
BALIKPAPAN,2025-03-29,13.0,26.2
BALIKPAPAN,2025-03-30,0.6,26.5
BALIKPAPAN,2025-03-31,21.7,26.6
BALIKPAPAN,2025-04-01,83.4,25.0
BALIKPAPAN,2025-04-02,1.9,26.3
BALIKPAPAN,2025-04-03,13.1,26.3
BALIKPAPAN,2025-04-04,6.4,25.6
BALIKPAPAN,2025-04-05,7.4,26.2
BALIKPAPAN,2025-04-06,21.9,25.5
BALIKPAPAN,2025-04-07,3.4,26.8
BALIKPAPAN,2025-04-08,15.8,26.3
BALIKPAPAN,2025-04-09,21.2,26.0
BALIKPAPAN,2025-04-10,2.4,26.4
BALIKPAPAN,2025-04-11,37.8,25.2
BALIKPAPAN,2025-04-12,10.5,26.6
BALIKPAPAN,2025-04-13,45.2,25.7
BALIKPAPAN,2025-04-14,16.1,26.0
BALIKPAPAN,2025-04-15,29.7,25.7
BALIKPAPAN,2025-04-16,14.7,27.0
BALIKPAPAN,2025-04-17,13.2,26.1
BALIKPAPAN,2025-04-18,16.6,25.8
BALIKPAPAN,2025-04-19,6.5,26.5
BALIKPAPAN,2025-04-20,9.3,27.0
BALIKPAPAN,2025-04-21,12.8,26.3
BALIKPAPAN,2025-04-22,5.5,26.0
BALIKPAPAN,2025-04-23,5.9,26.8
BALIKPAPAN,2025-04-24,26.2,25.2
BALIKPAPAN,2025-04-25,28.9,25.4
BALIKPAPAN,2025-04-26,16.2,25.7
BALIKPAPAN,2025-04-27,5.7,26.4
BALIKPAPAN,2025-04-28,1.4,26.2
BALIKPAPAN,2025-04-29,6.3,25.7
BALIKPAPAN,2025-04-30,3.3,26.1
BALIKPAPAN,2025-05-01,0.9,27.3
BALIKPAPAN,2025-05-02,10.8,26.0
BALIKPAPAN,2025-05-03,0.6,27.3
BALIKPAPAN,2025-05-04,0.1,28.1
BALIKPAPAN,2025-05-05,3.2,27.0
BALIKPAPAN,2025-05-06,3.4,27.1
BALIKPAPAN,2025-05-07,6.5,27.0
BALIKPAPAN,2025-05-08,0.7,28.0
BALIKPAPAN,2025-05-09,28.1,26.3
BALIKPAPAN,2025-05-10,8.3,26.4
BALIKPAPAN,2025-05-11,1.9,27.5
BALIKPAPAN,2025-05-12,39.6,25.1
BALIKPAPAN,2025-05-13,14.8,26.6
BALIKPAPAN,2025-05-14,37.8,25.7
BALIKPAPAN,2025-05-15,17.2,26.6
BALIKPAPAN,2025-05-16,5.3,27.1
BALIKPAPAN,2025-05-17,28.2,26.3
BALIKPAPAN,2025-05-18,1.8,26.5
BALIKPAPAN,2025-05-19,8.3,26.7
BALIKPAPAN,2025-05-20,6.5,25.9
BALIKPAPAN,2025-05-21,10.0,26.2
BALIKPAPAN,2025-05-22,9.9,26.5
BALIKPAPAN,2025-05-23,0.2,26.8
BALIKPAPAN,2025-05-24,3.3,27.4
BALIKPAPAN,2025-05-25,0.8,27.4
BALIKPAPAN,2025-05-26,14.8,27.4
BALIKPAPAN,2025-05-27,46.3,24.9
BALIKPAPAN,2025-05-28,0.5,27.4
BALIKPAPAN,2025-05-29,0.3,28.4
BALIKPAPAN,2025-05-30,23.7,27.0
BALIKPAPAN,2025-05-31,34.3,25.8
BALIKPAPAN,2025-06-01,9.3,25.4
BALIKPAPAN,2025-06-02,14.7,25.0
BALIKPAPAN,2025-06-03,2.5,26.3
BALIKPAPAN,2025-06-04,3.2,26.8
BALIKPAPAN,2025-06-05,1.8,27.0
BALIKPAPAN,2025-06-06,3.4,27.2
BALIKPAPAN,2025-06-07,5.3,26.7
BALIKPAPAN,2025-06-08,8.8,26.4
BALIKPAPAN,2025-06-09,0.0,26.9
BALIKPAPAN,2025-06-10,12.4,26.6
BALIKPAPAN,2025-06-11,3.4,26.7
BALIKPAPAN,2025-06-12,3.6,26.8
BALIKPAPAN,2025-06-13,6.9,26.6
BALIKPAPAN,2025-06-14,11.5,26.6
BALIKPAPAN,2025-06-15,7.6,27.1
BALIKPAPAN,2025-06-16,0.5,27.7
BALIKPAPAN,2025-06-17,1.8,26.7
BALIKPAPAN,2025-06-18,13.9,25.5
BALIKPAPAN,2025-06-19,25.7,24.8
BALIKPAPAN,2025-06-20,7.5,25.1
BALIKPAPAN,2025-06-21,5.0,26.3
BALIKPAPAN,2025-06-22,1.9,26.2
BALIKPAPAN,2025-06-23,0.7,26.3
BALIKPAPAN,2025-06-24,5.4,26.4
BALIKPAPAN,2025-06-25,11.0,26.5
BALIKPAPAN,2025-06-26,2.8,26.0
BALIKPAPAN,2025-06-27,1.7,27.0
BALIKPAPAN,2025-06-28,5.4,26.5
BALIKPAPAN,2025-06-29,1.0,26.8
BALIKPAPAN,2025-06-30,7.2,26.4
BALIKPAPAN,2025-07-01,0.0,27.5
BALIKPAPAN,2025-07-02,6.8,27.1
BALIKPAPAN,2025-07-03,0.7,27.4
BALIKPAPAN,2025-07-04,8.4,26.3
BALIKPAPAN,2025-07-05,7.7,26.2
BALIKPAPAN,2025-07-06,12.0,26.6
BALIKPAPAN,2025-07-07,25.5,25.1
BALIKPAPAN,2025-07-08,9.1,25.4
BALIKPAPAN,2025-07-09,2.1,26.3
BALIKPAPAN,2025-07-10,5.7,25.7
BALIKPAPAN,2025-07-11,5.2,26.3
BALIKPAPAN,2025-07-12,4.3,26.5
BALIKPAPAN,2025-07-13,3.5,26.9
BALIKPAPAN,2025-07-14,2.6,27.0
BALIKPAPAN,2025-07-15,12.8,25.5
BALIKPAPAN,2025-07-16,6.6,25.9
BALIKPAPAN,2025-07-17,11.7,25.2
BALIKPAPAN,2025-07-18,0.5,26.3
BALIKPAPAN,2025-07-19,0.8,26.8
BALIKPAPAN,2025-07-20,0.0,26.7
BALIKPAPAN,2025-07-21,0.0,26.3
BALIKPAPAN,2025-07-22,0.3,26.6
BALIKPAPAN,2025-07-23,1.4,27.2
BALIKPAPAN,2025-07-24,0.3,27.6
BALIKPAPAN,2025-07-25,0.8,27.8
BALIKPAPAN,2025-07-26,1.6,27.7
BALIKPAPAN,2025-07-27,4.6,26.7
BALIKPAPAN,2025-07-28,0.2,27.4
BALIKPAPAN,2025-07-29,0.9,27.7
BALIKPAPAN,2025-07-30,1.7,27.4
BALIKPAPAN,2025-07-31,1.2,26.9
BALIKPAPAN,2025-08-01,4.5,27.2
BALIKPAPAN,2025-08-02,7.1,26.7
BALIKPAPAN,2025-08-03,3.0,26.0
BALIKPAPAN,2025-08-04,16.5,25.1
BALIKPAPAN,2025-08-05,7.6,26.0
BALIKPAPAN,2025-08-06,3.5,26.0
BALIKPAPAN,2025-08-07,0.7,26.7
BALIKPAPAN,2025-08-08,2.9,26.3
BALIKPAPAN,2025-08-09,10.0,25.6
BALIKPAPAN,2025-08-10,13.4,25.0
BALIKPAPAN,2025-08-11,5.1,26.1
BALIKPAPAN,2025-08-12,11.3,25.3
BALIKPAPAN,2025-08-13,3.4,25.5
BALIKPAPAN,2025-08-14,2.3,26.2
BALIKPAPAN,2025-08-15,0.8,26.4
BALIKPAPAN,2025-08-16,10.8,26.1
BALIKPAPAN,2025-08-17,25.0,25.4
BALIKPAPAN,2025-08-18,2.4,26.0
BALIKPAPAN,2025-08-19,12.1,26.1
BALIKPAPAN,2025-08-20,15.6,24.7
BALIKPAPAN,2025-08-21,4.4,25.2
BALIKPAPAN,2025-08-22,0.6,25.9
BALIKPAPAN,2025-08-23,1.1,25.7
BALIKPAPAN,2025-08-24,10.4,25.4
BALIKPAPAN,2025-08-25,0.0,26.2
BALIKPAPAN,2025-08-26,1.6,25.9
BALIKPAPAN,2025-08-27,8.4,25.6
BALIKPAPAN,2025-08-28,18.9,25.8
BALIKPAPAN,2025-08-29,1.9,26.3
BALIKPAPAN,2025-08-30,3.0,26.1
BALIKPAPAN,2025-08-31,15.8,25.6
BALIKPAPAN,2025-09-01,1.8,26.7
BALIKPAPAN,2025-09-02,4.3,26.7
BALIKPAPAN,2025-09-03,6.9,26.1
BALIKPAPAN,2025-09-04,1.4,26.6
BALIKPAPAN,2025-09-05,14.5,25.6
BALIKPAPAN,2025-09-06,12.7,25.4
BALIKPAPAN,2025-09-07,15.5,25.1
BALIKPAPAN,2025-09-08,10.1,25.5
BALIKPAPAN,2025-09-09,15.2,25.4
BALIKPAPAN,2025-09-10,13.3,25.7
BALIKPAPAN,2025-09-11,21.7,25.8
BALIKPAPAN,2025-09-12,22.6,26.1
BALIKPAPAN,2025-09-13,12.8,26.3
BALIKPAPAN,2025-09-14,1.3,26.1
BALIKPAPAN,2025-09-15,6.6,26.5
BALIKPAPAN,2025-09-16,0.7,26.2
BALIKPAPAN,2025-09-17,17.0,25.5
BALIKPAPAN,2025-09-18,4.8,26.1
BALIKPAPAN,2025-09-19,0.0,27.3
BALIKPAPAN,2025-09-20,8.7,26.4
BALIKPAPAN,2025-09-21,0.1,26.8
BALIKPAPAN,2025-09-22,0.0,27.4
BALIKPAPAN,2025-09-23,0.3,27.1
BALIKPAPAN,2025-09-24,0.6,27.2
BALIKPAPAN,2025-09-25,4.2,26.5
BALIKPAPAN,2025-09-26,0.8,27.1
BALIKPAPAN,2025-09-27,4.6,26.8
BALIKPAPAN,2025-09-28,2.1,26.5
BALIKPAPAN,2025-09-29,2.2,27.4
BALIKPAPAN,2025-09-30,8.4,25.9
BALIKPAPAN,2025-10-01,9.0,26.4
BALIKPAPAN,2025-10-02,0.6,27.4
BALIKPAPAN,2025-10-03,6.0,27.2
BALIKPAPAN,2025-10-04,23.2,24.7
BALIKPAPAN,2025-10-05,1.3,25.6
BALIKPAPAN,2025-10-06,6.2,24.5
BALIKPAPAN,2025-10-07,0.2,26.2
BALIKPAPAN,2025-10-08,0.7,27.3
BALIKPAPAN,2025-10-09,0.0,27.4
BALIKPAPAN,2025-10-10,0.3,27.2
BALIKPAPAN,2025-10-11,2.4,27.4
BALIKPAPAN,2025-10-12,2.2,26.7
BALIKPAPAN,2025-10-13,3.9,27.1
BALIKPAPAN,2025-10-14,4.9,26.9
BALIKPAPAN,2025-10-15,0.3,27.3
BALIKPAPAN,2025-10-16,1.6,28.1
BALIKPAPAN,2025-10-17,1.8,27.9
BALIKPAPAN,2025-10-18,9.3,27.4
BALIKPAPAN,2025-10-19,7.1,26.8
BALIKPAPAN,2025-10-20,17.8,26.8
BALIKPAPAN,2025-10-21,17.6,26.4
BALIKPAPAN,2025-10-22,22.0,26.0
BALIKPAPAN,2025-10-23,21.5,27.2
BALIKPAPAN,2025-10-24,18.3,25.7
BALIKPAPAN,2025-10-25,39.2,26.4
BALIKPAPAN,2025-10-26,85.7,24.6
BALIKPAPAN,2025-10-27,2.3,26.2
BALIKPAPAN,2025-10-28,26.3,26.6
BALIKPAPAN,2025-10-29,14.3,26.0
BALIKPAPAN,2025-10-30,10.5,26.7
BALIKPAPAN,2025-10-31,6.6,25.6
BALIKPAPAN,2025-11-01,0.9,27.5
BALIKPAPAN,2025-11-02,3.0,27.2
BALIKPAPAN,2025-11-03,5.9,27.5
BALIKPAPAN,2025-11-04,3.1,27.3
BALIKPAPAN,2025-11-05,12.9,26.5
BALIKPAPAN,2025-11-06,9.0,26.6
BALIKPAPAN,2025-11-07,0.4,27.5
BALIKPAPAN,2025-11-08,3.2,27.0
BALIKPAPAN,2025-11-09,15.2,25.8
BALIKPAPAN,2025-11-10,0.0,27.6
BALIKPAPAN,2025-11-11,8.1,26.5
BALIKPAPAN,2025-11-12,15.5,26.4
BALIKPAPAN,2025-11-13,13.2,25.7
BALIKPAPAN,2025-11-14,4.6,26.8
BALIKPAPAN,2025-11-15,11.2,26.8
BALIKPAPAN,2025-11-16,20.9,26.3
BALIKPAPAN,2025-11-17,10.0,27.2
BALIKPAPAN,2025-11-18,14.7,26.3
BALIKPAPAN,2025-11-19,9.0,26.3
BALIKPAPAN,2025-11-20,7.5,25.9
BALIKPAPAN,2025-11-21,4.3,26.6
BALIKPAPAN,2025-11-22,32.0,26.0
BALIKPAPAN,2025-11-23,5.8,26.5
BALIKPAPAN,2025-11-24,10.4,26.2
BALIKPAPAN,2025-11-25,2.1,27.3
BALIKPAPAN,2025-11-26,3.8,27.5
BALIKPAPAN,2025-11-27,8.1,27.8
BALIKPAPAN,2025-11-28,15.3,27.3
BALIKPAPAN,2025-11-29,18.1,25.1
BALIKPAPAN,2025-11-30,6.7,26.1
BALIKPAPAN,2025-12-01,10.3,25.9
BALIKPAPAN,2025-12-02,7.8,26.6
BALIKPAPAN,2025-12-03,12.6,26.5
BALIKPAPAN,2025-12-04,0.8,26.0
BALIKPAPAN,2025-12-05,26.0,26.2
BALIKPAPAN,2025-12-06,15.6,26.7
BALIKPAPAN,2025-12-07,19.1,26.5
BALIKPAPAN,2025-12-08,13.6,26.0
BALIKPAPAN,2025-12-09,11.5,26.0
BALIKPAPAN,2025-12-10,9.5,26.7
BALIKPAPAN,2025-12-11,4.5,26.2
BALIKPAPAN,2025-12-12,18.3,26.2
BALIKPAPAN,2025-12-13,10.1,26.0
BALIKPAPAN,2025-12-14,8.6,26.1
BALIKPAPAN,2025-12-15,14.1,26.3
BALIKPAPAN,2025-12-16,9.8,26.0
BALIKPAPAN,2025-12-17,16.0,26.0
BALIKPAPAN,2025-12-18,21.7,26.1
BALIKPAPAN,2025-12-19,14.5,26.1
BALIKPAPAN,2025-12-20,22.5,26.1
BALIKPAPAN,2025-12-21,10.2,26.2
BALIKPAPAN,2025-12-22,2.0,26.1
BALIKPAPAN,2025-12-23,16.6,26.5
BALIKPAPAN,2025-12-24,18.8,26.3
BALIKPAPAN,2025-12-25,0.5,27.6
BALIKPAPAN,2025-12-26,19.1,27.6
BALIKPAPAN,2025-12-27,21.5,26.0
BALIKPAPAN,2025-12-28,1.8,27.4
BALIKPAPAN,2025-12-29,14.4,26.5
BALIKPAPAN,2025-12-30,16.4,26.0
BALIKPAPAN,2025-12-31,6.9,26.4
BALIKPAPAN,2026-01-01,13.6,26.1
BALIKPAPAN,2026-01-02,16.2,26.7
BALIKPAPAN,2026-01-03,32.4,25.4
BALIKPAPAN,2026-01-04,2.6,26.2
BALIKPAPAN,2026-01-05,5.5,25.8
BALIKPAPAN,2026-01-06,9.5,26.1
BALIKPAPAN,2026-01-07,47.8,25.5
BALIKPAPAN,2026-01-08,18.0,25.2
BALIKPAPAN,2026-01-09,3.3,26.3
BALIKPAPAN,2026-01-10,8.0,25.7
BALIKPAPAN,2026-01-11,15.3,25.2
BALIKPAPAN,2026-01-12,6.1,26.9
BALIKPAPAN,2026-01-13,18.9,26.1
BALIKPAPAN,2026-01-14,7.2,26.5
BALIKPAPAN,2026-01-15,2.7,25.9
BALIKPAPAN,2026-01-16,2.8,26.7
BALIKPAPAN,2026-01-17,2.7,27.4
BALIKPAPAN,2026-01-18,0.8,27.4
BALIKPAPAN,2026-01-19,3.9,27.7
BALIKPAPAN,2026-01-20,0.9,27.7
BALIKPAPAN,2026-01-21,0.7,27.7
BALIKPAPAN,2026-01-22,0.7,27.6
BALIKPAPAN,2026-01-23,0.4,27.9
BALIKPAPAN,2026-01-24,0.4,27.8
BALIKPAPAN,2026-01-25,13.8,26.6
BALIKPAPAN,2026-01-26,5.1,26.6
BALIKPAPAN,2026-01-27,15.8,26.6
BALIKPAPAN,2026-01-28,5.1,26.0
BALIKPAPAN,2026-01-29,12.0,26.2
BALIKPAPAN,2026-01-30,8.6,25.9
BALIKPAPAN,2026-01-31,7.7,25.3
BALIKPAPAN,2026-02-01,12.4,26.7
BALIKPAPAN,2026-02-02,2.5,25.6
BALIKPAPAN,2026-02-03,14.3,26.5
BALIKPAPAN,2026-02-04,14.3,25.4
BALIKPAPAN,2026-02-05,18.0,25.9
BALIKPAPAN,2026-02-06,11.1,25.3
BALIKPAPAN,2026-02-07,22.8,25.8
BALIKPAPAN,2026-02-08,13.8,26.2
BALIKPAPAN,2026-02-09,4.0,26.8
BALIKPAPAN,2026-02-10,8.8,26.0
BALIKPAPAN,2026-02-11,8.1,26.4
BALIKPAPAN,2026-02-12,22.6,26.1
BALIKPAPAN,2026-02-13,27.8,25.6
BALIKPAPAN,2026-02-14,6.3,26.1
BALIKPAPAN,2026-02-15,7.2,26.4
BALIKPAPAN,2026-02-16,17.9,26.8
BALIKPAPAN,2026-02-17,11.6,26.9
BALIKPAPAN,2026-02-18,8.9,26.6
BALIKPAPAN,2026-02-19,8.9,25.4
BALIKPAPAN,2026-02-20,17.8,26.7
BALIKPAPAN,2026-02-21,33.3,24.1
BALIKPAPAN,2026-02-22,0.3,26.4
BALIKPAPAN,2026-02-23,13.4,25.7
BALIKPAPAN,2026-02-24,12.6,26.1
BALIKPAPAN,2026-02-25,4.7,25.8
BALIKPAPAN,2026-02-26,22.1,26.4
BALIKPAPAN,2026-02-27,7.0,26.5
BALIKPAPAN,2026-02-28,13.0,26.4
BALIKPAPAN,2026-03-01,6.8,27.3
BALIKPAPAN,2026-03-02,2.9,27.1
BALIKPAPAN,2026-03-03,12.7,26.4
BALIKPAPAN,2026-03-04,12.8,26.6
BALIKPAPAN,2026-03-05,22.9,25.7
BALIKPAPAN,2026-03-06,20.9,26.9
BALIKPAPAN,2026-03-07,7.1,25.4
BALIKPAPAN,2026-03-08,13.8,26.2
BALIKPAPAN,2026-03-09,4.8,25.4
BALIKPAPAN,2026-03-10,24.7,26.1
BALIKPAPAN,2026-03-11,5.0,26.5
BALIKPAPAN,2026-03-12,11.9,26.7
BALIKPAPAN,2026-03-13,19.3,26.2
BALIKPAPAN,2026-03-14,5.5,25.7
BALIKPAPAN,2026-03-15,8.3,25.6
BALIKPAPAN,2026-03-16,13.3,25.4
BALIKPAPAN,2026-03-17,3.3,26.0
BALIKPAPAN,2026-03-18,21.4,26.1
BALIKPAPAN,2026-03-19,11.7,25.5
BALIKPAPAN,2026-03-20,24.6,25.3
BALIKPAPAN,2026-03-21,9.5,26.0
BALIKPAPAN,2026-03-22,12.1,26.3
BALIKPAPAN,2026-03-23,4.8,26.0
BALIKPAPAN,2026-03-24,3.5,27.0
BALIKPAPAN,2026-03-25,1.2,27.1
BALIKPAPAN,2026-03-26,1.3,27.6
BALIKPAPAN,2026-03-27,1.3,27.5
BALIKPAPAN,2026-03-28,4.6,26.8
BALIKPAPAN,2026-03-29,3.2,27.1
BALIKPAPAN,2026-03-30,4.8,26.4
BALIKPAPAN,2026-03-31,9.3,25.9
BONTANG,2025-03-15,5.8,-0.9
BONTANG,2025-03-16,6.0,-1.8
BONTANG,2025-03-17,0.0,-7.8
BONTANG,2025-03-18,0.0,-8.4
BONTANG,2025-03-19,1.5,-3.3
BONTANG,2025-03-20,1.8,-1.1
BONTANG,2025-03-21,0.0,-6.1
BONTANG,2025-03-22,0.0,-5.4
BONTANG,2025-03-23,0.0,-3.8
BONTANG,2025-03-24,0.5,-1.2
BONTANG,2025-03-25,7.3,3.4
BONTANG,2025-03-26,6.7,2.8
BONTANG,2025-03-27,25.7,0.3
BONTANG,2025-03-28,1.7,-4.3
BONTANG,2025-03-29,0.0,-4.6
BONTANG,2025-03-30,1.4,-3.5
BONTANG,2025-03-31,1.5,-1.8
BONTANG,2025-04-01,0.0,-3.9
BONTANG,2025-04-02,0.0,-3.7
BONTANG,2025-04-03,0.2,-1.9
BONTANG,2025-04-04,0.7,2.8
BONTANG,2025-04-05,0.0,-1.7
BONTANG,2025-04-06,0.0,0.5
BONTANG,2025-04-07,0.0,4.0
BONTANG,2025-04-08,4.9,4.4
BONTANG,2025-04-09,4.6,7.4
BONTANG,2025-04-10,7.8,4.0
BONTANG,2025-04-11,0.5,4.7
BONTANG,2025-04-12,1.1,6.0
BONTANG,2025-04-13,0.0,2.9
BONTANG,2025-04-14,0.0,4.4
BONTANG,2025-04-15,0.0,4.8
BONTANG,2025-04-16,0.4,5.9
BONTANG,2025-04-17,0.9,6.9
BONTANG,2025-04-18,27.9,4.4
BONTANG,2025-04-19,31.1,4.5
BONTANG,2025-04-20,19.3,2.5
BONTANG,2025-04-21,12.9,2.9
BONTANG,2025-04-22,2.7,1.3
BONTANG,2025-04-23,7.5,2.9
BONTANG,2025-04-24,3.0,2.3
BONTANG,2025-04-25,0.5,1.6
BONTANG,2025-04-26,0.0,1.0
BONTANG,2025-04-27,0.0,1.8
BONTANG,2025-04-28,0.0,3.6
BONTANG,2025-04-29,0.0,4.8
BONTANG,2025-04-30,0.0,4.4
BONTANG,2025-05-01,0.0,5.3
BONTANG,2025-05-02,0.0,4.6
BONTANG,2025-05-03,0.0,7.2
BONTANG,2025-05-04,0.0,7.6
BONTANG,2025-05-05,0.0,6.0
BONTANG,2025-05-06,0.0,5.8
BONTANG,2025-05-07,0.0,7.3
BONTANG,2025-05-08,0.0,8.2
BONTANG,2025-05-09,10.1,7.9
BONTANG,2025-05-10,5.0,8.4
BONTANG,2025-05-11,0.1,5.9
BONTANG,2025-05-12,0.0,6.8
BONTANG,2025-05-13,0.0,7.8
BONTANG,2025-05-14,0.0,5.9
BONTANG,2025-05-15,0.0,6.5
BONTANG,2025-05-16,0.0,7.6
BONTANG,2025-05-17,0.0,6.4
BONTANG,2025-05-18,0.0,8.6
BONTANG,2025-05-19,0.0,9.6
BONTANG,2025-05-20,0.0,7.8
BONTANG,2025-05-21,0.0,8.0
BONTANG,2025-05-22,0.0,9.1
BONTANG,2025-05-23,0.0,9.9
BONTANG,2025-05-24,0.0,10.7
BONTANG,2025-05-25,0.0,10.6
BONTANG,2025-05-26,0.0,11.4
BONTANG,2025-05-27,0.2,12.6
BONTANG,2025-05-28,24.2,10.2
BONTANG,2025-05-29,1.8,10.1
BONTANG,2025-05-30,2.9,10.1
BONTANG,2025-05-31,10.0,7.0
BONTANG,2025-06-01,1.5,9.4
BONTANG,2025-06-02,2.1,10.9
BONTANG,2025-06-03,6.2,9.5
BONTANG,2025-06-04,4.5,10.0
BONTANG,2025-06-05,0.0,10.8
BONTANG,2025-06-06,0.0,13.8
BONTANG,2025-06-07,0.0,15.7
BONTANG,2025-06-08,0.0,16.6
BONTANG,2025-06-09,0.0,17.2
BONTANG,2025-06-10,0.3,17.6
BONTANG,2025-06-11,0.1,17.6
BONTANG,2025-06-12,0.1,17.7
BONTANG,2025-06-13,0.1,17.5
BONTANG,2025-06-14,3.4,15.2
BONTANG,2025-06-15,1.0,14.2
BONTANG,2025-06-16,4.6,14.3
BONTANG,2025-06-17,1.3,16.1
BONTANG,2025-06-18,0.0,15.3
BONTANG,2025-06-19,0.0,16.8
BONTANG,2025-06-20,0.0,18.1
BONTANG,2025-06-21,0.2,20.0
BONTANG,2025-06-22,0.4,19.9
BONTANG,2025-06-23,0.0,19.1
BONTANG,2025-06-24,0.0,19.9
BONTANG,2025-06-25,0.0,21.3
BONTANG,2025-06-26,0.0,22.4
BONTANG,2025-06-27,1.9,20.7
BONTANG,2025-06-28,0.0,20.5
BONTANG,2025-06-29,1.3,20.7
BONTANG,2025-06-30,0.1,20.7
BONTANG,2025-07-01,0.0,21.7
BONTANG,2025-07-02,0.0,22.1
BONTANG,2025-07-03,0.0,22.6
BONTANG,2025-07-04,0.0,23.7
BONTANG,2025-07-05,0.0,24.3
BONTANG,2025-07-06,0.0,25.3
BONTANG,2025-07-07,0.0,25.3
BONTANG,2025-07-08,0.5,24.7
BONTANG,2025-07-09,0.1,21.8
BONTANG,2025-07-10,2.0,20.4
BONTANG,2025-07-11,2.9,18.7
BONTANG,2025-07-12,0.7,19.0
BONTANG,2025-07-13,0.0,21.5
BONTANG,2025-07-14,5.9,19.7
BONTANG,2025-07-15,12.1,19.4
BONTANG,2025-07-16,16.9,18.2
BONTANG,2025-07-17,1.7,19.9
BONTANG,2025-07-18,0.3,21.5
BONTANG,2025-07-19,0.0,22.5
BONTANG,2025-07-20,0.0,23.3
BONTANG,2025-07-21,0.0,23.8
BONTANG,2025-07-22,1.7,22.6
BONTANG,2025-07-23,3.1,21.3
BONTANG,2025-07-24,3.8,21.2
BONTANG,2025-07-25,0.2,20.9
BONTANG,2025-07-26,4.3,20.6
BONTANG,2025-07-27,0.8,21.5
BONTANG,2025-07-28,0.5,22.4
BONTANG,2025-07-29,0.0,23.2
BONTANG,2025-07-30,5.8,20.8
BONTANG,2025-07-31,3.5,20.5
BONTANG,2025-08-01,0.5,21.3
BONTANG,2025-08-02,0.3,21.1
BONTANG,2025-08-03,0.2,20.8
BONTANG,2025-08-04,0.0,22.7
BONTANG,2025-08-05,0.0,22.9
BONTANG,2025-08-06,0.1,22.2
BONTANG,2025-08-07,0.0,21.9
BONTANG,2025-08-08,0.0,23.3
BONTANG,2025-08-09,0.0,24.5
BONTANG,2025-08-10,0.0,24.5
BONTANG,2025-08-11,0.0,26.2
BONTANG,2025-08-12,0.0,26.5
BONTANG,2025-08-13,0.0,26.9
BONTANG,2025-08-14,4.3,25.7
BONTANG,2025-08-15,6.9,22.6
BONTANG,2025-08-16,3.5,22.0
BONTANG,2025-08-17,1.0,21.1
BONTANG,2025-08-18,5.8,18.5
BONTANG,2025-08-19,2.6,17.8
BONTANG,2025-08-20,0.0,19.3
BONTANG,2025-08-21,0.0,21.1
BONTANG,2025-08-22,0.0,23.2
BONTANG,2025-08-23,0.0,22.9
BONTANG,2025-08-24,12.9,17.7
BONTANG,2025-08-25,10.0,17.5
BONTANG,2025-08-26,0.0,17.6
BONTANG,2025-08-27,0.0,16.9
BONTANG,2025-08-28,0.0,19.8
BONTANG,2025-08-29,0.0,21.5
BONTANG,2025-08-30,0.0,21.9
BONTANG,2025-08-31,0.2,21.9
BONTANG,2025-09-01,0.0,21.0
BONTANG,2025-09-02,0.7,19.5
BONTANG,2025-09-03,6.4,14.9
BONTANG,2025-09-04,0.8,17.0
BONTANG,2025-09-05,0.1,18.1
BONTANG,2025-09-06,1.2,18.9
BONTANG,2025-09-07,0.5,18.6
BONTANG,2025-09-08,7.1,17.0
BONTANG,2025-09-09,2.2,17.9
BONTANG,2025-09-10,0.4,18.6
BONTANG,2025-09-11,0.0,19.3
BONTANG,2025-09-12,0.0,20.9
BONTANG,2025-09-13,0.0,20.8
BONTANG,2025-09-14,0.0,21.7
BONTANG,2025-09-15,0.1,20.8
BONTANG,2025-09-16,6.9,17.8
BONTANG,2025-09-17,0.6,17.3
BONTANG,2025-09-18,0.9,17.0
BONTANG,2025-09-19,10.8,12.8
BONTANG,2025-09-20,0.8,14.7
BONTANG,2025-09-21,0.0,17.0
BONTANG,2025-09-22,0.0,18.8
BONTANG,2025-09-23,0.6,18.9
BONTANG,2025-09-24,1.2,17.0
BONTANG,2025-09-25,1.4,14.3
BONTANG,2025-09-26,1.2,14.3
BONTANG,2025-09-27,0.1,16.4
BONTANG,2025-09-28,0.0,16.2
BONTANG,2025-09-29,0.0,16.1
BONTANG,2025-09-30,0.0,14.7
BONTANG,2025-10-01,0.6,14.6
BONTANG,2025-10-02,6.6,11.5
BONTANG,2025-10-03,25.7,8.1
BONTANG,2025-10-04,2.6,5.5
BONTANG,2025-10-05,5.7,4.9
BONTANG,2025-10-06,5.9,4.1
BONTANG,2025-10-07,6.9,3.9
BONTANG,2025-10-08,0.0,1.0
BONTANG,2025-10-09,0.2,2.3
BONTANG,2025-10-10,15.9,3.7
BONTANG,2025-10-11,2.0,3.3
BONTANG,2025-10-12,0.0,-0.6
BONTANG,2025-10-13,0.0,2.3
BONTANG,2025-10-14,0.0,3.8
BONTANG,2025-10-15,0.0,6.0
BONTANG,2025-10-16,0.0,5.1
BONTANG,2025-10-17,0.0,6.0
BONTANG,2025-10-18,0.0,7.1
BONTANG,2025-10-19,0.0,8.8
BONTANG,2025-10-20,0.1,8.5
BONTANG,2025-10-21,0.9,7.2
BONTANG,2025-10-22,0.0,5.5
BONTANG,2025-10-23,0.0,5.3
BONTANG,2025-10-24,0.0,5.3
BONTANG,2025-10-25,0.0,6.9
BONTANG,2025-10-26,0.4,6.9
BONTANG,2025-10-27,0.6,6.0
BONTANG,2025-10-28,0.2,6.3
BONTANG,2025-10-29,0.0,6.5
BONTANG,2025-10-30,0.0,8.2
BONTANG,2025-10-31,0.0,7.0
BONTANG,2025-11-01,0.0,8.6
BONTANG,2025-11-02,0.0,8.5
BONTANG,2025-11-03,0.0,8.5
BONTANG,2025-11-04,1.9,5.9
BONTANG,2025-11-05,5.3,-2.1
BONTANG,2025-11-06,0.0,-7.5
BONTANG,2025-11-07,0.0,-5.4
BONTANG,2025-11-08,0.0,-2.9
BONTANG,2025-11-09,0.0,-2.7
BONTANG,2025-11-10,1.2,-1.2
BONTANG,2025-11-11,2.2,-1.5
BONTANG,2025-11-12,0.2,-3.1
BONTANG,2025-11-13,0.0,-4.1
BONTANG,2025-11-14,0.0,-4.7
BONTANG,2025-11-15,0.0,-3.6
BONTANG,2025-11-16,0.0,-2.7
BONTANG,2025-11-17,0.0,0.9
BONTANG,2025-11-18,0.0,0.1
BONTANG,2025-11-19,0.0,0.6
BONTANG,2025-11-20,0.0,-0.0
BONTANG,2025-11-21,0.3,0.6
BONTANG,2025-11-22,0.0,-4.6
BONTANG,2025-11-23,0.0,-6.6
BONTANG,2025-11-24,0.0,-5.9
BONTANG,2025-11-25,0.0,-5.6
BONTANG,2025-11-26,0.0,-5.6
BONTANG,2025-11-27,0.0,-4.9
BONTANG,2025-11-28,0.0,-4.0
BONTANG,2025-11-29,0.0,-3.5
BONTANG,2025-11-30,0.0,-3.4
BONTANG,2025-12-01,0.1,-2.6
BONTANG,2025-12-02,2.2,-3.0
BONTANG,2025-12-03,0.0,-4.0
BONTANG,2025-12-04,0.0,-6.0
BONTANG,2025-12-05,1.0,-1.7
BONTANG,2025-12-06,0.5,-3.2
BONTANG,2025-12-07,6.6,-3.9
BONTANG,2025-12-08,1.9,-6.2
BONTANG,2025-12-09,0.6,-5.6
BONTANG,2025-12-10,0.3,-2.4
BONTANG,2025-12-11,0.0,-6.4
BONTANG,2025-12-12,0.0,-7.4
BONTANG,2025-12-13,0.9,-1.0
BONTANG,2025-12-14,4.1,-1.2
BONTANG,2025-12-15,0.9,-2.3
BONTANG,2025-12-16,0.3,-2.2
BONTANG,2025-12-17,0.0,-4.8
BONTANG,2025-12-18,0.0,-0.1
BONTANG,2025-12-19,0.0,-0.8
BONTANG,2025-12-20,0.1,0.1
BONTANG,2025-12-21,25.3,1.1
BONTANG,2025-12-22,9.3,-4.2
BONTANG,2025-12-23,1.8,-7.3
BONTANG,2025-12-24,0.1,-7.8
BONTANG,2025-12-25,0.0,-13.7
BONTANG,2025-12-26,0.0,-8.2
BONTANG,2025-12-27,0.0,-11.0
BONTANG,2025-12-28,2.3,-6.4
BONTANG,2025-12-29,5.0,-4.1
BONTANG,2025-12-30,3.9,-3.1
BONTANG,2025-12-31,18.7,-5.0
BONTANG,2026-01-01,1.8,-6.4
BONTANG,2026-01-02,2.1,-9.8
BONTANG,2026-01-03,1.4,-11.7
BONTANG,2026-01-04,1.4,-9.7
BONTANG,2026-01-05,0.3,-11.3
BONTANG,2026-01-06,0.0,-14.9
BONTANG,2026-01-07,0.0,-15.8
BONTANG,2026-01-08,0.0,-18.3
BONTANG,2026-01-09,0.0,-16.6
BONTANG,2026-01-10,0.0,-15.6
BONTANG,2026-01-11,0.0,-14.9
BONTANG,2026-01-12,0.5,-8.0
BONTANG,2026-01-13,0.3,-7.2
BONTANG,2026-01-14,0.0,-10.8
BONTANG,2026-01-15,0.0,-8.5
BONTANG,2026-01-16,5.2,-4.8
BONTANG,2026-01-17,1.4,-6.4
BONTANG,2026-01-18,0.2,-9.8
BONTANG,2026-01-19,0.3,-8.5
BONTANG,2026-01-20,5.4,-11.1
BONTANG,2026-01-21,0.2,-8.6
BONTANG,2026-01-22,2.8,-13.4
BONTANG,2026-01-23,16.4,-7.8
BONTANG,2026-01-24,1.4,-10.8
BONTANG,2026-01-25,2.2,-10.6
BONTANG,2026-01-26,3.1,-9.3
BONTANG,2026-01-27,10.0,-6.3
BONTANG,2026-01-28,2.9,-8.8
BONTANG,2026-01-29,4.3,-8.6
BONTANG,2026-01-30,1.7,-10.5
BONTANG,2026-01-31,13.6,-8.1
BONTANG,2026-02-01,3.5,-6.4
BONTANG,2026-02-02,2.2,-8.2
BONTANG,2026-02-03,8.3,-7.2
BONTANG,2026-02-04,3.0,-8.4
BONTANG,2026-02-05,0.0,-13.9
BONTANG,2026-02-06,0.3,-6.1
BONTANG,2026-02-07,3.9,-6.9
BONTANG,2026-02-08,0.0,-12.3
BONTANG,2026-02-09,1.2,-7.6
BONTANG,2026-02-10,5.1,-3.2
BONTANG,2026-02-11,3.7,-5.3
BONTANG,2026-02-12,0.0,-9.9
BONTANG,2026-02-13,11.8,-3.1
BONTANG,2026-02-14,2.3,-4.6
BONTANG,2026-02-15,0.0,-10.8
BONTANG,2026-02-16,0.1,-9.6
BONTANG,2026-02-17,0.0,-5.6
BONTANG,2026-02-18,0.0,-7.7
BONTANG,2026-02-19,0.0,-7.8
BONTANG,2026-02-20,0.0,-7.7
BONTANG,2026-02-21,0.0,-5.3
BONTANG,2026-02-22,0.0,-4.9
BONTANG,2026-02-23,0.0,-6.3
BONTANG,2026-02-24,0.0,-5.7
BONTANG,2026-02-25,0.0,-4.0
BONTANG,2026-02-26,0.0,-2.5
BONTANG,2026-02-27,5.9,-2.2
BONTANG,2026-02-28,6.4,-3.7
BONTANG,2026-03-01,0.0,-5.2
BONTANG,2026-03-02,0.0,-5.1
BONTANG,2026-03-03,0.0,-3.6
BONTANG,2026-03-04,3.5,0.9
BONTANG,2026-03-05,17.7,4.1
BONTANG,2026-03-06,30.6,2.2
BONTANG,2026-03-07,22.1,2.2
BONTANG,2026-03-08,10.4,-0.3
BONTANG,2026-03-09,3.6,-2.8
BONTANG,2026-03-10,21.9,3.3
BONTANG,2026-03-11,9.5,3.8
BONTANG,2026-03-12,32.7,1.1
BONTANG,2026-03-13,9.6,-1.6
BONTANG,2026-03-14,0.9,-3.6
BONTANG,2026-03-15,7.6,-0.2
BONTANG,2026-03-16,5.8,-2.6
BONTANG,2026-03-17,1.8,-4.1
BONTANG,2026-03-18,5.1,1.4
BONTANG,2026-03-19,10.2,1.5
BONTANG,2026-03-20,5.3,0.4
BONTANG,2026-03-21,1.3,-1.3
BONTANG,2026-03-22,0.8,-0.2
BONTANG,2026-03-23,3.3,0.0
BONTANG,2026-03-24,4.2,1.6
BONTANG,2026-03-25,0.0,-3.5
BONTANG,2026-03-26,0.5,0.0
BONTANG,2026-03-27,0.3,0.0
BONTANG,2026-03-28,0.0,-0.3
BONTANG,2026-03-29,13.9,4.4
BONTANG,2026-03-30,2.8,1.9
BONTANG,2026-03-31,3.3,3.6
BANJARMASIN,2025-03-15,11.9,26.4
BANJARMASIN,2025-03-16,4.9,27.3
BANJARMASIN,2025-03-17,4.9,26.9
BANJARMASIN,2025-03-18,8.0,26.7
BANJARMASIN,2025-03-19,16.7,26.3
BANJARMASIN,2025-03-20,24.2,25.6
BANJARMASIN,2025-03-21,8.3,26.1
BANJARMASIN,2025-03-22,32.7,25.3
BANJARMASIN,2025-03-23,0.3,27.0
BANJARMASIN,2025-03-24,12.9,27.1
BANJARMASIN,2025-03-25,10.2,27.0
BANJARMASIN,2025-03-26,6.9,27.3
BANJARMASIN,2025-03-27,16.9,28.1
BANJARMASIN,2025-03-28,5.8,27.7
BANJARMASIN,2025-03-29,28.3,26.5
BANJARMASIN,2025-03-30,1.0,27.3
BANJARMASIN,2025-03-31,9.5,27.3
BANJARMASIN,2025-04-01,28.3,25.5
BANJARMASIN,2025-04-02,9.5,26.7
BANJARMASIN,2025-04-03,6.6,26.9
BANJARMASIN,2025-04-04,19.9,26.6
BANJARMASIN,2025-04-05,23.6,25.9
BANJARMASIN,2025-04-06,31.6,25.0
BANJARMASIN,2025-04-07,3.5,26.9
BANJARMASIN,2025-04-08,9.8,26.5
BANJARMASIN,2025-04-09,12.3,26.2
BANJARMASIN,2025-04-10,10.6,27.7
BANJARMASIN,2025-04-11,36.0,26.0
BANJARMASIN,2025-04-12,13.3,26.5
BANJARMASIN,2025-04-13,10.1,26.1
BANJARMASIN,2025-04-14,29.4,26.8
BANJARMASIN,2025-04-15,24.0,25.4
BANJARMASIN,2025-04-16,19.7,27.1
BANJARMASIN,2025-04-17,11.0,26.9
BANJARMASIN,2025-04-18,10.3,26.5
BANJARMASIN,2025-04-19,0.0,28.7
BANJARMASIN,2025-04-20,5.8,28.1
BANJARMASIN,2025-04-21,16.2,26.1
BANJARMASIN,2025-04-22,4.3,26.4
BANJARMASIN,2025-04-23,3.3,27.3
BANJARMASIN,2025-04-24,33.9,26.1
BANJARMASIN,2025-04-25,7.9,26.5
BANJARMASIN,2025-04-26,8.5,26.6
BANJARMASIN,2025-04-27,0.6,27.0
BANJARMASIN,2025-04-28,1.6,26.9
BANJARMASIN,2025-04-29,5.8,26.5
BANJARMASIN,2025-04-30,2.6,27.4
BANJARMASIN,2025-05-01,0.1,28.1
BANJARMASIN,2025-05-02,3.0,27.5
BANJARMASIN,2025-05-03,1.8,28.0
BANJARMASIN,2025-05-04,4.0,28.5
BANJARMASIN,2025-05-05,3.8,27.6
BANJARMASIN,2025-05-06,0.3,28.4
BANJARMASIN,2025-05-07,4.4,28.1
BANJARMASIN,2025-05-08,8.3,28.3
BANJARMASIN,2025-05-09,40.6,26.0
BANJARMASIN,2025-05-10,3.8,26.9
BANJARMASIN,2025-05-11,19.2,27.3
BANJARMASIN,2025-05-12,16.3,25.3
BANJARMASIN,2025-05-13,8.4,27.6
BANJARMASIN,2025-05-14,9.0,27.3
BANJARMASIN,2025-05-15,14.2,26.7
BANJARMASIN,2025-05-16,0.2,28.0
BANJARMASIN,2025-05-17,8.3,26.8
BANJARMASIN,2025-05-18,6.3,27.2
BANJARMASIN,2025-05-19,7.0,27.0
BANJARMASIN,2025-05-20,7.2,26.9
BANJARMASIN,2025-05-21,22.2,26.4
BANJARMASIN,2025-05-22,10.7,26.4
BANJARMASIN,2025-05-23,14.0,26.4
BANJARMASIN,2025-05-24,6.9,27.8
BANJARMASIN,2025-05-25,1.9,27.9
BANJARMASIN,2025-05-26,9.9,27.4
BANJARMASIN,2025-05-27,23.3,25.6
BANJARMASIN,2025-05-28,0.0,27.8
BANJARMASIN,2025-05-29,0.8,28.3
BANJARMASIN,2025-05-30,7.6,27.5
BANJARMASIN,2025-05-31,8.8,25.9
BANJARMASIN,2025-06-01,21.3,25.2
BANJARMASIN,2025-06-02,2.7,26.2
BANJARMASIN,2025-06-03,3.1,26.9
BANJARMASIN,2025-06-04,3.9,27.3
BANJARMASIN,2025-06-05,0.7,27.7
BANJARMASIN,2025-06-06,0.0,28.1
BANJARMASIN,2025-06-07,0.9,27.5
BANJARMASIN,2025-06-08,10.7,26.5
BANJARMASIN,2025-06-09,5.6,27.1
BANJARMASIN,2025-06-10,2.6,27.0
BANJARMASIN,2025-06-11,15.4,26.6
BANJARMASIN,2025-06-12,1.8,27.1
BANJARMASIN,2025-06-13,10.6,27.2
BANJARMASIN,2025-06-14,0.2,27.1
BANJARMASIN,2025-06-15,10.4,26.9
BANJARMASIN,2025-06-16,6.3,26.9
BANJARMASIN,2025-06-17,3.0,26.6
BANJARMASIN,2025-06-18,7.3,26.6
BANJARMASIN,2025-06-19,39.5,25.3
BANJARMASIN,2025-06-20,8.4,25.5
BANJARMASIN,2025-06-21,0.0,26.6
BANJARMASIN,2025-06-22,9.2,26.5
BANJARMASIN,2025-06-23,0.5,26.8
BANJARMASIN,2025-06-24,0.3,26.4
BANJARMASIN,2025-06-25,9.0,26.3
BANJARMASIN,2025-06-26,7.9,26.1
BANJARMASIN,2025-06-27,22.2,26.0
BANJARMASIN,2025-06-28,18.2,26.0
BANJARMASIN,2025-06-29,0.2,26.5
BANJARMASIN,2025-06-30,0.3,26.8
BANJARMASIN,2025-07-01,1.8,27.4
BANJARMASIN,2025-07-02,4.3,27.2
BANJARMASIN,2025-07-03,0.2,27.3
BANJARMASIN,2025-07-04,9.1,26.4
BANJARMASIN,2025-07-05,0.6,25.9
BANJARMASIN,2025-07-06,3.5,27.0
BANJARMASIN,2025-07-07,9.8,25.4
BANJARMASIN,2025-07-08,0.0,26.6
BANJARMASIN,2025-07-09,0.1,26.4
BANJARMASIN,2025-07-10,0.3,26.3
BANJARMASIN,2025-07-11,7.4,26.1
BANJARMASIN,2025-07-12,3.5,26.9
BANJARMASIN,2025-07-13,0.1,27.6
BANJARMASIN,2025-07-14,33.7,25.7
BANJARMASIN,2025-07-15,6.5,26.2
BANJARMASIN,2025-07-16,15.7,26.1
BANJARMASIN,2025-07-17,2.5,26.0
BANJARMASIN,2025-07-18,0.2,26.3
BANJARMASIN,2025-07-19,0.0,26.3
BANJARMASIN,2025-07-20,0.0,26.1
BANJARMASIN,2025-07-21,0.0,26.9
BANJARMASIN,2025-07-22,0.0,27.7
BANJARMASIN,2025-07-23,0.4,28.3
BANJARMASIN,2025-07-24,0.9,28.0
BANJARMASIN,2025-07-25,3.0,28.3
BANJARMASIN,2025-07-26,4.3,28.1
BANJARMASIN,2025-07-27,1.2,28.0
BANJARMASIN,2025-07-28,0.3,28.6
BANJARMASIN,2025-07-29,0.4,28.6
BANJARMASIN,2025-07-30,0.3,28.4
BANJARMASIN,2025-07-31,0.8,28.3
BANJARMASIN,2025-08-01,3.7,27.8
BANJARMASIN,2025-08-02,3.7,27.5
BANJARMASIN,2025-08-03,3.7,27.1
BANJARMASIN,2025-08-04,7.3,26.2
BANJARMASIN,2025-08-05,1.1,26.5
BANJARMASIN,2025-08-06,0.8,27.4
BANJARMASIN,2025-08-07,0.0,27.5
BANJARMASIN,2025-08-08,0.0,27.6
BANJARMASIN,2025-08-09,2.1,26.8
BANJARMASIN,2025-08-10,1.3,26.3
BANJARMASIN,2025-08-11,11.6,25.9
BANJARMASIN,2025-08-12,28.6,25.4
BANJARMASIN,2025-08-13,0.5,26.6
BANJARMASIN,2025-08-14,1.5,26.7
BANJARMASIN,2025-08-15,4.5,26.2
BANJARMASIN,2025-08-16,1.9,27.1
BANJARMASIN,2025-08-17,10.1,26.8
BANJARMASIN,2025-08-18,14.0,26.2
BANJARMASIN,2025-08-19,32.4,25.5
BANJARMASIN,2025-08-20,12.8,25.1
BANJARMASIN,2025-08-21,0.1,26.3
BANJARMASIN,2025-08-22,0.0,26.6
BANJARMASIN,2025-08-23,0.1,27.2
BANJARMASIN,2025-08-24,2.6,27.1
BANJARMASIN,2025-08-25,0.1,26.8
BANJARMASIN,2025-08-26,1.2,26.2
BANJARMASIN,2025-08-27,8.6,26.1
BANJARMASIN,2025-08-28,0.6,26.2
BANJARMASIN,2025-08-29,9.7,26.5
BANJARMASIN,2025-08-30,7.1,26.6
BANJARMASIN,2025-08-31,25.1,25.6
BANJARMASIN,2025-09-01,8.5,26.4
BANJARMASIN,2025-09-02,3.1,26.9
BANJARMASIN,2025-09-03,5.1,27.0
BANJARMASIN,2025-09-04,0.8,27.7
BANJARMASIN,2025-09-05,6.7,27.1
BANJARMASIN,2025-09-06,16.4,26.3
BANJARMASIN,2025-09-07,11.6,25.9
BANJARMASIN,2025-09-08,9.3,26.1
BANJARMASIN,2025-09-09,12.1,25.6
BANJARMASIN,2025-09-10,10.0,25.6
BANJARMASIN,2025-09-11,20.1,25.7
BANJARMASIN,2025-09-12,8.7,26.2
BANJARMASIN,2025-09-13,0.3,27.3
BANJARMASIN,2025-09-14,0.0,27.6
BANJARMASIN,2025-09-15,10.8,26.7
BANJARMASIN,2025-09-16,23.1,25.7
BANJARMASIN,2025-09-17,3.2,26.2
BANJARMASIN,2025-09-18,7.1,27.0
BANJARMASIN,2025-09-19,0.2,28.4
BANJARMASIN,2025-09-20,4.7,27.3
BANJARMASIN,2025-09-21,0.6,27.7
BANJARMASIN,2025-09-22,0.0,27.6
BANJARMASIN,2025-09-23,0.0,27.5
BANJARMASIN,2025-09-24,2.9,27.0
BANJARMASIN,2025-09-25,1.2,27.7
BANJARMASIN,2025-09-26,5.4,27.8
BANJARMASIN,2025-09-27,5.9,27.7
BANJARMASIN,2025-09-28,4.3,27.6
BANJARMASIN,2025-09-29,72.3,26.4
BANJARMASIN,2025-09-30,17.8,26.1
BANJARMASIN,2025-10-01,5.2,26.6
BANJARMASIN,2025-10-02,0.2,27.9
BANJARMASIN,2025-10-03,1.5,28.0
BANJARMASIN,2025-10-04,25.4,25.7
BANJARMASIN,2025-10-05,12.3,25.9
BANJARMASIN,2025-10-06,0.6,26.5
BANJARMASIN,2025-10-07,0.8,27.1
BANJARMASIN,2025-10-08,0.3,27.6
BANJARMASIN,2025-10-09,0.4,27.6
BANJARMASIN,2025-10-10,0.0,28.5
BANJARMASIN,2025-10-11,0.2,28.5
BANJARMASIN,2025-10-12,6.9,28.0
BANJARMASIN,2025-10-13,6.3,27.8
BANJARMASIN,2025-10-14,3.3,27.7
BANJARMASIN,2025-10-15,3.7,28.2
BANJARMASIN,2025-10-16,2.9,28.1
BANJARMASIN,2025-10-17,11.2,27.7
BANJARMASIN,2025-10-18,2.5,28.3
BANJARMASIN,2025-10-19,3.7,28.0
BANJARMASIN,2025-10-20,14.5,27.8
BANJARMASIN,2025-10-21,38.2,27.1
BANJARMASIN,2025-10-22,36.8,25.1
BANJARMASIN,2025-10-23,25.9,26.1
BANJARMASIN,2025-10-24,51.4,25.6
BANJARMASIN,2025-10-25,29.9,26.1
BANJARMASIN,2025-10-26,32.3,25.5
BANJARMASIN,2025-10-27,6.5,26.1
BANJARMASIN,2025-10-28,35.7,26.3
BANJARMASIN,2025-10-29,7.7,26.5
BANJARMASIN,2025-10-30,23.1,27.2
BANJARMASIN,2025-10-31,9.3,26.2
BANJARMASIN,2025-11-01,1.4,28.1
BANJARMASIN,2025-11-02,18.4,28.3
BANJARMASIN,2025-11-03,18.8,27.2
BANJARMASIN,2025-11-04,24.3,27.0
BANJARMASIN,2025-11-05,14.3,27.4
BANJARMASIN,2025-11-06,9.7,27.0
BANJARMASIN,2025-11-07,1.6,28.1
BANJARMASIN,2025-11-08,23.7,27.7
BANJARMASIN,2025-11-09,18.5,25.7
BANJARMASIN,2025-11-10,0.0,28.2
BANJARMASIN,2025-11-11,15.4,26.7
BANJARMASIN,2025-11-12,4.9,26.5
BANJARMASIN,2025-11-13,24.1,26.1
BANJARMASIN,2025-11-14,0.9,27.5
BANJARMASIN,2025-11-15,9.2,27.8
BANJARMASIN,2025-11-16,16.7,26.2
BANJARMASIN,2025-11-17,18.5,26.7
BANJARMASIN,2025-11-18,4.5,27.1
BANJARMASIN,2025-11-19,4.3,27.3
BANJARMASIN,2025-11-20,19.2,25.8
BANJARMASIN,2025-11-21,2.2,27.7
BANJARMASIN,2025-11-22,14.8,26.3
BANJARMASIN,2025-11-23,9.1,27.0
BANJARMASIN,2025-11-24,43.2,26.4
BANJARMASIN,2025-11-25,7.6,27.7
BANJARMASIN,2025-11-26,0.3,28.6
BANJARMASIN,2025-11-27,5.1,27.8
BANJARMASIN,2025-11-28,17.1,27.3
BANJARMASIN,2025-11-29,45.9,25.2
BANJARMASIN,2025-11-30,9.5,26.0
BANJARMASIN,2025-12-01,19.8,26.7
BANJARMASIN,2025-12-02,11.3,26.9
BANJARMASIN,2025-12-03,11.1,26.3
BANJARMASIN,2025-12-04,11.7,26.0
BANJARMASIN,2025-12-05,21.5,27.0
BANJARMASIN,2025-12-06,5.5,27.4
BANJARMASIN,2025-12-07,8.0,27.1
BANJARMASIN,2025-12-08,49.4,24.8
BANJARMASIN,2025-12-09,20.8,25.0
BANJARMASIN,2025-12-10,2.0,26.7
BANJARMASIN,2025-12-11,19.8,26.1
BANJARMASIN,2025-12-12,27.1,26.0
BANJARMASIN,2025-12-13,16.7,26.8
BANJARMASIN,2025-12-14,26.6,25.9
BANJARMASIN,2025-12-15,10.2,26.4
BANJARMASIN,2025-12-16,8.6,26.2
BANJARMASIN,2025-12-17,1.2,27.5
BANJARMASIN,2025-12-18,28.6,26.4
BANJARMASIN,2025-12-19,6.9,26.9
BANJARMASIN,2025-12-20,1.8,27.6
BANJARMASIN,2025-12-21,7.5,26.6
BANJARMASIN,2025-12-22,29.7,27.2
BANJARMASIN,2025-12-23,32.8,26.9
BANJARMASIN,2025-12-24,9.3,26.4
BANJARMASIN,2025-12-25,3.2,28.0
BANJARMASIN,2025-12-26,7.1,27.6
BANJARMASIN,2025-12-27,20.3,25.9
BANJARMASIN,2025-12-28,2.8,27.6
BANJARMASIN,2025-12-29,16.3,26.7
BANJARMASIN,2025-12-30,8.1,27.1
BANJARMASIN,2025-12-31,22.2,25.5
BANJARMASIN,2026-01-01,29.3,25.5
BANJARMASIN,2026-01-02,2.4,27.5
BANJARMASIN,2026-01-03,28.7,25.9
BANJARMASIN,2026-01-04,24.3,25.7
BANJARMASIN,2026-01-05,18.1,25.6
BANJARMASIN,2026-01-06,1.8,26.9
BANJARMASIN,2026-01-07,9.8,26.4
BANJARMASIN,2026-01-08,13.4,26.4
BANJARMASIN,2026-01-09,6.4,26.4
BANJARMASIN,2026-01-10,11.5,26.6
BANJARMASIN,2026-01-11,8.4,25.6
BANJARMASIN,2026-01-12,7.8,26.6
BANJARMASIN,2026-01-13,2.5,27.2
BANJARMASIN,2026-01-14,3.1,28.1
BANJARMASIN,2026-01-15,7.8,27.4
BANJARMASIN,2026-01-16,0.2,28.0
BANJARMASIN,2026-01-17,1.2,28.2
BANJARMASIN,2026-01-18,5.4,28.1
BANJARMASIN,2026-01-19,0.7,28.5
BANJARMASIN,2026-01-20,0.2,28.5
BANJARMASIN,2026-01-21,0.3,28.1
BANJARMASIN,2026-01-22,0.0,28.4
BANJARMASIN,2026-01-23,0.0,28.6
BANJARMASIN,2026-01-24,2.5,28.2
BANJARMASIN,2026-01-25,2.3,27.8
BANJARMASIN,2026-01-26,4.3,27.7
BANJARMASIN,2026-01-27,6.4,27.5
BANJARMASIN,2026-01-28,12.0,26.3
BANJARMASIN,2026-01-29,11.6,25.9
BANJARMASIN,2026-01-30,14.0,26.8
BANJARMASIN,2026-01-31,14.7,26.5
BANJARMASIN,2026-02-01,20.8,26.3
BANJARMASIN,2026-02-02,13.0,25.9
BANJARMASIN,2026-02-03,20.1,26.3
BANJARMASIN,2026-02-04,31.9,24.6
BANJARMASIN,2026-02-05,3.0,27.1
BANJARMASIN,2026-02-06,2.1,26.9
BANJARMASIN,2026-02-07,0.9,27.9
BANJARMASIN,2026-02-08,11.4,27.1
BANJARMASIN,2026-02-09,5.0,27.2
BANJARMASIN,2026-02-10,12.9,26.2
BANJARMASIN,2026-02-11,9.4,27.3
BANJARMASIN,2026-02-12,13.2,26.0
BANJARMASIN,2026-02-13,7.6,25.3
BANJARMASIN,2026-02-14,0.5,27.6
BANJARMASIN,2026-02-15,3.2,27.4
BANJARMASIN,2026-02-16,10.7,27.3
BANJARMASIN,2026-02-17,22.0,26.5
BANJARMASIN,2026-02-18,19.5,27.0
BANJARMASIN,2026-02-19,10.9,27.0
BANJARMASIN,2026-02-20,13.1,27.3
BANJARMASIN,2026-02-21,7.9,25.9
BANJARMASIN,2026-02-22,5.8,27.4
BANJARMASIN,2026-02-23,15.4,26.6
BANJARMASIN,2026-02-24,26.3,25.5
BANJARMASIN,2026-02-25,6.5,25.2
BANJARMASIN,2026-02-26,4.2,26.9
BANJARMASIN,2026-02-27,0.2,28.1
BANJARMASIN,2026-02-28,0.8,28.8
BANJARMASIN,2026-03-01,3.4,28.2
BANJARMASIN,2026-03-02,3.9,27.7
BANJARMASIN,2026-03-03,10.6,28.3
BANJARMASIN,2026-03-04,19.5,26.6
BANJARMASIN,2026-03-05,10.0,27.6
BANJARMASIN,2026-03-06,14.4,27.0
BANJARMASIN,2026-03-07,16.9,26.7
BANJARMASIN,2026-03-08,7.7,26.2
BANJARMASIN,2026-03-09,7.3,27.4
BANJARMASIN,2026-03-10,10.3,26.7
BANJARMASIN,2026-03-11,10.4,26.4
BANJARMASIN,2026-03-12,4.4,27.7
BANJARMASIN,2026-03-13,2.2,28.1
BANJARMASIN,2026-03-14,3.3,27.8
BANJARMASIN,2026-03-15,13.5,26.8
BANJARMASIN,2026-03-16,22.9,26.2
BANJARMASIN,2026-03-17,7.7,26.7
BANJARMASIN,2026-03-18,18.2,26.9
BANJARMASIN,2026-03-19,21.8,25.7
BANJARMASIN,2026-03-20,23.6,25.8
BANJARMASIN,2026-03-21,10.6,26.7
BANJARMASIN,2026-03-22,30.5,25.5
BANJARMASIN,2026-03-23,8.0,26.8
BANJARMASIN,2026-03-24,2.6,28.3
BANJARMASIN,2026-03-25,1.4,28.4
BANJARMASIN,2026-03-26,1.2,28.2
BANJARMASIN,2026-03-27,1.4,28.0
BANJARMASIN,2026-03-28,6.8,27.8
BANJARMASIN,2026-03-29,16.8,27.6
BANJARMASIN,2026-03-30,8.3,26.5
BANJARMASIN,2026-03-31,11.3,26.8
PONTIANAK,2025-03-15,7.2,25.6
PONTIANAK,2025-03-16,5.6,26.6
PONTIANAK,2025-03-17,6.0,26.7
PONTIANAK,2025-03-18,31.2,26.1
PONTIANAK,2025-03-19,31.6,25.4
PONTIANAK,2025-03-20,15.8,24.9
PONTIANAK,2025-03-21,1.0,26.2
PONTIANAK,2025-03-22,2.8,26.3
PONTIANAK,2025-03-23,9.3,26.2
PONTIANAK,2025-03-24,5.5,26.8
PONTIANAK,2025-03-25,0.6,27.3
PONTIANAK,2025-03-26,0.0,27.7
PONTIANAK,2025-03-27,0.0,28.0
PONTIANAK,2025-03-28,0.0,28.0
PONTIANAK,2025-03-29,3.9,27.4
PONTIANAK,2025-03-30,5.6,27.5
PONTIANAK,2025-03-31,9.4,26.7
PONTIANAK,2025-04-01,3.2,27.0
PONTIANAK,2025-04-02,0.2,27.4
PONTIANAK,2025-04-03,2.1,27.3
PONTIANAK,2025-04-04,22.3,26.5
PONTIANAK,2025-04-05,6.9,26.5
PONTIANAK,2025-04-06,19.8,25.7
PONTIANAK,2025-04-07,23.8,26.1
PONTIANAK,2025-04-08,9.6,25.8
PONTIANAK,2025-04-09,0.7,26.6
PONTIANAK,2025-04-10,2.9,26.8
PONTIANAK,2025-04-11,3.5,27.3
PONTIANAK,2025-04-12,1.7,27.1
PONTIANAK,2025-04-13,23.8,26.0
PONTIANAK,2025-04-14,30.3,25.3
PONTIANAK,2025-04-15,3.4,27.0
PONTIANAK,2025-04-16,0.1,27.7
PONTIANAK,2025-04-17,14.2,26.3
PONTIANAK,2025-04-18,1.0,27.2
PONTIANAK,2025-04-19,0.3,27.8
PONTIANAK,2025-04-20,29.6,26.0
PONTIANAK,2025-04-21,33.4,26.3
PONTIANAK,2025-04-22,9.4,26.6
PONTIANAK,2025-04-23,25.8,26.7
PONTIANAK,2025-04-24,4.5,25.7
PONTIANAK,2025-04-25,4.6,27.0
PONTIANAK,2025-04-26,0.2,27.4
PONTIANAK,2025-04-27,5.9,26.7
PONTIANAK,2025-04-28,8.4,26.9
PONTIANAK,2025-04-29,2.6,26.7
PONTIANAK,2025-04-30,10.6,26.6
PONTIANAK,2025-05-01,2.8,27.3
PONTIANAK,2025-05-02,0.1,27.6
PONTIANAK,2025-05-03,0.6,27.8
PONTIANAK,2025-05-04,0.3,27.8
PONTIANAK,2025-05-05,0.5,28.0
PONTIANAK,2025-05-06,1.2,28.0
PONTIANAK,2025-05-07,0.6,28.7
PONTIANAK,2025-05-08,4.6,27.6
PONTIANAK,2025-05-09,9.0,27.1
PONTIANAK,2025-05-10,3.0,27.4
PONTIANAK,2025-05-11,1.4,27.6
PONTIANAK,2025-05-12,7.4,27.3
PONTIANAK,2025-05-13,11.1,27.5
PONTIANAK,2025-05-14,19.5,26.8
PONTIANAK,2025-05-15,0.7,27.0
PONTIANAK,2025-05-16,2.9,27.8
PONTIANAK,2025-05-17,11.3,27.2
PONTIANAK,2025-05-18,9.8,27.5
PONTIANAK,2025-05-19,15.4,27.2
PONTIANAK,2025-05-20,4.9,28.0
PONTIANAK,2025-05-21,0.9,28.5
PONTIANAK,2025-05-22,0.7,27.9
PONTIANAK,2025-05-23,4.3,27.2
PONTIANAK,2025-05-24,0.1,28.2
PONTIANAK,2025-05-25,0.0,28.7
PONTIANAK,2025-05-26,6.1,27.9
PONTIANAK,2025-05-27,0.2,27.8
PONTIANAK,2025-05-28,0.2,27.8
PONTIANAK,2025-05-29,19.5,27.6
PONTIANAK,2025-05-30,0.2,27.8
PONTIANAK,2025-05-31,2.1,27.4
PONTIANAK,2025-06-01,17.9,25.8
PONTIANAK,2025-06-02,0.0,26.6
PONTIANAK,2025-06-03,7.0,27.0
PONTIANAK,2025-06-04,0.2,27.6
PONTIANAK,2025-06-05,2.0,27.9
PONTIANAK,2025-06-06,11.8,26.7
PONTIANAK,2025-06-07,8.5,26.7
PONTIANAK,2025-06-08,0.0,27.8
PONTIANAK,2025-06-09,0.4,27.9
PONTIANAK,2025-06-10,1.0,27.7
PONTIANAK,2025-06-11,0.6,27.4
PONTIANAK,2025-06-12,0.0,28.4
PONTIANAK,2025-06-13,10.6,27.4
PONTIANAK,2025-06-14,3.1,27.6
PONTIANAK,2025-06-15,5.9,27.5
PONTIANAK,2025-06-16,16.7,26.2
PONTIANAK,2025-06-17,0.3,26.8
PONTIANAK,2025-06-18,18.5,25.9
PONTIANAK,2025-06-19,35.0,24.3
PONTIANAK,2025-06-20,0.0,26.7
PONTIANAK,2025-06-21,0.1,27.3
PONTIANAK,2025-06-22,0.5,27.8
PONTIANAK,2025-06-23,0.0,28.0
PONTIANAK,2025-06-24,4.7,27.3
PONTIANAK,2025-06-25,0.0,27.5
PONTIANAK,2025-06-26,0.1,28.0
PONTIANAK,2025-06-27,5.0,27.4
PONTIANAK,2025-06-28,2.3,25.7
PONTIANAK,2025-06-29,1.0,26.4
PONTIANAK,2025-06-30,0.2,27.2
PONTIANAK,2025-07-01,0.0,28.3
PONTIANAK,2025-07-02,0.0,28.4
PONTIANAK,2025-07-03,0.3,27.6
PONTIANAK,2025-07-04,0.0,27.6
PONTIANAK,2025-07-05,4.7,27.4
PONTIANAK,2025-07-06,0.0,27.9
PONTIANAK,2025-07-07,3.5,26.3
PONTIANAK,2025-07-08,0.0,27.9
PONTIANAK,2025-07-09,8.2,26.7
PONTIANAK,2025-07-10,0.5,26.8
PONTIANAK,2025-07-11,0.0,27.5
PONTIANAK,2025-07-12,0.5,27.8
PONTIANAK,2025-07-13,13.0,26.9
PONTIANAK,2025-07-14,1.5,26.5
PONTIANAK,2025-07-15,2.9,26.9
PONTIANAK,2025-07-16,4.3,26.7
PONTIANAK,2025-07-17,6.7,26.6
PONTIANAK,2025-07-18,1.8,26.6
PONTIANAK,2025-07-19,0.3,27.2
PONTIANAK,2025-07-20,0.0,27.2
PONTIANAK,2025-07-21,0.0,27.4
PONTIANAK,2025-07-22,0.0,27.7
PONTIANAK,2025-07-23,0.1,28.5
PONTIANAK,2025-07-24,0.5,29.0
PONTIANAK,2025-07-25,2.6,28.7
PONTIANAK,2025-07-26,1.1,28.3
PONTIANAK,2025-07-27,2.2,28.2
PONTIANAK,2025-07-28,0.0,28.6
PONTIANAK,2025-07-29,0.0,29.8
PONTIANAK,2025-07-30,2.0,29.7
PONTIANAK,2025-07-31,1.7,28.7
PONTIANAK,2025-08-01,4.3,28.3
PONTIANAK,2025-08-02,15.7,25.8
PONTIANAK,2025-08-03,4.3,26.9
PONTIANAK,2025-08-04,4.5,24.9
PONTIANAK,2025-08-05,4.9,26.3
PONTIANAK,2025-08-06,1.4,27.4
PONTIANAK,2025-08-07,0.2,28.0
PONTIANAK,2025-08-08,4.2,26.4
PONTIANAK,2025-08-09,2.2,25.9
PONTIANAK,2025-08-10,4.8,26.4
PONTIANAK,2025-08-11,0.5,26.5
PONTIANAK,2025-08-12,2.8,25.8
PONTIANAK,2025-08-13,12.4,25.6
PONTIANAK,2025-08-14,15.1,25.4
PONTIANAK,2025-08-15,0.0,26.7
PONTIANAK,2025-08-16,0.5,27.2
PONTIANAK,2025-08-17,8.0,26.9
PONTIANAK,2025-08-18,16.2,26.0
PONTIANAK,2025-08-19,1.9,25.7
PONTIANAK,2025-08-20,16.8,24.0
PONTIANAK,2025-08-21,0.0,25.4
PONTIANAK,2025-08-22,2.8,26.6
PONTIANAK,2025-08-23,2.3,27.3
PONTIANAK,2025-08-24,22.1,25.3
PONTIANAK,2025-08-25,15.9,25.3
PONTIANAK,2025-08-26,0.0,26.8
PONTIANAK,2025-08-27,0.0,27.3
PONTIANAK,2025-08-28,2.9,27.0
PONTIANAK,2025-08-29,9.2,26.3
PONTIANAK,2025-08-30,1.9,27.5
PONTIANAK,2025-08-31,7.0,26.2
PONTIANAK,2025-09-01,1.7,27.0
PONTIANAK,2025-09-02,10.9,26.6
PONTIANAK,2025-09-03,8.8,25.8
PONTIANAK,2025-09-04,0.0,27.2
PONTIANAK,2025-09-05,9.0,26.7
PONTIANAK,2025-09-06,13.8,25.2
PONTIANAK,2025-09-07,23.3,25.9
PONTIANAK,2025-09-08,3.6,25.7
PONTIANAK,2025-09-09,12.3,25.7
PONTIANAK,2025-09-10,40.7,25.1
PONTIANAK,2025-09-11,2.8,26.1
PONTIANAK,2025-09-12,15.4,25.1
PONTIANAK,2025-09-13,52.3,24.8
PONTIANAK,2025-09-14,21.9,25.0
PONTIANAK,2025-09-15,27.0,25.5
PONTIANAK,2025-09-16,13.2,26.0
PONTIANAK,2025-09-17,20.2,25.3
PONTIANAK,2025-09-18,0.1,26.6
PONTIANAK,2025-09-19,3.1,27.3
PONTIANAK,2025-09-20,1.0,26.0
PONTIANAK,2025-09-21,30.7,26.7
PONTIANAK,2025-09-22,0.1,28.3
PONTIANAK,2025-09-23,0.1,28.1
PONTIANAK,2025-09-24,2.4,27.1
PONTIANAK,2025-09-25,0.2,27.6
PONTIANAK,2025-09-26,1.3,28.2
PONTIANAK,2025-09-27,11.5,28.4
PONTIANAK,2025-09-28,12.6,27.6
PONTIANAK,2025-09-29,2.9,25.5
PONTIANAK,2025-09-30,10.9,26.1
PONTIANAK,2025-10-01,1.7,26.7
PONTIANAK,2025-10-02,0.5,27.8
PONTIANAK,2025-10-03,21.1,26.3
PONTIANAK,2025-10-04,2.1,26.3
PONTIANAK,2025-10-05,5.1,26.3
PONTIANAK,2025-10-06,19.4,26.4
PONTIANAK,2025-10-07,8.4,25.9
PONTIANAK,2025-10-08,9.4,26.1
PONTIANAK,2025-10-09,16.0,26.5
PONTIANAK,2025-10-10,5.6,26.4
PONTIANAK,2025-10-11,5.9,27.8
PONTIANAK,2025-10-12,27.9,26.5
PONTIANAK,2025-10-13,2.8,26.5
PONTIANAK,2025-10-14,1.9,26.9
PONTIANAK,2025-10-15,17.3,26.5
PONTIANAK,2025-10-16,20.4,25.9
PONTIANAK,2025-10-17,23.2,25.6
PONTIANAK,2025-10-18,4.9,26.5
PONTIANAK,2025-10-19,3.6,27.6
PONTIANAK,2025-10-20,18.7,26.9
PONTIANAK,2025-10-21,15.4,25.7
PONTIANAK,2025-10-22,14.9,25.5
PONTIANAK,2025-10-23,20.9,25.9
PONTIANAK,2025-10-24,10.5,26.0
PONTIANAK,2025-10-25,17.2,25.7
PONTIANAK,2025-10-26,0.3,26.0
PONTIANAK,2025-10-27,6.2,27.0
PONTIANAK,2025-10-28,0.2,27.0
PONTIANAK,2025-10-29,0.3,28.0
PONTIANAK,2025-10-30,2.2,28.0
PONTIANAK,2025-10-31,10.2,27.2
PONTIANAK,2025-11-01,0.7,27.8
PONTIANAK,2025-11-02,7.7,27.5
PONTIANAK,2025-11-03,14.5,27.0
PONTIANAK,2025-11-04,15.0,27.5
PONTIANAK,2025-11-05,14.4,26.1
PONTIANAK,2025-11-06,0.2,27.2
PONTIANAK,2025-11-07,0.3,27.8
PONTIANAK,2025-11-08,0.0,28.2
PONTIANAK,2025-11-09,3.9,27.7
PONTIANAK,2025-11-10,0.7,27.6
PONTIANAK,2025-11-11,13.6,26.4
PONTIANAK,2025-11-12,28.0,25.3
PONTIANAK,2025-11-13,2.7,26.1
PONTIANAK,2025-11-14,2.6,26.8
PONTIANAK,2025-11-15,4.7,26.7
PONTIANAK,2025-11-16,7.7,26.3
PONTIANAK,2025-11-17,3.3,27.1
PONTIANAK,2025-11-18,3.7,27.3
PONTIANAK,2025-11-19,1.4,27.4
PONTIANAK,2025-11-20,2.8,26.6
PONTIANAK,2025-11-21,9.8,27.0
PONTIANAK,2025-11-22,11.9,25.7
PONTIANAK,2025-11-23,5.9,25.7
PONTIANAK,2025-11-24,14.7,26.3
PONTIANAK,2025-11-25,13.1,25.9
PONTIANAK,2025-11-26,0.7,27.4
PONTIANAK,2025-11-27,0.9,27.4
PONTIANAK,2025-11-28,2.1,26.8
PONTIANAK,2025-11-29,6.3,25.4
PONTIANAK,2025-11-30,6.5,26.5
PONTIANAK,2025-12-01,12.7,26.6
PONTIANAK,2025-12-02,8.1,26.2
PONTIANAK,2025-12-03,6.3,26.2
PONTIANAK,2025-12-04,13.5,26.1
PONTIANAK,2025-12-05,9.7,26.6
PONTIANAK,2025-12-06,15.2,26.1
PONTIANAK,2025-12-07,10.5,25.9
PONTIANAK,2025-12-08,10.9,24.5
PONTIANAK,2025-12-09,5.5,25.0
PONTIANAK,2025-12-10,0.0,26.8
PONTIANAK,2025-12-11,3.4,27.0
PONTIANAK,2025-12-12,12.2,25.8
PONTIANAK,2025-12-13,9.3,26.3
PONTIANAK,2025-12-14,4.4,26.1
PONTIANAK,2025-12-15,16.3,25.9
PONTIANAK,2025-12-16,4.4,26.5
PONTIANAK,2025-12-17,5.0,27.0
PONTIANAK,2025-12-18,8.7,26.7
PONTIANAK,2025-12-19,9.9,27.1
PONTIANAK,2025-12-20,4.1,27.2
PONTIANAK,2025-12-21,4.5,26.4
PONTIANAK,2025-12-22,3.7,26.5
PONTIANAK,2025-12-23,8.8,26.8
PONTIANAK,2025-12-24,8.8,27.4
PONTIANAK,2025-12-25,2.7,27.8
PONTIANAK,2025-12-26,7.4,26.9
PONTIANAK,2025-12-27,14.4,26.1
PONTIANAK,2025-12-28,1.5,26.8
PONTIANAK,2025-12-29,0.4,26.9
PONTIANAK,2025-12-30,9.9,26.3
PONTIANAK,2025-12-31,10.3,25.9
PONTIANAK,2026-01-01,7.1,25.4
PONTIANAK,2026-01-02,9.2,25.9
PONTIANAK,2026-01-03,19.7,25.4
PONTIANAK,2026-01-04,5.5,25.6
PONTIANAK,2026-01-05,1.9,26.5
PONTIANAK,2026-01-06,1.0,26.9
PONTIANAK,2026-01-07,0.6,27.2
PONTIANAK,2026-01-08,42.6,25.4
PONTIANAK,2026-01-09,14.4,25.2
PONTIANAK,2026-01-10,3.5,25.7
PONTIANAK,2026-01-11,2.8,25.9
PONTIANAK,2026-01-12,0.0,26.2
PONTIANAK,2026-01-13,0.7,26.6
PONTIANAK,2026-01-14,0.6,26.8
PONTIANAK,2026-01-15,0.0,26.9
PONTIANAK,2026-01-16,0.2,26.8
PONTIANAK,2026-01-17,0.2,26.5
PONTIANAK,2026-01-18,0.0,25.9
PONTIANAK,2026-01-19,0.0,26.2
PONTIANAK,2026-01-20,0.0,26.1
PONTIANAK,2026-01-21,0.0,26.0
PONTIANAK,2026-01-22,0.0,26.6
PONTIANAK,2026-01-23,0.3,26.8
PONTIANAK,2026-01-24,0.9,27.0
PONTIANAK,2026-01-25,0.3,26.8
PONTIANAK,2026-01-26,0.7,27.6
PONTIANAK,2026-01-27,0.5,27.6
PONTIANAK,2026-01-28,0.3,27.6
PONTIANAK,2026-01-29,1.1,27.8
PONTIANAK,2026-01-30,0.8,27.8
PONTIANAK,2026-01-31,4.7,27.5
PONTIANAK,2026-02-01,2.2,27.2
PONTIANAK,2026-02-02,4.6,26.8
PONTIANAK,2026-02-03,22.4,26.0
PONTIANAK,2026-02-04,13.5,24.9
PONTIANAK,2026-02-05,8.3,26.3
PONTIANAK,2026-02-06,10.2,25.5
PONTIANAK,2026-02-07,0.2,26.7
PONTIANAK,2026-02-08,0.0,26.9
PONTIANAK,2026-02-09,0.0,26.4
PONTIANAK,2026-02-10,0.0,26.5
PONTIANAK,2026-02-11,0.0,27.0
PONTIANAK,2026-02-12,1.5,27.0
PONTIANAK,2026-02-13,2.6,26.3
PONTIANAK,2026-02-14,3.5,27.2
PONTIANAK,2026-02-15,1.6,27.2
PONTIANAK,2026-02-16,0.3,27.9
PONTIANAK,2026-02-17,17.7,26.7
PONTIANAK,2026-02-18,9.1,26.0
PONTIANAK,2026-02-19,16.0,25.9
PONTIANAK,2026-02-20,6.8,25.8
PONTIANAK,2026-02-21,6.9,26.2
PONTIANAK,2026-02-22,2.5,26.8
PONTIANAK,2026-02-23,2.2,26.0
PONTIANAK,2026-02-24,11.4,25.5
PONTIANAK,2026-02-25,9.7,26.6
PONTIANAK,2026-02-26,2.4,26.7
PONTIANAK,2026-02-27,7.0,27.3
PONTIANAK,2026-02-28,0.0,27.7
PONTIANAK,2026-03-01,0.0,28.6
PONTIANAK,2026-03-02,0.0,28.9
PONTIANAK,2026-03-03,0.7,28.5
PONTIANAK,2026-03-04,0.3,28.5
PONTIANAK,2026-03-05,5.2,27.4
PONTIANAK,2026-03-06,2.2,27.4
PONTIANAK,2026-03-07,11.0,26.7
PONTIANAK,2026-03-08,7.5,26.5
PONTIANAK,2026-03-09,8.3,26.4
PONTIANAK,2026-03-10,10.2,25.4
PONTIANAK,2026-03-11,8.5,25.9
PONTIANAK,2026-03-12,0.3,27.0
PONTIANAK,2026-03-13,0.0,27.3
PONTIANAK,2026-03-14,0.0,27.9
PONTIANAK,2026-03-15,0.6,27.5
PONTIANAK,2026-03-16,4.3,27.0
PONTIANAK,2026-03-17,4.0,26.6
PONTIANAK,2026-03-18,8.2,26.8
PONTIANAK,2026-03-19,0.3,27.4
PONTIANAK,2026-03-20,0.0,27.7
PONTIANAK,2026-03-21,0.1,28.2
PONTIANAK,2026-03-22,0.0,28.0
PONTIANAK,2026-03-23,0.0,28.2
PONTIANAK,2026-03-24,0.0,28.3
PONTIANAK,2026-03-25,0.0,28.6
PONTIANAK,2026-03-26,0.1,28.8
PONTIANAK,2026-03-27,2.0,28.7
PONTIANAK,2026-03-28,4.3,28.4
PONTIANAK,2026-03-29,10.7,26.2
PONTIANAK,2026-03-30,14.8,26.0
PONTIANAK,2026-03-31,0.5,27.4
SINGKAWANG,2025-03-15,11.5,25.0
SINGKAWANG,2025-03-16,0.8,26.5
SINGKAWANG,2025-03-17,5.3,25.7
SINGKAWANG,2025-03-18,26.2,25.5
SINGKAWANG,2025-03-19,18.8,24.9
SINGKAWANG,2025-03-20,12.1,24.5
SINGKAWANG,2025-03-21,0.8,25.9
SINGKAWANG,2025-03-22,0.7,26.5
SINGKAWANG,2025-03-23,0.4,26.5
SINGKAWANG,2025-03-24,4.6,26.4
SINGKAWANG,2025-03-25,0.4,26.8
SINGKAWANG,2025-03-26,0.0,26.9
SINGKAWANG,2025-03-27,0.0,27.1
SINGKAWANG,2025-03-28,0.0,27.2
SINGKAWANG,2025-03-29,2.4,26.9
SINGKAWANG,2025-03-30,0.7,26.8
SINGKAWANG,2025-03-31,4.8,26.2
SINGKAWANG,2025-04-01,0.8,26.4
SINGKAWANG,2025-04-02,0.3,27.0
SINGKAWANG,2025-04-03,1.9,26.7
SINGKAWANG,2025-04-04,3.9,26.7
SINGKAWANG,2025-04-05,4.5,26.6
SINGKAWANG,2025-04-06,19.8,25.6
SINGKAWANG,2025-04-07,3.9,25.9
SINGKAWANG,2025-04-08,7.1,25.4
SINGKAWANG,2025-04-09,1.1,26.7
SINGKAWANG,2025-04-10,1.8,27.4
SINGKAWANG,2025-04-11,2.3,27.3
SINGKAWANG,2025-04-12,0.8,27.0
SINGKAWANG,2025-04-13,29.2,25.8
SINGKAWANG,2025-04-14,25.7,25.2
SINGKAWANG,2025-04-15,0.1,27.0
SINGKAWANG,2025-04-16,1.3,27.3
SINGKAWANG,2025-04-17,40.1,25.7
SINGKAWANG,2025-04-18,1.0,27.3
SINGKAWANG,2025-04-19,1.2,27.6
SINGKAWANG,2025-04-20,4.4,25.8
SINGKAWANG,2025-04-21,10.7,25.7
SINGKAWANG,2025-04-22,9.3,26.1
SINGKAWANG,2025-04-23,7.1,26.8
SINGKAWANG,2025-04-24,15.2,25.3
SINGKAWANG,2025-04-25,1.3,27.0
SINGKAWANG,2025-04-26,1.7,27.1
SINGKAWANG,2025-04-27,0.8,26.7
SINGKAWANG,2025-04-28,3.6,27.0
SINGKAWANG,2025-04-29,1.7,27.1
SINGKAWANG,2025-04-30,1.1,26.9
SINGKAWANG,2025-05-01,1.3,27.0
SINGKAWANG,2025-05-02,0.1,27.0
SINGKAWANG,2025-05-03,0.4,27.6
SINGKAWANG,2025-05-04,0.3,27.6
SINGKAWANG,2025-05-05,2.8,27.5
SINGKAWANG,2025-05-06,0.9,27.9
SINGKAWANG,2025-05-07,1.1,27.6
SINGKAWANG,2025-05-08,0.6,28.3
SINGKAWANG,2025-05-09,0.5,27.5
SINGKAWANG,2025-05-10,1.0,27.8
SINGKAWANG,2025-05-11,3.9,27.1
SINGKAWANG,2025-05-12,0.0,27.5
SINGKAWANG,2025-05-13,19.2,27.0
SINGKAWANG,2025-05-14,5.4,27.3
SINGKAWANG,2025-05-15,4.6,26.7
SINGKAWANG,2025-05-16,1.5,27.5
SINGKAWANG,2025-05-17,6.8,27.1
SINGKAWANG,2025-05-18,1.8,27.4
SINGKAWANG,2025-05-19,3.3,27.3
SINGKAWANG,2025-05-20,2.6,27.8
SINGKAWANG,2025-05-21,3.8,27.8
SINGKAWANG,2025-05-22,0.1,27.7
SINGKAWANG,2025-05-23,2.5,27.4
SINGKAWANG,2025-05-24,0.1,27.6
SINGKAWANG,2025-05-25,0.2,28.4
SINGKAWANG,2025-05-26,0.5,27.9
SINGKAWANG,2025-05-27,0.1,28.1
SINGKAWANG,2025-05-28,5.0,27.6
SINGKAWANG,2025-05-29,9.5,27.7
SINGKAWANG,2025-05-30,0.1,27.3
SINGKAWANG,2025-05-31,0.9,27.3
SINGKAWANG,2025-06-01,5.4,26.1
SINGKAWANG,2025-06-02,0.1,26.3
SINGKAWANG,2025-06-03,0.0,27.7
SINGKAWANG,2025-06-04,0.0,28.0
SINGKAWANG,2025-06-05,0.1,28.1
SINGKAWANG,2025-06-06,6.4,26.4
SINGKAWANG,2025-06-07,2.3,26.6
SINGKAWANG,2025-06-08,0.0,27.9
SINGKAWANG,2025-06-09,0.5,28.0
SINGKAWANG,2025-06-10,9.1,27.4
SINGKAWANG,2025-06-11,2.9,27.7
SINGKAWANG,2025-06-12,0.7,28.0
SINGKAWANG,2025-06-13,23.8,26.8
SINGKAWANG,2025-06-14,8.1,26.8
SINGKAWANG,2025-06-15,0.7,27.8
SINGKAWANG,2025-06-16,14.4,26.2
SINGKAWANG,2025-06-17,4.2,26.6
SINGKAWANG,2025-06-18,21.4,25.5
SINGKAWANG,2025-06-19,41.5,24.4
SINGKAWANG,2025-06-20,2.4,26.3
SINGKAWANG,2025-06-21,0.0,27.0
SINGKAWANG,2025-06-22,0.1,27.6
SINGKAWANG,2025-06-23,0.0,27.6
SINGKAWANG,2025-06-24,0.1,27.7
SINGKAWANG,2025-06-25,0.1,27.7
SINGKAWANG,2025-06-26,0.4,28.0
SINGKAWANG,2025-06-27,1.4,27.1
SINGKAWANG,2025-06-28,9.5,25.7
SINGKAWANG,2025-06-29,0.5,26.5
SINGKAWANG,2025-06-30,0.2,27.4
SINGKAWANG,2025-07-01,0.0,28.0
SINGKAWANG,2025-07-02,0.3,28.1
SINGKAWANG,2025-07-03,1.2,26.8
SINGKAWANG,2025-07-04,0.8,27.3
SINGKAWANG,2025-07-05,0.1,27.2
SINGKAWANG,2025-07-06,0.0,27.5
SINGKAWANG,2025-07-07,1.1,26.3
SINGKAWANG,2025-07-08,0.1,27.4
SINGKAWANG,2025-07-09,5.5,26.5
SINGKAWANG,2025-07-10,0.8,27.1
SINGKAWANG,2025-07-11,0.0,27.7
SINGKAWANG,2025-07-12,2.1,27.6
SINGKAWANG,2025-07-13,4.1,27.5
SINGKAWANG,2025-07-14,9.9,27.2
SINGKAWANG,2025-07-15,0.9,27.4
SINGKAWANG,2025-07-16,1.6,27.0
SINGKAWANG,2025-07-17,0.1,27.4
SINGKAWANG,2025-07-18,0.3,27.0
SINGKAWANG,2025-07-19,0.1,27.9
SINGKAWANG,2025-07-20,0.0,28.1
SINGKAWANG,2025-07-21,0.1,27.7
SINGKAWANG,2025-07-22,0.0,27.9
SINGKAWANG,2025-07-23,0.2,28.4
SINGKAWANG,2025-07-24,0.0,28.5
SINGKAWANG,2025-07-25,2.9,28.1
SINGKAWANG,2025-07-26,3.8,27.9
SINGKAWANG,2025-07-27,4.5,27.8
SINGKAWANG,2025-07-28,1.3,28.1
SINGKAWANG,2025-07-29,1.0,29.2
SINGKAWANG,2025-07-30,1.9,29.1
SINGKAWANG,2025-07-31,2.1,29.0
SINGKAWANG,2025-08-01,6.6,27.6
SINGKAWANG,2025-08-02,1.2,26.6
SINGKAWANG,2025-08-03,13.9,26.9
SINGKAWANG,2025-08-04,1.9,25.6
SINGKAWANG,2025-08-05,5.8,26.2
SINGKAWANG,2025-08-06,5.1,26.8
SINGKAWANG,2025-08-07,3.8,27.0
SINGKAWANG,2025-08-08,11.8,25.4
SINGKAWANG,2025-08-09,6.4,25.4
SINGKAWANG,2025-08-10,12.1,25.9
SINGKAWANG,2025-08-11,2.8,25.9
SINGKAWANG,2025-08-12,10.1,25.0
SINGKAWANG,2025-08-13,11.0,24.5
SINGKAWANG,2025-08-14,3.2,25.7
SINGKAWANG,2025-08-15,0.4,26.3
SINGKAWANG,2025-08-16,0.3,26.8
SINGKAWANG,2025-08-17,9.0,27.0
SINGKAWANG,2025-08-18,3.0,26.8
SINGKAWANG,2025-08-19,1.4,25.8
SINGKAWANG,2025-08-20,21.3,23.8
SINGKAWANG,2025-08-21,0.9,25.4
SINGKAWANG,2025-08-22,0.0,26.9
SINGKAWANG,2025-08-23,3.2,27.0
SINGKAWANG,2025-08-24,3.4,26.2
SINGKAWANG,2025-08-25,1.0,25.3
SINGKAWANG,2025-08-26,0.0,27.2
SINGKAWANG,2025-08-27,0.0,27.4
SINGKAWANG,2025-08-28,0.9,27.2
SINGKAWANG,2025-08-29,0.7,27.2
SINGKAWANG,2025-08-30,2.4,27.6
SINGKAWANG,2025-08-31,0.3,27.4
SINGKAWANG,2025-09-01,0.0,27.4
SINGKAWANG,2025-09-02,4.1,27.4
SINGKAWANG,2025-09-03,21.5,25.5
SINGKAWANG,2025-09-04,1.0,27.2
SINGKAWANG,2025-09-05,34.7,27.0
SINGKAWANG,2025-09-06,21.3,25.4
SINGKAWANG,2025-09-07,6.8,25.4
SINGKAWANG,2025-09-08,9.3,25.3
SINGKAWANG,2025-09-09,8.0,26.2
SINGKAWANG,2025-09-10,10.1,25.2
SINGKAWANG,2025-09-11,0.4,25.7
SINGKAWANG,2025-09-12,29.7,24.4
SINGKAWANG,2025-09-13,21.6,24.7
SINGKAWANG,2025-09-14,15.9,25.0
SINGKAWANG,2025-09-15,19.6,24.2
SINGKAWANG,2025-09-16,8.0,25.7
SINGKAWANG,2025-09-17,15.0,25.1
SINGKAWANG,2025-09-18,8.8,26.6
SINGKAWANG,2025-09-19,8.4,27.2
SINGKAWANG,2025-09-20,0.0,26.7
SINGKAWANG,2025-09-21,0.0,27.4
SINGKAWANG,2025-09-22,0.4,27.9
SINGKAWANG,2025-09-23,1.2,27.3
SINGKAWANG,2025-09-24,0.5,27.1
SINGKAWANG,2025-09-25,0.0,27.5
SINGKAWANG,2025-09-26,0.2,27.8
SINGKAWANG,2025-09-27,0.6,28.1
SINGKAWANG,2025-09-28,0.1,28.2
SINGKAWANG,2025-09-29,5.8,26.2
SINGKAWANG,2025-09-30,9.9,25.8
SINGKAWANG,2025-10-01,0.7,26.5
SINGKAWANG,2025-10-02,0.0,27.4
SINGKAWANG,2025-10-03,0.8,26.0
SINGKAWANG,2025-10-04,1.5,26.6
SINGKAWANG,2025-10-05,1.6,25.9
SINGKAWANG,2025-10-06,29.9,25.8
SINGKAWANG,2025-10-07,1.0,26.0
SINGKAWANG,2025-10-08,3.7,26.1
SINGKAWANG,2025-10-09,3.0,26.2
SINGKAWANG,2025-10-10,1.5,26.6
SINGKAWANG,2025-10-11,1.8,27.4
SINGKAWANG,2025-10-12,9.5,26.0
SINGKAWANG,2025-10-13,7.4,26.4
SINGKAWANG,2025-10-14,3.0,26.7
SINGKAWANG,2025-10-15,3.0,26.9
SINGKAWANG,2025-10-16,3.3,26.4
SINGKAWANG,2025-10-17,8.4,25.6
SINGKAWANG,2025-10-18,5.9,26.3
SINGKAWANG,2025-10-19,1.2,27.4
SINGKAWANG,2025-10-20,6.1,27.2
SINGKAWANG,2025-10-21,17.7,25.8
SINGKAWANG,2025-10-22,34.0,25.4
SINGKAWANG,2025-10-23,27.3,25.6
SINGKAWANG,2025-10-24,0.5,27.0
SINGKAWANG,2025-10-25,11.4,25.8
SINGKAWANG,2025-10-26,0.3,26.6
SINGKAWANG,2025-10-27,0.0,27.0
SINGKAWANG,2025-10-28,0.9,27.3
SINGKAWANG,2025-10-29,0.2,28.0
SINGKAWANG,2025-10-30,0.4,27.8
SINGKAWANG,2025-10-31,1.1,27.1
SINGKAWANG,2025-11-01,0.2,27.4
SINGKAWANG,2025-11-02,0.7,27.8
SINGKAWANG,2025-11-03,22.6,26.8
SINGKAWANG,2025-11-04,12.1,27.4
SINGKAWANG,2025-11-05,8.5,26.2
SINGKAWANG,2025-11-06,0.9,27.0
SINGKAWANG,2025-11-07,0.0,27.7
SINGKAWANG,2025-11-08,0.0,27.9
SINGKAWANG,2025-11-09,0.5,27.3
SINGKAWANG,2025-11-10,1.6,27.6
SINGKAWANG,2025-11-11,8.2,26.0
SINGKAWANG,2025-11-12,43.9,24.9
SINGKAWANG,2025-11-13,13.0,25.3
SINGKAWANG,2025-11-14,4.3,26.5
SINGKAWANG,2025-11-15,12.9,25.9
SINGKAWANG,2025-11-16,21.2,25.4
SINGKAWANG,2025-11-17,0.2,27.3
SINGKAWANG,2025-11-18,3.0,27.0
SINGKAWANG,2025-11-19,6.4,26.9
SINGKAWANG,2025-11-20,8.7,25.7
SINGKAWANG,2025-11-21,6.5,26.5
SINGKAWANG,2025-11-22,5.4,25.7
SINGKAWANG,2025-11-23,8.6,25.3
SINGKAWANG,2025-11-24,26.4,25.7
SINGKAWANG,2025-11-25,9.6,25.1
SINGKAWANG,2025-11-26,0.7,26.7
SINGKAWANG,2025-11-27,18.0,26.6
SINGKAWANG,2025-11-28,20.2,25.4
SINGKAWANG,2025-11-29,5.8,25.4
SINGKAWANG,2025-11-30,4.1,26.5
SINGKAWANG,2025-12-01,12.3,25.9
SINGKAWANG,2025-12-02,14.7,26.3
SINGKAWANG,2025-12-03,12.0,25.6
SINGKAWANG,2025-12-04,0.9,26.7
SINGKAWANG,2025-12-05,1.1,26.7
SINGKAWANG,2025-12-06,7.0,25.9
SINGKAWANG,2025-12-07,23.3,25.2
SINGKAWANG,2025-12-08,83.2,24.0
SINGKAWANG,2025-12-09,0.5,26.0
SINGKAWANG,2025-12-10,0.0,26.5
SINGKAWANG,2025-12-11,0.7,26.7
SINGKAWANG,2025-12-12,23.6,25.7
SINGKAWANG,2025-12-13,1.9,26.4
SINGKAWANG,2025-12-14,9.6,25.3
SINGKAWANG,2025-12-15,6.4,25.6
SINGKAWANG,2025-12-16,3.1,26.1
SINGKAWANG,2025-12-17,14.9,26.4
SINGKAWANG,2025-12-18,1.7,26.2
SINGKAWANG,2025-12-19,6.0,26.0
SINGKAWANG,2025-12-20,11.4,26.7
SINGKAWANG,2025-12-21,4.9,25.9
SINGKAWANG,2025-12-22,20.3,25.8
SINGKAWANG,2025-12-23,3.7,26.5
SINGKAWANG,2025-12-24,2.4,27.3
SINGKAWANG,2025-12-25,3.0,27.0
SINGKAWANG,2025-12-26,7.6,26.1
SINGKAWANG,2025-12-27,21.6,25.6
SINGKAWANG,2025-12-28,2.4,26.5
SINGKAWANG,2025-12-29,1.7,26.2
SINGKAWANG,2025-12-30,4.3,25.6
SINGKAWANG,2025-12-31,4.0,25.0
SINGKAWANG,2026-01-01,12.6,24.9
SINGKAWANG,2026-01-02,19.8,25.4
SINGKAWANG,2026-01-03,2.1,25.4
SINGKAWANG,2026-01-04,16.1,24.5
SINGKAWANG,2026-01-05,0.1,26.0
SINGKAWANG,2026-01-06,2.7,26.3
SINGKAWANG,2026-01-07,2.4,26.4
SINGKAWANG,2026-01-08,22.9,24.8
SINGKAWANG,2026-01-09,2.6,25.0
SINGKAWANG,2026-01-10,1.3,25.7
SINGKAWANG,2026-01-11,4.8,25.4
SINGKAWANG,2026-01-12,1.2,26.0
SINGKAWANG,2026-01-13,1.5,25.7
SINGKAWANG,2026-01-14,0.9,26.1
SINGKAWANG,2026-01-15,0.0,26.5
SINGKAWANG,2026-01-16,0.0,26.0
SINGKAWANG,2026-01-17,0.0,25.7
SINGKAWANG,2026-01-18,0.0,25.4
SINGKAWANG,2026-01-19,0.0,25.3
SINGKAWANG,2026-01-20,0.0,25.3
SINGKAWANG,2026-01-21,0.0,25.4
SINGKAWANG,2026-01-22,0.0,25.8
SINGKAWANG,2026-01-23,0.0,25.9
SINGKAWANG,2026-01-24,1.9,25.9
SINGKAWANG,2026-01-25,1.0,25.3
SINGKAWANG,2026-01-26,0.2,26.0
SINGKAWANG,2026-01-27,0.4,26.3
SINGKAWANG,2026-01-28,0.3,26.4
SINGKAWANG,2026-01-29,0.4,26.6
SINGKAWANG,2026-01-30,0.0,27.0
SINGKAWANG,2026-01-31,3.0,26.4
SINGKAWANG,2026-02-01,3.5,26.4
SINGKAWANG,2026-02-02,5.4,26.6
SINGKAWANG,2026-02-03,13.9,26.0
SINGKAWANG,2026-02-04,11.3,25.1
SINGKAWANG,2026-02-05,0.2,26.3
SINGKAWANG,2026-02-06,4.4,25.6
SINGKAWANG,2026-02-07,0.0,26.4
SINGKAWANG,2026-02-08,0.0,26.0
SINGKAWANG,2026-02-09,0.0,26.1
SINGKAWANG,2026-02-10,0.0,25.8
SINGKAWANG,2026-02-11,0.0,26.6
SINGKAWANG,2026-02-12,8.6,26.2
SINGKAWANG,2026-02-13,3.2,25.8
SINGKAWANG,2026-02-14,1.9,26.6
SINGKAWANG,2026-02-15,4.7,26.4
SINGKAWANG,2026-02-16,2.9,26.9
SINGKAWANG,2026-02-17,14.7,25.5
SINGKAWANG,2026-02-18,4.6,25.7
SINGKAWANG,2026-02-19,11.6,25.1
SINGKAWANG,2026-02-20,21.1,24.8
SINGKAWANG,2026-02-21,7.1,25.3
SINGKAWANG,2026-02-22,4.5,26.1
SINGKAWANG,2026-02-23,19.3,25.0
SINGKAWANG,2026-02-24,16.8,24.9
SINGKAWANG,2026-02-25,10.9,25.7
SINGKAWANG,2026-02-26,1.0,26.0
SINGKAWANG,2026-02-27,0.1,26.8
SINGKAWANG,2026-02-28,0.0,26.9
SINGKAWANG,2026-03-01,0.0,27.5
SINGKAWANG,2026-03-02,0.0,27.6
SINGKAWANG,2026-03-03,0.1,27.2
SINGKAWANG,2026-03-04,0.4,27.1
SINGKAWANG,2026-03-05,8.5,26.4
SINGKAWANG,2026-03-06,0.5,26.5
SINGKAWANG,2026-03-07,2.7,26.2
SINGKAWANG,2026-03-08,7.4,25.8
SINGKAWANG,2026-03-09,12.9,25.5
SINGKAWANG,2026-03-10,13.6,25.1
SINGKAWANG,2026-03-11,0.6,26.1
SINGKAWANG,2026-03-12,0.4,26.4
SINGKAWANG,2026-03-13,1.8,26.6
SINGKAWANG,2026-03-14,0.3,27.3
SINGKAWANG,2026-03-15,0.4,27.1
SINGKAWANG,2026-03-16,6.1,26.4
SINGKAWANG,2026-03-17,8.8,25.7
SINGKAWANG,2026-03-18,8.8,25.8
SINGKAWANG,2026-03-19,0.2,26.5
SINGKAWANG,2026-03-20,1.7,26.5
SINGKAWANG,2026-03-21,0.0,26.6
SINGKAWANG,2026-03-22,0.0,26.5
SINGKAWANG,2026-03-23,0.0,26.4
SINGKAWANG,2026-03-24,0.0,26.6
SINGKAWANG,2026-03-25,0.0,26.9
SINGKAWANG,2026-03-26,0.0,27.1
SINGKAWANG,2026-03-27,1.4,27.2
SINGKAWANG,2026-03-28,1.7,27.5
SINGKAWANG,2026-03-29,15.5,25.9
SINGKAWANG,2026-03-30,3.2,26.4
SINGKAWANG,2026-03-31,0.7,26.7
PALANGKARAYA,2025-03-15,25.2,26.3
PALANGKARAYA,2025-03-16,1.0,26.9
PALANGKARAYA,2025-03-17,0.2,25.8
PALANGKARAYA,2025-03-18,6.2,26.2
PALANGKARAYA,2025-03-19,7.4,26.5
PALANGKARAYA,2025-03-20,27.5,25.0
PALANGKARAYA,2025-03-21,12.0,25.9
PALANGKARAYA,2025-03-22,6.1,26.1
PALANGKARAYA,2025-03-23,13.1,26.9
PALANGKARAYA,2025-03-24,19.2,26.6
PALANGKARAYA,2025-03-25,24.0,26.2
PALANGKARAYA,2025-03-26,9.2,27.1
PALANGKARAYA,2025-03-27,4.9,28.0
PALANGKARAYA,2025-03-28,4.4,27.4
PALANGKARAYA,2025-03-29,29.2,26.5
PALANGKARAYA,2025-03-30,20.2,26.9
PALANGKARAYA,2025-03-31,7.9,27.7
PALANGKARAYA,2025-04-01,21.4,25.7
PALANGKARAYA,2025-04-02,13.2,26.3
PALANGKARAYA,2025-04-03,14.2,25.9
PALANGKARAYA,2025-04-04,4.9,26.5
PALANGKARAYA,2025-04-05,26.2,26.1
PALANGKARAYA,2025-04-06,24.8,25.0
PALANGKARAYA,2025-04-07,19.6,26.4
PALANGKARAYA,2025-04-08,33.6,25.8
PALANGKARAYA,2025-04-09,8.9,26.3
PALANGKARAYA,2025-04-10,15.9,27.6
PALANGKARAYA,2025-04-11,12.8,25.9
PALANGKARAYA,2025-04-12,13.0,27.1
PALANGKARAYA,2025-04-13,36.9,25.7
PALANGKARAYA,2025-04-14,34.7,26.4
PALANGKARAYA,2025-04-15,22.2,26.7
PALANGKARAYA,2025-04-16,13.9,26.9
PALANGKARAYA,2025-04-17,15.1,26.1
PALANGKARAYA,2025-04-18,0.0,26.4
PALANGKARAYA,2025-04-19,0.8,28.0
PALANGKARAYA,2025-04-20,4.5,27.6
PALANGKARAYA,2025-04-21,16.7,26.4
PALANGKARAYA,2025-04-22,8.4,26.6
PALANGKARAYA,2025-04-23,6.4,26.9
PALANGKARAYA,2025-04-24,25.0,25.9
PALANGKARAYA,2025-04-25,3.5,26.0
PALANGKARAYA,2025-04-26,3.7,26.9
PALANGKARAYA,2025-04-27,10.9,26.5
PALANGKARAYA,2025-04-28,2.6,26.6
PALANGKARAYA,2025-04-29,5.9,26.1
PALANGKARAYA,2025-04-30,0.8,27.1
PALANGKARAYA,2025-05-01,0.3,28.1
PALANGKARAYA,2025-05-02,0.9,27.5
PALANGKARAYA,2025-05-03,4.9,27.5
PALANGKARAYA,2025-05-04,7.9,27.9
PALANGKARAYA,2025-05-05,17.4,26.9
PALANGKARAYA,2025-05-06,6.4,27.8
PALANGKARAYA,2025-05-07,0.2,28.8
PALANGKARAYA,2025-05-08,14.9,28.3
PALANGKARAYA,2025-05-09,23.7,26.0
PALANGKARAYA,2025-05-10,3.1,26.7
PALANGKARAYA,2025-05-11,32.4,26.8
PALANGKARAYA,2025-05-12,6.4,26.1
PALANGKARAYA,2025-05-13,1.7,27.7
PALANGKARAYA,2025-05-14,11.9,27.0
PALANGKARAYA,2025-05-15,9.0,26.6
PALANGKARAYA,2025-05-16,13.7,27.5
PALANGKARAYA,2025-05-17,23.6,26.6
PALANGKARAYA,2025-05-18,4.3,27.0
PALANGKARAYA,2025-05-19,17.7,26.9
PALANGKARAYA,2025-05-20,15.8,26.4
PALANGKARAYA,2025-05-21,3.5,26.4
PALANGKARAYA,2025-05-22,12.6,26.8
PALANGKARAYA,2025-05-23,14.1,26.6
PALANGKARAYA,2025-05-24,0.2,28.2
PALANGKARAYA,2025-05-25,13.6,28.2
PALANGKARAYA,2025-05-26,54.1,26.8
PALANGKARAYA,2025-05-27,25.7,25.7
PALANGKARAYA,2025-05-28,2.5,27.9
PALANGKARAYA,2025-05-29,2.5,28.5
PALANGKARAYA,2025-05-30,9.7,27.4
PALANGKARAYA,2025-05-31,10.2,25.8
PALANGKARAYA,2025-06-01,11.1,25.8
PALANGKARAYA,2025-06-02,2.4,26.3
PALANGKARAYA,2025-06-03,0.0,27.2
PALANGKARAYA,2025-06-04,5.9,27.2
PALANGKARAYA,2025-06-05,3.4,27.1
PALANGKARAYA,2025-06-06,0.0,27.9
PALANGKARAYA,2025-06-07,4.5,27.1
PALANGKARAYA,2025-06-08,4.9,27.1
PALANGKARAYA,2025-06-09,7.6,26.9
PALANGKARAYA,2025-06-10,10.0,27.3
PALANGKARAYA,2025-06-11,8.5,26.3
PALANGKARAYA,2025-06-12,0.0,27.4
PALANGKARAYA,2025-06-13,16.2,27.0
PALANGKARAYA,2025-06-14,0.2,27.2
PALANGKARAYA,2025-06-15,15.5,27.3
PALANGKARAYA,2025-06-16,2.8,27.5
PALANGKARAYA,2025-06-17,2.9,27.0
PALANGKARAYA,2025-06-18,25.8,25.8
PALANGKARAYA,2025-06-19,41.5,24.8
PALANGKARAYA,2025-06-20,13.0,25.2
PALANGKARAYA,2025-06-21,0.6,26.7
PALANGKARAYA,2025-06-22,0.3,26.6
PALANGKARAYA,2025-06-23,0.0,27.4
PALANGKARAYA,2025-06-24,0.3,26.4
PALANGKARAYA,2025-06-25,18.3,26.7
PALANGKARAYA,2025-06-26,2.5,26.7
PALANGKARAYA,2025-06-27,4.7,26.8
PALANGKARAYA,2025-06-28,17.5,26.3
PALANGKARAYA,2025-06-29,1.0,26.7
PALANGKARAYA,2025-06-30,0.4,26.8
PALANGKARAYA,2025-07-01,0.0,27.6
PALANGKARAYA,2025-07-02,2.3,27.7
PALANGKARAYA,2025-07-03,0.1,28.2
PALANGKARAYA,2025-07-04,5.2,26.4
PALANGKARAYA,2025-07-05,0.6,26.4
PALANGKARAYA,2025-07-06,5.1,26.3
PALANGKARAYA,2025-07-07,3.8,25.7
PALANGKARAYA,2025-07-08,0.6,26.8
PALANGKARAYA,2025-07-09,1.1,27.0
PALANGKARAYA,2025-07-10,2.4,26.2
PALANGKARAYA,2025-07-11,0.0,27.3
PALANGKARAYA,2025-07-12,2.0,26.7
PALANGKARAYA,2025-07-13,5.0,27.1
PALANGKARAYA,2025-07-14,54.3,25.2
PALANGKARAYA,2025-07-15,7.5,25.9
PALANGKARAYA,2025-07-16,10.1,25.6
PALANGKARAYA,2025-07-17,7.2,25.5
PALANGKARAYA,2025-07-18,1.4,25.8
PALANGKARAYA,2025-07-19,0.3,26.4
PALANGKARAYA,2025-07-20,0.0,26.4
PALANGKARAYA,2025-07-21,0.2,26.7
PALANGKARAYA,2025-07-22,0.1,27.4
PALANGKARAYA,2025-07-23,6.4,27.2
PALANGKARAYA,2025-07-24,5.2,27.4
PALANGKARAYA,2025-07-25,2.4,27.5
PALANGKARAYA,2025-07-26,2.4,27.6
PALANGKARAYA,2025-07-27,10.0,27.3
PALANGKARAYA,2025-07-28,0.0,28.5
PALANGKARAYA,2025-07-29,0.4,28.3
PALANGKARAYA,2025-07-30,0.0,28.4
PALANGKARAYA,2025-07-31,0.1,28.4
PALANGKARAYA,2025-08-01,0.7,28.4
PALANGKARAYA,2025-08-02,8.1,27.1
PALANGKARAYA,2025-08-03,16.1,26.2
PALANGKARAYA,2025-08-04,22.0,25.6
PALANGKARAYA,2025-08-05,4.3,26.3
PALANGKARAYA,2025-08-06,0.0,27.4
PALANGKARAYA,2025-08-07,0.1,27.9
PALANGKARAYA,2025-08-08,0.3,27.9
PALANGKARAYA,2025-08-09,7.0,26.1
PALANGKARAYA,2025-08-10,5.5,25.8
PALANGKARAYA,2025-08-11,15.9,26.0
PALANGKARAYA,2025-08-12,35.6,24.5
PALANGKARAYA,2025-08-13,6.7,26.1
PALANGKARAYA,2025-08-14,27.5,24.8
PALANGKARAYA,2025-08-15,13.7,26.2
PALANGKARAYA,2025-08-16,8.0,26.0
PALANGKARAYA,2025-08-17,14.5,25.9
PALANGKARAYA,2025-08-18,15.8,25.7
PALANGKARAYA,2025-08-19,27.0,25.3
PALANGKARAYA,2025-08-20,29.1,24.7
PALANGKARAYA,2025-08-21,5.3,25.8
PALANGKARAYA,2025-08-22,0.0,26.2
PALANGKARAYA,2025-08-23,0.2,27.1
PALANGKARAYA,2025-08-24,21.8,25.2
PALANGKARAYA,2025-08-25,14.4,25.8
PALANGKARAYA,2025-08-26,1.5,26.0
PALANGKARAYA,2025-08-27,9.5,25.5
PALANGKARAYA,2025-08-28,8.8,25.6
PALANGKARAYA,2025-08-29,2.9,26.1
PALANGKARAYA,2025-08-30,3.7,26.2
PALANGKARAYA,2025-08-31,19.4,25.6
PALANGKARAYA,2025-09-01,7.0,26.0
PALANGKARAYA,2025-09-02,5.4,26.7
PALANGKARAYA,2025-09-03,18.9,25.3
PALANGKARAYA,2025-09-04,3.4,26.1
PALANGKARAYA,2025-09-05,3.3,26.0
PALANGKARAYA,2025-09-06,34.3,25.2
PALANGKARAYA,2025-09-07,11.9,25.1
PALANGKARAYA,2025-09-08,5.3,25.5
PALANGKARAYA,2025-09-09,10.5,25.7
PALANGKARAYA,2025-09-10,19.6,25.1
PALANGKARAYA,2025-09-11,13.8,25.7
PALANGKARAYA,2025-09-12,17.9,25.5
PALANGKARAYA,2025-09-13,0.5,26.9
PALANGKARAYA,2025-09-14,1.1,27.5
PALANGKARAYA,2025-09-15,19.0,26.4
PALANGKARAYA,2025-09-16,21.4,25.7
PALANGKARAYA,2025-09-17,6.9,25.3
PALANGKARAYA,2025-09-18,2.4,26.3
PALANGKARAYA,2025-09-19,5.7,27.8
PALANGKARAYA,2025-09-20,11.1,26.3
PALANGKARAYA,2025-09-21,0.1,27.6
PALANGKARAYA,2025-09-22,0.0,27.9
PALANGKARAYA,2025-09-23,0.0,27.7
PALANGKARAYA,2025-09-24,0.5,27.2
PALANGKARAYA,2025-09-25,9.8,26.6
PALANGKARAYA,2025-09-26,9.4,26.7
PALANGKARAYA,2025-09-27,14.3,27.2
PALANGKARAYA,2025-09-28,4.7,27.8
PALANGKARAYA,2025-09-29,28.2,26.2
PALANGKARAYA,2025-09-30,15.8,25.9
PALANGKARAYA,2025-10-01,0.4,26.8
PALANGKARAYA,2025-10-02,0.4,28.1
PALANGKARAYA,2025-10-03,2.2,27.4
PALANGKARAYA,2025-10-04,24.8,24.6
PALANGKARAYA,2025-10-05,12.2,26.0
PALANGKARAYA,2025-10-06,1.0,25.4
PALANGKARAYA,2025-10-07,0.2,26.5
PALANGKARAYA,2025-10-08,2.5,27.0
PALANGKARAYA,2025-10-09,0.0,27.7
PALANGKARAYA,2025-10-10,0.3,28.0
PALANGKARAYA,2025-10-11,0.3,28.3
PALANGKARAYA,2025-10-12,12.9,27.9
PALANGKARAYA,2025-10-13,6.2,27.2
PALANGKARAYA,2025-10-14,10.9,27.4
PALANGKARAYA,2025-10-15,0.5,27.9
PALANGKARAYA,2025-10-16,10.1,27.7
PALANGKARAYA,2025-10-17,13.0,26.6
PALANGKARAYA,2025-10-18,9.2,27.3
PALANGKARAYA,2025-10-19,30.5,26.2
PALANGKARAYA,2025-10-20,10.2,26.8
PALANGKARAYA,2025-10-21,20.2,26.8
PALANGKARAYA,2025-10-22,15.7,26.0
PALANGKARAYA,2025-10-23,0.6,26.9
PALANGKARAYA,2025-10-24,21.8,26.0
PALANGKARAYA,2025-10-25,6.2,26.7
PALANGKARAYA,2025-10-26,19.1,25.2
PALANGKARAYA,2025-10-27,9.0,26.7
PALANGKARAYA,2025-10-28,13.5,27.0
PALANGKARAYA,2025-10-29,16.1,26.0
PALANGKARAYA,2025-10-30,38.6,27.6
PALANGKARAYA,2025-10-31,13.9,25.3
PALANGKARAYA,2025-11-01,0.5,28.2
PALANGKARAYA,2025-11-02,14.2,26.8
PALANGKARAYA,2025-11-03,8.5,27.7
PALANGKARAYA,2025-11-04,14.5,26.6
PALANGKARAYA,2025-11-05,9.0,26.9
PALANGKARAYA,2025-11-06,6.6,26.2
PALANGKARAYA,2025-11-07,0.0,28.1
PALANGKARAYA,2025-11-08,32.5,27.6
PALANGKARAYA,2025-11-09,18.6,26.2
PALANGKARAYA,2025-11-10,18.8,27.2
PALANGKARAYA,2025-11-11,15.7,26.2
PALANGKARAYA,2025-11-12,20.7,25.7
PALANGKARAYA,2025-11-13,7.9,26.4
PALANGKARAYA,2025-11-14,0.0,27.6
PALANGKARAYA,2025-11-15,5.3,28.2
PALANGKARAYA,2025-11-16,23.9,25.6
PALANGKARAYA,2025-11-17,3.3,26.9
PALANGKARAYA,2025-11-18,26.7,26.9
PALANGKARAYA,2025-11-19,19.9,26.9
PALANGKARAYA,2025-11-20,29.9,25.4
PALANGKARAYA,2025-11-21,5.6,27.1
PALANGKARAYA,2025-11-22,14.1,26.7
PALANGKARAYA,2025-11-23,12.5,27.6
PALANGKARAYA,2025-11-24,15.6,26.7
PALANGKARAYA,2025-11-25,0.4,27.9
PALANGKARAYA,2025-11-26,0.0,28.1
PALANGKARAYA,2025-11-27,1.2,28.4
PALANGKARAYA,2025-11-28,4.9,27.2
PALANGKARAYA,2025-11-29,27.2,25.1
PALANGKARAYA,2025-11-30,19.5,26.3
PALANGKARAYA,2025-12-01,19.4,26.8
PALANGKARAYA,2025-12-02,15.1,25.9
PALANGKARAYA,2025-12-03,21.2,26.8
PALANGKARAYA,2025-12-04,18.3,25.3
PALANGKARAYA,2025-12-05,20.4,26.4
PALANGKARAYA,2025-12-06,9.1,26.8
PALANGKARAYA,2025-12-07,6.6,26.9
PALANGKARAYA,2025-12-08,11.6,25.6
PALANGKARAYA,2025-12-09,3.9,25.8
PALANGKARAYA,2025-12-10,2.0,26.6
PALANGKARAYA,2025-12-11,5.4,26.7
PALANGKARAYA,2025-12-12,42.1,26.4
PALANGKARAYA,2025-12-13,19.3,26.3
PALANGKARAYA,2025-12-14,28.8,25.8
PALANGKARAYA,2025-12-15,34.6,26.1
PALANGKARAYA,2025-12-16,19.0,26.2
PALANGKARAYA,2025-12-17,0.5,27.6
PALANGKARAYA,2025-12-18,19.1,26.3
PALANGKARAYA,2025-12-19,11.8,26.5
PALANGKARAYA,2025-12-20,5.7,26.1
PALANGKARAYA,2025-12-21,19.5,26.2
PALANGKARAYA,2025-12-22,14.5,26.6
PALANGKARAYA,2025-12-23,6.3,26.7
PALANGKARAYA,2025-12-24,13.2,26.5
PALANGKARAYA,2025-12-25,3.8,27.7
PALANGKARAYA,2025-12-26,15.2,27.2
PALANGKARAYA,2025-12-27,22.3,25.7
PALANGKARAYA,2025-12-28,7.7,27.3
PALANGKARAYA,2025-12-29,6.4,27.5
PALANGKARAYA,2025-12-30,0.9,27.6
PALANGKARAYA,2025-12-31,8.6,26.1
PALANGKARAYA,2026-01-01,8.5,26.0
PALANGKARAYA,2026-01-02,9.9,27.3
PALANGKARAYA,2026-01-03,5.2,26.0
PALANGKARAYA,2026-01-04,5.7,26.3
PALANGKARAYA,2026-01-05,5.2,26.3
PALANGKARAYA,2026-01-06,2.7,26.8
PALANGKARAYA,2026-01-07,21.2,26.5
PALANGKARAYA,2026-01-08,26.5,25.8
PALANGKARAYA,2026-01-09,4.5,26.6
PALANGKARAYA,2026-01-10,35.8,26.4
PALANGKARAYA,2026-01-11,8.6,25.6
PALANGKARAYA,2026-01-12,1.9,27.2
PALANGKARAYA,2026-01-13,0.1,28.0
PALANGKARAYA,2026-01-14,0.0,28.3
PALANGKARAYA,2026-01-15,0.5,28.2
PALANGKARAYA,2026-01-16,0.2,27.9
PALANGKARAYA,2026-01-17,0.0,28.7
PALANGKARAYA,2026-01-18,0.0,28.2
PALANGKARAYA,2026-01-19,0.0,28.8
PALANGKARAYA,2026-01-20,0.1,28.6
PALANGKARAYA,2026-01-21,0.0,28.2
PALANGKARAYA,2026-01-22,0.0,28.7
PALANGKARAYA,2026-01-23,0.0,29.2
PALANGKARAYA,2026-01-24,0.1,29.0
PALANGKARAYA,2026-01-25,9.2,27.3
PALANGKARAYA,2026-01-26,5.8,27.2
PALANGKARAYA,2026-01-27,7.3,27.5
PALANGKARAYA,2026-01-28,23.0,27.3
PALANGKARAYA,2026-01-29,19.1,26.2
PALANGKARAYA,2026-01-30,13.8,26.5
PALANGKARAYA,2026-01-31,15.7,26.4
PALANGKARAYA,2026-02-01,22.1,25.8
PALANGKARAYA,2026-02-02,7.4,26.0
PALANGKARAYA,2026-02-03,15.4,26.3
PALANGKARAYA,2026-02-04,16.0,25.3
PALANGKARAYA,2026-02-05,2.9,27.4
PALANGKARAYA,2026-02-06,4.9,25.9
PALANGKARAYA,2026-02-07,1.1,27.4
PALANGKARAYA,2026-02-08,0.9,27.3
PALANGKARAYA,2026-02-09,9.5,27.2
PALANGKARAYA,2026-02-10,13.8,25.9
PALANGKARAYA,2026-02-11,6.8,26.7
PALANGKARAYA,2026-02-12,11.5,26.2
PALANGKARAYA,2026-02-13,4.7,25.1
PALANGKARAYA,2026-02-14,0.0,27.4
PALANGKARAYA,2026-02-15,6.8,27.1
PALANGKARAYA,2026-02-16,12.3,27.1
PALANGKARAYA,2026-02-17,21.1,25.7
PALANGKARAYA,2026-02-18,24.5,26.2
PALANGKARAYA,2026-02-19,7.0,26.9
PALANGKARAYA,2026-02-20,6.9,26.1
PALANGKARAYA,2026-02-21,19.3,25.5
PALANGKARAYA,2026-02-22,0.7,28.0
PALANGKARAYA,2026-02-23,17.7,26.4
PALANGKARAYA,2026-02-24,4.6,26.0
PALANGKARAYA,2026-02-25,0.9,26.0
PALANGKARAYA,2026-02-26,7.1,27.3
PALANGKARAYA,2026-02-27,0.0,27.7
PALANGKARAYA,2026-02-28,0.2,28.3
PALANGKARAYA,2026-03-01,6.3,28.0
PALANGKARAYA,2026-03-02,4.2,27.5
PALANGKARAYA,2026-03-03,11.1,28.5
PALANGKARAYA,2026-03-04,18.8,26.7
PALANGKARAYA,2026-03-05,5.3,27.4
PALANGKARAYA,2026-03-06,2.7,26.7
PALANGKARAYA,2026-03-07,10.0,26.4
PALANGKARAYA,2026-03-08,10.9,26.3
PALANGKARAYA,2026-03-09,14.0,25.7
PALANGKARAYA,2026-03-10,8.2,25.8
PALANGKARAYA,2026-03-11,1.5,26.6
PALANGKARAYA,2026-03-12,0.0,27.6
PALANGKARAYA,2026-03-13,0.4,27.8
PALANGKARAYA,2026-03-14,2.9,27.0
PALANGKARAYA,2026-03-15,14.9,26.5
PALANGKARAYA,2026-03-16,13.5,25.0
PALANGKARAYA,2026-03-17,1.6,26.4
PALANGKARAYA,2026-03-18,7.1,26.2
PALANGKARAYA,2026-03-19,13.3,25.6
PALANGKARAYA,2026-03-20,6.1,26.2
PALANGKARAYA,2026-03-21,7.9,26.5
PALANGKARAYA,2026-03-22,9.6,26.1
PALANGKARAYA,2026-03-23,2.9,27.2
PALANGKARAYA,2026-03-24,0.4,28.1
PALANGKARAYA,2026-03-25,0.1,28.7
PALANGKARAYA,2026-03-26,7.0,28.4
PALANGKARAYA,2026-03-27,14.6,27.3
PALANGKARAYA,2026-03-28,10.3,27.2
PALANGKARAYA,2026-03-29,14.4,27.3
PALANGKARAYA,2026-03-30,13.8,25.6
PALANGKARAYA,2026-03-31,11.3,27.1
KUALA KAPUAS,2025-03-15,3.4,21.6
KUALA KAPUAS,2025-03-16,34.3,20.4
KUALA KAPUAS,2025-03-17,4.9,20.7
KUALA KAPUAS,2025-03-18,11.4,21.6
KUALA KAPUAS,2025-03-19,33.1,21.3
KUALA KAPUAS,2025-03-20,21.8,20.9
KUALA KAPUAS,2025-03-21,5.7,21.0
KUALA KAPUAS,2025-03-22,1.1,21.2
KUALA KAPUAS,2025-03-23,21.8,21.5
KUALA KAPUAS,2025-03-24,16.9,21.2
KUALA KAPUAS,2025-03-25,0.4,22.2
KUALA KAPUAS,2025-03-26,0.1,23.1
KUALA KAPUAS,2025-03-27,0.5,23.4
KUALA KAPUAS,2025-03-28,0.5,23.7
KUALA KAPUAS,2025-03-29,17.4,21.3
KUALA KAPUAS,2025-03-30,5.2,22.6
KUALA KAPUAS,2025-03-31,8.3,21.9
KUALA KAPUAS,2025-04-01,5.2,21.7
KUALA KAPUAS,2025-04-02,18.8,21.6
KUALA KAPUAS,2025-04-03,17.9,21.1
KUALA KAPUAS,2025-04-04,4.5,21.4
KUALA KAPUAS,2025-04-05,3.6,21.8
KUALA KAPUAS,2025-04-06,22.2,20.6
KUALA KAPUAS,2025-04-07,7.1,21.7
KUALA KAPUAS,2025-04-08,26.6,21.0
KUALA KAPUAS,2025-04-09,15.1,21.7
KUALA KAPUAS,2025-04-10,13.3,21.8
KUALA KAPUAS,2025-04-11,1.3,21.5
KUALA KAPUAS,2025-04-12,3.4,21.9
KUALA KAPUAS,2025-04-13,32.3,21.4
KUALA KAPUAS,2025-04-14,41.9,21.1
KUALA KAPUAS,2025-04-15,26.4,21.1
KUALA KAPUAS,2025-04-16,19.5,21.9
KUALA KAPUAS,2025-04-17,2.9,21.7
KUALA KAPUAS,2025-04-18,4.1,21.4
KUALA KAPUAS,2025-04-19,2.1,22.1
KUALA KAPUAS,2025-04-20,6.6,22.8
KUALA KAPUAS,2025-04-21,60.3,21.4
KUALA KAPUAS,2025-04-22,11.5,21.0
KUALA KAPUAS,2025-04-23,6.5,21.6
KUALA KAPUAS,2025-04-24,1.5,21.2
KUALA KAPUAS,2025-04-25,5.2,21.5
KUALA KAPUAS,2025-04-26,0.5,22.8
KUALA KAPUAS,2025-04-27,8.9,21.6
KUALA KAPUAS,2025-04-28,4.9,22.0
KUALA KAPUAS,2025-04-29,6.5,21.8
KUALA KAPUAS,2025-04-30,2.1,22.1
KUALA KAPUAS,2025-05-01,8.5,21.9
KUALA KAPUAS,2025-05-02,28.0,20.5
KUALA KAPUAS,2025-05-03,2.9,22.2
KUALA KAPUAS,2025-05-04,0.0,22.9
KUALA KAPUAS,2025-05-05,2.0,22.7
KUALA KAPUAS,2025-05-06,8.3,22.6
KUALA KAPUAS,2025-05-07,5.2,23.2
KUALA KAPUAS,2025-05-08,0.1,23.3
KUALA KAPUAS,2025-05-09,4.3,23.2
KUALA KAPUAS,2025-05-10,2.1,22.6
KUALA KAPUAS,2025-05-11,24.2,21.5
KUALA KAPUAS,2025-05-12,2.7,21.7
KUALA KAPUAS,2025-05-13,10.6,22.1
KUALA KAPUAS,2025-05-14,26.5,21.6
KUALA KAPUAS,2025-05-15,15.9,21.8
KUALA KAPUAS,2025-05-16,24.3,21.0
KUALA KAPUAS,2025-05-17,7.4,21.8
KUALA KAPUAS,2025-05-18,7.0,21.9
KUALA KAPUAS,2025-05-19,6.1,22.4
KUALA KAPUAS,2025-05-20,14.4,22.4
KUALA KAPUAS,2025-05-21,6.5,21.8
KUALA KAPUAS,2025-05-22,1.0,22.8
KUALA KAPUAS,2025-05-23,0.0,23.4
KUALA KAPUAS,2025-05-24,8.8,22.0
KUALA KAPUAS,2025-05-25,4.5,22.7
KUALA KAPUAS,2025-05-26,3.6,22.7
KUALA KAPUAS,2025-05-27,3.5,22.2
KUALA KAPUAS,2025-05-28,8.5,22.6
KUALA KAPUAS,2025-05-29,4.7,23.1
KUALA KAPUAS,2025-05-30,14.5,21.7
KUALA KAPUAS,2025-05-31,1.1,22.7
KUALA KAPUAS,2025-06-01,24.8,21.8
KUALA KAPUAS,2025-06-02,6.8,22.1
KUALA KAPUAS,2025-06-03,5.1,22.2
KUALA KAPUAS,2025-06-04,4.7,21.1
KUALA KAPUAS,2025-06-05,0.2,23.0
KUALA KAPUAS,2025-06-06,1.2,22.6
KUALA KAPUAS,2025-06-07,1.2,21.3
KUALA KAPUAS,2025-06-08,1.2,22.5
KUALA KAPUAS,2025-06-09,0.7,22.3
KUALA KAPUAS,2025-06-10,0.4,22.9
KUALA KAPUAS,2025-06-11,4.9,22.4
KUALA KAPUAS,2025-06-12,0.0,23.6
KUALA KAPUAS,2025-06-13,0.0,24.2
KUALA KAPUAS,2025-06-14,0.2,24.3
KUALA KAPUAS,2025-06-15,0.7,23.7
KUALA KAPUAS,2025-06-16,18.1,21.6
KUALA KAPUAS,2025-06-17,28.9,21.5
KUALA KAPUAS,2025-06-18,34.4,21.4
KUALA KAPUAS,2025-06-19,37.1,20.8
KUALA KAPUAS,2025-06-20,17.1,21.0
KUALA KAPUAS,2025-06-21,2.8,21.7
KUALA KAPUAS,2025-06-22,0.5,21.8
KUALA KAPUAS,2025-06-23,0.1,23.1
KUALA KAPUAS,2025-06-24,0.3,23.1
KUALA KAPUAS,2025-06-25,3.3,22.5
KUALA KAPUAS,2025-06-26,0.4,22.7
KUALA KAPUAS,2025-06-27,0.9,23.3
KUALA KAPUAS,2025-06-28,0.0,22.4
KUALA KAPUAS,2025-06-29,5.9,21.5
KUALA KAPUAS,2025-06-30,0.6,22.4
KUALA KAPUAS,2025-07-01,0.0,23.0
KUALA KAPUAS,2025-07-02,4.6,22.7
KUALA KAPUAS,2025-07-03,13.0,21.4
KUALA KAPUAS,2025-07-04,0.0,22.5
KUALA KAPUAS,2025-07-05,0.6,23.2
KUALA KAPUAS,2025-07-06,4.2,22.8
KUALA KAPUAS,2025-07-07,12.0,21.3
KUALA KAPUAS,2025-07-08,0.0,22.7
KUALA KAPUAS,2025-07-09,0.0,22.7
KUALA KAPUAS,2025-07-10,4.8,20.3
KUALA KAPUAS,2025-07-11,0.3,22.7
KUALA KAPUAS,2025-07-12,1.4,22.7
KUALA KAPUAS,2025-07-13,2.5,22.7
KUALA KAPUAS,2025-07-14,6.4,22.5
KUALA KAPUAS,2025-07-15,5.7,22.1
KUALA KAPUAS,2025-07-16,15.3,21.4
KUALA KAPUAS,2025-07-17,8.4,21.3
KUALA KAPUAS,2025-07-18,1.7,21.8
KUALA KAPUAS,2025-07-19,0.2,23.0
KUALA KAPUAS,2025-07-20,0.3,23.4
KUALA KAPUAS,2025-07-21,2.8,23.0
KUALA KAPUAS,2025-07-22,0.0,23.7
KUALA KAPUAS,2025-07-23,0.0,23.4
KUALA KAPUAS,2025-07-24,0.3,23.3
KUALA KAPUAS,2025-07-25,1.2,23.5
KUALA KAPUAS,2025-07-26,0.0,23.8
KUALA KAPUAS,2025-07-27,0.0,23.8
KUALA KAPUAS,2025-07-28,5.5,23.8
KUALA KAPUAS,2025-07-29,0.0,24.5
KUALA KAPUAS,2025-07-30,3.8,23.1
KUALA KAPUAS,2025-07-31,3.6,22.5
KUALA KAPUAS,2025-08-01,4.8,23.4
KUALA KAPUAS,2025-08-02,13.3,22.8
KUALA KAPUAS,2025-08-03,5.8,21.9
KUALA KAPUAS,2025-08-04,29.6,21.5
KUALA KAPUAS,2025-08-05,34.6,21.9
KUALA KAPUAS,2025-08-06,6.2,21.1
KUALA KAPUAS,2025-08-07,13.9,21.5
KUALA KAPUAS,2025-08-08,10.6,21.7
KUALA KAPUAS,2025-08-09,11.1,21.3
KUALA KAPUAS,2025-08-10,6.5,21.4
KUALA KAPUAS,2025-08-11,9.0,21.3
KUALA KAPUAS,2025-08-12,15.4,20.1
KUALA KAPUAS,2025-08-13,1.8,21.0
KUALA KAPUAS,2025-08-14,0.9,20.8
KUALA KAPUAS,2025-08-15,3.2,21.5
KUALA KAPUAS,2025-08-16,3.1,22.2
KUALA KAPUAS,2025-08-17,0.8,21.9
KUALA KAPUAS,2025-08-18,0.8,22.6
KUALA KAPUAS,2025-08-19,7.5,21.8
KUALA KAPUAS,2025-08-20,22.4,20.2
KUALA KAPUAS,2025-08-21,6.3,20.4
KUALA KAPUAS,2025-08-22,1.7,21.0
KUALA KAPUAS,2025-08-23,5.0,21.2
KUALA KAPUAS,2025-08-24,2.4,21.8
KUALA KAPUAS,2025-08-25,0.7,21.4
KUALA KAPUAS,2025-08-26,8.6,21.6
KUALA KAPUAS,2025-08-27,2.3,21.9
KUALA KAPUAS,2025-08-28,0.0,22.1
KUALA KAPUAS,2025-08-29,5.4,21.5
KUALA KAPUAS,2025-08-30,13.1,22.1
KUALA KAPUAS,2025-08-31,1.2,22.2
KUALA KAPUAS,2025-09-01,3.8,22.9
KUALA KAPUAS,2025-09-02,4.1,22.1
KUALA KAPUAS,2025-09-03,18.9,21.7
KUALA KAPUAS,2025-09-04,15.9,21.4
KUALA KAPUAS,2025-09-05,17.0,21.3
KUALA KAPUAS,2025-09-06,16.0,20.8
KUALA KAPUAS,2025-09-07,11.2,21.4
KUALA KAPUAS,2025-09-08,12.9,21.5
KUALA KAPUAS,2025-09-09,7.3,21.7
KUALA KAPUAS,2025-09-10,27.3,20.9
KUALA KAPUAS,2025-09-11,6.1,21.2
KUALA KAPUAS,2025-09-12,16.4,21.3
KUALA KAPUAS,2025-09-13,41.1,20.0
KUALA KAPUAS,2025-09-14,21.3,20.4
KUALA KAPUAS,2025-09-15,29.9,20.0
KUALA KAPUAS,2025-09-16,16.9,20.7
KUALA KAPUAS,2025-09-17,14.1,20.9
KUALA KAPUAS,2025-09-18,1.0,22.8
KUALA KAPUAS,2025-09-19,4.2,22.0
KUALA KAPUAS,2025-09-20,10.6,21.8
KUALA KAPUAS,2025-09-21,0.1,21.5
KUALA KAPUAS,2025-09-22,2.7,21.5
KUALA KAPUAS,2025-09-23,1.9,21.9
KUALA KAPUAS,2025-09-24,0.2,22.8
KUALA KAPUAS,2025-09-25,0.0,22.5
KUALA KAPUAS,2025-09-26,0.0,23.1
KUALA KAPUAS,2025-09-27,0.0,23.6
KUALA KAPUAS,2025-09-28,6.0,23.0
KUALA KAPUAS,2025-09-29,17.0,21.5
KUALA KAPUAS,2025-09-30,28.9,20.7
KUALA KAPUAS,2025-10-01,0.9,20.9
KUALA KAPUAS,2025-10-02,11.6,22.1
KUALA KAPUAS,2025-10-03,47.2,21.2
KUALA KAPUAS,2025-10-04,65.4,20.3
KUALA KAPUAS,2025-10-05,8.3,20.2
KUALA KAPUAS,2025-10-06,1.2,20.8
KUALA KAPUAS,2025-10-07,8.2,20.9
KUALA KAPUAS,2025-10-08,3.1,21.3
KUALA KAPUAS,2025-10-09,1.7,21.4
KUALA KAPUAS,2025-10-10,1.4,21.9
KUALA KAPUAS,2025-10-11,2.1,22.5
KUALA KAPUAS,2025-10-12,0.3,22.4
KUALA KAPUAS,2025-10-13,1.2,21.9
KUALA KAPUAS,2025-10-14,16.6,21.8
KUALA KAPUAS,2025-10-15,10.4,22.1
KUALA KAPUAS,2025-10-16,4.9,22.5
KUALA KAPUAS,2025-10-17,8.9,22.2
KUALA KAPUAS,2025-10-18,2.3,22.2
KUALA KAPUAS,2025-10-19,1.0,22.8
KUALA KAPUAS,2025-10-20,18.9,22.1
KUALA KAPUAS,2025-10-21,18.4,22.0
KUALA KAPUAS,2025-10-22,7.1,21.7
KUALA KAPUAS,2025-10-23,5.7,22.2
KUALA KAPUAS,2025-10-24,19.4,21.1
KUALA KAPUAS,2025-10-25,0.5,22.3
KUALA KAPUAS,2025-10-26,0.0,22.0
KUALA KAPUAS,2025-10-27,0.0,22.4
KUALA KAPUAS,2025-10-28,0.3,22.5
KUALA KAPUAS,2025-10-29,0.0,22.5
KUALA KAPUAS,2025-10-30,3.1,22.7
KUALA KAPUAS,2025-10-31,0.0,22.2
KUALA KAPUAS,2025-11-01,0.0,23.3
KUALA KAPUAS,2025-11-02,0.1,23.3
KUALA KAPUAS,2025-11-03,0.5,22.9
KUALA KAPUAS,2025-11-04,3.3,21.6
KUALA KAPUAS,2025-11-05,7.3,21.5
KUALA KAPUAS,2025-11-06,1.7,22.5
KUALA KAPUAS,2025-11-07,1.1,22.3
KUALA KAPUAS,2025-11-08,1.0,22.2
KUALA KAPUAS,2025-11-09,4.5,21.7
KUALA KAPUAS,2025-11-10,9.7,21.6
KUALA KAPUAS,2025-11-11,3.2,22.2
KUALA KAPUAS,2025-11-12,26.1,20.8
KUALA KAPUAS,2025-11-13,16.1,20.7
KUALA KAPUAS,2025-11-14,12.8,21.4
KUALA KAPUAS,2025-11-15,16.6,21.6
KUALA KAPUAS,2025-11-16,38.0,21.7
KUALA KAPUAS,2025-11-17,10.0,22.3
KUALA KAPUAS,2025-11-18,22.1,21.1
KUALA KAPUAS,2025-11-19,8.0,22.1
KUALA KAPUAS,2025-11-20,17.3,21.5
KUALA KAPUAS,2025-11-21,19.9,21.3
KUALA KAPUAS,2025-11-22,5.9,21.4
KUALA KAPUAS,2025-11-23,5.2,21.7
KUALA KAPUAS,2025-11-24,8.4,21.7
KUALA KAPUAS,2025-11-25,14.9,20.9
KUALA KAPUAS,2025-11-26,4.9,21.7
KUALA KAPUAS,2025-11-27,13.2,21.4
KUALA KAPUAS,2025-11-28,3.7,21.9
KUALA KAPUAS,2025-11-29,11.8,21.2
KUALA KAPUAS,2025-11-30,7.1,21.8
KUALA KAPUAS,2025-12-01,8.3,21.7
KUALA KAPUAS,2025-12-02,8.9,21.6
KUALA KAPUAS,2025-12-03,2.9,21.6
KUALA KAPUAS,2025-12-04,1.7,21.8
KUALA KAPUAS,2025-12-05,11.5,20.8
KUALA KAPUAS,2025-12-06,22.5,21.3
KUALA KAPUAS,2025-12-07,18.8,21.1
KUALA KAPUAS,2025-12-08,32.2,20.8
KUALA KAPUAS,2025-12-09,23.0,20.4
KUALA KAPUAS,2025-12-10,0.4,22.4
KUALA KAPUAS,2025-12-11,21.1,21.1
KUALA KAPUAS,2025-12-12,7.2,20.5
KUALA KAPUAS,2025-12-13,19.4,21.0
KUALA KAPUAS,2025-12-14,0.4,22.0
KUALA KAPUAS,2025-12-15,32.6,21.4
KUALA KAPUAS,2025-12-16,17.0,21.2
KUALA KAPUAS,2025-12-17,13.4,21.4
KUALA KAPUAS,2025-12-18,2.9,21.3
KUALA KAPUAS,2025-12-19,1.7,22.4
KUALA KAPUAS,2025-12-20,7.8,22.1
KUALA KAPUAS,2025-12-21,27.8,21.2
KUALA KAPUAS,2025-12-22,22.8,21.5
KUALA KAPUAS,2025-12-23,4.4,22.2
KUALA KAPUAS,2025-12-24,3.8,23.0
KUALA KAPUAS,2025-12-25,1.6,22.2
KUALA KAPUAS,2025-12-26,14.1,21.7
KUALA KAPUAS,2025-12-27,17.9,21.2
KUALA KAPUAS,2025-12-28,12.9,21.7
KUALA KAPUAS,2025-12-29,15.8,21.3
KUALA KAPUAS,2025-12-30,2.4,21.5
KUALA KAPUAS,2025-12-31,25.7,21.8
KUALA KAPUAS,2026-01-01,25.3,20.8
KUALA KAPUAS,2026-01-02,14.4,20.8
KUALA KAPUAS,2026-01-03,2.2,20.7
KUALA KAPUAS,2026-01-04,21.1,21.1
KUALA KAPUAS,2026-01-05,12.6,21.3
KUALA KAPUAS,2026-01-06,10.1,21.4
KUALA KAPUAS,2026-01-07,12.5,21.2
KUALA KAPUAS,2026-01-08,3.6,21.1
KUALA KAPUAS,2026-01-09,25.8,20.2
KUALA KAPUAS,2026-01-10,16.8,20.7
KUALA KAPUAS,2026-01-11,12.6,20.6
KUALA KAPUAS,2026-01-12,5.9,20.8
KUALA KAPUAS,2026-01-13,31.7,20.7
KUALA KAPUAS,2026-01-14,29.4,20.2
KUALA KAPUAS,2026-01-15,22.5,20.0
KUALA KAPUAS,2026-01-16,2.6,20.9
KUALA KAPUAS,2026-01-17,0.6,21.3
KUALA KAPUAS,2026-01-18,0.1,21.8
KUALA KAPUAS,2026-01-19,0.6,21.9
KUALA KAPUAS,2026-01-20,0.0,21.5
KUALA KAPUAS,2026-01-21,0.2,21.3
KUALA KAPUAS,2026-01-22,0.9,21.3
KUALA KAPUAS,2026-01-23,0.0,21.3
KUALA KAPUAS,2026-01-24,1.8,21.8
KUALA KAPUAS,2026-01-25,12.1,21.4
KUALA KAPUAS,2026-01-26,19.2,20.9
KUALA KAPUAS,2026-01-27,9.6,20.8
KUALA KAPUAS,2026-01-28,14.7,20.5
KUALA KAPUAS,2026-01-29,13.1,21.0
KUALA KAPUAS,2026-01-30,12.2,20.8
KUALA KAPUAS,2026-01-31,11.3,21.0
KUALA KAPUAS,2026-02-01,6.7,21.2
KUALA KAPUAS,2026-02-02,7.4,20.7
KUALA KAPUAS,2026-02-03,2.5,21.7
KUALA KAPUAS,2026-02-04,7.1,20.8
KUALA KAPUAS,2026-02-05,8.1,20.3
KUALA KAPUAS,2026-02-06,27.9,20.3
KUALA KAPUAS,2026-02-07,3.2,21.1
KUALA KAPUAS,2026-02-08,0.6,21.9
KUALA KAPUAS,2026-02-09,0.1,22.4
KUALA KAPUAS,2026-02-10,24.1,22.3
KUALA KAPUAS,2026-02-11,16.8,21.6
KUALA KAPUAS,2026-02-12,17.0,21.2
KUALA KAPUAS,2026-02-13,60.4,20.8
KUALA KAPUAS,2026-02-14,15.2,21.6
KUALA KAPUAS,2026-02-15,25.1,21.9
KUALA KAPUAS,2026-02-16,8.6,21.8
KUALA KAPUAS,2026-02-17,7.7,22.2
KUALA KAPUAS,2026-02-18,3.1,22.4
KUALA KAPUAS,2026-02-19,28.3,21.5
KUALA KAPUAS,2026-02-20,23.7,21.1
KUALA KAPUAS,2026-02-21,20.6,21.1
KUALA KAPUAS,2026-02-22,11.7,21.3
KUALA KAPUAS,2026-02-23,6.0,21.0
KUALA KAPUAS,2026-02-24,47.7,21.3
KUALA KAPUAS,2026-02-25,16.2,21.6
KUALA KAPUAS,2026-02-26,11.0,21.1
KUALA KAPUAS,2026-02-27,8.8,21.2
KUALA KAPUAS,2026-02-28,2.7,21.4
KUALA KAPUAS,2026-03-01,0.3,22.6
KUALA KAPUAS,2026-03-02,2.3,22.5
KUALA KAPUAS,2026-03-03,0.6,21.9
KUALA KAPUAS,2026-03-04,6.8,21.5
KUALA KAPUAS,2026-03-05,7.5,21.0
KUALA KAPUAS,2026-03-06,14.4,21.1
KUALA KAPUAS,2026-03-07,10.4,20.1
KUALA KAPUAS,2026-03-08,4.4,21.9
KUALA KAPUAS,2026-03-09,6.1,21.4
KUALA KAPUAS,2026-03-10,7.4,21.4
KUALA KAPUAS,2026-03-11,10.6,21.8
KUALA KAPUAS,2026-03-12,16.4,21.0
KUALA KAPUAS,2026-03-13,6.6,22.2
KUALA KAPUAS,2026-03-14,4.2,22.2
KUALA KAPUAS,2026-03-15,9.5,21.3
KUALA KAPUAS,2026-03-16,9.3,21.3
KUALA KAPUAS,2026-03-17,6.2,21.3
KUALA KAPUAS,2026-03-18,6.5,20.6
KUALA KAPUAS,2026-03-19,24.0,20.6
KUALA KAPUAS,2026-03-20,1.4,21.9
KUALA KAPUAS,2026-03-21,1.0,22.2
KUALA KAPUAS,2026-03-22,0.0,22.2
KUALA KAPUAS,2026-03-23,0.5,22.5
KUALA KAPUAS,2026-03-24,0.0,22.4
KUALA KAPUAS,2026-03-25,0.0,22.7
KUALA KAPUAS,2026-03-26,0.2,23.1
KUALA KAPUAS,2026-03-27,1.4,23.1
KUALA KAPUAS,2026-03-28,1.3,22.2
KUALA KAPUAS,2026-03-29,14.0,21.6
KUALA KAPUAS,2026-03-30,12.3,21.6
KUALA KAPUAS,2026-03-31,0.6,22.6
TARAKAN,2025-03-15,18.1,27.4
TARAKAN,2025-03-16,36.0,25.5
TARAKAN,2025-03-17,15.2,25.9
TARAKAN,2025-03-18,8.3,27.1
TARAKAN,2025-03-19,17.0,26.5
TARAKAN,2025-03-20,12.2,26.2
TARAKAN,2025-03-21,9.9,25.8
TARAKAN,2025-03-22,5.7,26.3
TARAKAN,2025-03-23,4.3,26.1
TARAKAN,2025-03-24,11.1,26.7
TARAKAN,2025-03-25,3.8,26.0
TARAKAN,2025-03-26,2.4,27.5
TARAKAN,2025-03-27,9.1,27.2
TARAKAN,2025-03-28,4.7,27.4
TARAKAN,2025-03-29,8.2,26.8
TARAKAN,2025-03-30,11.2,27.0
TARAKAN,2025-03-31,3.6,26.3
TARAKAN,2025-04-01,24.0,27.0
TARAKAN,2025-04-02,15.5,25.9
TARAKAN,2025-04-03,3.2,27.1
TARAKAN,2025-04-04,6.5,26.2
TARAKAN,2025-04-05,2.1,27.4
TARAKAN,2025-04-06,3.1,27.2
TARAKAN,2025-04-07,1.4,27.2
TARAKAN,2025-04-08,9.2,27.5
TARAKAN,2025-04-09,16.9,26.8
TARAKAN,2025-04-10,7.7,27.3
TARAKAN,2025-04-11,17.7,26.3
TARAKAN,2025-04-12,2.1,27.8
TARAKAN,2025-04-13,4.1,27.4
TARAKAN,2025-04-14,17.2,26.1
TARAKAN,2025-04-15,17.9,27.6
TARAKAN,2025-04-16,15.3,26.9
TARAKAN,2025-04-17,12.2,26.6
TARAKAN,2025-04-18,0.3,27.3
TARAKAN,2025-04-19,2.2,27.7
TARAKAN,2025-04-20,2.2,28.2
TARAKAN,2025-04-21,5.9,27.9
TARAKAN,2025-04-22,30.7,27.0
TARAKAN,2025-04-23,4.8,26.8
TARAKAN,2025-04-24,29.9,26.6
TARAKAN,2025-04-25,9.9,26.6
TARAKAN,2025-04-26,1.6,26.9
TARAKAN,2025-04-27,8.1,27.2
TARAKAN,2025-04-28,12.2,26.4
TARAKAN,2025-04-29,22.9,26.8
TARAKAN,2025-04-30,3.2,26.9
TARAKAN,2025-05-01,8.4,27.3
TARAKAN,2025-05-02,10.1,26.8
TARAKAN,2025-05-03,16.5,27.4
TARAKAN,2025-05-04,6.4,27.6
TARAKAN,2025-05-05,2.5,27.6
TARAKAN,2025-05-06,17.1,27.4
TARAKAN,2025-05-07,8.7,27.5
TARAKAN,2025-05-08,2.1,27.2
TARAKAN,2025-05-09,10.6,27.9
TARAKAN,2025-05-10,6.9,26.8
TARAKAN,2025-05-11,10.7,26.9
TARAKAN,2025-05-12,24.7,26.7
TARAKAN,2025-05-13,4.1,26.6
TARAKAN,2025-05-14,8.8,27.4
TARAKAN,2025-05-15,4.1,27.7
TARAKAN,2025-05-16,18.5,27.4
TARAKAN,2025-05-17,6.0,27.9
TARAKAN,2025-05-18,4.8,27.2
TARAKAN,2025-05-19,13.3,27.0
TARAKAN,2025-05-20,23.3,27.1
TARAKAN,2025-05-21,13.3,26.2
TARAKAN,2025-05-22,8.4,27.8
TARAKAN,2025-05-23,6.4,27.3
TARAKAN,2025-05-24,9.4,26.4
TARAKAN,2025-05-25,0.3,27.8
TARAKAN,2025-05-26,3.2,28.3
TARAKAN,2025-05-27,6.7,26.8
TARAKAN,2025-05-28,2.3,27.9
TARAKAN,2025-05-29,13.5,26.7
TARAKAN,2025-05-30,6.0,28.3
TARAKAN,2025-05-31,11.3,26.9
TARAKAN,2025-06-01,7.3,26.5
TARAKAN,2025-06-02,5.4,26.6
TARAKAN,2025-06-03,2.5,26.7
TARAKAN,2025-06-04,3.3,26.7
TARAKAN,2025-06-05,15.8,27.2
TARAKAN,2025-06-06,27.1,26.5
TARAKAN,2025-06-07,13.7,26.7
TARAKAN,2025-06-08,15.8,27.7
TARAKAN,2025-06-09,14.8,26.9
TARAKAN,2025-06-10,5.2,28.0
TARAKAN,2025-06-11,9.7,27.1
TARAKAN,2025-06-12,11.8,27.2
TARAKAN,2025-06-13,1.1,27.7
TARAKAN,2025-06-14,1.5,27.2
TARAKAN,2025-06-15,6.7,26.6
TARAKAN,2025-06-16,1.8,27.4
TARAKAN,2025-06-17,4.0,27.9
TARAKAN,2025-06-18,20.6,26.4
TARAKAN,2025-06-19,12.1,26.4
TARAKAN,2025-06-20,11.1,26.8
TARAKAN,2025-06-21,14.5,26.8
TARAKAN,2025-06-22,15.2,25.4
TARAKAN,2025-06-23,0.4,27.3
TARAKAN,2025-06-24,10.7,27.3
TARAKAN,2025-06-25,1.4,27.5
TARAKAN,2025-06-26,0.3,27.2
TARAKAN,2025-06-27,3.8,27.5
TARAKAN,2025-06-28,1.1,27.8
TARAKAN,2025-06-29,16.8,26.9
TARAKAN,2025-06-30,6.4,26.5
TARAKAN,2025-07-01,0.0,28.2
TARAKAN,2025-07-02,15.2,26.8
TARAKAN,2025-07-03,6.0,27.5
TARAKAN,2025-07-04,22.0,26.6
TARAKAN,2025-07-05,1.4,27.4
TARAKAN,2025-07-06,17.1,27.1
TARAKAN,2025-07-07,15.8,25.1
TARAKAN,2025-07-08,4.5,27.2
TARAKAN,2025-07-09,27.9,26.8
TARAKAN,2025-07-10,4.9,26.7
TARAKAN,2025-07-11,0.4,27.7
TARAKAN,2025-07-12,6.8,27.0
TARAKAN,2025-07-13,12.2,27.1
TARAKAN,2025-07-14,13.7,27.1
TARAKAN,2025-07-15,13.5,26.6
TARAKAN,2025-07-16,17.2,26.9
TARAKAN,2025-07-17,23.0,25.9
TARAKAN,2025-07-18,0.0,27.3
TARAKAN,2025-07-19,0.0,28.5
TARAKAN,2025-07-20,0.0,27.9
TARAKAN,2025-07-21,0.5,28.0
TARAKAN,2025-07-22,14.9,27.7
TARAKAN,2025-07-23,8.5,28.7
TARAKAN,2025-07-24,6.3,28.5
TARAKAN,2025-07-25,0.2,28.4
TARAKAN,2025-07-26,0.0,29.0
TARAKAN,2025-07-27,14.5,27.8
TARAKAN,2025-07-28,8.8,28.4
TARAKAN,2025-07-29,0.0,28.6
TARAKAN,2025-07-30,0.0,28.6
TARAKAN,2025-07-31,0.1,28.2
TARAKAN,2025-08-01,2.5,28.1
TARAKAN,2025-08-02,1.3,28.2
TARAKAN,2025-08-03,6.0,27.0
TARAKAN,2025-08-04,10.2,26.8
TARAKAN,2025-08-05,11.2,26.9
TARAKAN,2025-08-06,30.4,24.7
TARAKAN,2025-08-07,8.6,26.9
TARAKAN,2025-08-08,1.6,26.9
TARAKAN,2025-08-09,17.4,26.7
TARAKAN,2025-08-10,12.3,25.8
TARAKAN,2025-08-11,39.1,26.4
TARAKAN,2025-08-12,24.2,25.6
TARAKAN,2025-08-13,0.2,26.7
TARAKAN,2025-08-14,2.8,27.1
TARAKAN,2025-08-15,12.0,27.4
TARAKAN,2025-08-16,27.0,26.7
TARAKAN,2025-08-17,13.7,25.9
TARAKAN,2025-08-18,8.9,26.1
TARAKAN,2025-08-19,12.0,26.4
TARAKAN,2025-08-20,12.1,26.2
TARAKAN,2025-08-21,11.3,25.3
TARAKAN,2025-08-22,4.8,25.9
TARAKAN,2025-08-23,2.4,26.9
TARAKAN,2025-08-24,4.7,26.4
TARAKAN,2025-08-25,0.0,26.0
TARAKAN,2025-08-26,0.3,26.9
TARAKAN,2025-08-27,0.5,27.3
TARAKAN,2025-08-28,5.9,27.5
TARAKAN,2025-08-29,0.9,27.7
TARAKAN,2025-08-30,6.0,26.9
TARAKAN,2025-08-31,15.6,26.2
TARAKAN,2025-09-01,24.3,27.3
TARAKAN,2025-09-02,11.6,26.8
TARAKAN,2025-09-03,12.8,27.3
TARAKAN,2025-09-04,1.9,27.1
TARAKAN,2025-09-05,21.0,26.5
TARAKAN,2025-09-06,4.1,26.7
TARAKAN,2025-09-07,9.2,26.7
TARAKAN,2025-09-08,11.9,26.4
TARAKAN,2025-09-09,4.5,26.9
TARAKAN,2025-09-10,1.9,27.0
TARAKAN,2025-09-11,11.6,27.3
TARAKAN,2025-09-12,21.0,27.0
TARAKAN,2025-09-13,30.3,25.9
TARAKAN,2025-09-14,14.5,26.2
TARAKAN,2025-09-15,6.0,26.5
TARAKAN,2025-09-16,21.7,26.7
TARAKAN,2025-09-17,3.2,26.4
TARAKAN,2025-09-18,25.7,26.8
TARAKAN,2025-09-19,3.7,27.2
TARAKAN,2025-09-20,8.3,27.5
TARAKAN,2025-09-21,2.4,27.5
TARAKAN,2025-09-22,7.5,28.0
TARAKAN,2025-09-23,0.4,28.1
TARAKAN,2025-09-24,8.9,27.7
TARAKAN,2025-09-25,2.8,27.6
TARAKAN,2025-09-26,0.1,28.2
TARAKAN,2025-09-27,11.2,27.7
TARAKAN,2025-09-28,3.6,26.8
TARAKAN,2025-09-29,4.6,27.0
TARAKAN,2025-09-30,6.6,26.5
TARAKAN,2025-10-01,0.5,27.6
TARAKAN,2025-10-02,9.5,27.4
TARAKAN,2025-10-03,10.1,26.9
TARAKAN,2025-10-04,24.0,25.4
TARAKAN,2025-10-05,35.3,26.3
TARAKAN,2025-10-06,8.4,25.2
TARAKAN,2025-10-07,3.2,26.3
TARAKAN,2025-10-08,18.2,26.9
TARAKAN,2025-10-09,12.6,27.0
TARAKAN,2025-10-10,9.0,26.2
TARAKAN,2025-10-11,7.8,26.9
TARAKAN,2025-10-12,11.9,27.0
TARAKAN,2025-10-13,4.7,27.2
TARAKAN,2025-10-14,7.6,27.2
TARAKAN,2025-10-15,1.2,27.5
TARAKAN,2025-10-16,1.5,27.6
TARAKAN,2025-10-17,0.4,28.6
TARAKAN,2025-10-18,11.6,28.1
TARAKAN,2025-10-19,7.4,27.2
TARAKAN,2025-10-20,1.5,27.6
TARAKAN,2025-10-21,0.7,28.2
TARAKAN,2025-10-22,19.3,27.0
TARAKAN,2025-10-23,5.7,27.5
TARAKAN,2025-10-24,20.7,25.4
TARAKAN,2025-10-25,13.2,27.5
TARAKAN,2025-10-26,12.2,26.5
TARAKAN,2025-10-27,12.8,26.5
TARAKAN,2025-10-28,6.4,27.8
TARAKAN,2025-10-29,28.3,25.8
TARAKAN,2025-10-30,3.1,26.5
TARAKAN,2025-10-31,0.3,26.9
TARAKAN,2025-11-01,0.1,27.8
TARAKAN,2025-11-02,10.0,27.5
TARAKAN,2025-11-03,18.7,27.0
TARAKAN,2025-11-04,4.1,26.9
TARAKAN,2025-11-05,0.1,28.6
TARAKAN,2025-11-06,28.0,28.0
TARAKAN,2025-11-07,11.0,26.8
TARAKAN,2025-11-08,0.7,28.1
TARAKAN,2025-11-09,13.0,27.3
TARAKAN,2025-11-10,10.2,28.0
TARAKAN,2025-11-11,14.7,27.3
TARAKAN,2025-11-12,12.7,26.7
TARAKAN,2025-11-13,23.0,26.4
TARAKAN,2025-11-14,11.3,26.7
TARAKAN,2025-11-15,5.5,27.6
TARAKAN,2025-11-16,9.0,27.1
TARAKAN,2025-11-17,4.0,27.6
TARAKAN,2025-11-18,21.6,26.6
TARAKAN,2025-11-19,4.4,27.2
TARAKAN,2025-11-20,29.3,26.4
TARAKAN,2025-11-21,7.9,26.2
TARAKAN,2025-11-22,8.4,27.0
TARAKAN,2025-11-23,0.9,27.2
TARAKAN,2025-11-24,16.9,26.7
TARAKAN,2025-11-25,23.2,27.5
TARAKAN,2025-11-26,14.5,28.2
TARAKAN,2025-11-27,17.5,27.4
TARAKAN,2025-11-28,39.5,27.1
TARAKAN,2025-11-29,11.6,25.7
TARAKAN,2025-11-30,3.7,27.4
TARAKAN,2025-12-01,21.8,27.1
TARAKAN,2025-12-02,7.4,27.1
TARAKAN,2025-12-03,0.2,27.7
TARAKAN,2025-12-04,17.3,27.1
TARAKAN,2025-12-05,23.9,26.5
TARAKAN,2025-12-06,5.6,26.9
TARAKAN,2025-12-07,12.0,25.9
TARAKAN,2025-12-08,3.0,27.5
TARAKAN,2025-12-09,19.7,26.7
TARAKAN,2025-12-10,8.6,27.3
TARAKAN,2025-12-11,3.2,27.4
TARAKAN,2025-12-12,17.2,26.2
TARAKAN,2025-12-13,1.8,27.4
TARAKAN,2025-12-14,0.3,27.4
TARAKAN,2025-12-15,3.4,27.3
TARAKAN,2025-12-16,14.7,26.6
TARAKAN,2025-12-17,3.7,27.1
TARAKAN,2025-12-18,4.4,26.4
TARAKAN,2025-12-19,12.2,26.9
TARAKAN,2025-12-20,2.0,27.2
TARAKAN,2025-12-21,7.1,26.6
TARAKAN,2025-12-22,18.1,27.0
TARAKAN,2025-12-23,17.3,26.2
TARAKAN,2025-12-24,0.1,27.3
TARAKAN,2025-12-25,11.1,27.0
TARAKAN,2025-12-26,0.8,27.4
TARAKAN,2025-12-27,2.3,27.4
TARAKAN,2025-12-28,5.8,27.2
TARAKAN,2025-12-29,24.0,26.8
TARAKAN,2025-12-30,16.1,26.2
TARAKAN,2025-12-31,10.8,27.2
TARAKAN,2026-01-01,37.8,26.4
TARAKAN,2026-01-02,8.4,27.2
TARAKAN,2026-01-03,27.7,25.7
TARAKAN,2026-01-04,29.2,26.4
TARAKAN,2026-01-05,32.7,25.6
TARAKAN,2026-01-06,26.0,26.2
TARAKAN,2026-01-07,18.5,26.2
TARAKAN,2026-01-08,5.7,26.8
TARAKAN,2026-01-09,13.4,26.8
TARAKAN,2026-01-10,1.4,27.0
TARAKAN,2026-01-11,2.5,27.0
TARAKAN,2026-01-12,5.3,27.6
TARAKAN,2026-01-13,0.3,27.5
TARAKAN,2026-01-14,5.3,27.2
TARAKAN,2026-01-15,4.2,27.1
TARAKAN,2026-01-16,19.8,27.2
TARAKAN,2026-01-17,5.3,27.9
TARAKAN,2026-01-18,2.0,27.4
TARAKAN,2026-01-19,13.3,26.7
TARAKAN,2026-01-20,3.0,27.3
TARAKAN,2026-01-21,4.0,27.4
TARAKAN,2026-01-22,0.1,27.9
TARAKAN,2026-01-23,0.6,27.6
TARAKAN,2026-01-24,0.0,27.5
TARAKAN,2026-01-25,0.7,27.3
TARAKAN,2026-01-26,2.5,27.3
TARAKAN,2026-01-27,0.1,27.7
TARAKAN,2026-01-28,8.2,27.7
TARAKAN,2026-01-29,21.0,25.9
TARAKAN,2026-01-30,6.9,25.5
TARAKAN,2026-01-31,3.4,26.8
TARAKAN,2026-02-01,1.5,27.6
TARAKAN,2026-02-02,6.7,26.8
TARAKAN,2026-02-03,5.2,26.9
TARAKAN,2026-02-04,12.0,26.8
TARAKAN,2026-02-05,9.5,26.1
TARAKAN,2026-02-06,17.2,25.2
TARAKAN,2026-02-07,24.3,25.9
TARAKAN,2026-02-08,1.2,26.3
TARAKAN,2026-02-09,3.1,27.2
TARAKAN,2026-02-10,12.4,26.8
TARAKAN,2026-02-11,0.8,26.7
TARAKAN,2026-02-12,12.8,26.2
TARAKAN,2026-02-13,5.5,26.4
TARAKAN,2026-02-14,4.2,26.0
TARAKAN,2026-02-15,0.2,27.2
TARAKAN,2026-02-16,4.3,27.1
TARAKAN,2026-02-17,0.4,27.8
TARAKAN,2026-02-18,9.9,27.1
TARAKAN,2026-02-19,28.9,25.4
TARAKAN,2026-02-20,10.3,25.6
TARAKAN,2026-02-21,9.3,26.1
TARAKAN,2026-02-22,1.3,26.5
TARAKAN,2026-02-23,7.2,27.2
TARAKAN,2026-02-24,17.7,26.0
TARAKAN,2026-02-25,8.9,26.0
TARAKAN,2026-02-26,14.3,26.6
TARAKAN,2026-02-27,16.9,26.5
TARAKAN,2026-02-28,9.9,26.1
TARAKAN,2026-03-01,1.8,27.4
TARAKAN,2026-03-02,16.4,26.7
TARAKAN,2026-03-03,10.4,26.1
TARAKAN,2026-03-04,9.6,27.4
TARAKAN,2026-03-05,8.3,25.9
TARAKAN,2026-03-06,5.4,27.2
TARAKAN,2026-03-07,17.7,25.5
TARAKAN,2026-03-08,1.0,27.7
TARAKAN,2026-03-09,0.0,27.9
TARAKAN,2026-03-10,3.4,27.5
TARAKAN,2026-03-11,14.9,26.8
TARAKAN,2026-03-12,6.9,26.5
TARAKAN,2026-03-13,4.0,26.3
TARAKAN,2026-03-14,1.2,27.1
TARAKAN,2026-03-15,1.5,27.4
TARAKAN,2026-03-16,0.3,27.3
TARAKAN,2026-03-17,6.6,26.5
TARAKAN,2026-03-18,2.4,25.7
TARAKAN,2026-03-19,5.9,26.7
TARAKAN,2026-03-20,13.6,26.2
TARAKAN,2026-03-21,2.7,26.5
TARAKAN,2026-03-22,0.4,27.0
TARAKAN,2026-03-23,3.4,27.0
TARAKAN,2026-03-24,4.7,27.2
TARAKAN,2026-03-25,1.7,27.4
TARAKAN,2026-03-26,1.2,27.4
TARAKAN,2026-03-27,0.5,27.5
TARAKAN,2026-03-28,3.0,27.1
TARAKAN,2026-03-29,0.9,27.4
TARAKAN,2026-03-30,0.8,27.5
TARAKAN,2026-03-31,6.6,26.6
MAKASSAR,2025-03-15,0.8,27.5
MAKASSAR,2025-03-16,11.8,26.2
MAKASSAR,2025-03-17,19.2,25.6
MAKASSAR,2025-03-18,31.3,25.3
MAKASSAR,2025-03-19,19.9,25.9
MAKASSAR,2025-03-20,4.5,26.3
MAKASSAR,2025-03-21,12.7,26.0
MAKASSAR,2025-03-22,9.3,26.1
MAKASSAR,2025-03-23,14.5,26.6
MAKASSAR,2025-03-24,6.1,27.2
MAKASSAR,2025-03-25,12.9,26.4
MAKASSAR,2025-03-26,0.3,27.4
MAKASSAR,2025-03-27,0.0,27.9
MAKASSAR,2025-03-28,0.1,28.1
MAKASSAR,2025-03-29,8.7,27.2
MAKASSAR,2025-03-30,7.2,26.7
MAKASSAR,2025-03-31,7.1,27.2
MAKASSAR,2025-04-01,13.4,25.8
MAKASSAR,2025-04-02,8.7,26.2
MAKASSAR,2025-04-03,0.9,27.2
MAKASSAR,2025-04-04,3.9,26.7
MAKASSAR,2025-04-05,10.5,26.0
MAKASSAR,2025-04-06,14.2,26.0
MAKASSAR,2025-04-07,15.1,26.4
MAKASSAR,2025-04-08,4.4,27.1
MAKASSAR,2025-04-09,1.4,27.0
MAKASSAR,2025-04-10,0.7,27.0
MAKASSAR,2025-04-11,17.3,26.5
MAKASSAR,2025-04-12,3.8,26.5
MAKASSAR,2025-04-13,0.0,27.4
MAKASSAR,2025-04-14,9.6,26.5
MAKASSAR,2025-04-15,7.7,26.7
MAKASSAR,2025-04-16,1.9,26.9
MAKASSAR,2025-04-17,9.8,26.6
MAKASSAR,2025-04-18,29.7,26.1
MAKASSAR,2025-04-19,8.5,27.0
MAKASSAR,2025-04-20,0.7,27.4
MAKASSAR,2025-04-21,0.7,27.2
MAKASSAR,2025-04-22,1.0,27.5
MAKASSAR,2025-04-23,0.0,27.9
MAKASSAR,2025-04-24,0.9,27.8
MAKASSAR,2025-04-25,2.2,27.6
MAKASSAR,2025-04-26,2.7,27.1
MAKASSAR,2025-04-27,1.8,26.9
MAKASSAR,2025-04-28,0.0,28.0
MAKASSAR,2025-04-29,0.7,28.3
MAKASSAR,2025-04-30,0.7,28.0
MAKASSAR,2025-05-01,0.4,28.2
MAKASSAR,2025-05-02,0.1,28.6
MAKASSAR,2025-05-03,0.2,28.7
MAKASSAR,2025-05-04,0.4,28.9
MAKASSAR,2025-05-05,2.8,28.1
MAKASSAR,2025-05-06,1.5,27.6
MAKASSAR,2025-05-07,8.9,27.6
MAKASSAR,2025-05-08,0.8,28.2
MAKASSAR,2025-05-09,0.0,28.4
MAKASSAR,2025-05-10,4.0,27.3
MAKASSAR,2025-05-11,0.0,28.4
MAKASSAR,2025-05-12,0.0,28.9
MAKASSAR,2025-05-13,0.2,29.1
MAKASSAR,2025-05-14,6.2,28.4
MAKASSAR,2025-05-15,1.3,28.6
MAKASSAR,2025-05-16,12.8,28.1
MAKASSAR,2025-05-17,4.0,27.4
MAKASSAR,2025-05-18,0.7,27.9
MAKASSAR,2025-05-19,0.0,28.7
MAKASSAR,2025-05-20,8.3,27.7
MAKASSAR,2025-05-21,12.1,27.2
MAKASSAR,2025-05-22,5.0,28.0
MAKASSAR,2025-05-23,0.7,27.6
MAKASSAR,2025-05-24,0.0,28.7
MAKASSAR,2025-05-25,0.2,29.1
MAKASSAR,2025-05-26,0.1,29.4
MAKASSAR,2025-05-27,1.1,27.9
MAKASSAR,2025-05-28,0.4,28.8
MAKASSAR,2025-05-29,1.9,28.3
MAKASSAR,2025-05-30,0.2,28.4
MAKASSAR,2025-05-31,30.1,26.4
MAKASSAR,2025-06-01,50.8,25.4
MAKASSAR,2025-06-02,21.0,25.3
MAKASSAR,2025-06-03,4.3,26.0
MAKASSAR,2025-06-04,0.0,27.3
MAKASSAR,2025-06-05,0.6,27.2
MAKASSAR,2025-06-06,0.1,27.1
MAKASSAR,2025-06-07,2.0,26.7
MAKASSAR,2025-06-08,0.0,27.4
MAKASSAR,2025-06-09,0.0,27.4
MAKASSAR,2025-06-10,0.1,27.8
MAKASSAR,2025-06-11,3.3,28.1
MAKASSAR,2025-06-12,23.5,26.6
MAKASSAR,2025-06-13,1.4,27.6
MAKASSAR,2025-06-14,3.8,26.7
MAKASSAR,2025-06-15,0.9,27.0
MAKASSAR,2025-06-16,0.3,27.5
MAKASSAR,2025-06-17,0.3,27.1
MAKASSAR,2025-06-18,0.7,27.2
MAKASSAR,2025-06-19,0.9,27.1
MAKASSAR,2025-06-20,24.3,25.2
MAKASSAR,2025-06-21,1.4,26.9
MAKASSAR,2025-06-22,0.0,27.0
MAKASSAR,2025-06-23,4.9,25.6
MAKASSAR,2025-06-24,2.5,25.9
MAKASSAR,2025-06-25,3.3,26.4
MAKASSAR,2025-06-26,0.3,26.9
MAKASSAR,2025-06-27,1.9,27.0
MAKASSAR,2025-06-28,12.4,26.5
MAKASSAR,2025-06-29,34.5,24.5
MAKASSAR,2025-06-30,1.2,25.8
MAKASSAR,2025-07-01,0.1,27.1
MAKASSAR,2025-07-02,2.3,26.6
MAKASSAR,2025-07-03,1.5,26.7
MAKASSAR,2025-07-04,1.4,26.2
MAKASSAR,2025-07-05,9.3,25.7
MAKASSAR,2025-07-06,0.1,26.9
MAKASSAR,2025-07-07,0.0,26.9
MAKASSAR,2025-07-08,0.8,26.2
MAKASSAR,2025-07-09,2.8,26.5
MAKASSAR,2025-07-10,1.7,25.6
MAKASSAR,2025-07-11,0.0,26.1
MAKASSAR,2025-07-12,1.5,27.3
MAKASSAR,2025-07-13,0.0,27.1
MAKASSAR,2025-07-14,13.4,26.5
MAKASSAR,2025-07-15,1.8,26.2
MAKASSAR,2025-07-16,0.0,26.5
MAKASSAR,2025-07-17,0.0,26.1
MAKASSAR,2025-07-18,0.0,25.5
MAKASSAR,2025-07-19,0.0,25.4
MAKASSAR,2025-07-20,0.0,26.3
MAKASSAR,2025-07-21,0.2,27.1
MAKASSAR,2025-07-22,0.0,27.7
MAKASSAR,2025-07-23,0.0,28.2
MAKASSAR,2025-07-24,0.0,28.5
MAKASSAR,2025-07-25,0.0,29.3
MAKASSAR,2025-07-26,0.0,29.5
MAKASSAR,2025-07-27,0.0,28.6
MAKASSAR,2025-07-28,0.0,28.9
MAKASSAR,2025-07-29,2.6,28.7
MAKASSAR,2025-07-30,0.4,28.4
MAKASSAR,2025-07-31,0.9,28.0
MAKASSAR,2025-08-01,0.3,28.6
MAKASSAR,2025-08-02,0.3,29.2
MAKASSAR,2025-08-03,0.2,28.9
MAKASSAR,2025-08-04,0.0,29.0
MAKASSAR,2025-08-05,1.3,28.8
MAKASSAR,2025-08-06,0.4,28.6
MAKASSAR,2025-08-07,0.0,28.4
MAKASSAR,2025-08-08,4.4,27.3
MAKASSAR,2025-08-09,0.2,28.0
MAKASSAR,2025-08-10,1.6,27.6
MAKASSAR,2025-08-11,8.6,27.6
MAKASSAR,2025-08-12,0.0,27.8
MAKASSAR,2025-08-13,0.0,27.5
MAKASSAR,2025-08-14,0.0,27.6
MAKASSAR,2025-08-15,0.0,27.7
MAKASSAR,2025-08-16,0.0,27.8
MAKASSAR,2025-08-17,1.4,28.0
MAKASSAR,2025-08-18,2.1,27.0
MAKASSAR,2025-08-19,12.9,26.8
MAKASSAR,2025-08-20,0.0,27.0
MAKASSAR,2025-08-21,5.0,26.8
MAKASSAR,2025-08-22,0.0,27.2
MAKASSAR,2025-08-23,0.3,26.9
MAKASSAR,2025-08-24,1.2,27.1
MAKASSAR,2025-08-25,3.0,26.7
MAKASSAR,2025-08-26,7.2,26.0
MAKASSAR,2025-08-27,0.0,27.1
MAKASSAR,2025-08-28,0.3,27.4
MAKASSAR,2025-08-29,0.2,27.6
MAKASSAR,2025-08-30,0.0,28.1
MAKASSAR,2025-08-31,0.0,28.3
MAKASSAR,2025-09-01,0.3,28.9
MAKASSAR,2025-09-02,0.0,29.1
MAKASSAR,2025-09-03,0.0,29.5
MAKASSAR,2025-09-04,0.0,29.5
MAKASSAR,2025-09-05,0.1,29.3
MAKASSAR,2025-09-06,0.3,28.6
MAKASSAR,2025-09-07,3.3,27.6
MAKASSAR,2025-09-08,17.0,27.0
MAKASSAR,2025-09-09,36.0,25.8
MAKASSAR,2025-09-10,2.5,26.0
MAKASSAR,2025-09-11,0.4,27.3
MAKASSAR,2025-09-12,0.0,27.6
MAKASSAR,2025-09-13,0.0,27.8
MAKASSAR,2025-09-14,0.2,27.5
MAKASSAR,2025-09-15,0.2,28.3
MAKASSAR,2025-09-16,0.0,28.3
MAKASSAR,2025-09-17,1.0,28.2
MAKASSAR,2025-09-18,0.0,29.0
MAKASSAR,2025-09-19,0.0,29.1
MAKASSAR,2025-09-20,0.1,29.0
MAKASSAR,2025-09-21,1.7,28.4
MAKASSAR,2025-09-22,0.9,29.0
MAKASSAR,2025-09-23,0.4,28.8
MAKASSAR,2025-09-24,0.2,29.2
MAKASSAR,2025-09-25,0.0,29.4
MAKASSAR,2025-09-26,0.1,29.9
MAKASSAR,2025-09-27,0.2,29.6
MAKASSAR,2025-09-28,19.3,27.9
MAKASSAR,2025-09-29,3.9,28.5
MAKASSAR,2025-09-30,0.4,28.0
MAKASSAR,2025-10-01,0.2,28.1
MAKASSAR,2025-10-02,0.0,28.8
MAKASSAR,2025-10-03,2.2,29.2
MAKASSAR,2025-10-04,3.0,28.3
MAKASSAR,2025-10-05,1.4,27.2
MAKASSAR,2025-10-06,3.1,27.0
MAKASSAR,2025-10-07,2.5,27.6
MAKASSAR,2025-10-08,2.2,28.1
MAKASSAR,2025-10-09,0.9,27.9
MAKASSAR,2025-10-10,0.2,28.6
MAKASSAR,2025-10-11,6.9,28.6
MAKASSAR,2025-10-12,2.5,28.6
MAKASSAR,2025-10-13,3.2,28.4
MAKASSAR,2025-10-14,1.3,27.9
MAKASSAR,2025-10-15,0.2,28.6
MAKASSAR,2025-10-16,0.2,29.5
MAKASSAR,2025-10-17,0.6,29.5
MAKASSAR,2025-10-18,5.5,28.7
MAKASSAR,2025-10-19,3.3,28.1
MAKASSAR,2025-10-20,26.1,27.3
MAKASSAR,2025-10-21,2.4,27.2
MAKASSAR,2025-10-22,10.2,26.6
MAKASSAR,2025-10-23,5.7,26.3
MAKASSAR,2025-10-24,0.3,27.3
MAKASSAR,2025-10-25,15.9,27.3
MAKASSAR,2025-10-26,8.1,26.5
MAKASSAR,2025-10-27,9.5,26.1
MAKASSAR,2025-10-28,1.0,27.6
MAKASSAR,2025-10-29,28.8,26.8
MAKASSAR,2025-10-30,0.5,27.8
MAKASSAR,2025-10-31,5.7,27.3
MAKASSAR,2025-11-01,0.0,27.9
MAKASSAR,2025-11-02,1.1,27.8
MAKASSAR,2025-11-03,0.2,28.2
MAKASSAR,2025-11-04,0.1,28.1
MAKASSAR,2025-11-05,0.7,28.5
MAKASSAR,2025-11-06,0.9,28.0
MAKASSAR,2025-11-07,3.5,27.6
MAKASSAR,2025-11-08,19.1,27.4
MAKASSAR,2025-11-09,16.7,26.0
MAKASSAR,2025-11-10,10.0,25.9
MAKASSAR,2025-11-11,2.9,26.1
MAKASSAR,2025-11-12,26.4,26.1
MAKASSAR,2025-11-13,17.8,25.5
MAKASSAR,2025-11-14,26.4,25.7
MAKASSAR,2025-11-15,14.9,25.6
MAKASSAR,2025-11-16,0.3,27.5
MAKASSAR,2025-11-17,0.1,27.7
MAKASSAR,2025-11-18,6.4,27.3
MAKASSAR,2025-11-19,10.5,26.5
MAKASSAR,2025-11-20,4.8,27.1
MAKASSAR,2025-11-21,4.2,26.6
MAKASSAR,2025-11-22,6.2,27.2
MAKASSAR,2025-11-23,3.5,26.7
MAKASSAR,2025-11-24,4.5,26.7
MAKASSAR,2025-11-25,2.4,27.1
MAKASSAR,2025-11-26,6.2,27.2
MAKASSAR,2025-11-27,0.0,28.3
MAKASSAR,2025-11-28,0.5,28.3
MAKASSAR,2025-11-29,3.2,27.8
MAKASSAR,2025-11-30,14.1,26.5
MAKASSAR,2025-12-01,0.8,27.5
MAKASSAR,2025-12-02,13.0,26.9
MAKASSAR,2025-12-03,1.5,27.3
MAKASSAR,2025-12-04,3.4,26.7
MAKASSAR,2025-12-05,24.1,25.7
MAKASSAR,2025-12-06,6.3,26.6
MAKASSAR,2025-12-07,1.7,26.9
MAKASSAR,2025-12-08,9.6,26.4
MAKASSAR,2025-12-09,13.4,25.5
MAKASSAR,2025-12-10,9.0,26.2
MAKASSAR,2025-12-11,0.5,27.5
MAKASSAR,2025-12-12,13.9,26.5
MAKASSAR,2025-12-13,24.1,26.1
MAKASSAR,2025-12-14,3.1,26.2
MAKASSAR,2025-12-15,6.5,25.8
MAKASSAR,2025-12-16,22.9,25.8
MAKASSAR,2025-12-17,3.9,26.9
MAKASSAR,2025-12-18,2.8,27.7
MAKASSAR,2025-12-19,12.1,26.3
MAKASSAR,2025-12-20,29.4,26.2
MAKASSAR,2025-12-21,14.1,25.9
MAKASSAR,2025-12-22,9.6,26.1
MAKASSAR,2025-12-23,32.9,26.2
MAKASSAR,2025-12-24,16.8,26.4
MAKASSAR,2025-12-25,2.8,26.9
MAKASSAR,2025-12-26,4.7,27.4
MAKASSAR,2025-12-27,37.6,26.1
MAKASSAR,2025-12-28,12.0,26.5
MAKASSAR,2025-12-29,4.9,27.1
MAKASSAR,2025-12-30,5.9,26.0
MAKASSAR,2025-12-31,7.7,27.0
MAKASSAR,2026-01-01,26.6,25.6
MAKASSAR,2026-01-02,5.8,27.0
MAKASSAR,2026-01-03,8.6,26.2
MAKASSAR,2026-01-04,20.5,25.5
MAKASSAR,2026-01-05,9.4,25.8
MAKASSAR,2026-01-06,22.5,25.6
MAKASSAR,2026-01-07,15.4,25.4
MAKASSAR,2026-01-08,13.3,25.6
MAKASSAR,2026-01-09,20.9,25.6
MAKASSAR,2026-01-10,36.7,25.2
MAKASSAR,2026-01-11,37.7,24.5
MAKASSAR,2026-01-12,7.8,25.3
MAKASSAR,2026-01-13,9.9,26.1
MAKASSAR,2026-01-14,2.6,27.3
MAKASSAR,2026-01-15,8.9,26.4
MAKASSAR,2026-01-16,4.4,26.9
MAKASSAR,2026-01-17,2.4,26.8
MAKASSAR,2026-01-18,18.8,26.0
MAKASSAR,2026-01-19,20.4,26.2
MAKASSAR,2026-01-20,29.3,25.7
MAKASSAR,2026-01-21,19.9,26.3
MAKASSAR,2026-01-22,3.9,27.7
MAKASSAR,2026-01-23,0.2,28.4
MAKASSAR,2026-01-24,2.0,27.8
MAKASSAR,2026-01-25,2.5,27.3
MAKASSAR,2026-01-26,3.0,26.7
MAKASSAR,2026-01-27,0.9,27.0
MAKASSAR,2026-01-28,17.0,25.6
MAKASSAR,2026-01-29,7.6,26.1
MAKASSAR,2026-01-30,0.6,27.4
MAKASSAR,2026-01-31,14.3,25.8
MAKASSAR,2026-02-01,19.1,25.6
MAKASSAR,2026-02-02,33.0,25.4
MAKASSAR,2026-02-03,17.6,25.6
MAKASSAR,2026-02-04,14.8,25.3
MAKASSAR,2026-02-05,32.5,25.3
MAKASSAR,2026-02-06,7.2,25.7
MAKASSAR,2026-02-07,22.4,25.5
MAKASSAR,2026-02-08,17.0,25.2
MAKASSAR,2026-02-09,4.9,26.7
MAKASSAR,2026-02-10,14.4,26.6
MAKASSAR,2026-02-11,11.0,25.5
MAKASSAR,2026-02-12,7.2,26.4
MAKASSAR,2026-02-13,46.0,24.9
MAKASSAR,2026-02-14,10.9,26.1
MAKASSAR,2026-02-15,0.0,27.4
MAKASSAR,2026-02-16,0.5,27.6
MAKASSAR,2026-02-17,2.3,27.1
MAKASSAR,2026-02-18,29.9,25.8
MAKASSAR,2026-02-19,5.1,26.5
MAKASSAR,2026-02-20,7.3,26.8
MAKASSAR,2026-02-21,55.4,25.5
MAKASSAR,2026-02-22,6.2,26.1
MAKASSAR,2026-02-23,21.6,25.9
MAKASSAR,2026-02-24,35.0,25.0
MAKASSAR,2026-02-25,48.0,24.8
MAKASSAR,2026-02-26,18.2,26.4
MAKASSAR,2026-02-27,30.9,25.9
MAKASSAR,2026-02-28,9.1,26.8
MAKASSAR,2026-03-01,0.3,28.1
MAKASSAR,2026-03-02,2.2,27.8
MAKASSAR,2026-03-03,10.7,27.1
MAKASSAR,2026-03-04,11.7,25.9
MAKASSAR,2026-03-05,8.7,26.8
MAKASSAR,2026-03-06,21.0,27.0
MAKASSAR,2026-03-07,37.6,25.5
MAKASSAR,2026-03-08,13.5,25.4
MAKASSAR,2026-03-09,5.6,25.8
MAKASSAR,2026-03-10,3.5,26.1
MAKASSAR,2026-03-11,9.2,25.3
MAKASSAR,2026-03-12,20.3,25.1
MAKASSAR,2026-03-13,7.3,25.6
MAKASSAR,2026-03-14,5.0,26.6
MAKASSAR,2026-03-15,8.0,26.4
MAKASSAR,2026-03-16,4.1,26.7
MAKASSAR,2026-03-17,8.1,26.3
MAKASSAR,2026-03-18,5.7,26.3
MAKASSAR,2026-03-19,35.6,25.2
MAKASSAR,2026-03-20,25.2,24.4
MAKASSAR,2026-03-21,16.7,25.8
MAKASSAR,2026-03-22,26.2,25.0
MAKASSAR,2026-03-23,19.2,25.3
MAKASSAR,2026-03-24,11.3,25.9
MAKASSAR,2026-03-25,4.6,26.4
MAKASSAR,2026-03-26,0.0,27.4
MAKASSAR,2026-03-27,0.1,27.6
MAKASSAR,2026-03-28,0.1,27.9
MAKASSAR,2026-03-29,1.7,27.3
MAKASSAR,2026-03-30,7.7,27.1
MAKASSAR,2026-03-31,16.7,26.2
MANADO,2025-03-15,13.9,26.0
MANADO,2025-03-16,6.1,25.6
MANADO,2025-03-17,4.1,25.6
MANADO,2025-03-18,3.9,26.2
MANADO,2025-03-19,2.2,26.1
MANADO,2025-03-20,11.4,25.8
MANADO,2025-03-21,33.0,24.8
MANADO,2025-03-22,49.0,24.1
MANADO,2025-03-23,5.3,26.0
MANADO,2025-03-24,13.2,25.5
MANADO,2025-03-25,0.2,26.8
MANADO,2025-03-26,0.0,27.3
MANADO,2025-03-27,0.0,27.5
MANADO,2025-03-28,0.5,27.7
MANADO,2025-03-29,1.0,27.9
MANADO,2025-03-30,4.3,26.0
MANADO,2025-03-31,13.5,25.6
MANADO,2025-04-01,1.7,26.2
MANADO,2025-04-02,11.2,25.5
MANADO,2025-04-03,4.2,25.6
MANADO,2025-04-04,12.1,25.2
MANADO,2025-04-05,1.2,26.4
MANADO,2025-04-06,27.5,25.3
MANADO,2025-04-07,10.6,25.8
MANADO,2025-04-08,15.3,25.8
MANADO,2025-04-09,4.7,26.1
MANADO,2025-04-10,1.0,25.9
MANADO,2025-04-11,0.4,26.9
MANADO,2025-04-12,2.0,26.8
MANADO,2025-04-13,7.8,26.2
MANADO,2025-04-14,19.1,25.8
MANADO,2025-04-15,8.0,26.2
MANADO,2025-04-16,11.2,25.0
MANADO,2025-04-17,1.2,26.7
MANADO,2025-04-18,6.7,26.5
MANADO,2025-04-19,6.7,25.4
MANADO,2025-04-20,1.5,26.2
MANADO,2025-04-21,2.7,26.7
MANADO,2025-04-22,2.9,26.3
MANADO,2025-04-23,29.0,25.1
MANADO,2025-04-24,6.9,25.8
MANADO,2025-04-25,23.0,25.6
MANADO,2025-04-26,41.3,24.9
MANADO,2025-04-27,0.3,26.3
MANADO,2025-04-28,1.8,26.3
MANADO,2025-04-29,9.5,26.1
MANADO,2025-04-30,1.6,26.4
MANADO,2025-05-01,11.9,26.1
MANADO,2025-05-02,19.6,26.0
MANADO,2025-05-03,0.5,26.3
MANADO,2025-05-04,7.1,26.8
MANADO,2025-05-05,2.9,26.7
MANADO,2025-05-06,1.1,26.5
MANADO,2025-05-07,0.2,27.0
MANADO,2025-05-08,0.9,27.1
MANADO,2025-05-09,10.7,27.1
MANADO,2025-05-10,1.8,26.5
MANADO,2025-05-11,0.4,26.8
MANADO,2025-05-12,3.8,26.9
MANADO,2025-05-13,2.1,26.8
MANADO,2025-05-14,3.7,26.2
MANADO,2025-05-15,2.5,26.8
MANADO,2025-05-16,7.0,26.4
MANADO,2025-05-17,13.3,26.8
MANADO,2025-05-18,10.2,25.9
MANADO,2025-05-19,1.1,27.0
MANADO,2025-05-20,4.9,26.6
MANADO,2025-05-21,19.0,25.6
MANADO,2025-05-22,3.1,26.2
MANADO,2025-05-23,3.0,26.4
MANADO,2025-05-24,12.7,26.5
MANADO,2025-05-25,9.0,26.1
MANADO,2025-05-26,1.8,27.7
MANADO,2025-05-27,11.8,26.8
MANADO,2025-05-28,9.5,26.3
MANADO,2025-05-29,6.5,26.2
MANADO,2025-05-30,6.8,26.8
MANADO,2025-05-31,12.2,26.0
MANADO,2025-06-01,7.0,25.7
MANADO,2025-06-02,23.2,24.9
MANADO,2025-06-03,20.3,25.3
MANADO,2025-06-04,3.8,25.5
MANADO,2025-06-05,0.0,26.8
MANADO,2025-06-06,0.0,27.1
MANADO,2025-06-07,4.0,26.5
MANADO,2025-06-08,0.9,27.1
MANADO,2025-06-09,0.3,27.2
MANADO,2025-06-10,0.6,27.6
MANADO,2025-06-11,2.2,27.7
MANADO,2025-06-12,9.6,26.5
MANADO,2025-06-13,8.0,26.4
MANADO,2025-06-14,30.8,25.8
MANADO,2025-06-15,11.3,26.3
MANADO,2025-06-16,3.4,26.5
MANADO,2025-06-17,29.7,25.5
MANADO,2025-06-18,4.9,25.1
MANADO,2025-06-19,6.1,25.4
MANADO,2025-06-20,8.4,25.7
MANADO,2025-06-21,28.0,24.5
MANADO,2025-06-22,3.7,25.0
MANADO,2025-06-23,0.3,26.2
MANADO,2025-06-24,0.0,27.0
MANADO,2025-06-25,2.0,26.3
MANADO,2025-06-26,0.0,26.5
MANADO,2025-06-27,0.0,26.6
MANADO,2025-06-28,0.0,27.2
MANADO,2025-06-29,0.6,27.2
MANADO,2025-06-30,8.6,26.8
MANADO,2025-07-01,0.2,26.5
MANADO,2025-07-02,4.3,26.6
MANADO,2025-07-03,0.0,27.2
MANADO,2025-07-04,12.2,26.6
MANADO,2025-07-05,0.9,26.9
MANADO,2025-07-06,18.8,26.3
MANADO,2025-07-07,4.1,25.8
MANADO,2025-07-08,6.2,25.9
MANADO,2025-07-09,1.0,26.7
MANADO,2025-07-10,1.0,26.8
MANADO,2025-07-11,0.3,26.6
MANADO,2025-07-12,0.8,27.1
MANADO,2025-07-13,2.5,26.9
MANADO,2025-07-14,19.7,26.6
MANADO,2025-07-15,1.2,26.0
MANADO,2025-07-16,15.2,25.7
MANADO,2025-07-17,1.7,26.1
MANADO,2025-07-18,0.0,26.2
MANADO,2025-07-19,0.0,27.2
MANADO,2025-07-20,0.0,27.4
MANADO,2025-07-21,0.0,27.4
MANADO,2025-07-22,0.0,27.2
MANADO,2025-07-23,0.0,28.2
MANADO,2025-07-24,0.2,28.7
MANADO,2025-07-25,0.0,28.7
MANADO,2025-07-26,0.1,28.6
MANADO,2025-07-27,0.0,28.6
MANADO,2025-07-28,0.2,28.4
MANADO,2025-07-29,0.2,28.2
MANADO,2025-07-30,0.9,28.5
MANADO,2025-07-31,1.3,28.7
MANADO,2025-08-01,1.0,28.7
MANADO,2025-08-02,0.9,28.8
MANADO,2025-08-03,1.1,28.8
MANADO,2025-08-04,1.0,27.3
MANADO,2025-08-05,9.6,26.3
MANADO,2025-08-06,4.7,25.2
MANADO,2025-08-07,9.3,24.6
MANADO,2025-08-08,1.1,26.1
MANADO,2025-08-09,0.6,26.7
MANADO,2025-08-10,2.0,26.4
MANADO,2025-08-11,3.7,25.4
MANADO,2025-08-12,22.1,25.2
MANADO,2025-08-13,0.0,26.1
MANADO,2025-08-14,1.2,26.3
MANADO,2025-08-15,15.5,25.8
MANADO,2025-08-16,7.3,26.2
MANADO,2025-08-17,20.5,25.9
MANADO,2025-08-18,23.4,25.3
MANADO,2025-08-19,25.7,25.6
MANADO,2025-08-20,19.3,26.4
MANADO,2025-08-21,11.1,25.0
MANADO,2025-08-22,20.6,25.1
MANADO,2025-08-23,32.7,24.5
MANADO,2025-08-24,2.1,26.0
MANADO,2025-08-25,5.7,25.8
MANADO,2025-08-26,1.0,26.3
MANADO,2025-08-27,4.4,25.8
MANADO,2025-08-28,0.2,27.2
MANADO,2025-08-29,0.0,27.4
MANADO,2025-08-30,0.7,26.7
MANADO,2025-08-31,0.1,26.7
MANADO,2025-09-01,1.8,26.8
MANADO,2025-09-02,9.1,26.9
MANADO,2025-09-03,0.5,26.9
MANADO,2025-09-04,9.8,26.4
MANADO,2025-09-05,12.2,26.6
MANADO,2025-09-06,20.6,26.3
MANADO,2025-09-07,20.1,26.3
MANADO,2025-09-08,7.0,25.7
MANADO,2025-09-09,6.3,25.4
MANADO,2025-09-10,6.2,26.1
MANADO,2025-09-11,3.2,26.6
MANADO,2025-09-12,2.3,26.4
MANADO,2025-09-13,1.9,26.2
MANADO,2025-09-14,12.7,25.9
MANADO,2025-09-15,6.5,25.7
MANADO,2025-09-16,25.3,25.0
MANADO,2025-09-17,15.3,25.2
MANADO,2025-09-18,7.4,26.2
MANADO,2025-09-19,3.8,25.8
MANADO,2025-09-20,1.8,25.9
MANADO,2025-09-21,0.4,26.8
MANADO,2025-09-22,1.5,26.7
MANADO,2025-09-23,12.0,25.1
MANADO,2025-09-24,1.4,26.8
MANADO,2025-09-25,0.0,27.2
MANADO,2025-09-26,1.0,27.3
MANADO,2025-09-27,0.7,26.8
MANADO,2025-09-28,1.0,27.4
MANADO,2025-09-29,5.9,26.9
MANADO,2025-09-30,0.9,26.9
MANADO,2025-10-01,1.8,26.5
MANADO,2025-10-02,17.3,26.4
MANADO,2025-10-03,23.6,26.9
MANADO,2025-10-04,3.4,26.0
MANADO,2025-10-05,4.8,25.3
MANADO,2025-10-06,41.1,24.2
MANADO,2025-10-07,0.0,26.4
MANADO,2025-10-08,0.4,26.6
MANADO,2025-10-09,0.0,27.1
MANADO,2025-10-10,0.7,26.1
MANADO,2025-10-11,0.0,27.0
MANADO,2025-10-12,0.2,27.6
MANADO,2025-10-13,0.5,27.0
MANADO,2025-10-14,2.7,26.9
MANADO,2025-10-15,0.5,27.0
MANADO,2025-10-16,0.9,27.4
MANADO,2025-10-17,0.0,27.6
MANADO,2025-10-18,1.8,27.6
MANADO,2025-10-19,1.6,27.5
MANADO,2025-10-20,0.9,28.4
MANADO,2025-10-21,0.4,27.9
MANADO,2025-10-22,0.7,27.8
MANADO,2025-10-23,9.8,26.6
MANADO,2025-10-24,11.7,26.5
MANADO,2025-10-25,13.2,26.2
MANADO,2025-10-26,8.6,26.1
MANADO,2025-10-27,1.6,26.5
MANADO,2025-10-28,1.0,27.5
MANADO,2025-10-29,14.9,26.6
MANADO,2025-10-30,2.2,26.5
MANADO,2025-10-31,1.2,27.0
MANADO,2025-11-01,0.1,27.3
MANADO,2025-11-02,0.3,28.1
MANADO,2025-11-03,0.2,28.1
MANADO,2025-11-04,1.3,27.3
MANADO,2025-11-05,0.3,27.4
MANADO,2025-11-06,1.2,27.7
MANADO,2025-11-07,4.6,27.4
MANADO,2025-11-08,0.9,28.3
MANADO,2025-11-09,0.3,28.9
MANADO,2025-11-10,0.1,28.0
MANADO,2025-11-11,0.9,28.3
MANADO,2025-11-12,0.5,27.8
MANADO,2025-11-13,10.0,26.5
MANADO,2025-11-14,5.2,26.0
MANADO,2025-11-15,0.0,27.7
MANADO,2025-11-16,1.1,27.3
MANADO,2025-11-17,6.5,26.1
MANADO,2025-11-18,23.8,25.3
MANADO,2025-11-19,15.4,25.6
MANADO,2025-11-20,20.2,26.2
MANADO,2025-11-21,28.3,25.0
MANADO,2025-11-22,0.2,27.3
MANADO,2025-11-23,1.1,27.5
MANADO,2025-11-24,0.7,28.0
MANADO,2025-11-25,0.0,27.8
MANADO,2025-11-26,2.7,28.3
MANADO,2025-11-27,1.4,27.7
MANADO,2025-11-28,1.2,27.9
MANADO,2025-11-29,8.9,27.2
MANADO,2025-11-30,3.9,25.6
MANADO,2025-12-01,3.3,26.1
MANADO,2025-12-02,4.0,26.3
MANADO,2025-12-03,9.6,25.6
MANADO,2025-12-04,3.9,26.1
MANADO,2025-12-05,1.7,27.2
MANADO,2025-12-06,12.0,26.3
MANADO,2025-12-07,5.1,26.5
MANADO,2025-12-08,2.9,26.7
MANADO,2025-12-09,26.3,25.7
MANADO,2025-12-10,13.9,26.0
MANADO,2025-12-11,5.7,26.4
MANADO,2025-12-12,5.5,25.9
MANADO,2025-12-13,11.0,25.4
MANADO,2025-12-14,3.3,26.6
MANADO,2025-12-15,2.1,26.1
MANADO,2025-12-16,0.9,26.4
MANADO,2025-12-17,7.1,26.1
MANADO,2025-12-18,7.2,25.5
MANADO,2025-12-19,16.5,25.2
MANADO,2025-12-20,0.9,26.8
MANADO,2025-12-21,0.2,27.1
MANADO,2025-12-22,4.3,27.0
MANADO,2025-12-23,5.6,27.2
MANADO,2025-12-24,2.2,27.7
MANADO,2025-12-25,7.4,26.4
MANADO,2025-12-26,2.5,27.1
MANADO,2025-12-27,2.5,27.2
MANADO,2025-12-28,12.3,26.3
MANADO,2025-12-29,5.1,26.6
MANADO,2025-12-30,0.2,27.4
MANADO,2025-12-31,1.5,26.5
MANADO,2026-01-01,3.1,27.0
MANADO,2026-01-02,6.0,26.6
MANADO,2026-01-03,6.6,25.6
MANADO,2026-01-04,7.8,25.4
MANADO,2026-01-05,52.3,24.5
MANADO,2026-01-06,31.5,24.6
MANADO,2026-01-07,7.3,25.5
MANADO,2026-01-08,1.5,26.8
MANADO,2026-01-09,0.6,26.6
MANADO,2026-01-10,1.9,26.4
MANADO,2026-01-11,4.5,25.5
MANADO,2026-01-12,10.8,25.1
MANADO,2026-01-13,3.5,25.8
MANADO,2026-01-14,1.8,26.9
MANADO,2026-01-15,0.9,27.5
MANADO,2026-01-16,0.5,27.6
MANADO,2026-01-17,2.1,27.1
MANADO,2026-01-18,2.3,27.2
MANADO,2026-01-19,2.6,26.8
MANADO,2026-01-20,7.7,26.0
MANADO,2026-01-21,6.4,25.4
MANADO,2026-01-22,3.0,26.9
MANADO,2026-01-23,0.6,26.8
MANADO,2026-01-24,0.4,26.7
MANADO,2026-01-25,0.0,27.3
MANADO,2026-01-26,0.3,27.2
MANADO,2026-01-27,0.9,27.4
MANADO,2026-01-28,0.6,27.4
MANADO,2026-01-29,1.2,27.5
MANADO,2026-01-30,9.5,26.2
MANADO,2026-01-31,35.4,25.3
MANADO,2026-02-01,2.7,27.0
MANADO,2026-02-02,2.0,27.3
MANADO,2026-02-03,0.1,27.8
MANADO,2026-02-04,0.6,27.3
MANADO,2026-02-05,2.7,27.3
MANADO,2026-02-06,10.2,25.9
MANADO,2026-02-07,4.2,26.4
MANADO,2026-02-08,13.7,25.7
MANADO,2026-02-09,2.8,26.9
MANADO,2026-02-10,19.6,26.9
MANADO,2026-02-11,9.2,26.5
MANADO,2026-02-12,12.3,25.3
MANADO,2026-02-13,3.1,26.6
MANADO,2026-02-14,26.2,24.9
MANADO,2026-02-15,2.2,26.0
MANADO,2026-02-16,31.9,25.9
MANADO,2026-02-17,13.7,25.8
MANADO,2026-02-18,25.9,24.7
MANADO,2026-02-19,12.0,25.2
MANADO,2026-02-20,4.9,25.4
MANADO,2026-02-21,3.7,26.1
MANADO,2026-02-22,4.8,26.3
MANADO,2026-02-23,6.1,26.1
MANADO,2026-02-24,2.4,26.8
MANADO,2026-02-25,33.3,24.8
MANADO,2026-02-26,2.8,26.9
MANADO,2026-02-27,3.2,26.6
MANADO,2026-02-28,11.9,25.4
MANADO,2026-03-01,5.5,26.0
MANADO,2026-03-02,3.2,27.1
MANADO,2026-03-03,2.6,27.7
MANADO,2026-03-04,3.0,27.0
MANADO,2026-03-05,6.8,25.9
MANADO,2026-03-06,7.1,26.4
MANADO,2026-03-07,6.3,26.0
MANADO,2026-03-08,0.4,27.1
MANADO,2026-03-09,2.2,26.7
MANADO,2026-03-10,6.6,26.4
MANADO,2026-03-11,17.7,25.0
MANADO,2026-03-12,15.9,25.2
MANADO,2026-03-13,12.0,25.0
MANADO,2026-03-14,4.0,26.0
MANADO,2026-03-15,3.9,25.9
MANADO,2026-03-16,6.0,25.8
MANADO,2026-03-17,1.9,25.9
MANADO,2026-03-18,11.4,26.0
MANADO,2026-03-19,4.4,25.8
MANADO,2026-03-20,5.5,26.6
MANADO,2026-03-21,1.6,26.8
MANADO,2026-03-22,2.6,26.1
MANADO,2026-03-23,1.1,27.1
MANADO,2026-03-24,0.8,26.8
MANADO,2026-03-25,5.6,26.4
MANADO,2026-03-26,0.4,26.6
MANADO,2026-03-27,1.1,26.5
MANADO,2026-03-28,1.0,27.0
MANADO,2026-03-29,0.6,27.2
MANADO,2026-03-30,0.6,27.9
MANADO,2026-03-31,0.0,28.1
GORONTALO,2025-03-15,3.8,26.9
GORONTALO,2025-03-16,27.7,25.9
GORONTALO,2025-03-17,10.5,26.0
GORONTALO,2025-03-18,1.3,26.7
GORONTALO,2025-03-19,20.9,26.0
GORONTALO,2025-03-20,13.8,26.2
GORONTALO,2025-03-21,5.5,26.2
GORONTALO,2025-03-22,7.4,25.8
GORONTALO,2025-03-23,1.1,26.8
GORONTALO,2025-03-24,7.5,26.7
GORONTALO,2025-03-25,3.6,27.0
GORONTALO,2025-03-26,1.1,27.5
GORONTALO,2025-03-27,1.2,27.5
GORONTALO,2025-03-28,9.9,27.3
GORONTALO,2025-03-29,3.0,27.2
GORONTALO,2025-03-30,7.2,26.7
GORONTALO,2025-03-31,8.2,26.7
GORONTALO,2025-04-01,8.4,26.5
GORONTALO,2025-04-02,0.5,26.5
GORONTALO,2025-04-03,2.8,26.8
GORONTALO,2025-04-04,3.5,26.3
GORONTALO,2025-04-05,6.9,26.8
GORONTALO,2025-04-06,0.5,26.4
GORONTALO,2025-04-07,3.6,26.9
GORONTALO,2025-04-08,4.1,26.5
GORONTALO,2025-04-09,8.5,26.3
GORONTALO,2025-04-10,11.6,26.4
GORONTALO,2025-04-11,10.4,26.3
GORONTALO,2025-04-12,0.7,27.2
GORONTALO,2025-04-13,4.8,26.3
GORONTALO,2025-04-14,8.6,26.4
GORONTALO,2025-04-15,9.8,26.5
GORONTALO,2025-04-16,12.7,25.9
GORONTALO,2025-04-17,7.3,26.8
GORONTALO,2025-04-18,0.5,27.2
GORONTALO,2025-04-19,23.7,25.9
GORONTALO,2025-04-20,0.7,27.0
GORONTALO,2025-04-21,6.7,26.6
GORONTALO,2025-04-22,3.2,26.3
GORONTALO,2025-04-23,23.1,25.4
GORONTALO,2025-04-24,11.4,26.4
GORONTALO,2025-04-25,16.6,26.2
GORONTALO,2025-04-26,11.3,25.9
GORONTALO,2025-04-27,0.1,26.4
GORONTALO,2025-04-28,1.3,26.7
GORONTALO,2025-04-29,1.2,26.9
GORONTALO,2025-04-30,6.5,26.6
GORONTALO,2025-05-01,24.3,27.0
GORONTALO,2025-05-02,2.1,27.4
GORONTALO,2025-05-03,0.5,27.3
GORONTALO,2025-05-04,3.5,27.2
GORONTALO,2025-05-05,18.8,26.6
GORONTALO,2025-05-06,6.9,26.6
GORONTALO,2025-05-07,8.5,26.6
GORONTALO,2025-05-08,4.4,27.2
GORONTALO,2025-05-09,10.6,27.3
GORONTALO,2025-05-10,5.4,26.5
GORONTALO,2025-05-11,4.6,27.2
GORONTALO,2025-05-12,1.8,26.7
GORONTALO,2025-05-13,11.6,26.6
GORONTALO,2025-05-14,2.9,27.0
GORONTALO,2025-05-15,5.4,27.3
GORONTALO,2025-05-16,21.6,27.3
GORONTALO,2025-05-17,4.1,27.3
GORONTALO,2025-05-18,11.4,26.9
GORONTALO,2025-05-19,4.7,26.9
GORONTALO,2025-05-20,18.3,26.7
GORONTALO,2025-05-21,18.5,25.3
GORONTALO,2025-05-22,1.8,26.8
GORONTALO,2025-05-23,8.2,27.5
GORONTALO,2025-05-24,5.8,27.0
GORONTALO,2025-05-25,22.9,26.4
GORONTALO,2025-05-26,6.8,27.8
GORONTALO,2025-05-27,3.2,27.9
GORONTALO,2025-05-28,9.0,27.2
GORONTALO,2025-05-29,1.6,27.1
GORONTALO,2025-05-30,3.4,27.1
GORONTALO,2025-05-31,9.1,26.9
GORONTALO,2025-06-01,13.5,26.1
GORONTALO,2025-06-02,4.2,25.7
GORONTALO,2025-06-03,7.2,25.6
GORONTALO,2025-06-04,1.0,25.9
GORONTALO,2025-06-05,1.3,27.2
GORONTALO,2025-06-06,1.0,27.7
GORONTALO,2025-06-07,1.1,27.3
GORONTALO,2025-06-08,1.1,28.0
GORONTALO,2025-06-09,0.2,28.1
GORONTALO,2025-06-10,0.1,28.6
GORONTALO,2025-06-11,0.4,28.6
GORONTALO,2025-06-12,21.3,26.8
GORONTALO,2025-06-13,1.1,26.8
GORONTALO,2025-06-14,8.1,26.5
GORONTALO,2025-06-15,0.1,27.6
GORONTALO,2025-06-16,0.0,28.2
GORONTALO,2025-06-17,6.4,26.8
GORONTALO,2025-06-18,3.0,25.8
GORONTALO,2025-06-19,3.2,26.7
GORONTALO,2025-06-20,39.9,26.2
GORONTALO,2025-06-21,27.5,25.9
GORONTALO,2025-06-22,1.1,25.1
GORONTALO,2025-06-23,4.7,26.3
GORONTALO,2025-06-24,16.3,26.4
GORONTALO,2025-06-25,0.4,26.9
GORONTALO,2025-06-26,3.4,26.9
GORONTALO,2025-06-27,1.0,27.0
GORONTALO,2025-06-28,0.3,27.6
GORONTALO,2025-06-29,7.8,26.9
GORONTALO,2025-06-30,20.2,26.5
GORONTALO,2025-07-01,0.5,27.5
GORONTALO,2025-07-02,11.3,26.9
GORONTALO,2025-07-03,0.0,27.5
GORONTALO,2025-07-04,7.3,27.0
GORONTALO,2025-07-05,0.6,27.0
GORONTALO,2025-07-06,0.8,27.4
GORONTALO,2025-07-07,19.2,25.9
GORONTALO,2025-07-08,1.7,26.4
GORONTALO,2025-07-09,7.0,26.9
GORONTALO,2025-07-10,3.1,26.6
GORONTALO,2025-07-11,0.2,27.3
GORONTALO,2025-07-12,1.8,27.8
GORONTALO,2025-07-13,0.5,28.1
GORONTALO,2025-07-14,0.6,27.8
GORONTALO,2025-07-15,25.2,25.9
GORONTALO,2025-07-16,16.3,26.0
GORONTALO,2025-07-17,1.2,26.6
GORONTALO,2025-07-18,0.0,27.7
GORONTALO,2025-07-19,0.0,28.5
GORONTALO,2025-07-20,0.0,28.0
GORONTALO,2025-07-21,0.0,27.9
GORONTALO,2025-07-22,0.0,28.1
GORONTALO,2025-07-23,0.2,28.5
GORONTALO,2025-07-24,0.0,29.3
GORONTALO,2025-07-25,0.0,29.5
GORONTALO,2025-07-26,0.0,29.5
GORONTALO,2025-07-27,0.1,29.0
GORONTALO,2025-07-28,0.0,29.5
GORONTALO,2025-07-29,0.0,29.3
GORONTALO,2025-07-30,0.8,29.4
GORONTALO,2025-07-31,1.7,28.9
GORONTALO,2025-08-01,0.0,29.2
GORONTALO,2025-08-02,4.2,29.0
GORONTALO,2025-08-03,2.6,28.0
GORONTALO,2025-08-04,9.2,27.4
GORONTALO,2025-08-05,9.0,26.7
GORONTALO,2025-08-06,0.8,27.6
GORONTALO,2025-08-07,1.6,26.5
GORONTALO,2025-08-08,2.0,26.9
GORONTALO,2025-08-09,4.0,27.1
GORONTALO,2025-08-10,9.8,26.6
GORONTALO,2025-08-11,1.0,27.1
GORONTALO,2025-08-12,1.2,27.9
GORONTALO,2025-08-13,0.0,28.1
GORONTALO,2025-08-14,0.2,28.1
GORONTALO,2025-08-15,4.1,27.0
GORONTALO,2025-08-16,0.6,27.1
GORONTALO,2025-08-17,6.3,26.5
GORONTALO,2025-08-18,16.1,25.8
GORONTALO,2025-08-19,3.8,26.4
GORONTALO,2025-08-20,1.5,27.4
GORONTALO,2025-08-21,6.0,26.5
GORONTALO,2025-08-22,3.8,26.2
GORONTALO,2025-08-23,4.7,25.5
GORONTALO,2025-08-24,1.8,25.7
GORONTALO,2025-08-25,5.4,25.7
GORONTALO,2025-08-26,4.5,26.2
GORONTALO,2025-08-27,1.3,26.6
GORONTALO,2025-08-28,1.1,26.9
GORONTALO,2025-08-29,0.3,27.7
GORONTALO,2025-08-30,0.0,27.6
GORONTALO,2025-08-31,0.0,27.7
GORONTALO,2025-09-01,0.2,28.2
GORONTALO,2025-09-02,0.9,27.9
GORONTALO,2025-09-03,1.5,27.5
GORONTALO,2025-09-04,0.5,27.6
GORONTALO,2025-09-05,1.2,27.6
GORONTALO,2025-09-06,21.6,26.7
GORONTALO,2025-09-07,4.0,26.5
GORONTALO,2025-09-08,2.4,26.5
GORONTALO,2025-09-09,8.5,25.7
GORONTALO,2025-09-10,1.3,26.8
GORONTALO,2025-09-11,0.1,27.5
GORONTALO,2025-09-12,0.9,27.6
GORONTALO,2025-09-13,2.4,27.6
GORONTALO,2025-09-14,1.7,27.1
GORONTALO,2025-09-15,5.1,26.3
GORONTALO,2025-09-16,0.1,26.9
GORONTALO,2025-09-17,0.0,27.3
GORONTALO,2025-09-18,3.9,27.2
GORONTALO,2025-09-19,0.0,27.4
GORONTALO,2025-09-20,1.4,27.3
GORONTALO,2025-09-21,0.1,28.3
GORONTALO,2025-09-22,0.1,28.7
GORONTALO,2025-09-23,0.1,28.2
GORONTALO,2025-09-24,0.1,28.4
GORONTALO,2025-09-25,0.0,28.7
GORONTALO,2025-09-26,0.1,29.5
GORONTALO,2025-09-27,10.3,27.6
GORONTALO,2025-09-28,0.7,27.6
GORONTALO,2025-09-29,3.6,28.2
GORONTALO,2025-09-30,0.0,28.3
GORONTALO,2025-10-01,0.7,28.0
GORONTALO,2025-10-02,0.7,28.3
GORONTALO,2025-10-03,3.2,28.7
GORONTALO,2025-10-04,1.2,27.5
GORONTALO,2025-10-05,11.3,26.4
GORONTALO,2025-10-06,27.0,24.6
GORONTALO,2025-10-07,3.0,26.6
GORONTALO,2025-10-08,0.0,27.7
GORONTALO,2025-10-09,0.0,28.1
GORONTALO,2025-10-10,0.1,27.7
GORONTALO,2025-10-11,1.6,27.7
GORONTALO,2025-10-12,0.6,28.0
GORONTALO,2025-10-13,0.2,27.9
GORONTALO,2025-10-14,1.4,28.2
GORONTALO,2025-10-15,0.7,28.2
GORONTALO,2025-10-16,0.1,28.6
GORONTALO,2025-10-17,0.0,28.8
GORONTALO,2025-10-18,0.4,28.8
GORONTALO,2025-10-19,3.7,28.3
GORONTALO,2025-10-20,1.0,28.2
GORONTALO,2025-10-21,9.3,28.1
GORONTALO,2025-10-22,3.0,28.1
GORONTALO,2025-10-23,6.2,27.4
GORONTALO,2025-10-24,9.1,26.9
GORONTALO,2025-10-25,11.9,27.8
GORONTALO,2025-10-26,8.9,26.6
GORONTALO,2025-10-27,0.1,27.1
GORONTALO,2025-10-28,0.0,28.0
GORONTALO,2025-10-29,37.1,27.4
GORONTALO,2025-10-30,3.2,27.3
GORONTALO,2025-10-31,0.0,27.7
GORONTALO,2025-11-01,0.0,27.9
GORONTALO,2025-11-02,0.7,27.7
GORONTALO,2025-11-03,0.8,28.1
GORONTALO,2025-11-04,33.7,27.2
GORONTALO,2025-11-05,0.3,28.4
GORONTALO,2025-11-06,0.2,28.1
GORONTALO,2025-11-07,4.9,27.5
GORONTALO,2025-11-08,2.5,27.4
GORONTALO,2025-11-09,4.5,27.7
GORONTALO,2025-11-10,2.2,27.0
GORONTALO,2025-11-11,6.6,27.5
GORONTALO,2025-11-12,14.3,26.5
GORONTALO,2025-11-13,8.0,26.2
GORONTALO,2025-11-14,0.8,27.1
GORONTALO,2025-11-15,0.0,28.1
GORONTALO,2025-11-16,15.5,27.1
GORONTALO,2025-11-17,2.5,27.3
GORONTALO,2025-11-18,4.2,27.0
GORONTALO,2025-11-19,6.7,26.7
GORONTALO,2025-11-20,3.9,27.3
GORONTALO,2025-11-21,0.8,26.6
GORONTALO,2025-11-22,1.6,27.1
GORONTALO,2025-11-23,1.6,27.3
GORONTALO,2025-11-24,0.1,28.0
GORONTALO,2025-11-25,1.2,28.5
GORONTALO,2025-11-26,0.2,29.2
GORONTALO,2025-11-27,1.1,28.7
GORONTALO,2025-11-28,0.6,28.5
GORONTALO,2025-11-29,8.2,27.6
GORONTALO,2025-11-30,1.8,27.2
GORONTALO,2025-12-01,2.0,27.5
GORONTALO,2025-12-02,0.1,28.3
GORONTALO,2025-12-03,5.0,27.4
GORONTALO,2025-12-04,6.4,26.6
GORONTALO,2025-12-05,3.6,28.0
GORONTALO,2025-12-06,2.4,27.9
GORONTALO,2025-12-07,2.4,28.3
GORONTALO,2025-12-08,1.9,27.8
GORONTALO,2025-12-09,7.3,26.7
GORONTALO,2025-12-10,0.1,28.7
GORONTALO,2025-12-11,1.4,28.4
GORONTALO,2025-12-12,2.0,26.9
GORONTALO,2025-12-13,12.9,26.6
GORONTALO,2025-12-14,1.0,27.0
GORONTALO,2025-12-15,5.0,26.8
GORONTALO,2025-12-16,1.8,26.8
GORONTALO,2025-12-17,4.5,26.5
GORONTALO,2025-12-18,1.8,26.6
GORONTALO,2025-12-19,0.6,27.0
GORONTALO,2025-12-20,1.8,27.1
GORONTALO,2025-12-21,1.4,27.5
GORONTALO,2025-12-22,0.5,27.7
GORONTALO,2025-12-23,0.0,28.4
GORONTALO,2025-12-24,0.5,28.4
GORONTALO,2025-12-25,0.2,28.0
GORONTALO,2025-12-26,0.2,28.7
GORONTALO,2025-12-27,0.4,28.3
GORONTALO,2025-12-28,1.7,28.6
GORONTALO,2025-12-29,0.8,28.2
GORONTALO,2025-12-30,4.9,27.5
GORONTALO,2025-12-31,0.4,27.8
GORONTALO,2026-01-01,9.7,28.0
GORONTALO,2026-01-02,0.2,28.6
GORONTALO,2026-01-03,11.1,26.7
GORONTALO,2026-01-04,20.3,26.5
GORONTALO,2026-01-05,7.2,25.7
GORONTALO,2026-01-06,7.2,25.7
GORONTALO,2026-01-07,9.2,25.9
GORONTALO,2026-01-08,1.2,27.4
GORONTALO,2026-01-09,0.0,27.4
GORONTALO,2026-01-10,0.0,27.8
GORONTALO,2026-01-11,0.1,27.6
GORONTALO,2026-01-12,3.9,26.6
GORONTALO,2026-01-13,0.4,27.6
GORONTALO,2026-01-14,0.5,27.7
GORONTALO,2026-01-15,1.2,28.0
GORONTALO,2026-01-16,0.7,28.4
GORONTALO,2026-01-17,0.7,28.9
GORONTALO,2026-01-18,1.9,29.0
GORONTALO,2026-01-19,1.8,28.6
GORONTALO,2026-01-20,5.5,28.1
GORONTALO,2026-01-21,1.0,27.8
GORONTALO,2026-01-22,0.3,28.6
GORONTALO,2026-01-23,0.0,28.6
GORONTALO,2026-01-24,3.8,28.4
GORONTALO,2026-01-25,0.3,29.0
GORONTALO,2026-01-26,1.9,29.0
GORONTALO,2026-01-27,1.6,29.1
GORONTALO,2026-01-28,0.6,29.5
GORONTALO,2026-01-29,7.1,27.5
GORONTALO,2026-01-30,10.1,26.7
GORONTALO,2026-01-31,9.9,26.4
GORONTALO,2026-02-01,0.1,28.2
GORONTALO,2026-02-02,2.2,28.3
GORONTALO,2026-02-03,0.0,28.6
GORONTALO,2026-02-04,3.8,28.3
GORONTALO,2026-02-05,7.1,27.6
GORONTALO,2026-02-06,19.8,26.8
GORONTALO,2026-02-07,8.3,27.3
GORONTALO,2026-02-08,1.3,26.6
GORONTALO,2026-02-09,7.5,26.8
GORONTALO,2026-02-10,10.2,26.5
GORONTALO,2026-02-11,1.4,27.1
GORONTALO,2026-02-12,0.8,26.7
GORONTALO,2026-02-13,1.6,27.2
GORONTALO,2026-02-14,1.2,26.6
GORONTALO,2026-02-15,0.0,27.6
GORONTALO,2026-02-16,5.0,27.2
GORONTALO,2026-02-17,17.5,26.2
GORONTALO,2026-02-18,3.7,26.7
GORONTALO,2026-02-19,0.8,26.9
GORONTALO,2026-02-20,6.1,26.1
GORONTALO,2026-02-21,14.0,26.1
GORONTALO,2026-02-22,0.1,27.3
GORONTALO,2026-02-23,1.2,27.0
GORONTALO,2026-02-24,7.5,26.6
GORONTALO,2026-02-25,21.8,25.8
GORONTALO,2026-02-26,0.0,27.4
GORONTALO,2026-02-27,6.8,27.3
GORONTALO,2026-02-28,4.8,27.0
GORONTALO,2026-03-01,0.0,26.8
GORONTALO,2026-03-02,0.1,27.9
GORONTALO,2026-03-03,2.0,28.2
GORONTALO,2026-03-04,0.0,28.1
GORONTALO,2026-03-05,1.7,27.3
GORONTALO,2026-03-06,1.4,28.2
GORONTALO,2026-03-07,0.0,27.5
GORONTALO,2026-03-08,4.7,27.4
GORONTALO,2026-03-09,14.4,26.1
GORONTALO,2026-03-10,0.3,27.5
GORONTALO,2026-03-11,4.3,27.4
GORONTALO,2026-03-12,1.1,27.2
GORONTALO,2026-03-13,0.6,27.4
GORONTALO,2026-03-14,2.4,26.9
GORONTALO,2026-03-15,6.4,26.7
GORONTALO,2026-03-16,10.1,26.3
GORONTALO,2026-03-17,9.4,26.3
GORONTALO,2026-03-18,4.8,26.2
GORONTALO,2026-03-19,0.1,27.2
GORONTALO,2026-03-20,1.5,27.2
GORONTALO,2026-03-21,0.1,27.6
GORONTALO,2026-03-22,0.0,27.3
GORONTALO,2026-03-23,0.0,27.9
GORONTALO,2026-03-24,1.1,28.2
GORONTALO,2026-03-25,0.0,28.6
GORONTALO,2026-03-26,0.2,28.6
GORONTALO,2026-03-27,4.4,28.1
GORONTALO,2026-03-28,7.8,27.6
GORONTALO,2026-03-29,4.8,27.3
GORONTALO,2026-03-30,11.9,26.4
GORONTALO,2026-03-31,1.7,26.6
PALU,2025-03-15,21.0,27.2
PALU,2025-03-16,15.6,26.5
PALU,2025-03-17,12.4,26.0
PALU,2025-03-18,0.3,26.8
PALU,2025-03-19,20.8,27.0
PALU,2025-03-20,6.0,25.9
PALU,2025-03-21,14.5,26.1
PALU,2025-03-22,2.0,26.8
PALU,2025-03-23,0.8,26.4
PALU,2025-03-24,0.3,27.3
PALU,2025-03-25,1.4,27.1
PALU,2025-03-26,1.4,28.3
PALU,2025-03-27,1.7,28.4
PALU,2025-03-28,8.3,28.5
PALU,2025-03-29,9.3,27.8
PALU,2025-03-30,14.1,26.9
PALU,2025-03-31,9.1,27.8
PALU,2025-04-01,6.7,26.2
PALU,2025-04-02,1.1,27.0
PALU,2025-04-03,7.7,27.4
PALU,2025-04-04,16.6,25.9
PALU,2025-04-05,0.7,27.5
PALU,2025-04-06,33.6,26.4
PALU,2025-04-07,0.3,27.8
PALU,2025-04-08,6.0,27.5
PALU,2025-04-09,19.5,26.7
PALU,2025-04-10,2.0,27.3
PALU,2025-04-11,25.4,26.5
PALU,2025-04-12,2.3,27.8
PALU,2025-04-13,17.2,28.0
PALU,2025-04-14,17.5,26.6
PALU,2025-04-15,7.0,26.9
PALU,2025-04-16,2.2,27.4
PALU,2025-04-17,4.8,27.1
PALU,2025-04-18,2.5,27.7
PALU,2025-04-19,7.9,27.4
PALU,2025-04-20,10.6,28.1
PALU,2025-04-21,29.2,26.9
PALU,2025-04-22,21.5,26.2
PALU,2025-04-23,14.0,26.7
PALU,2025-04-24,7.5,26.7
PALU,2025-04-25,14.3,26.1
PALU,2025-04-26,0.0,27.5
PALU,2025-04-27,11.1,27.2
PALU,2025-04-28,4.3,26.8
PALU,2025-04-29,19.5,26.8
PALU,2025-04-30,6.7,26.7
PALU,2025-05-01,14.8,28.0
PALU,2025-05-02,8.7,27.4
PALU,2025-05-03,21.5,27.4
PALU,2025-05-04,4.1,28.0
PALU,2025-05-05,9.1,27.9
PALU,2025-05-06,7.9,27.5
PALU,2025-05-07,0.1,28.4
PALU,2025-05-08,0.1,28.9
PALU,2025-05-09,6.8,28.5
PALU,2025-05-10,19.2,27.4
PALU,2025-05-11,27.7,27.8
PALU,2025-05-12,18.1,27.1
PALU,2025-05-13,1.0,28.4
PALU,2025-05-14,20.6,27.6
PALU,2025-05-15,6.7,28.0
PALU,2025-05-16,27.2,27.4
PALU,2025-05-17,21.4,27.8
PALU,2025-05-18,3.0,27.4
PALU,2025-05-19,22.9,27.5
PALU,2025-05-20,7.0,27.1
PALU,2025-05-21,3.2,27.1
PALU,2025-05-22,0.0,28.2
PALU,2025-05-23,8.1,27.7
PALU,2025-05-24,2.2,28.3
PALU,2025-05-25,0.5,28.8
PALU,2025-05-26,8.6,28.8
PALU,2025-05-27,23.4,27.0
PALU,2025-05-28,11.2,27.8
PALU,2025-05-29,11.2,27.5
PALU,2025-05-30,8.1,27.6
PALU,2025-05-31,3.1,26.8
PALU,2025-06-01,11.0,25.6
PALU,2025-06-02,1.7,26.8
PALU,2025-06-03,0.9,26.2
PALU,2025-06-04,1.3,27.4
PALU,2025-06-05,4.2,27.7
PALU,2025-06-06,0.7,28.0
PALU,2025-06-07,0.2,27.9
PALU,2025-06-08,0.0,28.1
PALU,2025-06-09,3.8,28.1
PALU,2025-06-10,1.0,28.3
PALU,2025-06-11,2.9,27.3
PALU,2025-06-12,0.9,28.4
PALU,2025-06-13,1.1,28.9
PALU,2025-06-14,2.6,27.6
PALU,2025-06-15,5.8,27.5
PALU,2025-06-16,4.5,28.2
PALU,2025-06-17,5.6,27.6
PALU,2025-06-18,15.2,26.9
PALU,2025-06-19,7.7,26.5
PALU,2025-06-20,23.2,25.8
PALU,2025-06-21,1.2,26.7
PALU,2025-06-22,0.5,27.0
PALU,2025-06-23,5.0,26.7
PALU,2025-06-24,13.2,27.2
PALU,2025-06-25,2.0,27.5
PALU,2025-06-26,13.9,27.3
PALU,2025-06-27,0.0,27.7
PALU,2025-06-28,0.2,28.0
PALU,2025-06-29,14.1,26.8
PALU,2025-06-30,6.9,27.1
PALU,2025-07-01,0.2,28.0
PALU,2025-07-02,1.5,27.9
PALU,2025-07-03,2.4,27.8
PALU,2025-07-04,7.8,27.4
PALU,2025-07-05,10.0,27.5
PALU,2025-07-06,20.4,27.4
PALU,2025-07-07,31.3,25.9
PALU,2025-07-08,15.7,26.6
PALU,2025-07-09,3.9,26.9
PALU,2025-07-10,11.6,26.7
PALU,2025-07-11,9.4,27.1
PALU,2025-07-12,10.0,27.0
PALU,2025-07-13,0.5,27.7
PALU,2025-07-14,1.1,27.4
PALU,2025-07-15,12.3,26.4
PALU,2025-07-16,4.5,26.6
PALU,2025-07-17,2.4,26.8
PALU,2025-07-18,0.5,26.9
PALU,2025-07-19,1.1,27.2
PALU,2025-07-20,0.7,27.8
PALU,2025-07-21,0.9,27.7
PALU,2025-07-22,1.0,28.3
PALU,2025-07-23,2.3,28.6
PALU,2025-07-24,2.4,29.2
PALU,2025-07-25,0.1,29.5
PALU,2025-07-26,3.4,29.3
PALU,2025-07-27,2.5,27.6
PALU,2025-07-28,4.0,28.2
PALU,2025-07-29,0.2,29.0
PALU,2025-07-30,1.9,29.0
PALU,2025-07-31,1.8,28.4
PALU,2025-08-01,4.4,28.8
PALU,2025-08-02,13.0,28.3
PALU,2025-08-03,23.9,27.2
PALU,2025-08-04,8.2,26.4
PALU,2025-08-05,10.6,26.4
PALU,2025-08-06,5.8,26.4
PALU,2025-08-07,3.3,26.9
PALU,2025-08-08,2.0,27.3
PALU,2025-08-09,5.2,26.7
PALU,2025-08-10,17.1,26.0
PALU,2025-08-11,17.1,26.2
PALU,2025-08-12,12.7,26.0
PALU,2025-08-13,5.1,26.0
PALU,2025-08-14,15.4,26.3
PALU,2025-08-15,1.1,27.1
PALU,2025-08-16,0.4,27.5
PALU,2025-08-17,25.6,26.7
PALU,2025-08-18,5.9,26.2
PALU,2025-08-19,8.5,26.4
PALU,2025-08-20,7.7,26.4
PALU,2025-08-21,5.8,25.5
PALU,2025-08-22,0.6,25.8
PALU,2025-08-23,0.7,26.0
PALU,2025-08-24,7.7,25.8
PALU,2025-08-25,18.6,25.8
PALU,2025-08-26,5.7,26.4
PALU,2025-08-27,1.0,26.4
PALU,2025-08-28,3.8,26.6
PALU,2025-08-29,2.3,27.3
PALU,2025-08-30,16.0,26.8
PALU,2025-08-31,5.2,26.9
PALU,2025-09-01,2.1,27.6
PALU,2025-09-02,2.3,27.9
PALU,2025-09-03,1.4,27.7
PALU,2025-09-04,11.3,27.1
PALU,2025-09-05,15.7,27.0
PALU,2025-09-06,11.2,26.2
PALU,2025-09-07,5.2,26.2
PALU,2025-09-08,4.9,26.3
PALU,2025-09-09,1.4,26.7
PALU,2025-09-10,7.3,26.6
PALU,2025-09-11,14.1,27.1
PALU,2025-09-12,1.6,27.4
PALU,2025-09-13,1.9,27.4
PALU,2025-09-14,13.6,26.7
PALU,2025-09-15,2.3,26.7
PALU,2025-09-16,12.1,26.6
PALU,2025-09-17,7.2,26.3
PALU,2025-09-18,5.1,26.7
PALU,2025-09-19,0.6,27.7
PALU,2025-09-20,8.6,27.3
PALU,2025-09-21,1.7,27.4
PALU,2025-09-22,0.3,27.4
PALU,2025-09-23,2.3,27.7
PALU,2025-09-24,0.9,28.3
PALU,2025-09-25,0.1,28.1
PALU,2025-09-26,2.2,28.4
PALU,2025-09-27,2.4,27.3
PALU,2025-09-28,0.1,28.0
PALU,2025-09-29,2.8,28.2
PALU,2025-09-30,9.8,27.7
PALU,2025-10-01,9.3,27.5
PALU,2025-10-02,1.5,27.8
PALU,2025-10-03,16.2,26.9
PALU,2025-10-04,5.1,26.5
PALU,2025-10-05,8.3,25.7
PALU,2025-10-06,14.9,24.7
PALU,2025-10-07,2.0,26.6
PALU,2025-10-08,3.8,26.9
PALU,2025-10-09,0.7,27.3
PALU,2025-10-10,3.5,26.9
PALU,2025-10-11,2.4,28.2
PALU,2025-10-12,0.2,28.6
PALU,2025-10-13,6.0,27.5
PALU,2025-10-14,10.6,27.5
PALU,2025-10-15,14.1,27.9
PALU,2025-10-16,4.3,28.6
PALU,2025-10-17,2.3,28.2
PALU,2025-10-18,14.3,27.8
PALU,2025-10-19,2.1,27.4
PALU,2025-10-20,2.6,28.1
PALU,2025-10-21,17.4,27.5
PALU,2025-10-22,19.1,27.3
PALU,2025-10-23,20.6,27.2
PALU,2025-10-24,22.7,26.2
PALU,2025-10-25,7.2,27.5
PALU,2025-10-26,3.9,26.5
PALU,2025-10-27,6.9,27.1
PALU,2025-10-28,2.2,28.3
PALU,2025-10-29,5.0,27.6
PALU,2025-10-30,3.0,27.7
PALU,2025-10-31,0.0,28.4
PALU,2025-11-01,0.2,28.4
PALU,2025-11-02,0.3,28.8
PALU,2025-11-03,10.5,28.2
PALU,2025-11-04,24.9,27.0
PALU,2025-11-05,29.6,27.7
PALU,2025-11-06,10.3,27.6
PALU,2025-11-07,10.3,27.5
PALU,2025-11-08,0.2,28.2
PALU,2025-11-09,2.2,28.1
PALU,2025-11-10,0.5,27.3
PALU,2025-11-11,2.9,28.3
PALU,2025-11-12,1.5,28.3
PALU,2025-11-13,23.5,26.6
PALU,2025-11-14,1.2,28.7
PALU,2025-11-15,1.7,28.1
PALU,2025-11-16,26.1,27.7
PALU,2025-11-17,14.1,27.0
PALU,2025-11-18,4.8,27.4
PALU,2025-11-19,16.1,27.0
PALU,2025-11-20,2.1,27.9
PALU,2025-11-21,15.0,27.1
PALU,2025-11-22,4.4,27.0
PALU,2025-11-23,4.5,28.0
PALU,2025-11-24,1.3,28.4
PALU,2025-11-25,3.6,28.3
PALU,2025-11-26,1.1,28.4
PALU,2025-11-27,0.2,29.1
PALU,2025-11-28,11.8,28.5
PALU,2025-11-29,10.4,26.8
PALU,2025-11-30,1.5,27.3
PALU,2025-12-01,2.7,27.9
PALU,2025-12-02,1.0,28.0
PALU,2025-12-03,2.8,27.9
PALU,2025-12-04,0.5,27.2
PALU,2025-12-05,3.1,27.8
PALU,2025-12-06,3.8,27.8
PALU,2025-12-07,2.4,28.4
PALU,2025-12-08,26.6,26.9
PALU,2025-12-09,20.5,25.5
PALU,2025-12-10,1.8,27.8
PALU,2025-12-11,7.6,27.1
PALU,2025-12-12,13.3,26.9
PALU,2025-12-13,15.6,26.9
PALU,2025-12-14,12.5,26.9
PALU,2025-12-15,8.1,27.0
PALU,2025-12-16,5.6,26.8
PALU,2025-12-17,3.2,27.1
PALU,2025-12-18,3.7,27.2
PALU,2025-12-19,7.7,27.7
PALU,2025-12-20,16.6,26.8
PALU,2025-12-21,23.9,27.4
PALU,2025-12-22,17.3,27.6
PALU,2025-12-23,5.4,27.9
PALU,2025-12-24,6.4,27.6
PALU,2025-12-25,0.1,27.8
PALU,2025-12-26,0.3,28.6
PALU,2025-12-27,8.6,27.4
PALU,2025-12-28,2.9,28.1
PALU,2025-12-29,1.1,28.3
PALU,2025-12-30,6.4,27.5
PALU,2025-12-31,15.3,27.6
PALU,2026-01-01,2.6,28.0
PALU,2026-01-02,4.4,28.1
PALU,2026-01-03,4.6,26.6
PALU,2026-01-04,6.7,27.1
PALU,2026-01-05,6.8,26.7
PALU,2026-01-06,4.0,26.2
PALU,2026-01-07,2.6,27.4
PALU,2026-01-08,3.5,26.6
PALU,2026-01-09,1.8,27.5
PALU,2026-01-10,1.1,28.0
PALU,2026-01-11,22.4,25.7
PALU,2026-01-12,0.0,27.4
PALU,2026-01-13,0.0,28.2
PALU,2026-01-14,3.6,27.5
PALU,2026-01-15,16.0,27.3
PALU,2026-01-16,0.5,28.4
PALU,2026-01-17,0.0,28.8
PALU,2026-01-18,1.4,28.7
PALU,2026-01-19,0.6,29.1
PALU,2026-01-20,1.5,28.1
PALU,2026-01-21,4.4,27.7
PALU,2026-01-22,4.1,27.0
PALU,2026-01-23,0.0,27.7
PALU,2026-01-24,0.4,28.0
PALU,2026-01-25,0.5,28.4
PALU,2026-01-26,1.0,28.6
PALU,2026-01-27,0.5,29.3
PALU,2026-01-28,3.7,28.4
PALU,2026-01-29,7.2,28.3
PALU,2026-01-30,21.5,27.1
PALU,2026-01-31,7.3,26.3
PALU,2026-02-01,0.6,27.5
PALU,2026-02-02,2.5,27.2
PALU,2026-02-03,2.9,27.8
PALU,2026-02-04,5.4,27.2
PALU,2026-02-05,1.0,28.3
PALU,2026-02-06,6.2,27.2
PALU,2026-02-07,24.1,27.8
PALU,2026-02-08,12.7,27.4
PALU,2026-02-09,7.7,28.3
PALU,2026-02-10,17.6,26.6
PALU,2026-02-11,15.7,26.6
PALU,2026-02-12,0.1,27.8
PALU,2026-02-13,9.8,26.1
PALU,2026-02-14,7.7,27.8
PALU,2026-02-15,0.2,28.2
PALU,2026-02-16,4.3,27.8
PALU,2026-02-17,2.0,28.0
PALU,2026-02-18,2.3,28.1
PALU,2026-02-19,15.4,27.1
PALU,2026-02-20,7.0,27.0
PALU,2026-02-21,18.6,25.9
PALU,2026-02-22,0.0,27.4
PALU,2026-02-23,17.3,27.0
PALU,2026-02-24,3.6,27.1
PALU,2026-02-25,0.2,27.6
PALU,2026-02-26,0.0,27.7
PALU,2026-02-27,0.8,27.8
PALU,2026-02-28,4.5,27.3
PALU,2026-03-01,0.9,27.6
PALU,2026-03-02,5.0,27.5
PALU,2026-03-03,3.5,27.6
PALU,2026-03-04,0.4,28.2
PALU,2026-03-05,11.7,27.0
PALU,2026-03-06,1.3,27.8
PALU,2026-03-07,14.5,25.8
PALU,2026-03-08,3.9,27.1
PALU,2026-03-09,16.8,26.2
PALU,2026-03-10,3.2,27.6
PALU,2026-03-11,6.9,27.5
PALU,2026-03-12,27.6,26.5
PALU,2026-03-13,19.6,25.5
PALU,2026-03-14,3.3,26.5
PALU,2026-03-15,0.7,27.3
PALU,2026-03-16,3.7,26.6
PALU,2026-03-17,7.9,26.6
PALU,2026-03-18,23.9,26.2
PALU,2026-03-19,5.2,26.4
PALU,2026-03-20,9.2,26.2
PALU,2026-03-21,1.6,26.6
PALU,2026-03-22,0.0,27.2
PALU,2026-03-23,5.7,27.0
PALU,2026-03-24,0.9,27.2
PALU,2026-03-25,0.0,27.6
PALU,2026-03-26,0.0,27.8
PALU,2026-03-27,1.2,28.1
PALU,2026-03-28,6.7,28.7
PALU,2026-03-29,10.0,28.3
PALU,2026-03-30,6.8,27.1
PALU,2026-03-31,9.3,27.0
KENDARI,2025-03-15,17.5,26.6
KENDARI,2025-03-16,12.7,26.8
KENDARI,2025-03-17,10.1,26.6
KENDARI,2025-03-18,3.3,26.8
KENDARI,2025-03-19,0.8,27.8
KENDARI,2025-03-20,5.4,27.0
KENDARI,2025-03-21,22.6,26.7
KENDARI,2025-03-22,7.0,26.4
KENDARI,2025-03-23,0.3,28.4
KENDARI,2025-03-24,1.6,27.7
KENDARI,2025-03-25,5.3,27.5
KENDARI,2025-03-26,0.3,28.0
KENDARI,2025-03-27,3.2,27.6
KENDARI,2025-03-28,1.2,27.8
KENDARI,2025-03-29,8.6,27.0
KENDARI,2025-03-30,2.0,26.7
KENDARI,2025-03-31,11.5,27.4
KENDARI,2025-04-01,16.9,26.3
KENDARI,2025-04-02,1.3,27.2
KENDARI,2025-04-03,8.5,26.7
KENDARI,2025-04-04,4.8,26.0
KENDARI,2025-04-05,7.8,26.1
KENDARI,2025-04-06,15.6,25.4
KENDARI,2025-04-07,9.6,25.7
KENDARI,2025-04-08,1.0,26.6
KENDARI,2025-04-09,17.0,26.4
KENDARI,2025-04-10,5.8,26.3
KENDARI,2025-04-11,23.9,25.7
KENDARI,2025-04-12,3.0,26.4
KENDARI,2025-04-13,15.5,26.3
KENDARI,2025-04-14,8.2,26.6
KENDARI,2025-04-15,23.8,26.8
KENDARI,2025-04-16,13.0,26.5
KENDARI,2025-04-17,6.6,26.5
KENDARI,2025-04-18,27.7,26.2
KENDARI,2025-04-19,18.0,26.3
KENDARI,2025-04-20,3.5,27.8
KENDARI,2025-04-21,5.6,25.9
KENDARI,2025-04-22,32.3,25.8
KENDARI,2025-04-23,2.8,26.5
KENDARI,2025-04-24,8.9,26.3
KENDARI,2025-04-25,2.0,26.2
KENDARI,2025-04-26,15.4,25.4
KENDARI,2025-04-27,17.9,26.0
KENDARI,2025-04-28,0.4,26.8
KENDARI,2025-04-29,3.5,26.0
KENDARI,2025-04-30,2.3,26.3
KENDARI,2025-05-01,10.5,26.6
KENDARI,2025-05-02,1.4,27.2
KENDARI,2025-05-03,10.0,25.5
KENDARI,2025-05-04,5.2,26.0
KENDARI,2025-05-05,14.1,25.8
KENDARI,2025-05-06,16.4,26.0
KENDARI,2025-05-07,19.8,26.0
KENDARI,2025-05-08,12.4,26.2
KENDARI,2025-05-09,9.6,25.4
KENDARI,2025-05-10,17.2,25.3
KENDARI,2025-05-11,6.9,26.0
KENDARI,2025-05-12,13.0,25.7
KENDARI,2025-05-13,4.7,26.4
KENDARI,2025-05-14,15.7,26.2
KENDARI,2025-05-15,2.1,26.4
KENDARI,2025-05-16,17.4,26.0
KENDARI,2025-05-17,0.5,26.4
KENDARI,2025-05-18,4.9,26.6
KENDARI,2025-05-19,20.5,25.2
KENDARI,2025-05-20,20.9,24.9
KENDARI,2025-05-21,24.0,25.7
KENDARI,2025-05-22,1.3,25.5
KENDARI,2025-05-23,17.6,25.9
KENDARI,2025-05-24,7.8,25.6
KENDARI,2025-05-25,8.2,26.4
KENDARI,2025-05-26,0.1,27.3
KENDARI,2025-05-27,13.6,26.1
KENDARI,2025-05-28,11.5,26.2
KENDARI,2025-05-29,6.4,26.7
KENDARI,2025-05-30,3.6,26.1
KENDARI,2025-05-31,10.3,25.8
KENDARI,2025-06-01,10.3,25.2
KENDARI,2025-06-02,6.4,25.1
KENDARI,2025-06-03,8.0,24.8
KENDARI,2025-06-04,0.5,26.2
KENDARI,2025-06-05,1.1,26.6
KENDARI,2025-06-06,0.9,26.6
KENDARI,2025-06-07,22.9,25.6
KENDARI,2025-06-08,0.5,26.2
KENDARI,2025-06-09,0.9,26.0
KENDARI,2025-06-10,26.7,25.2
KENDARI,2025-06-11,25.2,25.3
KENDARI,2025-06-12,9.9,25.3
KENDARI,2025-06-13,6.4,26.0
KENDARI,2025-06-14,3.9,25.2
KENDARI,2025-06-15,1.9,25.7
KENDARI,2025-06-16,0.2,26.2
KENDARI,2025-06-17,0.0,26.3
KENDARI,2025-06-18,12.0,25.3
KENDARI,2025-06-19,22.3,25.0
KENDARI,2025-06-20,11.4,24.2
KENDARI,2025-06-21,0.1,25.8
KENDARI,2025-06-22,7.0,24.7
KENDARI,2025-06-23,33.3,23.6
KENDARI,2025-06-24,10.7,24.9
KENDARI,2025-06-25,13.1,24.8
KENDARI,2025-06-26,17.4,24.8
KENDARI,2025-06-27,10.7,24.2
KENDARI,2025-06-28,22.8,24.5
KENDARI,2025-06-29,24.9,23.7
KENDARI,2025-06-30,12.4,24.2
KENDARI,2025-07-01,6.7,24.7
KENDARI,2025-07-02,13.1,24.4
KENDARI,2025-07-03,3.8,25.0
KENDARI,2025-07-04,19.6,24.5
KENDARI,2025-07-05,5.5,25.0
KENDARI,2025-07-06,2.1,25.0
KENDARI,2025-07-07,0.8,25.6
KENDARI,2025-07-08,11.3,25.4
KENDARI,2025-07-09,2.7,25.4
KENDARI,2025-07-10,18.2,25.2
KENDARI,2025-07-11,4.4,24.7
KENDARI,2025-07-12,1.3,26.3
KENDARI,2025-07-13,9.4,25.2
KENDARI,2025-07-14,6.7,25.1
KENDARI,2025-07-15,1.0,25.4
KENDARI,2025-07-16,0.6,25.0
KENDARI,2025-07-17,0.0,24.3
KENDARI,2025-07-18,0.0,24.0
KENDARI,2025-07-19,0.0,24.7
KENDARI,2025-07-20,0.3,25.0
KENDARI,2025-07-21,2.4,25.5
KENDARI,2025-07-22,4.4,25.3
KENDARI,2025-07-23,1.0,25.7
KENDARI,2025-07-24,0.0,26.3
KENDARI,2025-07-25,0.0,26.2
KENDARI,2025-07-26,0.2,26.2
KENDARI,2025-07-27,0.4,26.3
KENDARI,2025-07-28,0.3,26.6
KENDARI,2025-07-29,0.7,25.9
KENDARI,2025-07-30,0.7,26.0
KENDARI,2025-07-31,0.6,26.5
KENDARI,2025-08-01,1.2,26.4
KENDARI,2025-08-02,2.3,26.4
KENDARI,2025-08-03,0.9,26.2
KENDARI,2025-08-04,1.0,25.7
KENDARI,2025-08-05,0.1,26.0
KENDARI,2025-08-06,0.3,26.1
KENDARI,2025-08-07,0.1,26.2
KENDARI,2025-08-08,7.3,26.2
KENDARI,2025-08-09,13.4,24.6
KENDARI,2025-08-10,14.3,24.6
KENDARI,2025-08-11,0.9,25.4
KENDARI,2025-08-12,0.7,24.5
KENDARI,2025-08-13,0.0,24.1
KENDARI,2025-08-14,0.8,24.6
KENDARI,2025-08-15,2.9,25.2
KENDARI,2025-08-16,0.8,24.6
KENDARI,2025-08-17,16.5,24.3
KENDARI,2025-08-18,22.3,24.3
KENDARI,2025-08-19,6.1,25.2
KENDARI,2025-08-20,0.5,25.6
KENDARI,2025-08-21,0.0,25.6
KENDARI,2025-08-22,0.9,25.8
KENDARI,2025-08-23,1.8,25.1
KENDARI,2025-08-24,11.4,23.7
KENDARI,2025-08-25,10.6,23.8
KENDARI,2025-08-26,13.4,24.8
KENDARI,2025-08-27,0.0,25.6
KENDARI,2025-08-28,0.0,24.9
KENDARI,2025-08-29,0.6,25.3
KENDARI,2025-08-30,0.0,25.7
KENDARI,2025-08-31,0.2,25.8
KENDARI,2025-09-01,0.1,26.2
KENDARI,2025-09-02,0.2,26.4
KENDARI,2025-09-03,0.1,26.1
KENDARI,2025-09-04,0.3,26.1
KENDARI,2025-09-05,0.0,26.5
KENDARI,2025-09-06,4.6,25.5
KENDARI,2025-09-07,1.0,26.0
KENDARI,2025-09-08,11.1,26.0
KENDARI,2025-09-09,13.7,25.8
KENDARI,2025-09-10,13.6,25.5
KENDARI,2025-09-11,0.0,26.3
KENDARI,2025-09-12,0.7,25.7
KENDARI,2025-09-13,0.7,25.4
KENDARI,2025-09-14,6.8,25.7
KENDARI,2025-09-15,0.2,25.9
KENDARI,2025-09-16,0.0,26.1
KENDARI,2025-09-17,0.0,25.8
KENDARI,2025-09-18,0.0,25.9
KENDARI,2025-09-19,0.0,25.9
KENDARI,2025-09-20,0.0,26.0
KENDARI,2025-09-21,0.2,26.7
KENDARI,2025-09-22,0.0,27.0
KENDARI,2025-09-23,0.0,26.5
KENDARI,2025-09-24,1.2,25.7
KENDARI,2025-09-25,1.3,26.7
KENDARI,2025-09-26,2.3,26.8
KENDARI,2025-09-27,15.7,25.7
KENDARI,2025-09-28,1.9,26.2
KENDARI,2025-09-29,1.3,26.8
KENDARI,2025-09-30,0.0,26.6
KENDARI,2025-10-01,0.4,26.4
KENDARI,2025-10-02,0.0,27.0
KENDARI,2025-10-03,0.9,27.3
KENDARI,2025-10-04,1.9,27.2
KENDARI,2025-10-05,2.0,26.6
KENDARI,2025-10-06,5.9,25.1
KENDARI,2025-10-07,3.2,25.6
KENDARI,2025-10-08,0.1,27.3
KENDARI,2025-10-09,0.3,27.3
KENDARI,2025-10-10,4.5,25.9
KENDARI,2025-10-11,0.7,27.5
KENDARI,2025-10-12,0.6,27.6
KENDARI,2025-10-13,1.9,27.7
KENDARI,2025-10-14,0.2,28.1
KENDARI,2025-10-15,0.5,27.2
KENDARI,2025-10-16,2.1,27.5
KENDARI,2025-10-17,3.5,27.3
KENDARI,2025-10-18,12.9,27.1
KENDARI,2025-10-19,0.5,27.8
KENDARI,2025-10-20,1.2,27.8
KENDARI,2025-10-21,4.5,27.8
KENDARI,2025-10-22,15.7,26.9
KENDARI,2025-10-23,0.0,27.7
KENDARI,2025-10-24,21.9,27.1
KENDARI,2025-10-25,20.1,26.1
KENDARI,2025-10-26,9.9,26.2
KENDARI,2025-10-27,19.7,26.7
KENDARI,2025-10-28,24.9,25.9
KENDARI,2025-10-29,12.0,26.3
KENDARI,2025-10-30,1.3,27.6
KENDARI,2025-10-31,0.3,27.5
KENDARI,2025-11-01,4.7,26.8
KENDARI,2025-11-02,1.4,27.6
KENDARI,2025-11-03,3.0,27.7
KENDARI,2025-11-04,0.2,28.4
KENDARI,2025-11-05,0.4,28.1
KENDARI,2025-11-06,12.5,27.2
KENDARI,2025-11-07,1.4,27.5
KENDARI,2025-11-08,5.6,27.9
KENDARI,2025-11-09,8.3,27.8
KENDARI,2025-11-10,8.7,26.9
KENDARI,2025-11-11,6.8,26.5
KENDARI,2025-11-12,8.3,26.2
KENDARI,2025-11-13,29.0,26.6
KENDARI,2025-11-14,0.2,27.6
KENDARI,2025-11-15,6.5,27.5
KENDARI,2025-11-16,5.2,27.6
KENDARI,2025-11-17,7.5,27.7
KENDARI,2025-11-18,4.7,27.3
KENDARI,2025-11-19,21.6,27.0
KENDARI,2025-11-20,17.1,27.2
KENDARI,2025-11-21,9.6,26.6
KENDARI,2025-11-22,13.2,26.5
KENDARI,2025-11-23,21.6,26.4
KENDARI,2025-11-24,4.0,27.8
KENDARI,2025-11-25,2.9,28.3
KENDARI,2025-11-26,4.2,26.7
KENDARI,2025-11-27,5.7,27.0
KENDARI,2025-11-28,7.7,26.9
KENDARI,2025-11-29,3.8,27.1
KENDARI,2025-11-30,18.7,26.3
KENDARI,2025-12-01,2.8,26.2
KENDARI,2025-12-02,10.4,26.4
KENDARI,2025-12-03,13.7,26.4
KENDARI,2025-12-04,0.6,26.9
KENDARI,2025-12-05,13.5,26.3
KENDARI,2025-12-06,3.7,26.6
KENDARI,2025-12-07,7.7,26.6
KENDARI,2025-12-08,18.3,26.0
KENDARI,2025-12-09,11.8,26.0
KENDARI,2025-12-10,10.1,26.6
KENDARI,2025-12-11,19.6,26.1
KENDARI,2025-12-12,6.4,26.5
KENDARI,2025-12-13,13.8,25.9
KENDARI,2025-12-14,6.3,25.8
KENDARI,2025-12-15,1.0,26.7
KENDARI,2025-12-16,7.6,26.4
KENDARI,2025-12-17,4.4,26.6
KENDARI,2025-12-18,9.1,26.8
KENDARI,2025-12-19,30.7,26.5
KENDARI,2025-12-20,0.6,27.3
KENDARI,2025-12-21,8.4,27.3
KENDARI,2025-12-22,15.3,26.7
KENDARI,2025-12-23,14.6,26.9
KENDARI,2025-12-24,7.7,26.8
KENDARI,2025-12-25,19.7,26.5
KENDARI,2025-12-26,15.9,26.9
KENDARI,2025-12-27,4.0,26.9
KENDARI,2025-12-28,14.1,26.9
KENDARI,2025-12-29,15.9,26.9
KENDARI,2025-12-30,6.8,25.6
KENDARI,2025-12-31,16.5,26.6
KENDARI,2026-01-01,10.4,26.7
KENDARI,2026-01-02,18.6,27.0
KENDARI,2026-01-03,14.1,25.6
KENDARI,2026-01-04,18.7,26.5
KENDARI,2026-01-05,23.3,26.4
KENDARI,2026-01-06,27.2,26.3
KENDARI,2026-01-07,7.1,25.8
KENDARI,2026-01-08,2.4,26.5
KENDARI,2026-01-09,2.4,26.6
KENDARI,2026-01-10,5.3,26.7
KENDARI,2026-01-11,8.9,26.4
KENDARI,2026-01-12,2.0,26.7
KENDARI,2026-01-13,1.3,27.0
KENDARI,2026-01-14,0.4,28.1
KENDARI,2026-01-15,0.8,28.0
KENDARI,2026-01-16,0.0,28.8
KENDARI,2026-01-17,13.1,27.1
KENDARI,2026-01-18,1.1,28.2
KENDARI,2026-01-19,6.3,27.1
KENDARI,2026-01-20,1.6,27.8
KENDARI,2026-01-21,9.1,27.2
KENDARI,2026-01-22,0.5,27.5
KENDARI,2026-01-23,0.8,27.6
KENDARI,2026-01-24,3.0,27.7
KENDARI,2026-01-25,0.5,27.6
KENDARI,2026-01-26,7.1,27.3
KENDARI,2026-01-27,5.8,27.1
KENDARI,2026-01-28,16.2,25.4
KENDARI,2026-01-29,7.0,26.9
KENDARI,2026-01-30,9.7,27.1
KENDARI,2026-01-31,0.4,27.3
KENDARI,2026-02-01,17.5,26.9
KENDARI,2026-02-02,17.4,26.3
KENDARI,2026-02-03,2.9,27.0
KENDARI,2026-02-04,7.8,27.0
KENDARI,2026-02-05,1.6,27.5
KENDARI,2026-02-06,18.4,27.0
KENDARI,2026-02-07,12.7,26.4
KENDARI,2026-02-08,21.7,26.0
KENDARI,2026-02-09,9.9,25.9
KENDARI,2026-02-10,12.9,26.4
KENDARI,2026-02-11,3.7,26.3
KENDARI,2026-02-12,17.8,25.8
KENDARI,2026-02-13,8.0,25.9
KENDARI,2026-02-14,3.4,26.8
KENDARI,2026-02-15,10.5,28.1
KENDARI,2026-02-16,4.4,26.9
KENDARI,2026-02-17,0.4,27.0
KENDARI,2026-02-18,21.2,26.8
KENDARI,2026-02-19,6.1,27.1
KENDARI,2026-02-20,18.4,27.0
KENDARI,2026-02-21,23.9,25.8
KENDARI,2026-02-22,1.7,25.9
KENDARI,2026-02-23,17.1,26.6
KENDARI,2026-02-24,29.7,25.7
KENDARI,2026-02-25,9.1,25.6
KENDARI,2026-02-26,1.9,27.1
KENDARI,2026-02-27,1.0,27.1
KENDARI,2026-02-28,4.6,27.2
KENDARI,2026-03-01,3.5,27.8
KENDARI,2026-03-02,0.0,28.5
KENDARI,2026-03-03,0.0,28.2
KENDARI,2026-03-04,6.3,28.7
KENDARI,2026-03-05,0.1,27.8
KENDARI,2026-03-06,24.2,28.1
KENDARI,2026-03-07,43.9,26.1
KENDARI,2026-03-08,3.3,26.1
KENDARI,2026-03-09,0.1,27.4
KENDARI,2026-03-10,0.2,28.3
KENDARI,2026-03-11,1.4,28.5
KENDARI,2026-03-12,7.1,27.6
KENDARI,2026-03-13,18.4,27.0
KENDARI,2026-03-14,10.7,27.0
KENDARI,2026-03-15,17.5,26.0
KENDARI,2026-03-16,13.8,25.6
KENDARI,2026-03-17,26.9,26.1
KENDARI,2026-03-18,14.2,26.2
KENDARI,2026-03-19,10.9,26.3
KENDARI,2026-03-20,5.4,25.5
KENDARI,2026-03-21,10.5,26.1
KENDARI,2026-03-22,26.3,25.6
KENDARI,2026-03-23,1.8,25.8
KENDARI,2026-03-24,8.2,26.6
KENDARI,2026-03-25,3.3,26.2
KENDARI,2026-03-26,8.7,26.5
KENDARI,2026-03-27,7.4,26.5
KENDARI,2026-03-28,11.5,27.1
KENDARI,2026-03-29,2.5,26.4
KENDARI,2026-03-30,19.0,25.8
KENDARI,2026-03-31,16.1,25.9
MAMUJU,2025-03-15,5.7,26.6
MAMUJU,2025-03-16,3.5,26.1
MAMUJU,2025-03-17,18.7,25.4
MAMUJU,2025-03-18,0.0,28.2
MAMUJU,2025-03-19,1.8,26.9
MAMUJU,2025-03-20,1.9,27.6
MAMUJU,2025-03-21,24.2,25.7
MAMUJU,2025-03-22,5.8,26.2
MAMUJU,2025-03-23,0.0,27.2
MAMUJU,2025-03-24,0.0,28.0
MAMUJU,2025-03-25,0.1,28.2
MAMUJU,2025-03-26,0.0,28.8
MAMUJU,2025-03-27,0.3,28.7
MAMUJU,2025-03-28,2.3,28.5
MAMUJU,2025-03-29,2.9,27.7
MAMUJU,2025-03-30,4.2,27.3
MAMUJU,2025-03-31,0.3,29.3
MAMUJU,2025-04-01,32.8,25.7
MAMUJU,2025-04-02,0.7,27.4
MAMUJU,2025-04-03,1.0,28.0
MAMUJU,2025-04-04,4.4,26.9
MAMUJU,2025-04-05,0.6,28.3
MAMUJU,2025-04-06,11.9,26.5
MAMUJU,2025-04-07,13.5,27.1
MAMUJU,2025-04-08,7.2,27.4
MAMUJU,2025-04-09,2.5,26.7
MAMUJU,2025-04-10,0.5,27.8
MAMUJU,2025-04-11,16.7,26.4
MAMUJU,2025-04-12,0.4,27.6
MAMUJU,2025-04-13,1.8,27.9
MAMUJU,2025-04-14,15.2,26.9
MAMUJU,2025-04-15,19.3,26.8
MAMUJU,2025-04-16,5.8,27.7
MAMUJU,2025-04-17,5.9,27.2
MAMUJU,2025-04-18,0.8,27.3
MAMUJU,2025-04-19,0.0,27.8
MAMUJU,2025-04-20,0.0,28.4
MAMUJU,2025-04-21,1.4,27.3
MAMUJU,2025-04-22,1.2,26.7
MAMUJU,2025-04-23,3.7,27.0
MAMUJU,2025-04-24,1.0,27.4
MAMUJU,2025-04-25,6.1,27.5
MAMUJU,2025-04-26,0.1,28.2
MAMUJU,2025-04-27,20.0,26.5
MAMUJU,2025-04-28,0.0,28.8
MAMUJU,2025-04-29,2.2,27.3
MAMUJU,2025-04-30,9.1,26.0
MAMUJU,2025-05-01,0.0,29.0
MAMUJU,2025-05-02,0.4,28.7
MAMUJU,2025-05-03,0.0,28.4
MAMUJU,2025-05-04,0.5,28.6
MAMUJU,2025-05-05,3.5,28.3
MAMUJU,2025-05-06,9.1,27.0
MAMUJU,2025-05-07,4.6,27.9
MAMUJU,2025-05-08,0.0,29.1
MAMUJU,2025-05-09,0.0,29.2
MAMUJU,2025-05-10,13.6,27.1
MAMUJU,2025-05-11,0.5,29.2
MAMUJU,2025-05-12,1.9,28.2
MAMUJU,2025-05-13,0.0,28.6
MAMUJU,2025-05-14,0.0,29.0
MAMUJU,2025-05-15,1.9,28.4
MAMUJU,2025-05-16,10.6,27.8
MAMUJU,2025-05-17,8.2,26.9
MAMUJU,2025-05-18,1.3,27.8
MAMUJU,2025-05-19,1.8,28.6
MAMUJU,2025-05-20,10.9,26.8
MAMUJU,2025-05-21,6.8,27.4
MAMUJU,2025-05-22,0.6,27.2
MAMUJU,2025-05-23,0.1,28.2
MAMUJU,2025-05-24,0.0,29.6
MAMUJU,2025-05-25,0.0,30.1
MAMUJU,2025-05-26,2.5,29.9
MAMUJU,2025-05-27,1.3,28.3
MAMUJU,2025-05-28,1.7,29.3
MAMUJU,2025-05-29,1.0,28.6
MAMUJU,2025-05-30,2.6,28.2
MAMUJU,2025-05-31,19.6,26.4
MAMUJU,2025-06-01,26.2,25.2
MAMUJU,2025-06-02,3.6,26.0
MAMUJU,2025-06-03,0.2,26.4
MAMUJU,2025-06-04,0.0,27.3
MAMUJU,2025-06-05,0.0,28.3
MAMUJU,2025-06-06,0.7,27.9
MAMUJU,2025-06-07,0.1,27.7
MAMUJU,2025-06-08,2.7,27.3
MAMUJU,2025-06-09,0.5,27.7
MAMUJU,2025-06-10,0.0,28.1
MAMUJU,2025-06-11,13.9,27.2
MAMUJU,2025-06-12,2.4,27.6
MAMUJU,2025-06-13,3.3,28.2
MAMUJU,2025-06-14,0.3,27.4
MAMUJU,2025-06-15,0.3,27.6
MAMUJU,2025-06-16,1.1,27.7
MAMUJU,2025-06-17,2.9,27.0
MAMUJU,2025-06-18,5.6,26.7
MAMUJU,2025-06-19,21.9,26.3
MAMUJU,2025-06-20,43.7,24.8
MAMUJU,2025-06-21,27.9,25.7
MAMUJU,2025-06-22,0.1,26.3
MAMUJU,2025-06-23,0.0,26.8
MAMUJU,2025-06-24,0.5,27.1
MAMUJU,2025-06-25,0.4,27.4
MAMUJU,2025-06-26,0.0,27.5
MAMUJU,2025-06-27,0.0,27.6
MAMUJU,2025-06-28,1.7,27.2
MAMUJU,2025-06-29,0.5,27.3
MAMUJU,2025-06-30,1.6,27.6
MAMUJU,2025-07-01,0.1,28.1
MAMUJU,2025-07-02,0.0,28.7
MAMUJU,2025-07-03,0.1,28.4
MAMUJU,2025-07-04,0.8,27.8
MAMUJU,2025-07-05,5.9,26.7
MAMUJU,2025-07-06,0.0,28.2
MAMUJU,2025-07-07,3.1,26.9
MAMUJU,2025-07-08,0.3,26.8
MAMUJU,2025-07-09,0.1,27.3
MAMUJU,2025-07-10,1.6,27.2
MAMUJU,2025-07-11,0.0,27.5
MAMUJU,2025-07-12,0.3,28.0
MAMUJU,2025-07-13,0.1,28.6
MAMUJU,2025-07-14,2.6,28.1
MAMUJU,2025-07-15,1.4,27.5
MAMUJU,2025-07-16,1.1,26.8
MAMUJU,2025-07-17,4.3,26.8
MAMUJU,2025-07-18,0.1,27.4
MAMUJU,2025-07-19,0.0,26.9
MAMUJU,2025-07-20,0.0,27.6
MAMUJU,2025-07-21,2.2,28.0
MAMUJU,2025-07-22,0.5,28.3
MAMUJU,2025-07-23,0.1,29.2
MAMUJU,2025-07-24,0.0,29.4
MAMUJU,2025-07-25,0.0,29.2
MAMUJU,2025-07-26,0.4,28.8
MAMUJU,2025-07-27,4.7,27.4
MAMUJU,2025-07-28,0.3,28.6
MAMUJU,2025-07-29,0.5,28.8
MAMUJU,2025-07-30,3.9,28.4
MAMUJU,2025-07-31,4.1,27.4
MAMUJU,2025-08-01,0.3,28.3
MAMUJU,2025-08-02,0.9,28.0
MAMUJU,2025-08-03,8.0,27.4
MAMUJU,2025-08-04,3.2,26.3
MAMUJU,2025-08-05,0.7,26.4
MAMUJU,2025-08-06,13.5,26.7
MAMUJU,2025-08-07,0.0,27.1
MAMUJU,2025-08-08,0.9,27.3
MAMUJU,2025-08-09,1.8,27.3
MAMUJU,2025-08-10,6.9,26.6
MAMUJU,2025-08-11,0.1,26.6
MAMUJU,2025-08-12,2.1,26.6
MAMUJU,2025-08-13,19.1,25.9
MAMUJU,2025-08-14,0.6,26.7
MAMUJU,2025-08-15,0.0,27.6
MAMUJU,2025-08-16,4.7,27.1
MAMUJU,2025-08-17,13.4,25.4
MAMUJU,2025-08-18,1.2,26.6
MAMUJU,2025-08-19,0.8,26.6
MAMUJU,2025-08-20,0.6,27.0
MAMUJU,2025-08-21,2.7,26.3
MAMUJU,2025-08-22,0.0,27.1
MAMUJU,2025-08-23,0.1,27.0
MAMUJU,2025-08-24,1.0,27.1
MAMUJU,2025-08-25,4.1,26.6
MAMUJU,2025-08-26,4.5,26.4
MAMUJU,2025-08-27,0.5,27.4
MAMUJU,2025-08-28,1.0,27.4
MAMUJU,2025-08-29,0.0,28.5
MAMUJU,2025-08-30,2.0,28.6
MAMUJU,2025-08-31,1.5,27.4
MAMUJU,2025-09-01,0.5,28.2
MAMUJU,2025-09-02,2.3,27.9
MAMUJU,2025-09-03,1.1,28.0
MAMUJU,2025-09-04,1.5,27.5
MAMUJU,2025-09-05,2.4,27.1
MAMUJU,2025-09-06,5.9,25.9
MAMUJU,2025-09-07,6.2,25.9
MAMUJU,2025-09-08,6.0,26.3
MAMUJU,2025-09-09,13.1,26.0
MAMUJU,2025-09-10,2.6,26.7
MAMUJU,2025-09-11,7.6,26.5
MAMUJU,2025-09-12,0.9,26.8
MAMUJU,2025-09-13,0.6,27.2
MAMUJU,2025-09-14,4.9,26.2
MAMUJU,2025-09-15,4.1,26.4
MAMUJU,2025-09-16,2.1,26.8
MAMUJU,2025-09-17,9.9,26.6
MAMUJU,2025-09-18,1.3,26.3
MAMUJU,2025-09-19,1.6,27.1
MAMUJU,2025-09-20,0.8,27.0
MAMUJU,2025-09-21,0.2,27.5
MAMUJU,2025-09-22,0.1,27.7
MAMUJU,2025-09-23,0.8,27.6
MAMUJU,2025-09-24,0.6,27.8
MAMUJU,2025-09-25,0.0,28.1
MAMUJU,2025-09-26,1.2,28.6
MAMUJU,2025-09-27,0.7,27.8
MAMUJU,2025-09-28,0.2,28.2
MAMUJU,2025-09-29,0.7,28.6
MAMUJU,2025-09-30,25.8,26.9
MAMUJU,2025-10-01,3.0,26.7
MAMUJU,2025-10-02,1.0,27.7
MAMUJU,2025-10-03,3.8,27.6
MAMUJU,2025-10-04,7.8,26.1
MAMUJU,2025-10-05,8.9,26.0
MAMUJU,2025-10-06,1.9,26.2
MAMUJU,2025-10-07,0.0,27.1
MAMUJU,2025-10-08,1.0,27.2
MAMUJU,2025-10-09,0.7,27.6
MAMUJU,2025-10-10,0.6,27.3
MAMUJU,2025-10-11,0.2,28.0
MAMUJU,2025-10-12,9.7,26.9
MAMUJU,2025-10-13,2.9,27.0
MAMUJU,2025-10-14,1.2,27.3
MAMUJU,2025-10-15,4.4,27.8
MAMUJU,2025-10-16,2.8,28.1
MAMUJU,2025-10-17,1.7,28.0
MAMUJU,2025-10-18,10.0,27.3
MAMUJU,2025-10-19,0.8,28.0
MAMUJU,2025-10-20,7.1,28.2
MAMUJU,2025-10-21,4.8,27.4
MAMUJU,2025-10-22,8.8,26.4
MAMUJU,2025-10-23,6.0,26.5
MAMUJU,2025-10-24,14.0,26.1
MAMUJU,2025-10-25,5.4,27.0
MAMUJU,2025-10-26,25.2,25.4
MAMUJU,2025-10-27,4.0,26.2
MAMUJU,2025-10-28,0.4,27.5
MAMUJU,2025-10-29,12.3,26.4
MAMUJU,2025-10-30,3.4,27.3
MAMUJU,2025-10-31,0.6,27.2
MAMUJU,2025-11-01,0.9,27.7
MAMUJU,2025-11-02,0.1,28.0
MAMUJU,2025-11-03,0.1,28.4
MAMUJU,2025-11-04,15.6,27.3
MAMUJU,2025-11-05,5.4,27.6
MAMUJU,2025-11-06,0.4,27.3
MAMUJU,2025-11-07,7.9,27.3
MAMUJU,2025-11-08,0.0,28.2
MAMUJU,2025-11-09,19.3,26.0
MAMUJU,2025-11-10,5.5,26.4
MAMUJU,2025-11-11,0.0,28.3
MAMUJU,2025-11-12,2.3,27.1
MAMUJU,2025-11-13,7.5,26.0
MAMUJU,2025-11-14,0.4,28.0
MAMUJU,2025-11-15,0.3,28.6
MAMUJU,2025-11-16,0.0,28.3
MAMUJU,2025-11-17,0.9,28.1
MAMUJU,2025-11-18,1.9,27.6
MAMUJU,2025-11-19,4.9,27.1
MAMUJU,2025-11-20,2.9,27.5
MAMUJU,2025-11-21,0.7,27.5
MAMUJU,2025-11-22,0.1,28.4
MAMUJU,2025-11-23,11.2,27.4
MAMUJU,2025-11-24,0.1,29.3
MAMUJU,2025-11-25,0.9,28.6
MAMUJU,2025-11-26,1.4,29.0
MAMUJU,2025-11-27,0.0,29.9
MAMUJU,2025-11-28,0.4,29.5
MAMUJU,2025-11-29,9.0,26.4
MAMUJU,2025-11-30,0.8,27.3
MAMUJU,2025-12-01,0.1,28.1
MAMUJU,2025-12-02,1.3,27.8
MAMUJU,2025-12-03,0.8,28.9
MAMUJU,2025-12-04,1.0,26.8
MAMUJU,2025-12-05,1.5,27.9
MAMUJU,2025-12-06,1.1,28.2
MAMUJU,2025-12-07,0.6,28.4
MAMUJU,2025-12-08,4.4,26.7
MAMUJU,2025-12-09,69.4,24.5
MAMUJU,2025-12-10,0.2,27.2
MAMUJU,2025-12-11,0.1,27.3
MAMUJU,2025-12-12,2.4,26.9
MAMUJU,2025-12-13,0.9,27.4
MAMUJU,2025-12-14,0.7,27.6
MAMUJU,2025-12-15,5.8,26.9
MAMUJU,2025-12-16,0.7,27.7
MAMUJU,2025-12-17,0.2,28.2
MAMUJU,2025-12-18,0.9,28.4
MAMUJU,2025-12-19,0.0,28.4
MAMUJU,2025-12-20,2.9,28.4
MAMUJU,2025-12-21,0.9,28.5
MAMUJU,2025-12-22,5.5,27.3
MAMUJU,2025-12-23,10.6,26.9
MAMUJU,2025-12-24,2.8,26.8
MAMUJU,2025-12-25,0.0,28.9
MAMUJU,2025-12-26,0.0,29.1
MAMUJU,2025-12-27,14.8,26.4
MAMUJU,2025-12-28,0.8,28.4
MAMUJU,2025-12-29,0.3,28.9
MAMUJU,2025-12-30,11.4,27.4
MAMUJU,2025-12-31,1.0,28.2
MAMUJU,2026-01-01,31.3,25.6
MAMUJU,2026-01-02,1.9,27.0
MAMUJU,2026-01-03,0.9,27.5
MAMUJU,2026-01-04,16.5,25.3
MAMUJU,2026-01-05,19.8,25.4
MAMUJU,2026-01-06,4.2,26.2
MAMUJU,2026-01-07,1.6,27.3
MAMUJU,2026-01-08,8.6,26.0
MAMUJU,2026-01-09,5.7,27.4
MAMUJU,2026-01-10,0.3,27.9
MAMUJU,2026-01-11,21.0,26.1
MAMUJU,2026-01-12,0.0,28.5
MAMUJU,2026-01-13,0.0,28.4
MAMUJU,2026-01-14,0.1,28.2
MAMUJU,2026-01-15,0.4,28.1
MAMUJU,2026-01-16,0.0,28.5
MAMUJU,2026-01-17,0.0,29.1
MAMUJU,2026-01-18,2.2,27.9
MAMUJU,2026-01-19,0.3,28.8
MAMUJU,2026-01-20,9.5,26.7
MAMUJU,2026-01-21,0.0,29.1
MAMUJU,2026-01-22,0.3,29.0
MAMUJU,2026-01-23,0.0,29.2
MAMUJU,2026-01-24,0.0,28.7
MAMUJU,2026-01-25,0.2,28.4
MAMUJU,2026-01-26,0.2,28.6
MAMUJU,2026-01-27,0.9,28.8
MAMUJU,2026-01-28,1.0,26.7
MAMUJU,2026-01-29,0.9,27.1
MAMUJU,2026-01-30,0.0,27.7
MAMUJU,2026-01-31,14.1,26.3
MAMUJU,2026-02-01,0.0,28.2
MAMUJU,2026-02-02,10.8,25.9
MAMUJU,2026-02-03,0.1,28.2
MAMUJU,2026-02-04,5.5,26.3
MAMUJU,2026-02-05,0.1,27.9
MAMUJU,2026-02-06,5.3,27.0
MAMUJU,2026-02-07,7.5,27.8
MAMUJU,2026-02-08,0.8,28.1
MAMUJU,2026-02-09,0.0,28.5
MAMUJU,2026-02-10,3.0,27.3
MAMUJU,2026-02-11,4.6,26.4
MAMUJU,2026-02-12,0.7,28.2
MAMUJU,2026-02-13,17.4,26.2
MAMUJU,2026-02-14,3.4,27.1
MAMUJU,2026-02-15,0.0,28.7
MAMUJU,2026-02-16,0.0,28.8
MAMUJU,2026-02-17,0.0,29.3
MAMUJU,2026-02-18,1.5,28.2
MAMUJU,2026-02-19,1.0,27.5
MAMUJU,2026-02-20,0.2,28.5
MAMUJU,2026-02-21,62.9,25.1
MAMUJU,2026-02-22,0.0,27.8
MAMUJU,2026-02-23,1.4,27.3
MAMUJU,2026-02-24,23.8,24.8
MAMUJU,2026-02-25,16.6,25.3
MAMUJU,2026-02-26,1.9,27.9
MAMUJU,2026-02-27,3.6,27.3
MAMUJU,2026-02-28,0.4,27.8
MAMUJU,2026-03-01,0.3,28.8
MAMUJU,2026-03-02,0.2,28.3
MAMUJU,2026-03-03,0.0,28.6
MAMUJU,2026-03-04,0.2,29.1
MAMUJU,2026-03-05,1.8,28.3
MAMUJU,2026-03-06,0.0,29.0
MAMUJU,2026-03-07,3.4,26.7
MAMUJU,2026-03-08,4.2,27.1
MAMUJU,2026-03-09,1.7,27.7
MAMUJU,2026-03-10,2.2,27.1
MAMUJU,2026-03-11,3.2,27.0
MAMUJU,2026-03-12,3.6,27.7
MAMUJU,2026-03-13,0.5,27.8
MAMUJU,2026-03-14,5.0,27.0
MAMUJU,2026-03-15,1.2,28.5
MAMUJU,2026-03-16,13.1,25.5
MAMUJU,2026-03-17,1.2,26.9
MAMUJU,2026-03-18,0.9,27.8
MAMUJU,2026-03-19,8.1,26.5
MAMUJU,2026-03-20,6.5,25.9
MAMUJU,2026-03-21,0.6,27.4
MAMUJU,2026-03-22,3.7,26.9
MAMUJU,2026-03-23,0.4,28.2
MAMUJU,2026-03-24,0.0,28.9
MAMUJU,2026-03-25,0.0,29.2
MAMUJU,2026-03-26,0.0,29.3
MAMUJU,2026-03-27,0.6,28.8
MAMUJU,2026-03-28,1.3,28.6
MAMUJU,2026-03-29,1.4,28.0
MAMUJU,2026-03-30,8.0,26.7
MAMUJU,2026-03-31,4.0,27.7
DENPASAR,2025-03-15,3.6,26.8
DENPASAR,2025-03-16,5.6,26.9
DENPASAR,2025-03-17,3.2,27.0
DENPASAR,2025-03-18,9.3,26.1
DENPASAR,2025-03-19,33.1,24.5
DENPASAR,2025-03-20,21.7,26.7
DENPASAR,2025-03-21,8.9,26.3
DENPASAR,2025-03-22,18.8,26.6
DENPASAR,2025-03-23,1.0,27.6
DENPASAR,2025-03-24,1.6,27.3
DENPASAR,2025-03-25,6.0,27.9
DENPASAR,2025-03-26,0.7,27.7
DENPASAR,2025-03-27,17.3,26.7
DENPASAR,2025-03-28,9.9,26.9
DENPASAR,2025-03-29,5.9,26.5
DENPASAR,2025-03-30,6.6,25.8
DENPASAR,2025-03-31,5.7,26.4
DENPASAR,2025-04-01,0.0,26.6
DENPASAR,2025-04-02,0.6,26.6
DENPASAR,2025-04-03,0.1,26.8
DENPASAR,2025-04-04,0.2,26.5
DENPASAR,2025-04-05,0.0,27.5
DENPASAR,2025-04-06,0.0,28.0
DENPASAR,2025-04-07,0.2,27.9
DENPASAR,2025-04-08,8.3,27.2
DENPASAR,2025-04-09,24.7,26.3
DENPASAR,2025-04-10,23.4,26.4
DENPASAR,2025-04-11,1.3,26.6
DENPASAR,2025-04-12,3.3,27.1
DENPASAR,2025-04-13,1.6,27.1
DENPASAR,2025-04-14,0.4,27.4
DENPASAR,2025-04-15,0.0,28.1
DENPASAR,2025-04-16,0.4,28.1
DENPASAR,2025-04-17,1.7,28.1
DENPASAR,2025-04-18,9.9,26.9
DENPASAR,2025-04-19,7.2,26.7
DENPASAR,2025-04-20,2.8,26.5
DENPASAR,2025-04-21,0.9,26.8
DENPASAR,2025-04-22,1.0,26.6
DENPASAR,2025-04-23,0.0,27.2
DENPASAR,2025-04-24,0.0,27.7
DENPASAR,2025-04-25,0.2,27.6
DENPASAR,2025-04-26,0.1,27.8
DENPASAR,2025-04-27,0.0,28.0
DENPASAR,2025-04-28,0.1,27.7
DENPASAR,2025-04-29,1.1,27.7
DENPASAR,2025-04-30,1.2,27.4
DENPASAR,2025-05-01,2.1,27.9
DENPASAR,2025-05-02,2.4,27.8
DENPASAR,2025-05-03,0.3,27.6
DENPASAR,2025-05-04,1.2,27.7
DENPASAR,2025-05-05,4.5,26.8
DENPASAR,2025-05-06,18.3,26.0
DENPASAR,2025-05-07,12.8,26.1
DENPASAR,2025-05-08,7.5,26.9
DENPASAR,2025-05-09,22.2,26.1
DENPASAR,2025-05-10,14.7,26.2
DENPASAR,2025-05-11,26.7,26.2
DENPASAR,2025-05-12,30.3,25.9
DENPASAR,2025-05-13,17.7,26.4
DENPASAR,2025-05-14,13.6,26.5
DENPASAR,2025-05-15,6.2,26.6
DENPASAR,2025-05-16,11.9,26.7
DENPASAR,2025-05-17,5.5,27.1
DENPASAR,2025-05-18,4.9,27.0
DENPASAR,2025-05-19,7.4,26.6
DENPASAR,2025-05-20,5.1,26.6
DENPASAR,2025-05-21,3.8,26.6
DENPASAR,2025-05-22,10.0,26.3
DENPASAR,2025-05-23,8.2,26.0
DENPASAR,2025-05-24,5.0,26.6
DENPASAR,2025-05-25,8.8,27.1
DENPASAR,2025-05-26,5.1,27.2
DENPASAR,2025-05-27,6.5,26.1
DENPASAR,2025-05-28,0.0,26.8
DENPASAR,2025-05-29,0.0,27.0
DENPASAR,2025-05-30,19.1,26.5
DENPASAR,2025-05-31,11.3,26.6
DENPASAR,2025-06-01,1.5,26.6
DENPASAR,2025-06-02,0.2,26.4
DENPASAR,2025-06-03,0.8,26.4
DENPASAR,2025-06-04,0.3,26.5
DENPASAR,2025-06-05,0.0,26.9
DENPASAR,2025-06-06,0.2,27.1
DENPASAR,2025-06-07,6.8,25.3
DENPASAR,2025-06-08,8.0,26.1
DENPASAR,2025-06-09,4.4,26.4
DENPASAR,2025-06-10,9.2,26.2
DENPASAR,2025-06-11,0.7,26.6
DENPASAR,2025-06-12,2.4,26.7
DENPASAR,2025-06-13,32.0,25.9
DENPASAR,2025-06-14,17.0,25.9
DENPASAR,2025-06-15,4.5,26.1
DENPASAR,2025-06-16,3.6,26.6
DENPASAR,2025-06-17,6.2,26.1
DENPASAR,2025-06-18,0.0,25.5
DENPASAR,2025-06-19,0.5,25.6
DENPASAR,2025-06-20,0.1,26.0
DENPASAR,2025-06-21,2.8,26.1
DENPASAR,2025-06-22,2.4,26.5
DENPASAR,2025-06-23,4.3,25.9
DENPASAR,2025-06-24,0.0,26.1
DENPASAR,2025-06-25,12.5,24.7
DENPASAR,2025-06-26,19.2,25.2
DENPASAR,2025-06-27,15.9,25.4
DENPASAR,2025-06-28,4.3,25.6
DENPASAR,2025-06-29,4.3,25.4
DENPASAR,2025-06-30,1.9,25.9
DENPASAR,2025-07-01,2.1,25.7
DENPASAR,2025-07-02,2.1,25.9
DENPASAR,2025-07-03,8.0,25.3
DENPASAR,2025-07-04,1.0,25.3
DENPASAR,2025-07-05,5.7,25.1
DENPASAR,2025-07-06,18.8,25.1
DENPASAR,2025-07-07,1.2,25.4
DENPASAR,2025-07-08,1.9,24.9
DENPASAR,2025-07-09,0.1,24.6
DENPASAR,2025-07-10,0.0,24.4
DENPASAR,2025-07-11,0.4,25.0
DENPASAR,2025-07-12,5.7,25.2
DENPASAR,2025-07-13,0.4,26.1
DENPASAR,2025-07-14,6.2,25.2
DENPASAR,2025-07-15,0.4,25.6
DENPASAR,2025-07-16,0.4,25.4
DENPASAR,2025-07-17,0.1,24.7
DENPASAR,2025-07-18,0.5,24.2
DENPASAR,2025-07-19,0.0,24.0
DENPASAR,2025-07-20,0.2,24.5
DENPASAR,2025-07-21,0.5,24.7
DENPASAR,2025-07-22,0.4,25.0
DENPASAR,2025-07-23,0.4,25.3
DENPASAR,2025-07-24,1.3,25.6
DENPASAR,2025-07-25,1.8,25.8
DENPASAR,2025-07-26,0.3,26.0
DENPASAR,2025-07-27,0.6,25.7
DENPASAR,2025-07-28,9.8,25.0
DENPASAR,2025-07-29,4.4,24.8
DENPASAR,2025-07-30,6.1,24.2
DENPASAR,2025-07-31,2.0,25.1
DENPASAR,2025-08-01,2.1,25.4
DENPASAR,2025-08-02,1.4,25.4
DENPASAR,2025-08-03,4.2,25.5
DENPASAR,2025-08-04,0.0,25.5
DENPASAR,2025-08-05,1.3,25.4
DENPASAR,2025-08-06,0.0,25.3
DENPASAR,2025-08-07,0.0,25.0
DENPASAR,2025-08-08,0.7,25.7
DENPASAR,2025-08-09,3.6,25.6
DENPASAR,2025-08-10,0.8,25.5
DENPASAR,2025-08-11,0.9,25.9
DENPASAR,2025-08-12,1.6,25.9
DENPASAR,2025-08-13,0.7,25.7
DENPASAR,2025-08-14,0.1,25.6
DENPASAR,2025-08-15,3.0,25.1
DENPASAR,2025-08-16,2.8,24.9
DENPASAR,2025-08-17,0.1,25.3
DENPASAR,2025-08-18,2.8,25.6
DENPASAR,2025-08-19,6.5,25.0
DENPASAR,2025-08-20,0.1,25.3
DENPASAR,2025-08-21,0.0,25.1
DENPASAR,2025-08-22,0.4,24.9
DENPASAR,2025-08-23,0.9,25.9
DENPASAR,2025-08-24,0.0,25.6
DENPASAR,2025-08-25,0.0,25.6
DENPASAR,2025-08-26,2.3,25.6
DENPASAR,2025-08-27,6.4,24.7
DENPASAR,2025-08-28,0.8,25.3
DENPASAR,2025-08-29,2.1,25.2
DENPASAR,2025-08-30,0.3,25.9
DENPASAR,2025-08-31,0.3,25.5
DENPASAR,2025-09-01,0.0,26.0
DENPASAR,2025-09-02,0.2,26.5
DENPASAR,2025-09-03,0.9,26.2
DENPASAR,2025-09-04,1.1,26.3
DENPASAR,2025-09-05,0.0,26.2
DENPASAR,2025-09-06,0.2,25.8
DENPASAR,2025-09-07,0.0,25.9
DENPASAR,2025-09-08,3.2,26.3
DENPASAR,2025-09-09,59.5,24.2
DENPASAR,2025-09-10,119.2,24.6
DENPASAR,2025-09-11,3.3,26.1
DENPASAR,2025-09-12,1.3,25.7
DENPASAR,2025-09-13,0.4,25.9
DENPASAR,2025-09-14,7.4,25.2
DENPASAR,2025-09-15,8.9,25.1
DENPASAR,2025-09-16,2.4,25.5
DENPASAR,2025-09-17,0.7,25.9
DENPASAR,2025-09-18,5.7,25.0
DENPASAR,2025-09-19,5.8,25.8
DENPASAR,2025-09-20,3.2,26.1
DENPASAR,2025-09-21,0.4,25.6
DENPASAR,2025-09-22,0.4,25.7
DENPASAR,2025-09-23,0.0,25.4
DENPASAR,2025-09-24,1.7,25.4
DENPASAR,2025-09-25,1.0,26.0
DENPASAR,2025-09-26,0.8,26.3
DENPASAR,2025-09-27,3.8,26.3
DENPASAR,2025-09-28,2.0,26.4
DENPASAR,2025-09-29,6.5,26.1
DENPASAR,2025-09-30,10.5,25.3
DENPASAR,2025-10-01,1.3,26.3
DENPASAR,2025-10-02,0.0,26.3
DENPASAR,2025-10-03,0.0,25.9
DENPASAR,2025-10-04,0.4,26.2
DENPASAR,2025-10-05,2.1,26.7
DENPASAR,2025-10-06,1.1,26.0
DENPASAR,2025-10-07,0.0,25.8
DENPASAR,2025-10-08,0.2,26.3
DENPASAR,2025-10-09,0.1,26.1
DENPASAR,2025-10-10,1.2,26.1
DENPASAR,2025-10-11,5.6,26.1
DENPASAR,2025-10-12,8.2,26.3
DENPASAR,2025-10-13,5.6,26.8
DENPASAR,2025-10-14,6.7,26.6
DENPASAR,2025-10-15,1.5,26.6
DENPASAR,2025-10-16,2.9,26.5
DENPASAR,2025-10-17,4.2,27.0
DENPASAR,2025-10-18,1.7,27.0
DENPASAR,2025-10-19,15.9,26.3
DENPASAR,2025-10-20,0.9,27.3
DENPASAR,2025-10-21,2.3,26.4
DENPASAR,2025-10-22,0.2,26.9
DENPASAR,2025-10-23,5.3,26.8
DENPASAR,2025-10-24,0.5,26.8
DENPASAR,2025-10-25,1.3,27.1
DENPASAR,2025-10-26,2.1,26.8
DENPASAR,2025-10-27,4.2,26.6
DENPASAR,2025-10-28,4.8,27.1
DENPASAR,2025-10-29,11.7,25.7
DENPASAR,2025-10-30,9.6,26.2
DENPASAR,2025-10-31,16.9,26.8
DENPASAR,2025-11-01,7.0,26.7
DENPASAR,2025-11-02,18.3,26.1
DENPASAR,2025-11-03,13.7,25.5
DENPASAR,2025-11-04,25.1,26.1
DENPASAR,2025-11-05,25.7,25.7
DENPASAR,2025-11-06,3.1,26.1
DENPASAR,2025-11-07,5.3,26.8
DENPASAR,2025-11-08,7.8,27.1
DENPASAR,2025-11-09,29.8,24.9
DENPASAR,2025-11-10,0.4,26.8
DENPASAR,2025-11-11,23.9,25.9
DENPASAR,2025-11-12,24.4,25.9
DENPASAR,2025-11-13,3.2,26.1
DENPASAR,2025-11-14,4.6,26.4
DENPASAR,2025-11-15,0.8,26.8
DENPASAR,2025-11-16,0.1,27.1
DENPASAR,2025-11-17,2.4,26.7
DENPASAR,2025-11-18,0.8,26.4
DENPASAR,2025-11-19,2.0,26.8
DENPASAR,2025-11-20,0.1,27.4
DENPASAR,2025-11-21,0.9,27.5
DENPASAR,2025-11-22,2.5,27.4
DENPASAR,2025-11-23,34.3,26.3
DENPASAR,2025-11-24,2.2,26.9
DENPASAR,2025-11-25,0.3,27.4
DENPASAR,2025-11-26,5.7,27.3
DENPASAR,2025-11-27,4.4,26.8
DENPASAR,2025-11-28,1.6,27.5
DENPASAR,2025-11-29,1.0,27.3
DENPASAR,2025-11-30,0.0,28.0
DENPASAR,2025-12-01,4.5,27.3
DENPASAR,2025-12-02,2.8,26.8
DENPASAR,2025-12-03,0.6,27.4
DENPASAR,2025-12-04,1.8,27.3
DENPASAR,2025-12-05,0.5,27.2
DENPASAR,2025-12-06,1.8,27.2
DENPASAR,2025-12-07,0.8,27.8
DENPASAR,2025-12-08,0.9,27.5
DENPASAR,2025-12-09,2.2,27.2
DENPASAR,2025-12-10,1.7,27.3
DENPASAR,2025-12-11,4.6,27.2
DENPASAR,2025-12-12,17.4,27.7
DENPASAR,2025-12-13,10.9,27.6
DENPASAR,2025-12-14,36.5,26.0
DENPASAR,2025-12-15,23.5,26.5
DENPASAR,2025-12-16,2.3,27.2
DENPASAR,2025-12-17,1.9,27.7
DENPASAR,2025-12-18,2.5,27.0
DENPASAR,2025-12-19,7.8,26.4
DENPASAR,2025-12-20,0.7,26.8
DENPASAR,2025-12-21,11.3,26.4
DENPASAR,2025-12-22,5.9,26.5
DENPASAR,2025-12-23,6.1,27.1
DENPASAR,2025-12-24,4.7,26.7
DENPASAR,2025-12-25,1.8,27.4
DENPASAR,2025-12-26,3.7,27.1
DENPASAR,2025-12-27,13.1,25.3
DENPASAR,2025-12-28,3.8,26.8
DENPASAR,2025-12-29,0.3,27.7
DENPASAR,2025-12-30,0.4,28.0
DENPASAR,2025-12-31,0.0,28.4
DENPASAR,2026-01-01,0.6,28.5
DENPASAR,2026-01-02,2.8,27.4
DENPASAR,2026-01-03,0.6,27.7
DENPASAR,2026-01-04,3.4,27.1
DENPASAR,2026-01-05,9.9,26.2
DENPASAR,2026-01-06,10.1,25.9
DENPASAR,2026-01-07,1.9,27.4
DENPASAR,2026-01-08,5.2,25.6
DENPASAR,2026-01-09,3.7,25.6
DENPASAR,2026-01-10,7.5,26.2
DENPASAR,2026-01-11,7.6,25.8
DENPASAR,2026-01-12,3.4,26.6
DENPASAR,2026-01-13,3.1,26.9
DENPASAR,2026-01-14,2.9,26.7
DENPASAR,2026-01-15,16.9,26.2
DENPASAR,2026-01-16,4.8,26.8
DENPASAR,2026-01-17,4.7,26.9
DENPASAR,2026-01-18,50.2,26.2
DENPASAR,2026-01-19,3.6,26.6
DENPASAR,2026-01-20,29.1,25.2
DENPASAR,2026-01-21,40.9,25.4
DENPASAR,2026-01-22,21.4,25.1
DENPASAR,2026-01-23,0.1,27.5
DENPASAR,2026-01-24,2.3,28.6
DENPASAR,2026-01-25,0.0,27.9
DENPASAR,2026-01-26,1.4,27.3
DENPASAR,2026-01-27,13.0,25.6
DENPASAR,2026-01-28,29.8,25.1
DENPASAR,2026-01-29,3.9,26.5
DENPASAR,2026-01-30,7.9,26.5
DENPASAR,2026-01-31,5.3,26.1
DENPASAR,2026-02-01,11.9,25.2
DENPASAR,2026-02-02,11.1,25.4
DENPASAR,2026-02-03,4.6,26.5
DENPASAR,2026-02-04,1.1,26.5
DENPASAR,2026-02-05,7.9,25.5
DENPASAR,2026-02-06,7.1,26.2
DENPASAR,2026-02-07,6.3,27.0
DENPASAR,2026-02-08,18.1,26.9
DENPASAR,2026-02-09,43.4,26.1
DENPASAR,2026-02-10,70.7,25.0
DENPASAR,2026-02-11,12.8,25.0
DENPASAR,2026-02-12,21.9,25.3
DENPASAR,2026-02-13,34.7,24.8
DENPASAR,2026-02-14,9.8,25.4
DENPASAR,2026-02-15,4.4,26.0
DENPASAR,2026-02-16,2.1,26.7
DENPASAR,2026-02-17,2.6,26.3
DENPASAR,2026-02-18,14.4,26.7
DENPASAR,2026-02-19,0.2,27.3
DENPASAR,2026-02-20,2.0,26.9
DENPASAR,2026-02-21,11.3,26.3
DENPASAR,2026-02-22,35.9,24.9
DENPASAR,2026-02-23,39.8,24.9
DENPASAR,2026-02-24,76.3,24.2
DENPASAR,2026-02-25,19.2,25.1
DENPASAR,2026-02-26,11.2,25.1
DENPASAR,2026-02-27,9.4,25.0
DENPASAR,2026-02-28,8.3,25.3
DENPASAR,2026-03-01,0.7,26.5
DENPASAR,2026-03-02,10.0,25.5
DENPASAR,2026-03-03,11.8,25.9
DENPASAR,2026-03-04,1.3,27.2
DENPASAR,2026-03-05,4.9,26.6
DENPASAR,2026-03-06,3.5,27.4
DENPASAR,2026-03-07,1.5,27.2
DENPASAR,2026-03-08,0.2,27.1
DENPASAR,2026-03-09,5.7,26.3
DENPASAR,2026-03-10,2.7,27.2
DENPASAR,2026-03-11,8.8,25.9
DENPASAR,2026-03-12,2.7,26.5
DENPASAR,2026-03-13,5.3,26.3
DENPASAR,2026-03-14,5.6,26.2
DENPASAR,2026-03-15,2.9,26.3
DENPASAR,2026-03-16,12.9,26.0
DENPASAR,2026-03-17,10.6,25.7
DENPASAR,2026-03-18,26.6,25.4
DENPASAR,2026-03-19,2.6,26.5
DENPASAR,2026-03-20,2.5,26.1
DENPASAR,2026-03-21,0.9,26.7
DENPASAR,2026-03-22,1.1,26.4
DENPASAR,2026-03-23,0.2,26.8
DENPASAR,2026-03-24,1.2,27.4
DENPASAR,2026-03-25,0.2,27.5
DENPASAR,2026-03-26,0.8,27.2
DENPASAR,2026-03-27,9.7,26.5
DENPASAR,2026-03-28,24.4,26.5
DENPASAR,2026-03-29,1.3,26.7
DENPASAR,2026-03-30,3.4,27.0
DENPASAR,2026-03-31,3.2,26.9
MATARAM,2025-03-15,4.7,25.4
MATARAM,2025-03-16,7.0,26.4
MATARAM,2025-03-17,13.2,26.3
MATARAM,2025-03-18,14.0,25.6
MATARAM,2025-03-19,24.6,24.8
MATARAM,2025-03-20,30.5,25.9
MATARAM,2025-03-21,35.4,25.6
MATARAM,2025-03-22,10.8,26.4
MATARAM,2025-03-23,10.5,26.5
MATARAM,2025-03-24,0.6,27.0
MATARAM,2025-03-25,2.0,26.8
MATARAM,2025-03-26,0.1,27.0
MATARAM,2025-03-27,5.8,26.4
MATARAM,2025-03-28,1.1,26.9
MATARAM,2025-03-29,10.4,26.2
MATARAM,2025-03-30,16.7,25.9
MATARAM,2025-03-31,2.4,26.7
MATARAM,2025-04-01,3.9,26.1
MATARAM,2025-04-02,1.1,26.2
MATARAM,2025-04-03,0.4,26.3
MATARAM,2025-04-04,0.0,26.4
MATARAM,2025-04-05,0.0,26.2
MATARAM,2025-04-06,0.3,26.7
MATARAM,2025-04-07,1.3,26.6
MATARAM,2025-04-08,5.7,26.3
MATARAM,2025-04-09,8.4,26.0
MATARAM,2025-04-10,7.2,25.8
MATARAM,2025-04-11,3.8,26.5
MATARAM,2025-04-12,3.7,26.3
MATARAM,2025-04-13,1.1,27.4
MATARAM,2025-04-14,0.9,26.9
MATARAM,2025-04-15,0.0,27.0
MATARAM,2025-04-16,0.3,27.2
MATARAM,2025-04-17,1.3,27.1
MATARAM,2025-04-18,6.2,26.0
MATARAM,2025-04-19,2.5,26.7
MATARAM,2025-04-20,1.0,26.4
MATARAM,2025-04-21,1.5,26.5
MATARAM,2025-04-22,2.0,26.3
MATARAM,2025-04-23,0.0,26.6
MATARAM,2025-04-24,12.3,26.2
MATARAM,2025-04-25,0.8,26.3
MATARAM,2025-04-26,1.2,25.9
MATARAM,2025-04-27,1.5,26.2
MATARAM,2025-04-28,0.2,26.3
MATARAM,2025-04-29,0.2,26.7
MATARAM,2025-04-30,1.2,26.9
MATARAM,2025-05-01,0.5,26.8
MATARAM,2025-05-02,1.0,26.7
MATARAM,2025-05-03,6.9,26.5
MATARAM,2025-05-04,7.2,26.9
MATARAM,2025-05-05,2.3,26.7
MATARAM,2025-05-06,2.5,27.0
MATARAM,2025-05-07,4.4,26.1
MATARAM,2025-05-08,6.0,25.9
MATARAM,2025-05-09,33.1,25.4
MATARAM,2025-05-10,14.3,25.4
MATARAM,2025-05-11,21.4,25.2
MATARAM,2025-05-12,19.8,25.7
MATARAM,2025-05-13,19.1,25.2
MATARAM,2025-05-14,21.0,25.5
MATARAM,2025-05-15,6.7,26.0
MATARAM,2025-05-16,6.3,26.1
MATARAM,2025-05-17,0.0,26.5
MATARAM,2025-05-18,0.2,26.8
MATARAM,2025-05-19,2.5,26.4
MATARAM,2025-05-20,0.2,26.9
MATARAM,2025-05-21,0.1,26.8
MATARAM,2025-05-22,14.7,26.5
MATARAM,2025-05-23,24.1,25.5
MATARAM,2025-05-24,0.1,26.2
MATARAM,2025-05-25,0.3,26.4
MATARAM,2025-05-26,0.0,27.0
MATARAM,2025-05-27,1.5,26.0
MATARAM,2025-05-28,0.9,26.3
MATARAM,2025-05-29,1.9,26.6
MATARAM,2025-05-30,7.4,26.4
MATARAM,2025-05-31,15.2,26.3
MATARAM,2025-06-01,0.5,26.4
MATARAM,2025-06-02,2.6,26.1
MATARAM,2025-06-03,0.1,26.2
MATARAM,2025-06-04,0.7,25.8
MATARAM,2025-06-05,0.1,26.4
MATARAM,2025-06-06,1.6,26.2
MATARAM,2025-06-07,16.7,25.2
MATARAM,2025-06-08,0.6,26.5
MATARAM,2025-06-09,2.5,25.9
MATARAM,2025-06-10,1.7,26.3
MATARAM,2025-06-11,0.0,26.3
MATARAM,2025-06-12,2.5,26.5
MATARAM,2025-06-13,18.9,26.3
MATARAM,2025-06-14,5.7,25.5
MATARAM,2025-06-15,3.2,26.1
MATARAM,2025-06-16,1.4,26.1
MATARAM,2025-06-17,0.1,25.7
MATARAM,2025-06-18,0.0,25.4
MATARAM,2025-06-19,0.4,25.6
MATARAM,2025-06-20,0.0,25.6
MATARAM,2025-06-21,1.7,26.1
MATARAM,2025-06-22,0.8,26.4
MATARAM,2025-06-23,0.2,25.8
MATARAM,2025-06-24,0.2,25.9
MATARAM,2025-06-25,2.6,25.6
MATARAM,2025-06-26,3.7,26.0
MATARAM,2025-06-27,2.2,26.4
MATARAM,2025-06-28,0.5,26.3
MATARAM,2025-06-29,0.1,26.0
MATARAM,2025-06-30,0.7,25.9
MATARAM,2025-07-01,1.3,25.8
MATARAM,2025-07-02,3.3,26.2
MATARAM,2025-07-03,8.8,25.6
MATARAM,2025-07-04,3.4,25.2
MATARAM,2025-07-05,8.2,25.3
MATARAM,2025-07-06,8.5,25.5
MATARAM,2025-07-07,0.0,25.8
MATARAM,2025-07-08,0.0,25.3
MATARAM,2025-07-09,0.0,24.9
MATARAM,2025-07-10,0.2,24.5
MATARAM,2025-07-11,0.1,25.0
MATARAM,2025-07-12,10.7,24.8
MATARAM,2025-07-13,0.3,26.2
MATARAM,2025-07-14,1.5,26.2
MATARAM,2025-07-15,0.0,26.7
MATARAM,2025-07-16,0.0,25.8
MATARAM,2025-07-17,0.0,25.1
MATARAM,2025-07-18,0.0,24.7
MATARAM,2025-07-19,0.0,24.4
MATARAM,2025-07-20,0.0,24.8
MATARAM,2025-07-21,0.5,24.5
MATARAM,2025-07-22,0.0,25.4
MATARAM,2025-07-23,1.0,25.2
MATARAM,2025-07-24,1.1,25.8
MATARAM,2025-07-25,1.8,26.5
MATARAM,2025-07-26,0.2,27.0
MATARAM,2025-07-27,1.4,26.6
MATARAM,2025-07-28,0.0,26.4
MATARAM,2025-07-29,0.0,25.9
MATARAM,2025-07-30,2.2,25.2
MATARAM,2025-07-31,0.3,25.7
MATARAM,2025-08-01,0.5,26.3
MATARAM,2025-08-02,1.0,26.0
MATARAM,2025-08-03,2.2,26.5
MATARAM,2025-08-04,0.0,26.3
MATARAM,2025-08-05,0.7,26.4
MATARAM,2025-08-06,0.0,25.7
MATARAM,2025-08-07,0.3,26.1
MATARAM,2025-08-08,0.2,26.1
MATARAM,2025-08-09,3.2,25.7
MATARAM,2025-08-10,0.7,26.6
MATARAM,2025-08-11,0.0,26.8
MATARAM,2025-08-12,0.0,26.2
MATARAM,2025-08-13,0.0,25.9
MATARAM,2025-08-14,0.0,25.8
MATARAM,2025-08-15,0.0,25.9
MATARAM,2025-08-16,0.0,26.1
MATARAM,2025-08-17,0.0,25.9
MATARAM,2025-08-18,6.9,25.7
MATARAM,2025-08-19,2.9,25.8
MATARAM,2025-08-20,0.2,26.2
MATARAM,2025-08-21,0.0,26.3
MATARAM,2025-08-22,0.9,25.7
MATARAM,2025-08-23,0.8,25.4
MATARAM,2025-08-24,0.5,25.3
MATARAM,2025-08-25,5.8,25.4
MATARAM,2025-08-26,0.9,25.4
MATARAM,2025-08-27,0.4,25.6
MATARAM,2025-08-28,0.4,25.9
MATARAM,2025-08-29,0.1,25.8
MATARAM,2025-08-30,0.0,26.5
MATARAM,2025-08-31,0.1,26.4
MATARAM,2025-09-01,0.4,26.0
MATARAM,2025-09-02,0.6,26.5
MATARAM,2025-09-03,0.0,26.5
MATARAM,2025-09-04,0.0,26.4
MATARAM,2025-09-05,0.0,26.3
MATARAM,2025-09-06,0.0,26.1
MATARAM,2025-09-07,0.0,26.0
MATARAM,2025-09-08,0.6,26.4
MATARAM,2025-09-09,5.5,25.1
MATARAM,2025-09-10,13.3,25.2
MATARAM,2025-09-11,0.6,26.5
MATARAM,2025-09-12,0.2,26.9
MATARAM,2025-09-13,0.0,27.1
MATARAM,2025-09-14,2.1,26.6
MATARAM,2025-09-15,3.6,26.5
MATARAM,2025-09-16,2.5,26.4
MATARAM,2025-09-17,6.0,26.0
MATARAM,2025-09-18,33.2,25.2
MATARAM,2025-09-19,4.0,26.3
MATARAM,2025-09-20,3.3,26.3
MATARAM,2025-09-21,0.3,26.3
MATARAM,2025-09-22,0.3,26.8
MATARAM,2025-09-23,0.0,26.3
MATARAM,2025-09-24,1.5,26.0
MATARAM,2025-09-25,1.9,25.6
MATARAM,2025-09-26,2.0,26.6
MATARAM,2025-09-27,3.8,26.5
MATARAM,2025-09-28,4.8,26.8
MATARAM,2025-09-29,4.4,27.1
MATARAM,2025-09-30,16.0,26.1
MATARAM,2025-10-01,3.4,27.0
MATARAM,2025-10-02,0.0,27.0
MATARAM,2025-10-03,0.0,26.9
MATARAM,2025-10-04,1.2,27.0
MATARAM,2025-10-05,4.2,26.6
MATARAM,2025-10-06,0.9,27.0
MATARAM,2025-10-07,0.0,26.5
MATARAM,2025-10-08,0.0,26.7
MATARAM,2025-10-09,0.7,26.5
MATARAM,2025-10-10,1.4,26.8
MATARAM,2025-10-11,19.4,26.4
MATARAM,2025-10-12,9.9,27.0
MATARAM,2025-10-13,6.4,27.6
MATARAM,2025-10-14,1.8,27.6
MATARAM,2025-10-15,2.2,27.5
MATARAM,2025-10-16,1.7,27.9
MATARAM,2025-10-17,3.1,27.2
MATARAM,2025-10-18,1.1,28.1
MATARAM,2025-10-19,17.1,26.6
MATARAM,2025-10-20,12.5,26.8
MATARAM,2025-10-21,13.5,26.2
MATARAM,2025-10-22,0.9,26.1
MATARAM,2025-10-23,7.2,26.3
MATARAM,2025-10-24,0.8,27.1
MATARAM,2025-10-25,1.1,27.1
MATARAM,2025-10-26,0.7,26.3
MATARAM,2025-10-27,4.9,26.1
MATARAM,2025-10-28,14.5,25.9
MATARAM,2025-10-29,19.8,25.6
MATARAM,2025-10-30,4.7,26.3
MATARAM,2025-10-31,1.9,26.3
MATARAM,2025-11-01,4.7,26.7
MATARAM,2025-11-02,1.2,26.4
MATARAM,2025-11-03,10.1,26.0
MATARAM,2025-11-04,15.2,26.3
MATARAM,2025-11-05,14.1,26.0
MATARAM,2025-11-06,2.3,26.5
MATARAM,2025-11-07,2.7,26.5
MATARAM,2025-11-08,1.0,26.7
MATARAM,2025-11-09,31.8,25.2
MATARAM,2025-11-10,10.1,26.0
MATARAM,2025-11-11,15.9,25.6
MATARAM,2025-11-12,12.0,25.5
MATARAM,2025-11-13,3.2,26.2
MATARAM,2025-11-14,14.1,26.3
MATARAM,2025-11-15,0.2,26.9
MATARAM,2025-11-16,0.0,27.1
MATARAM,2025-11-17,1.2,27.0
MATARAM,2025-11-18,8.6,26.0
MATARAM,2025-11-19,4.1,26.0
MATARAM,2025-11-20,0.9,26.7
MATARAM,2025-11-21,6.9,27.0
MATARAM,2025-11-22,6.4,26.1
MATARAM,2025-11-23,8.4,26.1
MATARAM,2025-11-24,2.6,26.9
MATARAM,2025-11-25,0.6,27.3
MATARAM,2025-11-26,0.4,27.5
MATARAM,2025-11-27,12.7,26.6
MATARAM,2025-11-28,6.9,26.4
MATARAM,2025-11-29,30.5,24.9
MATARAM,2025-11-30,0.8,26.5
MATARAM,2025-12-01,11.6,26.4
MATARAM,2025-12-02,4.3,26.1
MATARAM,2025-12-03,2.6,26.3
MATARAM,2025-12-04,12.4,26.1
MATARAM,2025-12-05,0.8,26.5
MATARAM,2025-12-06,4.4,26.7
MATARAM,2025-12-07,3.0,26.8
MATARAM,2025-12-08,4.5,27.0
MATARAM,2025-12-09,3.3,26.9
MATARAM,2025-12-10,0.9,27.0
MATARAM,2025-12-11,3.4,26.5
MATARAM,2025-12-12,1.4,27.2
MATARAM,2025-12-13,1.7,27.1
MATARAM,2025-12-14,12.2,25.4
MATARAM,2025-12-15,4.6,25.8
MATARAM,2025-12-16,5.7,25.5
MATARAM,2025-12-17,1.0,26.9
MATARAM,2025-12-18,1.2,26.8
MATARAM,2025-12-19,14.5,26.4
MATARAM,2025-12-20,1.8,26.1
MATARAM,2025-12-21,1.2,26.9
MATARAM,2025-12-22,10.7,26.3
MATARAM,2025-12-23,5.2,27.4
MATARAM,2025-12-24,3.6,27.2
MATARAM,2025-12-25,2.5,27.3
MATARAM,2025-12-26,6.6,27.2
MATARAM,2025-12-27,33.4,25.6
MATARAM,2025-12-28,3.2,26.6
MATARAM,2025-12-29,0.6,27.6
MATARAM,2025-12-30,1.2,27.2
MATARAM,2025-12-31,0.2,27.1
MATARAM,2026-01-01,0.4,27.6
MATARAM,2026-01-02,2.0,27.6
MATARAM,2026-01-03,1.4,26.7
MATARAM,2026-01-04,2.9,26.9
MATARAM,2026-01-05,11.5,26.2
MATARAM,2026-01-06,13.7,25.8
MATARAM,2026-01-07,4.1,26.4
MATARAM,2026-01-08,26.1,25.3
MATARAM,2026-01-09,7.9,25.4
MATARAM,2026-01-10,4.1,25.7
MATARAM,2026-01-11,15.0,25.0
MATARAM,2026-01-12,10.6,25.3
MATARAM,2026-01-13,2.4,26.1
MATARAM,2026-01-14,10.5,26.0
MATARAM,2026-01-15,15.8,25.0
MATARAM,2026-01-16,2.3,25.7
MATARAM,2026-01-17,0.4,26.4
MATARAM,2026-01-18,11.8,25.7
MATARAM,2026-01-19,17.3,26.1
MATARAM,2026-01-20,24.3,25.5
MATARAM,2026-01-21,52.4,25.4
MATARAM,2026-01-22,29.8,25.3
MATARAM,2026-01-23,1.6,26.8
MATARAM,2026-01-24,0.0,28.2
MATARAM,2026-01-25,0.0,27.7
MATARAM,2026-01-26,8.2,26.9
MATARAM,2026-01-27,8.5,25.8
MATARAM,2026-01-28,20.9,25.0
MATARAM,2026-01-29,1.2,26.5
MATARAM,2026-01-30,4.0,26.3
MATARAM,2026-01-31,23.3,26.0
MATARAM,2026-02-01,34.4,25.2
MATARAM,2026-02-02,8.8,25.8
MATARAM,2026-02-03,2.0,26.9
MATARAM,2026-02-04,3.5,26.5
MATARAM,2026-02-05,9.9,25.7
MATARAM,2026-02-06,12.1,26.1
MATARAM,2026-02-07,1.3,26.0
MATARAM,2026-02-08,1.1,26.3
MATARAM,2026-02-09,9.1,26.1
MATARAM,2026-02-10,31.6,25.3
MATARAM,2026-02-11,24.5,25.4
MATARAM,2026-02-12,19.8,25.1
MATARAM,2026-02-13,45.9,25.0
MATARAM,2026-02-14,17.1,25.2
MATARAM,2026-02-15,9.7,25.4
MATARAM,2026-02-16,1.5,26.2
MATARAM,2026-02-17,2.8,26.5
MATARAM,2026-02-18,21.0,26.6
MATARAM,2026-02-19,7.2,26.7
MATARAM,2026-02-20,5.8,26.5
MATARAM,2026-02-21,14.3,26.2
MATARAM,2026-02-22,34.8,25.1
MATARAM,2026-02-23,21.1,25.6
MATARAM,2026-02-24,51.5,24.5
MATARAM,2026-02-25,14.4,24.8
MATARAM,2026-02-26,7.1,25.8
MATARAM,2026-02-27,12.5,25.5
MATARAM,2026-02-28,17.4,25.6
MATARAM,2026-03-01,1.5,26.3
MATARAM,2026-03-02,21.6,25.4
MATARAM,2026-03-03,32.4,25.1
MATARAM,2026-03-04,2.3,26.4
MATARAM,2026-03-05,6.0,26.3
MATARAM,2026-03-06,0.5,26.9
MATARAM,2026-03-07,1.9,26.8
MATARAM,2026-03-08,0.0,27.0
MATARAM,2026-03-09,5.4,26.1
MATARAM,2026-03-10,8.8,26.7
MATARAM,2026-03-11,13.3,25.4
MATARAM,2026-03-12,5.0,26.8
MATARAM,2026-03-13,11.1,26.4
MATARAM,2026-03-14,19.5,25.7
MATARAM,2026-03-15,4.0,26.0
MATARAM,2026-03-16,15.6,25.6
MATARAM,2026-03-17,4.5,25.5
MATARAM,2026-03-18,4.2,25.8
MATARAM,2026-03-19,3.0,26.1
MATARAM,2026-03-20,2.2,26.3
MATARAM,2026-03-21,1.9,26.5
MATARAM,2026-03-22,0.0,26.3
MATARAM,2026-03-23,0.7,26.7
MATARAM,2026-03-24,0.1,26.9
MATARAM,2026-03-25,2.5,26.8
MATARAM,2026-03-26,0.6,27.1
MATARAM,2026-03-27,0.2,26.9
MATARAM,2026-03-28,7.7,26.3
MATARAM,2026-03-29,8.1,26.6
MATARAM,2026-03-30,6.1,26.1
MATARAM,2026-03-31,1.6,26.7
KUPANG,2025-03-15,15.9,26.1
KUPANG,2025-03-16,7.9,26.0
KUPANG,2025-03-17,2.9,26.0
KUPANG,2025-03-18,2.6,26.4
KUPANG,2025-03-19,7.8,26.2
KUPANG,2025-03-20,7.0,25.7
KUPANG,2025-03-21,16.7,25.7
KUPANG,2025-03-22,17.3,25.8
KUPANG,2025-03-23,12.2,26.1
KUPANG,2025-03-24,4.5,27.1
KUPANG,2025-03-25,5.6,26.9
KUPANG,2025-03-26,16.9,25.8
KUPANG,2025-03-27,18.7,26.0
KUPANG,2025-03-28,23.7,25.7
KUPANG,2025-03-29,19.1,26.2
KUPANG,2025-03-30,12.4,26.5
KUPANG,2025-03-31,4.2,27.0
KUPANG,2025-04-01,11.5,26.6
KUPANG,2025-04-02,15.3,26.4
KUPANG,2025-04-03,0.0,26.7
KUPANG,2025-04-04,1.8,26.3
KUPANG,2025-04-05,0.3,26.3
KUPANG,2025-04-06,2.8,26.7
KUPANG,2025-04-07,1.3,27.6
KUPANG,2025-04-08,4.0,27.1
KUPANG,2025-04-09,7.6,26.4
KUPANG,2025-04-10,0.1,27.4
KUPANG,2025-04-11,0.8,27.4
KUPANG,2025-04-12,0.7,26.9
KUPANG,2025-04-13,1.6,26.9
KUPANG,2025-04-14,6.8,26.8
KUPANG,2025-04-15,3.4,26.8
KUPANG,2025-04-16,4.0,27.2
KUPANG,2025-04-17,8.3,27.2
KUPANG,2025-04-18,13.5,26.2
KUPANG,2025-04-19,9.5,25.7
KUPANG,2025-04-20,4.6,26.4
KUPANG,2025-04-21,2.9,27.1
KUPANG,2025-04-22,0.9,27.6
KUPANG,2025-04-23,0.0,27.4
KUPANG,2025-04-24,0.0,27.1
KUPANG,2025-04-25,0.1,26.6
KUPANG,2025-04-26,0.2,26.6
KUPANG,2025-04-27,0.0,26.1
KUPANG,2025-04-28,0.0,26.5
KUPANG,2025-04-29,4.5,26.4
KUPANG,2025-04-30,11.8,25.9
KUPANG,2025-05-01,0.9,26.2
KUPANG,2025-05-02,0.0,27.5
KUPANG,2025-05-03,0.4,27.5
KUPANG,2025-05-04,0.0,27.5
KUPANG,2025-05-05,14.3,27.0
KUPANG,2025-05-06,13.4,25.7
KUPANG,2025-05-07,3.0,26.2
KUPANG,2025-05-08,1.9,26.7
KUPANG,2025-05-09,0.2,27.0
KUPANG,2025-05-10,0.1,27.0
KUPANG,2025-05-11,0.0,27.1
KUPANG,2025-05-12,0.0,27.4
KUPANG,2025-05-13,0.3,27.7
KUPANG,2025-05-14,0.0,27.9
KUPANG,2025-05-15,0.0,27.9
KUPANG,2025-05-16,0.0,27.7
KUPANG,2025-05-17,0.0,27.4
KUPANG,2025-05-18,0.0,27.3
KUPANG,2025-05-19,0.0,26.8
KUPANG,2025-05-20,0.0,26.7
KUPANG,2025-05-21,0.0,27.0
KUPANG,2025-05-22,2.3,26.9
KUPANG,2025-05-23,0.0,27.4
KUPANG,2025-05-24,0.2,27.5
KUPANG,2025-05-25,0.1,27.7
KUPANG,2025-05-26,1.1,27.3
KUPANG,2025-05-27,8.8,26.6
KUPANG,2025-05-28,0.6,27.2
KUPANG,2025-05-29,1.0,26.7
KUPANG,2025-05-30,0.0,26.4
KUPANG,2025-05-31,0.0,26.7
KUPANG,2025-06-01,2.6,26.4
KUPANG,2025-06-02,1.0,26.4
KUPANG,2025-06-03,2.4,26.0
KUPANG,2025-06-04,1.0,26.7
KUPANG,2025-06-05,0.4,27.2
KUPANG,2025-06-06,0.5,26.8
KUPANG,2025-06-07,0.0,27.2
KUPANG,2025-06-08,0.0,26.8
KUPANG,2025-06-09,0.0,26.4
KUPANG,2025-06-10,0.0,26.8
KUPANG,2025-06-11,1.6,26.8
KUPANG,2025-06-12,0.0,26.7
KUPANG,2025-06-13,0.0,27.0
KUPANG,2025-06-14,0.5,26.9
KUPANG,2025-06-15,0.0,26.4
KUPANG,2025-06-16,0.0,26.1
KUPANG,2025-06-17,0.0,25.9
KUPANG,2025-06-18,0.0,26.4
KUPANG,2025-06-19,0.0,26.7
KUPANG,2025-06-20,0.0,26.5
KUPANG,2025-06-21,0.0,26.2
KUPANG,2025-06-22,0.1,26.2
KUPANG,2025-06-23,0.0,26.4
KUPANG,2025-06-24,0.0,26.8
KUPANG,2025-06-25,0.0,26.9
KUPANG,2025-06-26,0.0,26.8
KUPANG,2025-06-27,0.0,26.6
KUPANG,2025-06-28,0.0,26.3
KUPANG,2025-06-29,0.0,26.1
KUPANG,2025-06-30,0.1,25.9
KUPANG,2025-07-01,0.0,26.1
KUPANG,2025-07-02,0.0,25.9
KUPANG,2025-07-03,0.0,26.5
KUPANG,2025-07-04,0.4,26.5
KUPANG,2025-07-05,0.2,26.2
KUPANG,2025-07-06,0.0,26.0
KUPANG,2025-07-07,0.0,25.9
KUPANG,2025-07-08,0.1,25.9
KUPANG,2025-07-09,0.0,25.8
KUPANG,2025-07-10,0.0,25.8
KUPANG,2025-07-11,0.0,26.2
KUPANG,2025-07-12,0.0,26.4
KUPANG,2025-07-13,0.0,26.8
KUPANG,2025-07-14,0.0,26.7
KUPANG,2025-07-15,0.0,26.3
KUPANG,2025-07-16,0.0,25.7
KUPANG,2025-07-17,0.0,25.4
KUPANG,2025-07-18,0.0,25.6
KUPANG,2025-07-19,0.0,25.8
KUPANG,2025-07-20,0.0,26.1
KUPANG,2025-07-21,0.0,26.5
KUPANG,2025-07-22,0.0,26.8
KUPANG,2025-07-23,0.0,26.9
KUPANG,2025-07-24,0.0,26.9
KUPANG,2025-07-25,0.3,26.4
KUPANG,2025-07-26,0.0,27.0
KUPANG,2025-07-27,1.5,26.8
KUPANG,2025-07-28,3.4,26.1
KUPANG,2025-07-29,1.0,25.5
KUPANG,2025-07-30,2.0,25.4
KUPANG,2025-07-31,0.1,26.3
KUPANG,2025-08-01,0.0,27.2
KUPANG,2025-08-02,0.6,26.9
KUPANG,2025-08-03,0.0,26.2
KUPANG,2025-08-04,0.0,25.9
KUPANG,2025-08-05,0.0,26.0
KUPANG,2025-08-06,0.0,26.3
KUPANG,2025-08-07,0.0,26.1
KUPANG,2025-08-08,0.1,26.5
KUPANG,2025-08-09,0.0,26.8
KUPANG,2025-08-10,0.0,26.6
KUPANG,2025-08-11,0.0,26.3
KUPANG,2025-08-12,0.0,25.9
KUPANG,2025-08-13,0.0,25.8
KUPANG,2025-08-14,0.0,25.9
KUPANG,2025-08-15,0.0,26.3
KUPANG,2025-08-16,0.0,26.2
KUPANG,2025-08-17,0.0,26.7
KUPANG,2025-08-18,0.0,26.7
KUPANG,2025-08-19,0.0,26.5
KUPANG,2025-08-20,0.0,26.1
KUPANG,2025-08-21,0.0,26.4
KUPANG,2025-08-22,0.0,26.5
KUPANG,2025-08-23,1.3,26.3
KUPANG,2025-08-24,1.3,26.9
KUPANG,2025-08-25,0.0,26.9
KUPANG,2025-08-26,0.0,26.2
KUPANG,2025-08-27,0.0,26.1
KUPANG,2025-08-28,0.0,26.2
KUPANG,2025-08-29,0.0,26.4
KUPANG,2025-08-30,0.0,26.8
KUPANG,2025-08-31,0.4,27.0
KUPANG,2025-09-01,0.0,27.5
KUPANG,2025-09-02,0.0,27.6
KUPANG,2025-09-03,0.0,26.7
KUPANG,2025-09-04,0.0,26.5
KUPANG,2025-09-05,0.0,26.3
KUPANG,2025-09-06,0.0,26.5
KUPANG,2025-09-07,4.0,26.6
KUPANG,2025-09-08,1.1,26.5
KUPANG,2025-09-09,2.4,27.3
KUPANG,2025-09-10,0.9,27.5
KUPANG,2025-09-11,0.0,28.3
KUPANG,2025-09-12,0.2,27.8
KUPANG,2025-09-13,0.1,27.6
KUPANG,2025-09-14,0.0,27.6
KUPANG,2025-09-15,0.0,27.3
KUPANG,2025-09-16,1.2,27.0
KUPANG,2025-09-17,0.1,27.5
KUPANG,2025-09-18,0.0,27.6
KUPANG,2025-09-19,0.0,27.2
KUPANG,2025-09-20,0.0,28.0
KUPANG,2025-09-21,0.2,28.2
KUPANG,2025-09-22,0.7,28.4
KUPANG,2025-09-23,1.3,28.3
KUPANG,2025-09-24,0.0,28.2
KUPANG,2025-09-25,0.8,28.2
KUPANG,2025-09-26,0.3,28.4
KUPANG,2025-09-27,0.4,28.0
KUPANG,2025-09-28,0.7,28.0
KUPANG,2025-09-29,1.2,27.9
KUPANG,2025-09-30,0.0,28.8
KUPANG,2025-10-01,0.0,28.4
KUPANG,2025-10-02,0.1,27.4
KUPANG,2025-10-03,0.3,27.8
KUPANG,2025-10-04,2.9,28.6
KUPANG,2025-10-05,0.0,28.1
KUPANG,2025-10-06,0.0,28.7
KUPANG,2025-10-07,0.0,27.9
KUPANG,2025-10-08,1.9,27.5
KUPANG,2025-10-09,2.4,27.4
KUPANG,2025-10-10,8.9,27.3
KUPANG,2025-10-11,9.8,27.7
KUPANG,2025-10-12,0.4,28.7
KUPANG,2025-10-13,18.5,28.2
KUPANG,2025-10-14,0.3,28.3
KUPANG,2025-10-15,4.1,28.4
KUPANG,2025-10-16,0.6,28.3
KUPANG,2025-10-17,0.5,29.1
KUPANG,2025-10-18,0.8,28.3
KUPANG,2025-10-19,4.3,28.3
KUPANG,2025-10-20,3.1,28.2
KUPANG,2025-10-21,0.0,28.7
KUPANG,2025-10-22,0.0,28.7
KUPANG,2025-10-23,1.8,28.3
KUPANG,2025-10-24,0.0,28.5
KUPANG,2025-10-25,0.0,28.4
KUPANG,2025-10-26,0.0,28.5
KUPANG,2025-10-27,0.3,28.5
KUPANG,2025-10-28,0.0,28.7
KUPANG,2025-10-29,1.9,29.0
KUPANG,2025-10-30,0.5,28.9
KUPANG,2025-10-31,2.5,28.7
KUPANG,2025-11-01,1.1,28.9
KUPANG,2025-11-02,2.4,28.6
KUPANG,2025-11-03,0.2,29.4
KUPANG,2025-11-04,0.3,29.7
KUPANG,2025-11-05,3.4,29.3
KUPANG,2025-11-06,1.7,28.1
KUPANG,2025-11-07,15.2,27.2
KUPANG,2025-11-08,11.9,27.4
KUPANG,2025-11-09,10.4,28.5
KUPANG,2025-11-10,1.8,27.9
KUPANG,2025-11-11,8.8,27.2
KUPANG,2025-11-12,10.7,27.1
KUPANG,2025-11-13,5.0,27.3
KUPANG,2025-11-14,14.8,25.9
KUPANG,2025-11-15,17.2,25.8
KUPANG,2025-11-16,2.9,27.2
KUPANG,2025-11-17,1.8,27.4
KUPANG,2025-11-18,10.2,27.0
KUPANG,2025-11-19,0.5,27.9
KUPANG,2025-11-20,0.2,28.3
KUPANG,2025-11-21,0.4,28.6
KUPANG,2025-11-22,1.0,28.2
KUPANG,2025-11-23,0.5,28.6
KUPANG,2025-11-24,0.7,28.8
KUPANG,2025-11-25,0.6,29.1
KUPANG,2025-11-26,0.9,28.5
KUPANG,2025-11-27,1.8,27.7
KUPANG,2025-11-28,5.1,27.8
KUPANG,2025-11-29,8.4,27.6
KUPANG,2025-11-30,9.3,26.3
KUPANG,2025-12-01,6.5,27.1
KUPANG,2025-12-02,0.9,27.9
KUPANG,2025-12-03,1.2,27.7
KUPANG,2025-12-04,5.4,27.8
KUPANG,2025-12-05,1.4,27.7
KUPANG,2025-12-06,16.7,27.6
KUPANG,2025-12-07,11.0,27.1
KUPANG,2025-12-08,5.7,27.3
KUPANG,2025-12-09,21.2,25.8
KUPANG,2025-12-10,15.1,25.7
KUPANG,2025-12-11,23.4,26.2
KUPANG,2025-12-12,4.4,26.5
KUPANG,2025-12-13,8.1,26.8
KUPANG,2025-12-14,4.6,26.4
KUPANG,2025-12-15,5.1,26.3
KUPANG,2025-12-16,5.9,26.4
KUPANG,2025-12-17,15.6,26.7
KUPANG,2025-12-18,19.9,25.7
KUPANG,2025-12-19,17.3,26.7
KUPANG,2025-12-20,9.3,27.1
KUPANG,2025-12-21,14.2,26.0
KUPANG,2025-12-22,55.8,25.0
KUPANG,2025-12-23,8.5,25.6
KUPANG,2025-12-24,11.0,25.8
KUPANG,2025-12-25,6.1,27.0
KUPANG,2025-12-26,1.5,27.7
KUPANG,2025-12-27,4.5,27.5
KUPANG,2025-12-28,5.2,27.1
KUPANG,2025-12-29,3.1,27.3
KUPANG,2025-12-30,6.2,26.2
KUPANG,2025-12-31,6.9,26.6
KUPANG,2026-01-01,0.6,28.0
KUPANG,2026-01-02,0.3,28.3
KUPANG,2026-01-03,2.1,28.0
KUPANG,2026-01-04,2.1,27.6
KUPANG,2026-01-05,7.8,26.6
KUPANG,2026-01-06,14.0,26.0
KUPANG,2026-01-07,20.4,25.8
KUPANG,2026-01-08,11.6,25.5
KUPANG,2026-01-09,10.5,25.9
KUPANG,2026-01-10,16.3,25.5
KUPANG,2026-01-11,8.7,25.5
KUPANG,2026-01-12,11.0,25.5
KUPANG,2026-01-13,37.9,24.9
KUPANG,2026-01-14,19.1,25.9
KUPANG,2026-01-15,2.2,27.5
KUPANG,2026-01-16,21.9,26.3
KUPANG,2026-01-17,12.6,26.0
KUPANG,2026-01-18,26.3,25.5
KUPANG,2026-01-19,31.8,25.8
KUPANG,2026-01-20,12.9,26.1
KUPANG,2026-01-21,18.4,25.8
KUPANG,2026-01-22,20.7,25.2
KUPANG,2026-01-23,4.8,26.6
KUPANG,2026-01-24,6.0,27.1
KUPANG,2026-01-25,7.3,26.9
KUPANG,2026-01-26,11.3,26.9
KUPANG,2026-01-27,14.2,25.7
KUPANG,2026-01-28,35.3,25.1
KUPANG,2026-01-29,23.0,25.6
KUPANG,2026-01-30,12.6,26.1
KUPANG,2026-01-31,21.6,25.6
KUPANG,2026-02-01,27.5,25.3
KUPANG,2026-02-02,12.3,25.8
KUPANG,2026-02-03,6.6,26.6
KUPANG,2026-02-04,4.9,26.7
KUPANG,2026-02-05,7.5,26.7
KUPANG,2026-02-06,6.3,26.6
KUPANG,2026-02-07,7.5,26.2
KUPANG,2026-02-08,7.1,25.8
KUPANG,2026-02-09,11.6,25.2
KUPANG,2026-02-10,5.4,25.6
KUPANG,2026-02-11,7.9,25.8
KUPANG,2026-02-12,19.5,25.4
KUPANG,2026-02-13,25.8,24.9
KUPANG,2026-02-14,23.7,25.1
KUPANG,2026-02-15,5.8,27.0
KUPANG,2026-02-16,6.1,27.0
KUPANG,2026-02-17,9.6,26.5
KUPANG,2026-02-18,6.0,26.9
KUPANG,2026-02-19,17.8,25.8
KUPANG,2026-02-20,8.8,25.8
KUPANG,2026-02-21,16.5,25.8
KUPANG,2026-02-22,7.1,25.9
KUPANG,2026-02-23,5.5,26.4
KUPANG,2026-02-24,8.4,25.5
KUPANG,2026-02-25,14.7,25.2
KUPANG,2026-02-26,6.4,25.9
KUPANG,2026-02-27,11.6,25.8
KUPANG,2026-02-28,14.1,25.5
KUPANG,2026-03-01,32.3,25.4
KUPANG,2026-03-02,9.7,26.0
KUPANG,2026-03-03,15.6,26.1
KUPANG,2026-03-04,8.5,26.4
KUPANG,2026-03-05,9.9,26.3
KUPANG,2026-03-06,13.7,25.9
KUPANG,2026-03-07,5.7,25.5
KUPANG,2026-03-08,15.6,25.1
KUPANG,2026-03-09,12.2,25.0
KUPANG,2026-03-10,10.2,25.0
KUPANG,2026-03-11,7.9,25.0
KUPANG,2026-03-12,7.0,25.7
KUPANG,2026-03-13,6.4,25.2
KUPANG,2026-03-14,13.7,24.9
KUPANG,2026-03-15,20.4,25.4
KUPANG,2026-03-16,9.0,25.6
KUPANG,2026-03-17,6.2,26.0
KUPANG,2026-03-18,16.9,26.3
KUPANG,2026-03-19,21.9,25.3
KUPANG,2026-03-20,15.4,25.2
KUPANG,2026-03-21,1.8,26.5
KUPANG,2026-03-22,12.9,25.4
KUPANG,2026-03-23,23.5,25.3
KUPANG,2026-03-24,12.5,26.2
KUPANG,2026-03-25,0.4,27.1
KUPANG,2026-03-26,7.6,26.7
KUPANG,2026-03-27,0.3,27.4
KUPANG,2026-03-28,3.4,26.9
KUPANG,2026-03-29,0.8,27.2
KUPANG,2026-03-30,1.3,26.9
KUPANG,2026-03-31,0.6,26.2
AMBON,2025-03-15,24.7,26.7
AMBON,2025-03-16,20.3,26.3
AMBON,2025-03-17,6.6,26.3
AMBON,2025-03-18,3.7,26.7
AMBON,2025-03-19,11.4,26.7
AMBON,2025-03-20,8.3,26.8
AMBON,2025-03-21,5.8,26.5
AMBON,2025-03-22,18.2,25.6
AMBON,2025-03-23,3.0,27.3
AMBON,2025-03-24,31.3,26.5
AMBON,2025-03-25,16.0,26.4
AMBON,2025-03-26,11.8,26.0
AMBON,2025-03-27,0.1,27.6
AMBON,2025-03-28,0.1,28.3
AMBON,2025-03-29,18.9,28.0
AMBON,2025-03-30,36.5,26.0
AMBON,2025-03-31,16.5,26.6
AMBON,2025-04-01,4.4,27.0
AMBON,2025-04-02,5.5,26.6
AMBON,2025-04-03,4.1,27.0
AMBON,2025-04-04,9.7,25.5
AMBON,2025-04-05,16.0,25.8
AMBON,2025-04-06,8.4,26.1
AMBON,2025-04-07,3.7,26.4
AMBON,2025-04-08,27.5,26.3
AMBON,2025-04-09,18.3,26.5
AMBON,2025-04-10,22.9,25.8
AMBON,2025-04-11,5.4,26.2
AMBON,2025-04-12,3.1,26.7
AMBON,2025-04-13,11.5,26.4
AMBON,2025-04-14,4.5,26.8
AMBON,2025-04-15,15.6,26.8
AMBON,2025-04-16,13.9,26.5
AMBON,2025-04-17,19.5,26.4
AMBON,2025-04-18,12.6,26.9
AMBON,2025-04-19,20.0,26.0
AMBON,2025-04-20,3.9,27.1
AMBON,2025-04-21,11.0,25.8
AMBON,2025-04-22,27.1,26.1
AMBON,2025-04-23,21.9,25.8
AMBON,2025-04-24,41.9,25.2
AMBON,2025-04-25,3.5,26.6
AMBON,2025-04-26,5.6,26.4
AMBON,2025-04-27,0.5,27.0
AMBON,2025-04-28,0.4,27.2
AMBON,2025-04-29,0.2,27.1
AMBON,2025-04-30,0.7,27.3
AMBON,2025-05-01,0.4,27.6
AMBON,2025-05-02,2.9,26.8
AMBON,2025-05-03,29.7,25.7
AMBON,2025-05-04,27.7,25.7
AMBON,2025-05-05,16.0,26.3
AMBON,2025-05-06,14.2,25.8
AMBON,2025-05-07,26.3,26.0
AMBON,2025-05-08,5.8,26.5
AMBON,2025-05-09,13.4,25.8
AMBON,2025-05-10,34.4,25.6
AMBON,2025-05-11,12.5,26.0
AMBON,2025-05-12,7.7,26.1
AMBON,2025-05-13,3.6,27.2
AMBON,2025-05-14,0.3,27.2
AMBON,2025-05-15,16.1,25.9
AMBON,2025-05-16,36.9,25.2
AMBON,2025-05-17,30.7,25.1
AMBON,2025-05-18,35.8,25.3
AMBON,2025-05-19,30.7,25.2
AMBON,2025-05-20,28.3,25.3
AMBON,2025-05-21,98.2,25.4
AMBON,2025-05-22,90.2,25.6
AMBON,2025-05-23,23.9,26.2
AMBON,2025-05-24,55.9,25.6
AMBON,2025-05-25,14.3,25.9
AMBON,2025-05-26,3.1,26.5
AMBON,2025-05-27,6.0,26.2
AMBON,2025-05-28,6.0,26.3
AMBON,2025-05-29,3.1,26.7
AMBON,2025-05-30,34.3,25.4
AMBON,2025-05-31,34.0,25.4
AMBON,2025-06-01,41.9,25.4
AMBON,2025-06-02,26.6,25.1
AMBON,2025-06-03,37.4,24.6
AMBON,2025-06-04,2.8,25.7
AMBON,2025-06-05,2.3,25.7
AMBON,2025-06-06,2.3,26.3
AMBON,2025-06-07,16.9,25.3
AMBON,2025-06-08,106.5,24.4
AMBON,2025-06-09,23.5,25.4
AMBON,2025-06-10,16.0,25.2
AMBON,2025-06-11,2.6,26.4
AMBON,2025-06-12,4.6,25.8
AMBON,2025-06-13,13.4,24.7
AMBON,2025-06-14,19.7,25.1
AMBON,2025-06-15,7.4,25.4
AMBON,2025-06-16,12.9,25.4
AMBON,2025-06-17,18.5,25.6
AMBON,2025-06-18,20.2,24.8
AMBON,2025-06-19,16.5,25.2
AMBON,2025-06-20,19.7,24.8
AMBON,2025-06-21,43.9,24.5
AMBON,2025-06-22,37.2,25.0
AMBON,2025-06-23,21.6,24.8
AMBON,2025-06-24,15.0,24.6
AMBON,2025-06-25,5.8,24.9
AMBON,2025-06-26,28.0,24.8
AMBON,2025-06-27,13.2,24.6
AMBON,2025-06-28,13.3,25.3
AMBON,2025-06-29,11.3,24.7
AMBON,2025-06-30,24.8,24.6
AMBON,2025-07-01,27.8,24.6
AMBON,2025-07-02,22.0,24.6
AMBON,2025-07-03,10.4,25.1
AMBON,2025-07-04,6.8,25.5
AMBON,2025-07-05,2.7,25.8
AMBON,2025-07-06,8.1,25.5
AMBON,2025-07-07,30.2,24.0
AMBON,2025-07-08,24.8,24.5
AMBON,2025-07-09,39.5,24.1
AMBON,2025-07-10,6.3,25.1
AMBON,2025-07-11,25.3,24.5
AMBON,2025-07-12,19.7,25.1
AMBON,2025-07-13,25.0,25.1
AMBON,2025-07-14,10.9,25.0
AMBON,2025-07-15,13.2,24.9
AMBON,2025-07-16,7.6,25.3
AMBON,2025-07-17,0.3,25.7
AMBON,2025-07-18,19.9,23.9
AMBON,2025-07-19,20.2,24.1
AMBON,2025-07-20,24.4,24.8
AMBON,2025-07-21,6.7,25.4
AMBON,2025-07-22,6.0,25.1
AMBON,2025-07-23,2.1,25.8
AMBON,2025-07-24,4.1,26.4
AMBON,2025-07-25,5.9,26.1
AMBON,2025-07-26,7.9,25.0
AMBON,2025-07-27,11.6,25.2
AMBON,2025-07-28,1.9,26.2
AMBON,2025-07-29,0.7,26.4
AMBON,2025-07-30,1.9,26.3
AMBON,2025-07-31,2.9,25.8
AMBON,2025-08-01,3.4,26.0
AMBON,2025-08-02,11.2,25.5
AMBON,2025-08-03,10.2,24.9
AMBON,2025-08-04,11.6,24.6
AMBON,2025-08-05,8.1,24.5
AMBON,2025-08-06,13.0,24.7
AMBON,2025-08-07,14.9,24.6
AMBON,2025-08-08,6.1,25.0
AMBON,2025-08-09,11.6,24.8
AMBON,2025-08-10,17.0,24.4
AMBON,2025-08-11,3.5,25.9
AMBON,2025-08-12,5.3,25.5
AMBON,2025-08-13,23.5,24.4
AMBON,2025-08-14,36.2,24.4
AMBON,2025-08-15,18.0,24.1
AMBON,2025-08-16,17.0,24.0
AMBON,2025-08-17,8.5,24.7
AMBON,2025-08-18,19.3,24.5
AMBON,2025-08-19,8.6,25.5
AMBON,2025-08-20,8.9,25.3
AMBON,2025-08-21,11.5,23.9
AMBON,2025-08-22,19.3,23.7
AMBON,2025-08-23,10.2,24.5
AMBON,2025-08-24,48.1,23.7
AMBON,2025-08-25,11.4,24.8
AMBON,2025-08-26,6.9,24.8
AMBON,2025-08-27,8.9,25.2
AMBON,2025-08-28,5.0,24.8
AMBON,2025-08-29,2.2,25.5
AMBON,2025-08-30,2.2,25.8
AMBON,2025-08-31,12.7,25.6
AMBON,2025-09-01,4.3,26.2
AMBON,2025-09-02,6.8,26.0
AMBON,2025-09-03,22.4,24.7
AMBON,2025-09-04,19.5,25.6
AMBON,2025-09-05,7.2,25.2
AMBON,2025-09-06,1.6,25.8
AMBON,2025-09-07,8.4,25.9
AMBON,2025-09-08,5.9,25.8
AMBON,2025-09-09,31.7,24.6
AMBON,2025-09-10,9.4,25.3
AMBON,2025-09-11,0.8,26.3
AMBON,2025-09-12,12.2,25.8
AMBON,2025-09-13,15.1,24.9
AMBON,2025-09-14,8.9,25.3
AMBON,2025-09-15,11.9,25.2
AMBON,2025-09-16,10.0,25.2
AMBON,2025-09-17,2.8,25.6
AMBON,2025-09-18,6.8,25.1
AMBON,2025-09-19,3.4,25.8
AMBON,2025-09-20,2.2,26.0
AMBON,2025-09-21,9.2,25.6
AMBON,2025-09-22,9.1,25.8
AMBON,2025-09-23,22.5,25.0
AMBON,2025-09-24,42.3,24.2
AMBON,2025-09-25,2.1,26.4
AMBON,2025-09-26,6.7,26.3
AMBON,2025-09-27,28.0,25.0
AMBON,2025-09-28,9.4,26.4
AMBON,2025-09-29,0.8,26.7
AMBON,2025-09-30,0.3,26.1
AMBON,2025-10-01,12.8,25.7
AMBON,2025-10-02,9.7,25.7
AMBON,2025-10-03,11.1,26.0
AMBON,2025-10-04,2.1,26.4
AMBON,2025-10-05,33.2,25.3
AMBON,2025-10-06,15.5,25.2
AMBON,2025-10-07,7.0,24.9
AMBON,2025-10-08,14.9,25.0
AMBON,2025-10-09,13.3,25.6
AMBON,2025-10-10,12.3,25.6
AMBON,2025-10-11,3.9,26.0
AMBON,2025-10-12,7.9,26.4
AMBON,2025-10-13,0.8,26.8
AMBON,2025-10-14,1.3,26.6
AMBON,2025-10-15,2.8,27.0
AMBON,2025-10-16,1.4,27.3
AMBON,2025-10-17,2.9,26.4
AMBON,2025-10-18,28.1,26.3
AMBON,2025-10-19,5.2,26.7
AMBON,2025-10-20,16.5,26.1
AMBON,2025-10-21,16.1,26.5
AMBON,2025-10-22,6.4,26.7
AMBON,2025-10-23,4.7,26.7
AMBON,2025-10-24,14.6,26.2
AMBON,2025-10-25,11.1,26.1
AMBON,2025-10-26,13.4,26.0
AMBON,2025-10-27,31.2,26.1
AMBON,2025-10-28,2.3,25.9
AMBON,2025-10-29,18.0,26.7
AMBON,2025-10-30,25.6,26.2
AMBON,2025-10-31,11.7,26.3
AMBON,2025-11-01,0.1,26.9
AMBON,2025-11-02,0.2,26.9
AMBON,2025-11-03,3.4,26.5
AMBON,2025-11-04,0.0,27.4
AMBON,2025-11-05,3.3,26.8
AMBON,2025-11-06,17.6,26.9
AMBON,2025-11-07,7.1,27.1
AMBON,2025-11-08,12.5,27.6
AMBON,2025-11-09,14.8,26.3
AMBON,2025-11-10,9.3,26.4
AMBON,2025-11-11,8.5,26.1
AMBON,2025-11-12,9.3,26.9
AMBON,2025-11-13,0.7,27.6
AMBON,2025-11-14,29.6,26.7
AMBON,2025-11-15,9.0,26.2
AMBON,2025-11-16,13.9,27.3
AMBON,2025-11-17,2.1,27.8
AMBON,2025-11-18,5.6,27.2
AMBON,2025-11-19,2.4,27.4
AMBON,2025-11-20,1.3,27.2
AMBON,2025-11-21,11.0,25.7
AMBON,2025-11-22,3.2,26.5
AMBON,2025-11-23,1.6,27.7
AMBON,2025-11-24,1.3,27.9
AMBON,2025-11-25,2.0,27.5
AMBON,2025-11-26,10.2,27.3
AMBON,2025-11-27,42.5,26.4
AMBON,2025-11-28,5.3,26.9
AMBON,2025-11-29,17.4,27.5
AMBON,2025-11-30,23.1,26.3
AMBON,2025-12-01,10.3,26.6
AMBON,2025-12-02,18.6,26.8
AMBON,2025-12-03,21.9,25.7
AMBON,2025-12-04,5.2,26.3
AMBON,2025-12-05,12.8,25.6
AMBON,2025-12-06,13.0,25.9
AMBON,2025-12-07,6.7,26.5
AMBON,2025-12-08,3.4,26.4
AMBON,2025-12-09,1.1,27.2
AMBON,2025-12-10,1.1,27.0
AMBON,2025-12-11,7.3,27.0
AMBON,2025-12-12,22.3,26.7
AMBON,2025-12-13,14.7,25.9
AMBON,2025-12-14,11.4,25.2
AMBON,2025-12-15,13.4,26.4
AMBON,2025-12-16,1.3,27.4
AMBON,2025-12-17,27.0,26.0
AMBON,2025-12-18,3.2,26.6
AMBON,2025-12-19,4.1,27.1
AMBON,2025-12-20,0.0,28.1
AMBON,2025-12-21,0.6,27.9
AMBON,2025-12-22,0.9,27.8
AMBON,2025-12-23,1.1,27.6
AMBON,2025-12-24,0.8,27.0
AMBON,2025-12-25,2.6,26.4
AMBON,2025-12-26,3.4,27.6
AMBON,2025-12-27,0.3,27.4
AMBON,2025-12-28,1.4,27.9
AMBON,2025-12-29,18.4,27.3
AMBON,2025-12-30,19.9,27.0
AMBON,2025-12-31,4.2,26.8
AMBON,2026-01-01,7.1,27.3
AMBON,2026-01-02,3.6,26.2
AMBON,2026-01-03,2.3,26.3
AMBON,2026-01-04,3.2,26.8
AMBON,2026-01-05,2.5,26.9
AMBON,2026-01-06,0.9,27.2
AMBON,2026-01-07,2.9,26.2
AMBON,2026-01-08,6.4,25.7
AMBON,2026-01-09,1.9,26.7
AMBON,2026-01-10,0.1,27.7
AMBON,2026-01-11,0.0,27.7
AMBON,2026-01-12,2.7,27.4
AMBON,2026-01-13,0.6,27.0
AMBON,2026-01-14,0.0,27.9
AMBON,2026-01-15,0.0,28.1
AMBON,2026-01-16,2.9,27.6
AMBON,2026-01-17,3.6,26.6
AMBON,2026-01-18,1.3,27.5
AMBON,2026-01-19,1.1,27.2
AMBON,2026-01-20,3.3,27.9
AMBON,2026-01-21,3.6,27.2
AMBON,2026-01-22,0.8,28.3
AMBON,2026-01-23,0.1,28.3
AMBON,2026-01-24,0.0,28.2
AMBON,2026-01-25,0.1,27.8
AMBON,2026-01-26,0.1,28.2
AMBON,2026-01-27,0.4,28.0
AMBON,2026-01-28,2.0,27.6
AMBON,2026-01-29,1.9,27.3
AMBON,2026-01-30,2.0,27.1
AMBON,2026-01-31,1.7,26.9
AMBON,2026-02-01,0.1,28.2
AMBON,2026-02-02,4.9,27.1
AMBON,2026-02-03,1.4,27.6
AMBON,2026-02-04,1.1,27.9
AMBON,2026-02-05,0.9,27.8
AMBON,2026-02-06,7.0,27.1
AMBON,2026-02-07,14.0,26.2
AMBON,2026-02-08,26.8,26.0
AMBON,2026-02-09,6.6,26.3
AMBON,2026-02-10,1.0,27.4
AMBON,2026-02-11,7.0,26.9
AMBON,2026-02-12,0.8,27.0
AMBON,2026-02-13,4.2,27.0
AMBON,2026-02-14,3.4,26.4
AMBON,2026-02-15,0.6,27.4
AMBON,2026-02-16,13.5,27.3
AMBON,2026-02-17,4.1,26.4
AMBON,2026-02-18,1.4,27.4
AMBON,2026-02-19,8.3,27.2
AMBON,2026-02-20,19.0,26.3
AMBON,2026-02-21,20.5,26.1
AMBON,2026-02-22,9.0,26.0
AMBON,2026-02-23,5.6,27.0
AMBON,2026-02-24,23.8,26.7
AMBON,2026-02-25,13.3,25.9
AMBON,2026-02-26,6.3,25.5
AMBON,2026-02-27,0.8,26.9
AMBON,2026-02-28,2.9,27.1
AMBON,2026-03-01,0.3,27.6
AMBON,2026-03-02,0.4,28.0
AMBON,2026-03-03,1.1,27.7
AMBON,2026-03-04,0.1,28.3
AMBON,2026-03-05,0.2,28.2
AMBON,2026-03-06,3.8,28.4
AMBON,2026-03-07,3.0,27.0
AMBON,2026-03-08,3.8,26.1
AMBON,2026-03-09,10.0,26.8
AMBON,2026-03-10,3.3,27.0
AMBON,2026-03-11,3.4,27.2
AMBON,2026-03-12,2.1,26.8
AMBON,2026-03-13,1.6,26.5
AMBON,2026-03-14,2.2,27.1
AMBON,2026-03-15,1.2,27.2
AMBON,2026-03-16,1.4,27.0
AMBON,2026-03-17,0.7,27.2
AMBON,2026-03-18,2.4,27.3
AMBON,2026-03-19,4.4,27.4
AMBON,2026-03-20,2.7,27.5
AMBON,2026-03-21,5.9,26.0
AMBON,2026-03-22,1.5,27.3
AMBON,2026-03-23,1.2,27.9
AMBON,2026-03-24,0.2,28.5
AMBON,2026-03-25,9.4,27.9
AMBON,2026-03-26,1.8,27.4
AMBON,2026-03-27,3.5,26.6
AMBON,2026-03-28,9.4,26.7
AMBON,2026-03-29,7.3,26.5
AMBON,2026-03-30,4.3,26.5
AMBON,2026-03-31,15.6,26.0
TERNATE,2025-03-15,0.8,27.7
TERNATE,2025-03-16,4.0,27.0
TERNATE,2025-03-17,11.1,26.5
TERNATE,2025-03-18,0.4,27.6
TERNATE,2025-03-19,0.5,27.9
TERNATE,2025-03-20,1.6,27.5
TERNATE,2025-03-21,2.4,27.9
TERNATE,2025-03-22,19.8,26.3
TERNATE,2025-03-23,0.3,27.7
TERNATE,2025-03-24,0.3,27.4
TERNATE,2025-03-25,1.1,27.5
TERNATE,2025-03-26,3.7,27.3
TERNATE,2025-03-27,0.1,28.6
TERNATE,2025-03-28,0.9,28.8
TERNATE,2025-03-29,18.1,27.8
TERNATE,2025-03-30,15.0,26.7
TERNATE,2025-03-31,0.9,27.7
TERNATE,2025-04-01,0.3,27.4
TERNATE,2025-04-02,1.1,27.1
TERNATE,2025-04-03,0.4,27.5
TERNATE,2025-04-04,16.1,25.8
TERNATE,2025-04-05,0.0,27.2
TERNATE,2025-04-06,14.8,25.9
TERNATE,2025-04-07,22.8,26.2
TERNATE,2025-04-08,11.5,26.7
TERNATE,2025-04-09,9.7,26.5
TERNATE,2025-04-10,4.3,26.4
TERNATE,2025-04-11,1.3,27.1
TERNATE,2025-04-12,1.2,27.1
TERNATE,2025-04-13,24.3,26.8
TERNATE,2025-04-14,19.7,26.4
TERNATE,2025-04-15,25.0,27.0
TERNATE,2025-04-16,9.2,26.7
TERNATE,2025-04-17,0.0,27.4
TERNATE,2025-04-18,0.8,27.9
TERNATE,2025-04-19,8.6,26.7
TERNATE,2025-04-20,0.0,27.6
TERNATE,2025-04-21,1.1,26.5
TERNATE,2025-04-22,1.3,26.2
TERNATE,2025-04-23,12.9,25.8
TERNATE,2025-04-24,2.2,26.0
TERNATE,2025-04-25,4.3,26.3
TERNATE,2025-04-26,6.4,25.6
TERNATE,2025-04-27,0.2,27.4
TERNATE,2025-04-28,0.0,27.7
TERNATE,2025-04-29,0.0,27.7
TERNATE,2025-04-30,0.3,27.5
TERNATE,2025-05-01,0.0,27.5
TERNATE,2025-05-02,5.1,27.3
TERNATE,2025-05-03,13.4,26.3
TERNATE,2025-05-04,18.5,26.4
TERNATE,2025-05-05,31.4,26.1
TERNATE,2025-05-06,16.7,26.0
TERNATE,2025-05-07,6.7,26.7
TERNATE,2025-05-08,0.3,27.3
TERNATE,2025-05-09,3.4,27.4
TERNATE,2025-05-10,7.2,26.3
TERNATE,2025-05-11,9.5,26.4
TERNATE,2025-05-12,9.7,26.1
TERNATE,2025-05-13,5.8,26.9
TERNATE,2025-05-14,0.5,27.4
TERNATE,2025-05-15,11.9,26.9
TERNATE,2025-05-16,23.3,26.2
TERNATE,2025-05-17,4.6,26.2
TERNATE,2025-05-18,7.8,26.0
TERNATE,2025-05-19,53.4,25.8
TERNATE,2025-05-20,25.0,25.9
TERNATE,2025-05-21,8.5,26.2
TERNATE,2025-05-22,20.0,25.7
TERNATE,2025-05-23,80.6,25.8
TERNATE,2025-05-24,32.8,25.8
TERNATE,2025-05-25,65.4,26.0
TERNATE,2025-05-26,36.9,26.2
TERNATE,2025-05-27,19.0,26.2
TERNATE,2025-05-28,1.9,26.9
TERNATE,2025-05-29,3.5,26.8
TERNATE,2025-05-30,24.0,25.9
TERNATE,2025-05-31,59.8,25.9
TERNATE,2025-06-01,10.6,26.0
TERNATE,2025-06-02,30.3,25.4
TERNATE,2025-06-03,27.1,25.1
TERNATE,2025-06-04,0.8,26.2
TERNATE,2025-06-05,0.0,27.2
TERNATE,2025-06-06,0.5,27.2
TERNATE,2025-06-07,9.9,26.3
TERNATE,2025-06-08,10.2,26.2
TERNATE,2025-06-09,9.1,25.9
TERNATE,2025-06-10,9.6,25.6
TERNATE,2025-06-11,2.1,26.5
TERNATE,2025-06-12,17.9,26.2
TERNATE,2025-06-13,53.5,25.5
TERNATE,2025-06-14,3.4,25.8
TERNATE,2025-06-15,0.8,26.6
TERNATE,2025-06-16,6.4,26.2
TERNATE,2025-06-17,35.7,25.5
TERNATE,2025-06-18,7.5,25.8
TERNATE,2025-06-19,30.5,26.0
TERNATE,2025-06-20,16.6,25.7
TERNATE,2025-06-21,39.5,24.8
TERNATE,2025-06-22,9.8,25.2
TERNATE,2025-06-23,50.4,25.0
TERNATE,2025-06-24,1.2,25.7
TERNATE,2025-06-25,7.3,25.6
TERNATE,2025-06-26,13.1,25.3
TERNATE,2025-06-27,49.5,24.7
TERNATE,2025-06-28,3.6,25.7
TERNATE,2025-06-29,15.1,25.2
TERNATE,2025-06-30,11.6,25.2
TERNATE,2025-07-01,46.8,25.0
TERNATE,2025-07-02,14.7,24.8
TERNATE,2025-07-03,8.3,25.5
TERNATE,2025-07-04,7.1,26.0
TERNATE,2025-07-05,4.5,26.1
TERNATE,2025-07-06,1.4,26.4
TERNATE,2025-07-07,17.9,25.2
TERNATE,2025-07-08,45.8,24.9
TERNATE,2025-07-09,24.3,24.7
TERNATE,2025-07-10,1.6,25.9
TERNATE,2025-07-11,2.0,26.0
TERNATE,2025-07-12,7.1,26.2
TERNATE,2025-07-13,25.9,25.4
TERNATE,2025-07-14,6.5,25.6
TERNATE,2025-07-15,24.4,25.6
TERNATE,2025-07-16,0.0,26.0
TERNATE,2025-07-17,0.0,25.8
TERNATE,2025-07-18,6.4,25.6
TERNATE,2025-07-19,16.5,25.3
TERNATE,2025-07-20,2.1,26.4
TERNATE,2025-07-21,6.5,26.0
TERNATE,2025-07-22,0.4,26.3
TERNATE,2025-07-23,0.2,26.5
TERNATE,2025-07-24,0.0,26.6
TERNATE,2025-07-25,0.1,26.7
TERNATE,2025-07-26,1.5,26.4
TERNATE,2025-07-27,1.3,26.4
TERNATE,2025-07-28,1.3,26.3
TERNATE,2025-07-29,7.5,26.3
TERNATE,2025-07-30,2.8,26.4
TERNATE,2025-07-31,4.0,26.8
TERNATE,2025-08-01,2.3,26.5
TERNATE,2025-08-02,16.8,25.8
TERNATE,2025-08-03,12.6,25.5
TERNATE,2025-08-04,3.1,25.7
TERNATE,2025-08-05,2.1,25.8
TERNATE,2025-08-06,10.0,25.7
TERNATE,2025-08-07,4.3,25.6
TERNATE,2025-08-08,31.7,25.4
TERNATE,2025-08-09,49.9,25.0
TERNATE,2025-08-10,22.8,25.0
TERNATE,2025-08-11,0.5,26.3
TERNATE,2025-08-12,0.0,26.0
TERNATE,2025-08-13,1.3,25.7
TERNATE,2025-08-14,8.1,25.0
TERNATE,2025-08-15,2.6,25.2
TERNATE,2025-08-16,16.0,24.7
TERNATE,2025-08-17,50.9,24.8
TERNATE,2025-08-18,24.2,25.1
TERNATE,2025-08-19,2.6,25.3
TERNATE,2025-08-20,0.5,25.8
TERNATE,2025-08-21,2.2,25.3
TERNATE,2025-08-22,11.6,24.8
TERNATE,2025-08-23,13.8,24.7
TERNATE,2025-08-24,23.6,24.1
TERNATE,2025-08-25,1.7,25.4
TERNATE,2025-08-26,0.8,25.2
TERNATE,2025-08-27,1.5,25.8
TERNATE,2025-08-28,1.1,26.0
TERNATE,2025-08-29,9.0,25.9
TERNATE,2025-08-30,10.2,25.6
TERNATE,2025-08-31,9.3,25.6
TERNATE,2025-09-01,9.0,25.9
TERNATE,2025-09-02,4.9,25.7
TERNATE,2025-09-03,23.3,25.2
TERNATE,2025-09-04,11.7,25.2
TERNATE,2025-09-05,15.2,25.4
TERNATE,2025-09-06,25.9,25.5
TERNATE,2025-09-07,3.5,25.5
TERNATE,2025-09-08,36.3,25.4
TERNATE,2025-09-09,26.7,25.3
TERNATE,2025-09-10,19.1,25.4
TERNATE,2025-09-11,0.2,26.5
TERNATE,2025-09-12,5.7,26.1
TERNATE,2025-09-13,17.9,25.5
TERNATE,2025-09-14,31.2,25.1
TERNATE,2025-09-15,3.4,25.7
TERNATE,2025-09-16,4.1,25.7
TERNATE,2025-09-17,4.0,25.8
TERNATE,2025-09-18,3.5,25.8
TERNATE,2025-09-19,12.4,25.8
TERNATE,2025-09-20,6.2,26.1
TERNATE,2025-09-21,4.9,26.4
TERNATE,2025-09-22,1.9,26.5
TERNATE,2025-09-23,20.9,25.6
TERNATE,2025-09-24,10.3,24.9
TERNATE,2025-09-25,0.5,26.0
TERNATE,2025-09-26,14.3,26.2
TERNATE,2025-09-27,44.2,25.3
TERNATE,2025-09-28,1.7,25.9
TERNATE,2025-09-29,2.5,26.8
TERNATE,2025-09-30,0.1,26.5
TERNATE,2025-10-01,6.7,25.9
TERNATE,2025-10-02,16.7,25.9
TERNATE,2025-10-03,19.5,25.7
TERNATE,2025-10-04,5.6,25.7
TERNATE,2025-10-05,21.5,25.2
TERNATE,2025-10-06,33.8,25.1
TERNATE,2025-10-07,11.9,24.6
TERNATE,2025-10-08,2.1,25.9
TERNATE,2025-10-09,24.8,25.3
TERNATE,2025-10-10,49.5,24.7
TERNATE,2025-10-11,4.2,25.8
TERNATE,2025-10-12,11.9,26.3
TERNATE,2025-10-13,3.8,26.7
TERNATE,2025-10-14,4.0,26.8
TERNATE,2025-10-15,2.6,26.7
TERNATE,2025-10-16,30.6,26.2
TERNATE,2025-10-17,4.1,26.7
TERNATE,2025-10-18,11.7,26.6
TERNATE,2025-10-19,30.2,26.4
TERNATE,2025-10-20,30.0,26.4
TERNATE,2025-10-21,16.7,27.0
TERNATE,2025-10-22,13.2,26.8
TERNATE,2025-10-23,3.8,27.1
TERNATE,2025-10-24,37.3,26.1
TERNATE,2025-10-25,10.2,26.3
TERNATE,2025-10-26,4.1,26.4
TERNATE,2025-10-27,13.4,26.2
TERNATE,2025-10-28,2.5,26.8
TERNATE,2025-10-29,0.4,27.6
TERNATE,2025-10-30,5.6,26.9
TERNATE,2025-10-31,1.6,27.2
TERNATE,2025-11-01,0.1,27.4
TERNATE,2025-11-02,1.5,27.3
TERNATE,2025-11-03,0.0,27.7
TERNATE,2025-11-04,0.0,27.9
TERNATE,2025-11-05,2.0,27.4
TERNATE,2025-11-06,19.0,26.5
TERNATE,2025-11-07,9.9,27.0
TERNATE,2025-11-08,0.6,28.4
TERNATE,2025-11-09,5.7,27.9
TERNATE,2025-11-10,16.7,26.2
TERNATE,2025-11-11,3.4,26.3
TERNATE,2025-11-12,0.8,26.5
TERNATE,2025-11-13,1.3,27.6
TERNATE,2025-11-14,0.5,27.7
TERNATE,2025-11-15,9.8,27.3
TERNATE,2025-11-16,2.4,27.7
TERNATE,2025-11-17,1.2,28.1
TERNATE,2025-11-18,2.0,28.3
TERNATE,2025-11-19,2.6,28.0
TERNATE,2025-11-20,1.6,27.7
TERNATE,2025-11-21,16.1,26.5
TERNATE,2025-11-22,19.4,26.9
TERNATE,2025-11-23,0.3,28.0
TERNATE,2025-11-24,0.7,28.4
TERNATE,2025-11-25,0.7,28.4
TERNATE,2025-11-26,17.6,27.4
TERNATE,2025-11-27,12.1,27.3
TERNATE,2025-11-28,1.4,27.8
TERNATE,2025-11-29,2.7,27.7
TERNATE,2025-11-30,1.1,27.4
TERNATE,2025-12-01,0.8,26.9
TERNATE,2025-12-02,4.5,26.9
TERNATE,2025-12-03,29.9,26.0
TERNATE,2025-12-04,2.0,26.6
TERNATE,2025-12-05,7.0,26.8
TERNATE,2025-12-06,0.6,26.8
TERNATE,2025-12-07,10.7,26.5
TERNATE,2025-12-08,2.3,26.8
TERNATE,2025-12-09,6.1,27.7
TERNATE,2025-12-10,9.0,27.0
TERNATE,2025-12-11,0.8,27.2
TERNATE,2025-12-12,2.0,27.6
TERNATE,2025-12-13,5.2,26.4
TERNATE,2025-12-14,3.3,26.4
TERNATE,2025-12-15,1.0,27.0
TERNATE,2025-12-16,2.0,27.3
TERNATE,2025-12-17,8.2,27.0
TERNATE,2025-12-18,2.9,27.2
TERNATE,2025-12-19,1.3,27.6
TERNATE,2025-12-20,0.0,28.0
TERNATE,2025-12-21,0.0,28.6
TERNATE,2025-12-22,0.0,28.7
TERNATE,2025-12-23,0.1,28.9
TERNATE,2025-12-24,3.3,28.1
TERNATE,2025-12-25,3.8,27.1
TERNATE,2025-12-26,0.0,29.0
TERNATE,2025-12-27,0.0,28.4
TERNATE,2025-12-28,0.0,28.9
TERNATE,2025-12-29,2.9,27.9
TERNATE,2025-12-30,5.1,26.8
TERNATE,2025-12-31,4.9,27.4
TERNATE,2026-01-01,4.9,27.3
TERNATE,2026-01-02,18.1,26.8
TERNATE,2026-01-03,3.5,27.0
TERNATE,2026-01-04,0.7,27.4
TERNATE,2026-01-05,1.4,27.2
TERNATE,2026-01-06,2.9,27.5
TERNATE,2026-01-07,2.0,27.8
TERNATE,2026-01-08,1.5,28.4
TERNATE,2026-01-09,0.2,28.4
TERNATE,2026-01-10,0.0,29.0
TERNATE,2026-01-11,0.0,29.0
TERNATE,2026-01-12,0.4,28.5
TERNATE,2026-01-13,0.2,28.9
TERNATE,2026-01-14,0.2,28.9
TERNATE,2026-01-15,0.5,28.6
TERNATE,2026-01-16,0.3,29.0
TERNATE,2026-01-17,2.2,28.5
TERNATE,2026-01-18,0.4,28.5
TERNATE,2026-01-19,4.2,27.9
TERNATE,2026-01-20,0.2,29.5
TERNATE,2026-01-21,2.0,28.7
TERNATE,2026-01-22,0.0,30.2
TERNATE,2026-01-23,0.0,30.3
TERNATE,2026-01-24,0.0,29.4
TERNATE,2026-01-25,0.0,28.6
TERNATE,2026-01-26,0.3,29.0
TERNATE,2026-01-27,0.0,29.2
TERNATE,2026-01-28,4.3,27.9
TERNATE,2026-01-29,1.8,27.7
TERNATE,2026-01-30,1.2,27.7
TERNATE,2026-01-31,0.2,28.2
TERNATE,2026-02-01,0.0,29.6
TERNATE,2026-02-02,0.2,28.9
TERNATE,2026-02-03,0.2,29.2
TERNATE,2026-02-04,0.3,28.8
TERNATE,2026-02-05,0.5,28.8
TERNATE,2026-02-06,0.3,29.1
TERNATE,2026-02-07,0.2,27.6
TERNATE,2026-02-08,0.9,27.4
TERNATE,2026-02-09,2.8,27.3
TERNATE,2026-02-10,3.5,27.9
TERNATE,2026-02-11,2.6,27.4
TERNATE,2026-02-12,1.3,27.7
TERNATE,2026-02-13,0.0,28.3
TERNATE,2026-02-14,1.1,27.5
TERNATE,2026-02-15,0.0,29.5
TERNATE,2026-02-16,2.2,29.1
TERNATE,2026-02-17,0.0,28.6
TERNATE,2026-02-18,0.2,28.9
TERNATE,2026-02-19,5.1,27.9
TERNATE,2026-02-20,2.9,27.3
TERNATE,2026-02-21,5.4,26.3
TERNATE,2026-02-22,4.2,26.4
TERNATE,2026-02-23,0.0,28.3
TERNATE,2026-02-24,4.8,27.4
TERNATE,2026-02-25,6.7,25.9
TERNATE,2026-02-26,4.3,26.8
TERNATE,2026-02-27,0.6,28.6
TERNATE,2026-02-28,0.0,29.3
TERNATE,2026-03-01,0.0,29.4
TERNATE,2026-03-02,0.0,30.1
TERNATE,2026-03-03,0.0,29.7
TERNATE,2026-03-04,0.0,29.9
TERNATE,2026-03-05,0.8,29.6
TERNATE,2026-03-06,0.1,30.2
TERNATE,2026-03-07,1.6,28.0
TERNATE,2026-03-08,3.2,27.7
TERNATE,2026-03-09,4.1,27.2
TERNATE,2026-03-10,2.6,28.1
TERNATE,2026-03-11,1.9,28.8
TERNATE,2026-03-12,1.4,28.2
TERNATE,2026-03-13,0.0,28.5
TERNATE,2026-03-14,0.4,29.0
TERNATE,2026-03-15,0.5,28.4
TERNATE,2026-03-16,0.6,27.7
TERNATE,2026-03-17,0.8,28.0
TERNATE,2026-03-18,1.3,28.6
TERNATE,2026-03-19,0.2,29.0
TERNATE,2026-03-20,0.0,29.0
TERNATE,2026-03-21,3.0,27.9
TERNATE,2026-03-22,1.4,28.3
TERNATE,2026-03-23,0.3,28.9
TERNATE,2026-03-24,0.0,29.5
TERNATE,2026-03-25,0.6,28.6
TERNATE,2026-03-26,0.9,27.9
TERNATE,2026-03-27,0.0,28.7
TERNATE,2026-03-28,0.1,28.0
TERNATE,2026-03-29,2.2,27.6
TERNATE,2026-03-30,17.7,26.8
TERNATE,2026-03-31,6.1,26.6
JAYAPURA,2025-03-15,7.9,27.1
JAYAPURA,2025-03-16,12.2,25.8
JAYAPURA,2025-03-17,6.1,26.1
JAYAPURA,2025-03-18,2.3,27.0
JAYAPURA,2025-03-19,6.9,27.1
JAYAPURA,2025-03-20,4.8,26.8
JAYAPURA,2025-03-21,8.6,27.5
JAYAPURA,2025-03-22,7.2,26.1
JAYAPURA,2025-03-23,3.4,27.5
JAYAPURA,2025-03-24,4.5,27.7
JAYAPURA,2025-03-25,2.5,27.1
JAYAPURA,2025-03-26,36.9,25.5
JAYAPURA,2025-03-27,20.6,25.2
JAYAPURA,2025-03-28,15.4,26.0
JAYAPURA,2025-03-29,24.5,26.8
JAYAPURA,2025-03-30,12.6,26.7
JAYAPURA,2025-03-31,22.4,25.6
JAYAPURA,2025-04-01,13.3,26.3
JAYAPURA,2025-04-02,13.7,26.5
JAYAPURA,2025-04-03,17.2,26.6
JAYAPURA,2025-04-04,8.2,26.5
JAYAPURA,2025-04-05,9.6,25.6
JAYAPURA,2025-04-06,3.4,26.8
JAYAPURA,2025-04-07,7.2,27.0
JAYAPURA,2025-04-08,1.8,26.4
JAYAPURA,2025-04-09,12.6,26.6
JAYAPURA,2025-04-10,4.9,26.2
JAYAPURA,2025-04-11,3.7,27.3
JAYAPURA,2025-04-12,5.9,27.1
JAYAPURA,2025-04-13,8.1,26.6
JAYAPURA,2025-04-14,1.9,26.6
JAYAPURA,2025-04-15,7.4,26.8
JAYAPURA,2025-04-16,9.7,26.0
JAYAPURA,2025-04-17,23.7,25.3
JAYAPURA,2025-04-18,23.4,25.5
JAYAPURA,2025-04-19,20.8,26.6
JAYAPURA,2025-04-20,16.5,26.3
JAYAPURA,2025-04-21,26.5,26.4
JAYAPURA,2025-04-22,4.5,26.5
JAYAPURA,2025-04-23,4.1,27.3
JAYAPURA,2025-04-24,4.3,26.2
JAYAPURA,2025-04-25,35.2,25.5
JAYAPURA,2025-04-26,22.9,26.5
JAYAPURA,2025-04-27,35.3,25.9
JAYAPURA,2025-04-28,2.0,26.8
JAYAPURA,2025-04-29,5.7,25.9
JAYAPURA,2025-04-30,17.2,25.6
JAYAPURA,2025-05-01,5.0,27.4
JAYAPURA,2025-05-02,3.7,27.0
JAYAPURA,2025-05-03,2.4,27.0
JAYAPURA,2025-05-04,0.7,27.3
JAYAPURA,2025-05-05,3.6,26.8
JAYAPURA,2025-05-06,21.0,26.0
JAYAPURA,2025-05-07,16.3,26.2
JAYAPURA,2025-05-08,16.9,26.3
JAYAPURA,2025-05-09,13.2,26.1
JAYAPURA,2025-05-10,4.0,27.1
JAYAPURA,2025-05-11,4.8,27.4
JAYAPURA,2025-05-12,28.9,25.9
JAYAPURA,2025-05-13,17.2,27.0
JAYAPURA,2025-05-14,42.4,26.5
JAYAPURA,2025-05-15,25.0,26.1
JAYAPURA,2025-05-16,5.3,26.3
JAYAPURA,2025-05-17,4.1,27.1
JAYAPURA,2025-05-18,8.4,27.1
JAYAPURA,2025-05-19,4.3,27.1
JAYAPURA,2025-05-20,1.7,27.6
JAYAPURA,2025-05-21,8.1,26.3
JAYAPURA,2025-05-22,3.9,26.9
JAYAPURA,2025-05-23,3.4,27.0
JAYAPURA,2025-05-24,1.8,26.8
JAYAPURA,2025-05-25,18.6,27.1
JAYAPURA,2025-05-26,7.8,26.6
JAYAPURA,2025-05-27,1.3,26.7
JAYAPURA,2025-05-28,6.7,27.5
JAYAPURA,2025-05-29,9.7,26.8
JAYAPURA,2025-05-30,16.0,26.3
JAYAPURA,2025-05-31,15.6,26.9
JAYAPURA,2025-06-01,8.0,26.9
JAYAPURA,2025-06-02,0.9,27.4
JAYAPURA,2025-06-03,1.1,27.3
JAYAPURA,2025-06-04,35.4,26.1
JAYAPURA,2025-06-05,7.3,25.5
JAYAPURA,2025-06-06,10.4,26.6
JAYAPURA,2025-06-07,2.1,26.8
JAYAPURA,2025-06-08,1.5,27.2
JAYAPURA,2025-06-09,15.8,27.1
JAYAPURA,2025-06-10,28.0,26.8
JAYAPURA,2025-06-11,4.6,27.0
JAYAPURA,2025-06-12,2.2,26.6
JAYAPURA,2025-06-13,16.3,26.5
JAYAPURA,2025-06-14,17.3,26.1
JAYAPURA,2025-06-15,4.7,26.0
JAYAPURA,2025-06-16,2.8,26.7
JAYAPURA,2025-06-17,4.0,25.6
JAYAPURA,2025-06-18,0.3,27.3
JAYAPURA,2025-06-19,15.5,26.7
JAYAPURA,2025-06-20,20.4,26.5
JAYAPURA,2025-06-21,3.4,25.6
JAYAPURA,2025-06-22,9.5,25.4
JAYAPURA,2025-06-23,11.5,25.6
JAYAPURA,2025-06-24,11.0,26.5
JAYAPURA,2025-06-25,1.8,26.9
JAYAPURA,2025-06-26,3.6,26.8
JAYAPURA,2025-06-27,9.0,25.1
JAYAPURA,2025-06-28,10.9,26.4
JAYAPURA,2025-06-29,5.9,26.7
JAYAPURA,2025-06-30,20.1,26.2
JAYAPURA,2025-07-01,7.3,25.4
JAYAPURA,2025-07-02,5.2,25.7
JAYAPURA,2025-07-03,15.8,26.3
JAYAPURA,2025-07-04,7.7,26.0
JAYAPURA,2025-07-05,6.3,25.4
JAYAPURA,2025-07-06,0.0,26.8
JAYAPURA,2025-07-07,4.1,27.0
JAYAPURA,2025-07-08,16.2,25.4
JAYAPURA,2025-07-09,3.4,26.3
JAYAPURA,2025-07-10,6.9,25.8
JAYAPURA,2025-07-11,5.8,25.3
JAYAPURA,2025-07-12,10.9,26.1
JAYAPURA,2025-07-13,4.4,26.3
JAYAPURA,2025-07-14,4.5,25.6
JAYAPURA,2025-07-15,2.0,26.6
JAYAPURA,2025-07-16,5.1,26.5
JAYAPURA,2025-07-17,2.4,26.2
JAYAPURA,2025-07-18,10.3,26.6
JAYAPURA,2025-07-19,4.3,26.3
JAYAPURA,2025-07-20,2.9,27.1
JAYAPURA,2025-07-21,2.5,27.7
JAYAPURA,2025-07-22,18.7,26.6
JAYAPURA,2025-07-23,17.4,26.3
JAYAPURA,2025-07-24,12.9,26.2
JAYAPURA,2025-07-25,2.3,26.8
JAYAPURA,2025-07-26,2.1,26.6
JAYAPURA,2025-07-27,0.3,27.4
JAYAPURA,2025-07-28,3.1,26.9
JAYAPURA,2025-07-29,3.4,26.6
JAYAPURA,2025-07-30,20.0,24.5
JAYAPURA,2025-07-31,0.5,27.1
JAYAPURA,2025-08-01,1.4,27.5
JAYAPURA,2025-08-02,0.7,27.7
JAYAPURA,2025-08-03,3.4,27.2
JAYAPURA,2025-08-04,0.8,27.4
JAYAPURA,2025-08-05,0.1,27.9
JAYAPURA,2025-08-06,7.7,27.1
JAYAPURA,2025-08-07,10.8,26.4
JAYAPURA,2025-08-08,18.2,25.6
JAYAPURA,2025-08-09,7.5,25.5
JAYAPURA,2025-08-10,7.8,26.3
JAYAPURA,2025-08-11,3.3,26.3
JAYAPURA,2025-08-12,5.7,25.8
JAYAPURA,2025-08-13,13.3,25.1
JAYAPURA,2025-08-14,2.7,26.6
JAYAPURA,2025-08-15,2.4,25.8
JAYAPURA,2025-08-16,1.9,26.1
JAYAPURA,2025-08-17,5.4,26.6
JAYAPURA,2025-08-18,6.9,27.0
JAYAPURA,2025-08-19,8.9,26.6
JAYAPURA,2025-08-20,19.7,25.3
JAYAPURA,2025-08-21,4.2,26.6
JAYAPURA,2025-08-22,1.9,26.7
JAYAPURA,2025-08-23,7.4,25.3
JAYAPURA,2025-08-24,2.8,26.3
JAYAPURA,2025-08-25,5.9,26.3
JAYAPURA,2025-08-26,41.8,24.7
JAYAPURA,2025-08-27,4.6,26.0
JAYAPURA,2025-08-28,9.2,26.6
JAYAPURA,2025-08-29,28.8,25.9
JAYAPURA,2025-08-30,0.6,26.0
JAYAPURA,2025-08-31,4.8,26.2
JAYAPURA,2025-09-01,14.7,25.5
JAYAPURA,2025-09-02,10.2,26.2
JAYAPURA,2025-09-03,7.5,26.1
JAYAPURA,2025-09-04,10.4,26.2
JAYAPURA,2025-09-05,0.4,27.6
JAYAPURA,2025-09-06,4.7,26.5
JAYAPURA,2025-09-07,14.5,25.5
JAYAPURA,2025-09-08,11.7,26.3
JAYAPURA,2025-09-09,0.1,27.7
JAYAPURA,2025-09-10,0.1,27.4
JAYAPURA,2025-09-11,3.5,27.4
JAYAPURA,2025-09-12,15.0,25.9
JAYAPURA,2025-09-13,2.4,26.8
JAYAPURA,2025-09-14,0.0,27.1
JAYAPURA,2025-09-15,0.9,27.6
JAYAPURA,2025-09-16,0.9,27.6
JAYAPURA,2025-09-17,4.3,27.6
JAYAPURA,2025-09-18,8.8,25.8
JAYAPURA,2025-09-19,5.3,26.4
JAYAPURA,2025-09-20,7.5,26.4
JAYAPURA,2025-09-21,26.7,26.4
JAYAPURA,2025-09-22,7.6,26.8
JAYAPURA,2025-09-23,7.0,26.9
JAYAPURA,2025-09-24,11.2,26.6
JAYAPURA,2025-09-25,8.1,26.6
JAYAPURA,2025-09-26,2.2,27.1
JAYAPURA,2025-09-27,0.7,27.2
JAYAPURA,2025-09-28,0.2,27.9
JAYAPURA,2025-09-29,5.9,27.5
JAYAPURA,2025-09-30,16.8,25.5
JAYAPURA,2025-10-01,1.9,26.6
JAYAPURA,2025-10-02,4.8,26.7
JAYAPURA,2025-10-03,4.2,26.9
JAYAPURA,2025-10-04,1.0,27.2
JAYAPURA,2025-10-05,1.0,27.6
JAYAPURA,2025-10-06,1.5,27.1
JAYAPURA,2025-10-07,5.8,26.6
JAYAPURA,2025-10-08,22.0,24.9
JAYAPURA,2025-10-09,3.4,26.7
JAYAPURA,2025-10-10,10.2,26.8
JAYAPURA,2025-10-11,16.2,25.5
JAYAPURA,2025-10-12,9.5,26.2
JAYAPURA,2025-10-13,9.5,26.7
JAYAPURA,2025-10-14,7.2,26.9
JAYAPURA,2025-10-15,41.0,25.5
JAYAPURA,2025-10-16,0.0,27.4
JAYAPURA,2025-10-17,0.6,27.5
JAYAPURA,2025-10-18,3.3,27.4
JAYAPURA,2025-10-19,21.4,25.4
JAYAPURA,2025-10-20,4.8,27.5
JAYAPURA,2025-10-21,10.2,26.8
JAYAPURA,2025-10-22,3.3,27.9
JAYAPURA,2025-10-23,17.3,26.8
JAYAPURA,2025-10-24,55.1,26.3
JAYAPURA,2025-10-25,0.7,27.3
JAYAPURA,2025-10-26,0.0,28.0
JAYAPURA,2025-10-27,5.3,27.4
JAYAPURA,2025-10-28,4.3,26.4
JAYAPURA,2025-10-29,12.4,26.7
JAYAPURA,2025-10-30,7.7,27.1
JAYAPURA,2025-10-31,11.1,26.7
JAYAPURA,2025-11-01,40.8,25.7
JAYAPURA,2025-11-02,13.3,26.8
JAYAPURA,2025-11-03,5.1,26.5
JAYAPURA,2025-11-04,0.4,27.5
JAYAPURA,2025-11-05,3.3,27.6
JAYAPURA,2025-11-06,3.9,27.4
JAYAPURA,2025-11-07,16.4,27.8
JAYAPURA,2025-11-08,6.1,26.2
JAYAPURA,2025-11-09,7.8,26.6
JAYAPURA,2025-11-10,15.9,26.7
JAYAPURA,2025-11-11,11.2,26.3
JAYAPURA,2025-11-12,6.9,27.9
JAYAPURA,2025-11-13,18.4,27.0
JAYAPURA,2025-11-14,0.4,27.1
JAYAPURA,2025-11-15,3.5,27.7
JAYAPURA,2025-11-16,13.0,27.3
JAYAPURA,2025-11-17,7.9,27.5
JAYAPURA,2025-11-18,14.6,26.8
JAYAPURA,2025-11-19,25.4,27.3
JAYAPURA,2025-11-20,33.6,26.2
JAYAPURA,2025-11-21,9.9,27.4
JAYAPURA,2025-11-22,13.7,26.5
JAYAPURA,2025-11-23,0.0,28.3
JAYAPURA,2025-11-24,31.0,26.1
JAYAPURA,2025-11-25,17.0,26.4
JAYAPURA,2025-11-26,4.7,27.1
JAYAPURA,2025-11-27,0.1,28.5
JAYAPURA,2025-11-28,15.5,28.1
JAYAPURA,2025-11-29,9.8,27.4
JAYAPURA,2025-11-30,10.0,27.6
JAYAPURA,2025-12-01,2.0,26.4
JAYAPURA,2025-12-02,14.2,26.8
JAYAPURA,2025-12-03,24.4,25.1
JAYAPURA,2025-12-04,3.6,26.1
JAYAPURA,2025-12-05,9.3,26.5
JAYAPURA,2025-12-06,4.3,26.6
JAYAPURA,2025-12-07,21.4,25.6
JAYAPURA,2025-12-08,0.1,27.9
JAYAPURA,2025-12-09,0.1,28.4
JAYAPURA,2025-12-10,37.6,27.6
JAYAPURA,2025-12-11,34.8,26.0
JAYAPURA,2025-12-12,24.2,25.5
JAYAPURA,2025-12-13,3.4,27.6
JAYAPURA,2025-12-14,2.0,27.6
JAYAPURA,2025-12-15,25.1,26.7
JAYAPURA,2025-12-16,19.3,27.4
JAYAPURA,2025-12-17,23.9,25.4
JAYAPURA,2025-12-18,0.2,27.4
JAYAPURA,2025-12-19,0.9,26.7
JAYAPURA,2025-12-20,18.2,25.9
JAYAPURA,2025-12-21,6.8,27.0
JAYAPURA,2025-12-22,2.6,27.3
JAYAPURA,2025-12-23,19.1,27.1
JAYAPURA,2025-12-24,29.3,26.6
JAYAPURA,2025-12-25,4.9,26.8
JAYAPURA,2025-12-26,1.2,26.7
JAYAPURA,2025-12-27,0.6,27.1
JAYAPURA,2025-12-28,0.1,27.6
JAYAPURA,2025-12-29,0.7,27.6
JAYAPURA,2025-12-30,1.0,27.8
JAYAPURA,2025-12-31,12.5,26.7
JAYAPURA,2026-01-01,7.7,26.6
JAYAPURA,2026-01-02,24.5,26.5
JAYAPURA,2026-01-03,6.5,26.9
JAYAPURA,2026-01-04,14.1,26.9
JAYAPURA,2026-01-05,0.7,26.5
JAYAPURA,2026-01-06,4.3,27.3
JAYAPURA,2026-01-07,8.3,27.0
JAYAPURA,2026-01-08,4.9,27.4
JAYAPURA,2026-01-09,5.1,26.8
JAYAPURA,2026-01-10,0.2,28.1
JAYAPURA,2026-01-11,0.0,28.2
JAYAPURA,2026-01-12,0.0,28.2
JAYAPURA,2026-01-13,12.6,27.8
JAYAPURA,2026-01-14,3.9,25.8
JAYAPURA,2026-01-15,2.5,26.8
JAYAPURA,2026-01-16,2.8,26.7
JAYAPURA,2026-01-17,6.7,26.7
JAYAPURA,2026-01-18,1.9,26.5
JAYAPURA,2026-01-19,0.3,28.0
JAYAPURA,2026-01-20,1.0,28.3
JAYAPURA,2026-01-21,0.4,28.1
JAYAPURA,2026-01-22,0.2,28.7
JAYAPURA,2026-01-23,4.0,27.6
JAYAPURA,2026-01-24,8.1,27.0
JAYAPURA,2026-01-25,13.2,25.6
JAYAPURA,2026-01-26,2.3,26.7
JAYAPURA,2026-01-27,4.6,27.1
JAYAPURA,2026-01-28,0.5,27.5
JAYAPURA,2026-01-29,3.1,27.1
JAYAPURA,2026-01-30,1.4,27.1
JAYAPURA,2026-01-31,1.1,26.8
JAYAPURA,2026-02-01,1.2,27.3
JAYAPURA,2026-02-02,0.1,28.4
JAYAPURA,2026-02-03,15.4,26.9
JAYAPURA,2026-02-04,15.8,26.6
JAYAPURA,2026-02-05,22.0,25.8
JAYAPURA,2026-02-06,5.7,26.4
JAYAPURA,2026-02-07,1.1,26.8
JAYAPURA,2026-02-08,6.5,27.0
JAYAPURA,2026-02-09,32.6,26.6
JAYAPURA,2026-02-10,12.1,26.7
JAYAPURA,2026-02-11,11.4,27.3
JAYAPURA,2026-02-12,11.0,25.8
JAYAPURA,2026-02-13,5.6,27.3
JAYAPURA,2026-02-14,13.6,26.8
JAYAPURA,2026-02-15,13.2,27.3
JAYAPURA,2026-02-16,9.9,25.8
JAYAPURA,2026-02-17,0.2,27.3
JAYAPURA,2026-02-18,5.6,27.1
JAYAPURA,2026-02-19,17.9,26.8
JAYAPURA,2026-02-20,1.9,26.5
JAYAPURA,2026-02-21,5.2,26.7
JAYAPURA,2026-02-22,13.1,26.4
JAYAPURA,2026-02-23,39.1,26.4
JAYAPURA,2026-02-24,11.2,25.8
JAYAPURA,2026-02-25,9.9,27.6
JAYAPURA,2026-02-26,15.5,26.4
JAYAPURA,2026-02-27,3.7,27.6
JAYAPURA,2026-02-28,14.5,28.2
JAYAPURA,2026-03-01,4.1,28.0
JAYAPURA,2026-03-02,16.6,26.7
JAYAPURA,2026-03-03,6.1,28.0
JAYAPURA,2026-03-04,2.7,27.9
JAYAPURA,2026-03-05,9.0,27.1
JAYAPURA,2026-03-06,9.3,26.7
JAYAPURA,2026-03-07,8.1,26.1
JAYAPURA,2026-03-08,10.4,26.8
JAYAPURA,2026-03-09,36.0,25.2
JAYAPURA,2026-03-10,0.1,26.6
JAYAPURA,2026-03-11,2.6,27.2
JAYAPURA,2026-03-12,16.5,26.9
JAYAPURA,2026-03-13,60.3,25.6
JAYAPURA,2026-03-14,21.2,27.0
JAYAPURA,2026-03-15,12.7,25.3
JAYAPURA,2026-03-16,21.1,25.9
JAYAPURA,2026-03-17,18.7,25.7
JAYAPURA,2026-03-18,9.7,26.2
JAYAPURA,2026-03-19,9.2,26.7
JAYAPURA,2026-03-20,2.9,26.7
JAYAPURA,2026-03-21,3.9,26.7
JAYAPURA,2026-03-22,1.0,27.1
JAYAPURA,2026-03-23,9.4,27.6
JAYAPURA,2026-03-24,8.6,26.5
JAYAPURA,2026-03-25,18.5,27.4
JAYAPURA,2026-03-26,21.4,25.3
JAYAPURA,2026-03-27,17.0,25.5
JAYAPURA,2026-03-28,7.6,25.5
JAYAPURA,2026-03-29,8.1,27.5
JAYAPURA,2026-03-30,11.2,26.7
JAYAPURA,2026-03-31,17.7,26.3
SORONG,2025-03-15,14.1,26.3
SORONG,2025-03-16,13.4,26.0
SORONG,2025-03-17,19.8,25.8
SORONG,2025-03-18,15.6,26.1
SORONG,2025-03-19,15.7,26.2
SORONG,2025-03-20,9.1,26.4
SORONG,2025-03-21,15.1,26.2
SORONG,2025-03-22,29.2,25.3
SORONG,2025-03-23,15.7,26.4
SORONG,2025-03-24,7.9,26.1
SORONG,2025-03-25,9.1,26.2
SORONG,2025-03-26,6.1,26.8
SORONG,2025-03-27,0.3,27.8
SORONG,2025-03-28,0.1,29.1
SORONG,2025-03-29,5.5,28.4
SORONG,2025-03-30,20.6,26.5
SORONG,2025-03-31,9.3,26.1
SORONG,2025-04-01,2.3,26.6
SORONG,2025-04-02,14.9,26.4
SORONG,2025-04-03,21.6,25.5
SORONG,2025-04-04,17.1,25.6
SORONG,2025-04-05,15.5,25.7
SORONG,2025-04-06,26.9,26.1
SORONG,2025-04-07,15.0,26.2
SORONG,2025-04-08,17.1,25.7
SORONG,2025-04-09,3.0,26.4
SORONG,2025-04-10,13.5,25.9
SORONG,2025-04-11,1.6,26.9
SORONG,2025-04-12,9.6,26.7
SORONG,2025-04-13,35.8,25.8
SORONG,2025-04-14,14.5,26.0
SORONG,2025-04-15,19.3,26.4
SORONG,2025-04-16,9.9,26.6
SORONG,2025-04-17,5.3,26.5
SORONG,2025-04-18,5.2,26.9
SORONG,2025-04-19,3.6,26.0
SORONG,2025-04-20,1.0,27.7
SORONG,2025-04-21,8.7,26.4
SORONG,2025-04-22,8.8,26.3
SORONG,2025-04-23,2.8,25.9
SORONG,2025-04-24,23.8,25.7
SORONG,2025-04-25,23.5,25.5
SORONG,2025-04-26,12.7,25.2
SORONG,2025-04-27,4.6,25.7
SORONG,2025-04-28,5.9,26.5
SORONG,2025-04-29,10.1,26.8
SORONG,2025-04-30,7.7,26.9
SORONG,2025-05-01,3.2,26.5
SORONG,2025-05-02,3.0,26.8
SORONG,2025-05-03,11.8,26.1
SORONG,2025-05-04,13.2,25.6
SORONG,2025-05-05,4.8,26.0
SORONG,2025-05-06,18.8,25.8
SORONG,2025-05-07,11.8,26.3
SORONG,2025-05-08,1.8,26.5
SORONG,2025-05-09,9.1,26.5
SORONG,2025-05-10,1.7,26.3
SORONG,2025-05-11,8.6,26.7
SORONG,2025-05-12,1.9,26.7
SORONG,2025-05-13,2.6,26.1
SORONG,2025-05-14,14.3,26.4
SORONG,2025-05-15,4.6,26.4
SORONG,2025-05-16,7.6,26.3
SORONG,2025-05-17,19.7,26.4
SORONG,2025-05-18,4.0,26.2
SORONG,2025-05-19,13.2,26.1
SORONG,2025-05-20,22.0,25.7
SORONG,2025-05-21,39.1,26.4
SORONG,2025-05-22,30.4,25.7
SORONG,2025-05-23,10.9,27.3
SORONG,2025-05-24,5.0,26.5
SORONG,2025-05-25,26.7,26.3
SORONG,2025-05-26,3.1,26.2
SORONG,2025-05-27,7.5,27.6
SORONG,2025-05-28,17.4,25.8
SORONG,2025-05-29,15.6,26.2
SORONG,2025-05-30,43.8,26.1
SORONG,2025-05-31,29.9,25.4
SORONG,2025-06-01,15.7,26.0
SORONG,2025-06-02,17.1,25.7
SORONG,2025-06-03,7.2,25.8
SORONG,2025-06-04,10.2,26.9
SORONG,2025-06-05,11.5,26.2
SORONG,2025-06-06,5.2,27.2
SORONG,2025-06-07,7.3,26.2
SORONG,2025-06-08,15.7,25.4
SORONG,2025-06-09,2.2,26.8
SORONG,2025-06-10,2.9,27.1
SORONG,2025-06-11,4.4,26.8
SORONG,2025-06-12,16.1,26.0
SORONG,2025-06-13,13.7,25.7
SORONG,2025-06-14,22.7,24.7
SORONG,2025-06-15,13.7,25.3
SORONG,2025-06-16,6.1,26.0
SORONG,2025-06-17,17.0,25.7
SORONG,2025-06-18,29.4,25.1
SORONG,2025-06-19,13.6,25.4
SORONG,2025-06-20,11.1,25.9
SORONG,2025-06-21,8.0,25.6
SORONG,2025-06-22,17.8,25.1
SORONG,2025-06-23,11.2,25.0
SORONG,2025-06-24,14.1,25.5
SORONG,2025-06-25,8.2,25.6
SORONG,2025-06-26,23.4,25.4
SORONG,2025-06-27,2.7,26.1
SORONG,2025-06-28,10.8,25.9
SORONG,2025-06-29,2.8,26.6
SORONG,2025-06-30,15.9,25.9
SORONG,2025-07-01,17.2,25.4
SORONG,2025-07-02,6.7,25.1
SORONG,2025-07-03,3.6,25.3
SORONG,2025-07-04,5.8,26.1
SORONG,2025-07-05,9.3,25.7
SORONG,2025-07-06,10.2,25.9
SORONG,2025-07-07,48.6,25.3
SORONG,2025-07-08,28.7,25.2
SORONG,2025-07-09,13.6,25.1
SORONG,2025-07-10,10.7,25.8
SORONG,2025-07-11,4.4,25.8
SORONG,2025-07-12,1.8,26.7
SORONG,2025-07-13,16.5,26.1
SORONG,2025-07-14,18.2,25.6
SORONG,2025-07-15,15.4,25.6
SORONG,2025-07-16,34.2,25.1
SORONG,2025-07-17,26.5,25.0
SORONG,2025-07-18,63.4,24.5
SORONG,2025-07-19,16.8,25.5
SORONG,2025-07-20,0.5,25.9
SORONG,2025-07-21,0.2,27.1
SORONG,2025-07-22,0.4,27.0
SORONG,2025-07-23,0.7,27.4
SORONG,2025-07-24,0.1,27.8
SORONG,2025-07-25,7.7,27.0
SORONG,2025-07-26,21.9,25.4
SORONG,2025-07-27,5.9,25.3
SORONG,2025-07-28,9.4,25.7
SORONG,2025-07-29,8.7,27.0
SORONG,2025-07-30,11.0,26.0
SORONG,2025-07-31,17.5,26.9
SORONG,2025-08-01,20.3,25.7
SORONG,2025-08-02,2.6,26.7
SORONG,2025-08-03,29.4,25.9
SORONG,2025-08-04,24.3,25.3
SORONG,2025-08-05,3.8,25.5
SORONG,2025-08-06,18.3,25.7
SORONG,2025-08-07,23.7,24.6
SORONG,2025-08-08,14.4,25.1
SORONG,2025-08-09,16.3,25.0
SORONG,2025-08-10,20.2,25.2
SORONG,2025-08-11,6.6,25.3
SORONG,2025-08-12,34.9,24.8
SORONG,2025-08-13,17.5,24.9
SORONG,2025-08-14,13.4,24.8
SORONG,2025-08-15,17.5,24.8
SORONG,2025-08-16,5.7,25.2
SORONG,2025-08-17,19.7,25.0
SORONG,2025-08-18,4.5,25.3
SORONG,2025-08-19,21.1,25.2
SORONG,2025-08-20,13.8,25.3
SORONG,2025-08-21,23.9,24.5
SORONG,2025-08-22,27.3,24.6
SORONG,2025-08-23,7.6,24.9
SORONG,2025-08-24,13.6,24.8
SORONG,2025-08-25,17.1,25.5
SORONG,2025-08-26,18.3,25.5
SORONG,2025-08-27,33.8,25.2
SORONG,2025-08-28,3.0,25.8
SORONG,2025-08-29,4.8,26.2
SORONG,2025-08-30,1.1,27.0
SORONG,2025-08-31,2.7,26.1
SORONG,2025-09-01,21.5,25.3
SORONG,2025-09-02,4.7,25.6
SORONG,2025-09-03,31.4,25.0
SORONG,2025-09-04,16.6,24.9
SORONG,2025-09-05,7.2,25.3
SORONG,2025-09-06,9.1,25.5
SORONG,2025-09-07,25.3,25.0
SORONG,2025-09-08,17.4,25.1
SORONG,2025-09-09,19.5,25.8
SORONG,2025-09-10,16.0,25.5
SORONG,2025-09-11,19.4,25.7
SORONG,2025-09-12,16.4,25.4
SORONG,2025-09-13,4.1,25.5
SORONG,2025-09-14,29.1,24.6
SORONG,2025-09-15,26.5,25.3
SORONG,2025-09-16,9.3,26.0
SORONG,2025-09-17,18.2,24.8
SORONG,2025-09-18,9.2,25.3
SORONG,2025-09-19,13.9,24.5
SORONG,2025-09-20,5.8,25.8
SORONG,2025-09-21,5.3,26.2
SORONG,2025-09-22,6.4,25.5
SORONG,2025-09-23,19.0,25.4
SORONG,2025-09-24,6.8,25.2
SORONG,2025-09-25,0.1,26.9
SORONG,2025-09-26,3.7,27.6
SORONG,2025-09-27,1.6,26.7
SORONG,2025-09-28,4.3,27.0
SORONG,2025-09-29,0.9,27.6
SORONG,2025-09-30,4.5,26.7
SORONG,2025-10-01,24.8,25.1
SORONG,2025-10-02,24.8,25.2
SORONG,2025-10-03,4.2,26.4
SORONG,2025-10-04,4.2,25.9
SORONG,2025-10-05,13.5,25.5
SORONG,2025-10-06,5.0,25.5
SORONG,2025-10-07,7.4,25.4
SORONG,2025-10-08,7.9,25.9
SORONG,2025-10-09,20.7,25.1
SORONG,2025-10-10,2.9,25.9
SORONG,2025-10-11,7.4,25.9
SORONG,2025-10-12,3.8,27.0
SORONG,2025-10-13,0.5,26.9
SORONG,2025-10-14,2.0,26.9
SORONG,2025-10-15,2.1,27.3
SORONG,2025-10-16,2.2,26.4
SORONG,2025-10-17,5.6,26.7
SORONG,2025-10-18,9.3,26.9
SORONG,2025-10-19,7.2,26.6
SORONG,2025-10-20,4.2,27.0
SORONG,2025-10-21,5.6,26.8
SORONG,2025-10-22,6.2,26.6
SORONG,2025-10-23,46.1,25.6
SORONG,2025-10-24,6.2,27.3
SORONG,2025-10-25,26.5,25.9
SORONG,2025-10-26,12.1,26.1
SORONG,2025-10-27,22.4,25.8
SORONG,2025-10-28,57.0,24.7
SORONG,2025-10-29,1.5,26.9
SORONG,2025-10-30,14.0,26.0
SORONG,2025-10-31,2.8,26.0
SORONG,2025-11-01,1.1,26.4
SORONG,2025-11-02,3.3,26.7
SORONG,2025-11-03,1.8,26.7
SORONG,2025-11-04,1.7,27.4
SORONG,2025-11-05,3.9,27.0
SORONG,2025-11-06,0.3,27.1
SORONG,2025-11-07,3.4,27.3
SORONG,2025-11-08,3.9,27.6
SORONG,2025-11-09,8.5,27.4
SORONG,2025-11-10,73.9,25.1
SORONG,2025-11-11,6.8,26.0
SORONG,2025-11-12,5.5,26.2
SORONG,2025-11-13,5.1,27.0
SORONG,2025-11-14,16.4,26.4
SORONG,2025-11-15,2.8,26.6
SORONG,2025-11-16,10.7,26.8
SORONG,2025-11-17,10.3,26.9
SORONG,2025-11-18,9.5,26.9
SORONG,2025-11-19,14.6,26.2
SORONG,2025-11-20,9.7,26.9
SORONG,2025-11-21,23.3,27.0
SORONG,2025-11-22,15.9,26.3
SORONG,2025-11-23,7.5,28.3
SORONG,2025-11-24,1.8,27.4
SORONG,2025-11-25,1.5,28.4
SORONG,2025-11-26,1.2,28.2
SORONG,2025-11-27,4.3,27.3
SORONG,2025-11-28,10.2,27.1
SORONG,2025-11-29,1.3,27.3
SORONG,2025-11-30,10.5,26.3
SORONG,2025-12-01,12.1,26.1
SORONG,2025-12-02,2.2,26.8
SORONG,2025-12-03,21.7,25.8
SORONG,2025-12-04,14.5,26.8
SORONG,2025-12-05,5.4,26.1
SORONG,2025-12-06,29.6,26.6
SORONG,2025-12-07,13.0,26.2
SORONG,2025-12-08,6.0,27.3
SORONG,2025-12-09,5.6,27.3
SORONG,2025-12-10,18.0,25.8
SORONG,2025-12-11,4.8,26.4
SORONG,2025-12-12,2.2,27.1
SORONG,2025-12-13,20.4,25.7
SORONG,2025-12-14,2.3,26.3
SORONG,2025-12-15,0.8,27.1
SORONG,2025-12-16,9.0,27.0
SORONG,2025-12-17,8.2,25.8
SORONG,2025-12-18,9.3,25.9
SORONG,2025-12-19,10.8,26.0
SORONG,2025-12-20,0.4,27.3
SORONG,2025-12-21,8.0,27.4
SORONG,2025-12-22,19.4,27.9
SORONG,2025-12-23,12.4,27.5
SORONG,2025-12-24,22.5,26.7
SORONG,2025-12-25,12.4,26.4
SORONG,2025-12-26,7.8,27.3
SORONG,2025-12-27,18.0,26.6
SORONG,2025-12-28,41.3,26.1
SORONG,2025-12-29,14.6,26.1
SORONG,2025-12-30,0.8,27.1
SORONG,2025-12-31,5.9,26.7
SORONG,2026-01-01,1.4,27.5
SORONG,2026-01-02,21.3,25.7
SORONG,2026-01-03,3.6,27.2
SORONG,2026-01-04,6.9,26.2
SORONG,2026-01-05,8.9,26.5
SORONG,2026-01-06,30.1,26.2
SORONG,2026-01-07,31.5,25.4
SORONG,2026-01-08,14.9,26.5
SORONG,2026-01-09,0.1,27.7
SORONG,2026-01-10,0.7,27.9
SORONG,2026-01-11,0.8,27.6
SORONG,2026-01-12,23.2,25.9
SORONG,2026-01-13,18.2,25.6
SORONG,2026-01-14,3.8,27.5
SORONG,2026-01-15,0.0,27.4
SORONG,2026-01-16,2.0,27.6
SORONG,2026-01-17,0.5,27.2
SORONG,2026-01-18,0.0,28.1
SORONG,2026-01-19,0.2,28.3
SORONG,2026-01-20,0.6,28.1
SORONG,2026-01-21,5.4,27.7
SORONG,2026-01-22,6.1,27.8
SORONG,2026-01-23,0.0,27.7
SORONG,2026-01-24,0.3,28.4
SORONG,2026-01-25,2.7,27.8
SORONG,2026-01-26,2.0,27.3
SORONG,2026-01-27,8.7,27.4
SORONG,2026-01-28,0.2,27.9
SORONG,2026-01-29,10.6,27.0
SORONG,2026-01-30,2.9,26.6
SORONG,2026-01-31,15.9,26.3
SORONG,2026-02-01,6.4,26.0
SORONG,2026-02-02,0.1,27.8
SORONG,2026-02-03,0.0,28.4
SORONG,2026-02-04,0.3,28.4
SORONG,2026-02-05,2.2,27.4
SORONG,2026-02-06,3.9,27.3
SORONG,2026-02-07,7.2,26.1
SORONG,2026-02-08,0.8,26.6
SORONG,2026-02-09,7.0,26.8
SORONG,2026-02-10,0.7,27.4
SORONG,2026-02-11,4.7,27.3
SORONG,2026-02-12,10.3,26.1
SORONG,2026-02-13,3.3,27.5
SORONG,2026-02-14,8.2,26.7
SORONG,2026-02-15,17.7,25.7
SORONG,2026-02-16,22.5,25.7
SORONG,2026-02-17,6.0,26.5
SORONG,2026-02-18,2.3,27.1
SORONG,2026-02-19,14.2,26.2
SORONG,2026-02-20,20.2,25.6
SORONG,2026-02-21,10.1,26.0
SORONG,2026-02-22,7.5,25.6
SORONG,2026-02-23,18.2,26.5
SORONG,2026-02-24,6.9,26.9
SORONG,2026-02-25,6.4,26.5
SORONG,2026-02-26,40.9,24.8
SORONG,2026-02-27,0.3,27.0
SORONG,2026-02-28,14.0,27.3
SORONG,2026-03-01,1.8,27.2
SORONG,2026-03-02,0.1,28.4
SORONG,2026-03-03,5.8,28.4
SORONG,2026-03-04,1.4,27.6
SORONG,2026-03-05,9.8,27.3
SORONG,2026-03-06,2.3,28.0
SORONG,2026-03-07,0.0,28.5
SORONG,2026-03-08,5.5,27.3
SORONG,2026-03-09,13.3,26.4
SORONG,2026-03-10,28.5,27.1
SORONG,2026-03-11,4.5,27.4
SORONG,2026-03-12,17.4,26.9
SORONG,2026-03-13,33.0,25.8
SORONG,2026-03-14,11.1,26.3
SORONG,2026-03-15,6.1,26.4
SORONG,2026-03-16,7.0,26.3
SORONG,2026-03-17,11.9,25.8
SORONG,2026-03-18,4.9,26.6
SORONG,2026-03-19,0.3,27.6
SORONG,2026-03-20,12.2,26.7
SORONG,2026-03-21,0.8,27.9
SORONG,2026-03-22,9.2,26.9
SORONG,2026-03-23,6.9,27.3
SORONG,2026-03-24,0.1,28.0
SORONG,2026-03-25,0.2,28.2
SORONG,2026-03-26,11.7,26.1
SORONG,2026-03-27,15.9,25.6
SORONG,2026-03-28,9.5,26.3
SORONG,2026-03-29,3.5,26.7
SORONG,2026-03-30,10.3,26.6
SORONG,2026-03-31,1.1,26.6
MANOKWARI,2025-03-15,18.7,27.2
MANOKWARI,2025-03-16,12.6,26.9
MANOKWARI,2025-03-17,27.5,26.5
MANOKWARI,2025-03-18,9.1,27.6
MANOKWARI,2025-03-19,10.9,27.6
MANOKWARI,2025-03-20,10.1,28.2
MANOKWARI,2025-03-21,8.7,27.6
MANOKWARI,2025-03-22,13.6,26.7
MANOKWARI,2025-03-23,5.5,28.3
MANOKWARI,2025-03-24,15.1,27.2
MANOKWARI,2025-03-25,8.7,27.0
MANOKWARI,2025-03-26,5.2,27.3
MANOKWARI,2025-03-27,18.2,27.2
MANOKWARI,2025-03-28,4.1,27.6
MANOKWARI,2025-03-29,15.8,27.8
MANOKWARI,2025-03-30,10.7,27.2
MANOKWARI,2025-03-31,23.2,27.3
MANOKWARI,2025-04-01,17.7,27.0
MANOKWARI,2025-04-02,4.0,27.5
MANOKWARI,2025-04-03,6.5,27.1
MANOKWARI,2025-04-04,4.9,27.4
MANOKWARI,2025-04-05,20.5,27.2
MANOKWARI,2025-04-06,0.3,27.7
MANOKWARI,2025-04-07,7.8,28.0
MANOKWARI,2025-04-08,34.2,26.6
MANOKWARI,2025-04-09,9.0,27.2
MANOKWARI,2025-04-10,6.5,27.9
MANOKWARI,2025-04-11,18.8,27.2
MANOKWARI,2025-04-12,4.5,27.8
MANOKWARI,2025-04-13,5.6,27.5
MANOKWARI,2025-04-14,2.1,28.2
MANOKWARI,2025-04-15,16.9,27.5
MANOKWARI,2025-04-16,10.6,27.2
MANOKWARI,2025-04-17,14.0,27.0
MANOKWARI,2025-04-18,7.7,27.5
MANOKWARI,2025-04-19,2.6,27.5
MANOKWARI,2025-04-20,8.4,28.4
MANOKWARI,2025-04-21,17.8,26.8
MANOKWARI,2025-04-22,26.8,26.7
MANOKWARI,2025-04-23,19.0,27.0
MANOKWARI,2025-04-24,11.5,27.0
MANOKWARI,2025-04-25,9.9,27.0
MANOKWARI,2025-04-26,16.9,26.8
MANOKWARI,2025-04-27,3.4,27.9
MANOKWARI,2025-04-28,1.9,28.2
MANOKWARI,2025-04-29,3.0,28.0
MANOKWARI,2025-04-30,1.3,28.3
MANOKWARI,2025-05-01,13.8,27.6
MANOKWARI,2025-05-02,8.0,27.5
MANOKWARI,2025-05-03,12.4,27.6
MANOKWARI,2025-05-04,22.7,27.0
MANOKWARI,2025-05-05,12.0,27.4
MANOKWARI,2025-05-06,12.2,27.3
MANOKWARI,2025-05-07,21.3,26.9
MANOKWARI,2025-05-08,13.7,27.1
MANOKWARI,2025-05-09,7.5,28.1
MANOKWARI,2025-05-10,8.3,27.8
MANOKWARI,2025-05-11,8.8,27.7
MANOKWARI,2025-05-12,22.0,27.1
MANOKWARI,2025-05-13,12.4,27.4
MANOKWARI,2025-05-14,21.9,27.2
MANOKWARI,2025-05-15,55.6,27.1
MANOKWARI,2025-05-16,14.1,27.4
MANOKWARI,2025-05-17,17.4,27.8
MANOKWARI,2025-05-18,7.7,27.4
MANOKWARI,2025-05-19,15.5,27.1
MANOKWARI,2025-05-20,10.6,27.3
MANOKWARI,2025-05-21,12.2,27.6
MANOKWARI,2025-05-22,18.1,26.9
MANOKWARI,2025-05-23,2.9,27.6
MANOKWARI,2025-05-24,4.0,28.6
MANOKWARI,2025-05-25,25.4,26.6
MANOKWARI,2025-05-26,36.6,26.6
MANOKWARI,2025-05-27,0.4,28.8
MANOKWARI,2025-05-28,3.1,28.3
MANOKWARI,2025-05-29,13.1,27.5
MANOKWARI,2025-05-30,4.9,27.9
MANOKWARI,2025-05-31,13.2,26.7
MANOKWARI,2025-06-01,9.3,27.9
MANOKWARI,2025-06-02,15.7,26.7
MANOKWARI,2025-06-03,9.7,27.3
MANOKWARI,2025-06-04,3.4,28.2
MANOKWARI,2025-06-05,3.9,27.7
MANOKWARI,2025-06-06,0.6,28.7
MANOKWARI,2025-06-07,5.6,27.6
MANOKWARI,2025-06-08,2.2,27.6
MANOKWARI,2025-06-09,0.2,28.3
MANOKWARI,2025-06-10,7.1,28.3
MANOKWARI,2025-06-11,0.0,29.2
MANOKWARI,2025-06-12,8.1,27.9
MANOKWARI,2025-06-13,13.7,27.3
MANOKWARI,2025-06-14,12.2,26.1
MANOKWARI,2025-06-15,16.2,26.3
MANOKWARI,2025-06-16,0.7,28.7
MANOKWARI,2025-06-17,14.8,27.3
MANOKWARI,2025-06-18,0.3,28.6
MANOKWARI,2025-06-19,24.9,27.3
MANOKWARI,2025-06-20,25.4,26.7
MANOKWARI,2025-06-21,30.6,26.2
MANOKWARI,2025-06-22,14.1,27.3
MANOKWARI,2025-06-23,36.1,25.9
MANOKWARI,2025-06-24,3.6,27.7
MANOKWARI,2025-06-25,10.8,26.6
MANOKWARI,2025-06-26,10.1,28.0
MANOKWARI,2025-06-27,6.7,27.1
MANOKWARI,2025-06-28,1.2,27.6
MANOKWARI,2025-06-29,2.1,29.0
MANOKWARI,2025-06-30,4.1,27.8
MANOKWARI,2025-07-01,15.9,26.1
MANOKWARI,2025-07-02,38.9,26.0
MANOKWARI,2025-07-03,0.1,27.8
MANOKWARI,2025-07-04,1.4,28.7
MANOKWARI,2025-07-05,8.9,26.6
MANOKWARI,2025-07-06,1.4,28.1
MANOKWARI,2025-07-07,4.8,26.9
MANOKWARI,2025-07-08,20.2,26.4
MANOKWARI,2025-07-09,4.0,26.9
MANOKWARI,2025-07-10,14.0,26.4
MANOKWARI,2025-07-11,8.9,27.5
MANOKWARI,2025-07-12,0.1,28.1
MANOKWARI,2025-07-13,14.3,27.8
MANOKWARI,2025-07-14,6.7,26.2
MANOKWARI,2025-07-15,8.1,27.6
MANOKWARI,2025-07-16,4.4,27.2
MANOKWARI,2025-07-17,25.4,26.4
MANOKWARI,2025-07-18,53.7,25.5
MANOKWARI,2025-07-19,15.6,26.1
MANOKWARI,2025-07-20,2.8,27.2
MANOKWARI,2025-07-21,0.9,28.5
MANOKWARI,2025-07-22,0.9,28.3
MANOKWARI,2025-07-23,6.9,27.7
MANOKWARI,2025-07-24,0.2,28.6
MANOKWARI,2025-07-25,2.3,28.9
MANOKWARI,2025-07-26,28.0,26.4
MANOKWARI,2025-07-27,7.4,26.7
MANOKWARI,2025-07-28,2.0,28.0
MANOKWARI,2025-07-29,0.0,28.8
MANOKWARI,2025-07-30,0.8,28.0
MANOKWARI,2025-07-31,0.0,29.0
MANOKWARI,2025-08-01,1.9,28.7
MANOKWARI,2025-08-02,5.0,27.2
MANOKWARI,2025-08-03,10.3,26.8
MANOKWARI,2025-08-04,13.3,27.1
MANOKWARI,2025-08-05,8.2,27.5
MANOKWARI,2025-08-06,24.6,26.8
MANOKWARI,2025-08-07,11.2,26.3
MANOKWARI,2025-08-08,15.9,25.9
MANOKWARI,2025-08-09,14.5,25.9
MANOKWARI,2025-08-10,1.8,27.3
MANOKWARI,2025-08-11,2.5,27.2
MANOKWARI,2025-08-12,14.4,26.0
MANOKWARI,2025-08-13,41.8,25.7
MANOKWARI,2025-08-14,12.7,26.1
MANOKWARI,2025-08-15,22.9,25.7
MANOKWARI,2025-08-16,1.1,26.8
MANOKWARI,2025-08-17,5.9,27.2
MANOKWARI,2025-08-18,9.3,26.6
MANOKWARI,2025-08-19,2.6,26.6
MANOKWARI,2025-08-20,8.9,27.0
MANOKWARI,2025-08-21,22.6,25.7
MANOKWARI,2025-08-22,20.4,26.1
MANOKWARI,2025-08-23,27.9,26.2
MANOKWARI,2025-08-24,20.1,26.5
MANOKWARI,2025-08-25,8.7,27.2
MANOKWARI,2025-08-26,1.8,27.3
MANOKWARI,2025-08-27,12.4,26.7
MANOKWARI,2025-08-28,15.7,27.2
MANOKWARI,2025-08-29,6.3,27.5
MANOKWARI,2025-08-30,0.0,28.2
MANOKWARI,2025-08-31,10.5,27.3
MANOKWARI,2025-09-01,24.5,25.9
MANOKWARI,2025-09-02,6.1,26.4
MANOKWARI,2025-09-03,17.2,26.4
MANOKWARI,2025-09-04,21.1,26.2
MANOKWARI,2025-09-05,5.0,27.5
MANOKWARI,2025-09-06,12.3,26.6
MANOKWARI,2025-09-07,18.3,26.2
MANOKWARI,2025-09-08,29.0,26.3
MANOKWARI,2025-09-09,4.8,27.8
MANOKWARI,2025-09-10,6.8,26.7
MANOKWARI,2025-09-11,0.7,28.6
MANOKWARI,2025-09-12,5.1,27.9
MANOKWARI,2025-09-13,12.6,27.3
MANOKWARI,2025-09-14,19.8,26.5
MANOKWARI,2025-09-15,0.5,27.6
MANOKWARI,2025-09-16,8.8,27.8
MANOKWARI,2025-09-17,19.8,26.6
MANOKWARI,2025-09-18,16.4,27.0
MANOKWARI,2025-09-19,31.4,25.5
MANOKWARI,2025-09-20,5.0,27.5
MANOKWARI,2025-09-21,6.6,27.8
MANOKWARI,2025-09-22,3.1,28.4
MANOKWARI,2025-09-23,4.2,28.0
MANOKWARI,2025-09-24,11.6,26.5
MANOKWARI,2025-09-25,0.0,28.5
MANOKWARI,2025-09-26,0.5,29.0
MANOKWARI,2025-09-27,3.1,27.8
MANOKWARI,2025-09-28,0.2,28.8
MANOKWARI,2025-09-29,0.3,29.1
MANOKWARI,2025-09-30,9.2,27.6
MANOKWARI,2025-10-01,18.1,26.1
MANOKWARI,2025-10-02,2.0,26.8
MANOKWARI,2025-10-03,2.4,28.1
MANOKWARI,2025-10-04,2.8,27.9
MANOKWARI,2025-10-05,2.5,27.8
MANOKWARI,2025-10-06,6.0,27.6
MANOKWARI,2025-10-07,14.3,27.0
MANOKWARI,2025-10-08,42.7,26.0
MANOKWARI,2025-10-09,6.9,26.2
MANOKWARI,2025-10-10,0.4,28.4
MANOKWARI,2025-10-11,5.3,27.3
MANOKWARI,2025-10-12,0.2,28.5
MANOKWARI,2025-10-13,0.1,29.3
MANOKWARI,2025-10-14,2.4,28.7
MANOKWARI,2025-10-15,15.2,26.9
MANOKWARI,2025-10-16,1.1,28.3
MANOKWARI,2025-10-17,0.7,28.8
MANOKWARI,2025-10-18,1.7,29.4
MANOKWARI,2025-10-19,2.2,28.0
MANOKWARI,2025-10-20,1.3,28.7
MANOKWARI,2025-10-21,3.3,28.8
MANOKWARI,2025-10-22,34.3,27.2
MANOKWARI,2025-10-23,22.2,26.8
MANOKWARI,2025-10-24,0.6,27.8
MANOKWARI,2025-10-25,6.0,28.4
MANOKWARI,2025-10-26,2.8,28.0
MANOKWARI,2025-10-27,3.8,28.1
MANOKWARI,2025-10-28,30.8,26.3
MANOKWARI,2025-10-29,8.1,27.4
MANOKWARI,2025-10-30,12.1,27.4
MANOKWARI,2025-10-31,15.1,27.1
MANOKWARI,2025-11-01,18.0,27.2
MANOKWARI,2025-11-02,3.7,27.5
MANOKWARI,2025-11-03,7.8,27.9
MANOKWARI,2025-11-04,2.3,28.7
MANOKWARI,2025-11-05,16.9,27.3
MANOKWARI,2025-11-06,0.0,28.6
MANOKWARI,2025-11-07,0.0,28.6
MANOKWARI,2025-11-08,0.0,29.3
MANOKWARI,2025-11-09,0.4,29.2
MANOKWARI,2025-11-10,74.7,26.1
MANOKWARI,2025-11-11,25.9,27.0
MANOKWARI,2025-11-12,1.6,27.5
MANOKWARI,2025-11-13,0.0,28.4
MANOKWARI,2025-11-14,6.6,27.8
MANOKWARI,2025-11-15,16.4,27.1
MANOKWARI,2025-11-16,25.0,27.6
MANOKWARI,2025-11-17,32.1,27.1
MANOKWARI,2025-11-18,36.9,26.7
MANOKWARI,2025-11-19,26.6,26.7
MANOKWARI,2025-11-20,35.6,26.7
MANOKWARI,2025-11-21,26.0,27.7
MANOKWARI,2025-11-22,32.0,27.6
MANOKWARI,2025-11-23,1.1,28.9
MANOKWARI,2025-11-24,1.4,28.9
MANOKWARI,2025-11-25,0.3,29.0
MANOKWARI,2025-11-26,21.9,27.3
MANOKWARI,2025-11-27,3.0,28.2
MANOKWARI,2025-11-28,2.6,28.5
MANOKWARI,2025-11-29,4.8,28.8
MANOKWARI,2025-11-30,9.2,27.1
MANOKWARI,2025-12-01,1.2,28.2
MANOKWARI,2025-12-02,5.8,28.4
MANOKWARI,2025-12-03,23.8,26.2
MANOKWARI,2025-12-04,4.9,28.3
MANOKWARI,2025-12-05,5.2,27.4
MANOKWARI,2025-12-06,1.6,27.7
MANOKWARI,2025-12-07,24.0,26.9
MANOKWARI,2025-12-08,1.5,28.0
MANOKWARI,2025-12-09,10.1,27.9
MANOKWARI,2025-12-10,2.5,27.8
MANOKWARI,2025-12-11,1.4,28.0
MANOKWARI,2025-12-12,41.0,26.5
MANOKWARI,2025-12-13,7.3,27.7
MANOKWARI,2025-12-14,2.2,27.9
MANOKWARI,2025-12-15,11.5,27.2
MANOKWARI,2025-12-16,27.0,27.0
MANOKWARI,2025-12-17,37.2,26.6
MANOKWARI,2025-12-18,14.2,27.6
MANOKWARI,2025-12-19,10.7,26.8
MANOKWARI,2025-12-20,3.8,28.0
MANOKWARI,2025-12-21,6.9,27.0
MANOKWARI,2025-12-22,0.0,28.8
MANOKWARI,2025-12-23,10.9,28.2
MANOKWARI,2025-12-24,10.2,27.8
MANOKWARI,2025-12-25,15.9,27.0
MANOKWARI,2025-12-26,2.4,27.4
MANOKWARI,2025-12-27,8.7,27.7
MANOKWARI,2025-12-28,1.3,27.8
MANOKWARI,2025-12-29,14.9,26.8
MANOKWARI,2025-12-30,0.6,28.5
MANOKWARI,2025-12-31,1.7,28.2
MANOKWARI,2026-01-01,6.1,27.3
MANOKWARI,2026-01-02,16.3,26.6
MANOKWARI,2026-01-03,12.2,27.7
MANOKWARI,2026-01-04,11.1,26.9
MANOKWARI,2026-01-05,8.3,27.0
MANOKWARI,2026-01-06,21.3,26.9
MANOKWARI,2026-01-07,8.0,27.2
MANOKWARI,2026-01-08,1.2,28.7
MANOKWARI,2026-01-09,1.9,28.1
MANOKWARI,2026-01-10,0.1,29.0
MANOKWARI,2026-01-11,0.6,28.5
MANOKWARI,2026-01-12,15.0,27.4
MANOKWARI,2026-01-13,7.9,28.0
MANOKWARI,2026-01-14,0.5,29.0
MANOKWARI,2026-01-15,5.4,28.2
MANOKWARI,2026-01-16,2.7,28.6
MANOKWARI,2026-01-17,24.0,27.5
MANOKWARI,2026-01-18,4.3,27.8
MANOKWARI,2026-01-19,5.9,27.9
MANOKWARI,2026-01-20,9.6,28.2
MANOKWARI,2026-01-21,4.9,28.5
MANOKWARI,2026-01-22,9.0,28.4
MANOKWARI,2026-01-23,6.0,28.4
MANOKWARI,2026-01-24,0.0,28.7
MANOKWARI,2026-01-25,16.7,26.9
MANOKWARI,2026-01-26,18.0,27.2
MANOKWARI,2026-01-27,1.9,28.4
MANOKWARI,2026-01-28,14.3,27.4
MANOKWARI,2026-01-29,2.4,27.4
MANOKWARI,2026-01-30,9.3,27.0
MANOKWARI,2026-01-31,18.5,26.5
MANOKWARI,2026-02-01,7.4,27.6
MANOKWARI,2026-02-02,0.8,28.4
MANOKWARI,2026-02-03,0.2,28.7
MANOKWARI,2026-02-04,0.3,28.6
MANOKWARI,2026-02-05,16.3,28.5
MANOKWARI,2026-02-06,15.0,27.2
MANOKWARI,2026-02-07,22.5,26.4
MANOKWARI,2026-02-08,12.6,27.1
MANOKWARI,2026-02-09,10.0,26.8
MANOKWARI,2026-02-10,5.0,27.3
MANOKWARI,2026-02-11,0.3,28.7
MANOKWARI,2026-02-12,2.6,28.0
MANOKWARI,2026-02-13,4.9,27.7
MANOKWARI,2026-02-14,1.9,27.6
MANOKWARI,2026-02-15,1.6,28.5
MANOKWARI,2026-02-16,8.2,27.2
MANOKWARI,2026-02-17,4.1,28.5
MANOKWARI,2026-02-18,10.5,27.8
MANOKWARI,2026-02-19,19.2,27.1
MANOKWARI,2026-02-20,12.9,26.7
MANOKWARI,2026-02-21,25.4,26.2
MANOKWARI,2026-02-22,9.6,27.3
MANOKWARI,2026-02-23,7.8,27.0
MANOKWARI,2026-02-24,5.6,27.6
MANOKWARI,2026-02-25,7.9,27.8
MANOKWARI,2026-02-26,58.8,26.5
MANOKWARI,2026-02-27,3.5,27.8
MANOKWARI,2026-02-28,35.7,27.3
MANOKWARI,2026-03-01,2.0,27.6
MANOKWARI,2026-03-02,0.8,28.3
MANOKWARI,2026-03-03,13.1,28.0
MANOKWARI,2026-03-04,35.4,27.2
MANOKWARI,2026-03-05,7.2,27.4
MANOKWARI,2026-03-06,3.1,27.9
MANOKWARI,2026-03-07,1.5,28.3
MANOKWARI,2026-03-08,10.0,27.3
MANOKWARI,2026-03-09,20.2,26.9
MANOKWARI,2026-03-10,33.4,26.6
MANOKWARI,2026-03-11,9.5,27.3
MANOKWARI,2026-03-12,21.0,27.0
MANOKWARI,2026-03-13,24.1,26.4
MANOKWARI,2026-03-14,16.3,27.1
MANOKWARI,2026-03-15,5.0,27.3
MANOKWARI,2026-03-16,14.0,27.1
MANOKWARI,2026-03-17,23.3,26.6
MANOKWARI,2026-03-18,17.0,26.6
MANOKWARI,2026-03-19,1.0,28.8
MANOKWARI,2026-03-20,6.4,27.7
MANOKWARI,2026-03-21,0.6,28.2
MANOKWARI,2026-03-22,1.7,28.3
MANOKWARI,2026-03-23,0.5,28.4
MANOKWARI,2026-03-24,1.0,27.9
MANOKWARI,2026-03-25,0.5,28.2
MANOKWARI,2026-03-26,22.6,27.3
MANOKWARI,2026-03-27,24.9,26.3
MANOKWARI,2026-03-28,16.8,26.7
MANOKWARI,2026-03-29,7.1,27.2
MANOKWARI,2026-03-30,3.9,28.2
MANOKWARI,2026-03-31,2.6,28.3
TIMIKA,2025-03-15,0.3,27.0
TIMIKA,2025-03-16,1.0,26.5
TIMIKA,2025-03-17,23.8,26.2
TIMIKA,2025-03-18,35.5,25.9
TIMIKA,2025-03-19,9.6,25.5
TIMIKA,2025-03-20,14.2,26.0
TIMIKA,2025-03-21,2.5,26.8
TIMIKA,2025-03-22,19.7,24.5
TIMIKA,2025-03-23,9.8,25.9
TIMIKA,2025-03-24,5.5,25.6
TIMIKA,2025-03-25,11.2,26.3
TIMIKA,2025-03-26,14.1,26.5
TIMIKA,2025-03-27,13.1,26.0
TIMIKA,2025-03-28,20.1,26.8
TIMIKA,2025-03-29,12.5,26.4
TIMIKA,2025-03-30,2.8,25.2
TIMIKA,2025-03-31,9.9,26.5
TIMIKA,2025-04-01,4.5,25.8
TIMIKA,2025-04-02,1.7,26.4
TIMIKA,2025-04-03,9.0,25.9
TIMIKA,2025-04-04,8.4,26.1
TIMIKA,2025-04-05,41.1,24.7
TIMIKA,2025-04-06,29.2,25.6
TIMIKA,2025-04-07,5.1,25.9
TIMIKA,2025-04-08,16.4,25.6
TIMIKA,2025-04-09,14.0,26.0
TIMIKA,2025-04-10,27.7,25.5
TIMIKA,2025-04-11,19.7,25.4
TIMIKA,2025-04-12,16.3,25.7
TIMIKA,2025-04-13,10.7,26.0
TIMIKA,2025-04-14,12.6,26.3
TIMIKA,2025-04-15,19.8,25.7
TIMIKA,2025-04-16,36.5,25.8
TIMIKA,2025-04-17,6.7,25.7
TIMIKA,2025-04-18,32.4,25.8
TIMIKA,2025-04-19,17.0,25.7
TIMIKA,2025-04-20,5.8,25.4
TIMIKA,2025-04-21,4.6,26.1
TIMIKA,2025-04-22,5.5,25.6
TIMIKA,2025-04-23,17.0,25.2
TIMIKA,2025-04-24,6.6,26.1
TIMIKA,2025-04-25,30.8,24.9
TIMIKA,2025-04-26,24.4,25.5
TIMIKA,2025-04-27,1.4,26.0
TIMIKA,2025-04-28,0.0,26.3
TIMIKA,2025-04-29,25.4,25.7
TIMIKA,2025-04-30,38.8,25.6
TIMIKA,2025-05-01,20.1,25.6
TIMIKA,2025-05-02,10.6,25.9
TIMIKA,2025-05-03,3.0,26.3
TIMIKA,2025-05-04,37.8,25.2
TIMIKA,2025-05-05,4.4,24.8
TIMIKA,2025-05-06,0.2,26.2
TIMIKA,2025-05-07,14.3,25.7
TIMIKA,2025-05-08,17.1,25.1
TIMIKA,2025-05-09,18.8,25.3
TIMIKA,2025-05-10,21.0,25.5
TIMIKA,2025-05-11,1.2,26.1
TIMIKA,2025-05-12,0.7,26.9
TIMIKA,2025-05-13,15.2,26.0
TIMIKA,2025-05-14,1.0,25.9
TIMIKA,2025-05-15,3.6,26.1
TIMIKA,2025-05-16,11.5,26.0
TIMIKA,2025-05-17,12.8,25.6
TIMIKA,2025-05-18,17.6,24.7
TIMIKA,2025-05-19,16.2,26.1
TIMIKA,2025-05-20,21.2,25.3
TIMIKA,2025-05-21,27.5,25.6
TIMIKA,2025-05-22,24.6,25.4
TIMIKA,2025-05-23,12.3,25.7
TIMIKA,2025-05-24,19.7,25.9
TIMIKA,2025-05-25,18.0,25.9
TIMIKA,2025-05-26,30.1,25.6
TIMIKA,2025-05-27,7.8,26.5
TIMIKA,2025-05-28,8.4,25.3
TIMIKA,2025-05-29,8.1,26.3
TIMIKA,2025-05-30,21.8,25.2
TIMIKA,2025-05-31,10.4,25.2
TIMIKA,2025-06-01,7.3,25.2
TIMIKA,2025-06-02,26.9,25.0
TIMIKA,2025-06-03,15.9,25.2
TIMIKA,2025-06-04,10.4,25.0
TIMIKA,2025-06-05,16.7,23.9
TIMIKA,2025-06-06,26.7,24.9
TIMIKA,2025-06-07,24.4,24.9
TIMIKA,2025-06-08,10.3,25.1
TIMIKA,2025-06-09,20.6,25.2
TIMIKA,2025-06-10,51.0,24.5
TIMIKA,2025-06-11,18.1,25.0
TIMIKA,2025-06-12,26.3,25.0
TIMIKA,2025-06-13,46.4,24.4
TIMIKA,2025-06-14,38.1,24.2
TIMIKA,2025-06-15,68.9,23.7
TIMIKA,2025-06-16,23.9,25.2
TIMIKA,2025-06-17,32.6,24.7
TIMIKA,2025-06-18,17.9,24.9
TIMIKA,2025-06-19,19.1,24.7
TIMIKA,2025-06-20,30.3,24.5
TIMIKA,2025-06-21,51.6,24.0
TIMIKA,2025-06-22,21.9,24.2
TIMIKA,2025-06-23,19.5,24.3
TIMIKA,2025-06-24,8.3,25.1
TIMIKA,2025-06-25,3.9,24.9
TIMIKA,2025-06-26,4.3,25.0
TIMIKA,2025-06-27,27.5,24.8
TIMIKA,2025-06-28,12.8,24.2
TIMIKA,2025-06-29,11.3,25.2
TIMIKA,2025-06-30,31.8,24.8
TIMIKA,2025-07-01,27.2,24.4
TIMIKA,2025-07-02,38.4,24.1
TIMIKA,2025-07-03,38.2,23.4
TIMIKA,2025-07-04,6.1,25.1
TIMIKA,2025-07-05,39.2,23.7
TIMIKA,2025-07-06,31.3,24.7
TIMIKA,2025-07-07,5.5,25.6
TIMIKA,2025-07-08,15.2,24.5
TIMIKA,2025-07-09,21.6,24.4
TIMIKA,2025-07-10,11.3,24.1
TIMIKA,2025-07-11,4.9,24.2
TIMIKA,2025-07-12,11.9,25.0
TIMIKA,2025-07-13,6.8,23.8
TIMIKA,2025-07-14,11.7,24.6
TIMIKA,2025-07-15,9.7,24.9
TIMIKA,2025-07-16,44.7,24.4
TIMIKA,2025-07-17,38.9,24.7
TIMIKA,2025-07-18,38.9,23.9
TIMIKA,2025-07-19,60.3,24.0
TIMIKA,2025-07-20,23.0,24.0
TIMIKA,2025-07-21,13.7,24.9
TIMIKA,2025-07-22,12.6,24.2
TIMIKA,2025-07-23,15.6,24.4
TIMIKA,2025-07-24,0.8,25.7
TIMIKA,2025-07-25,17.6,26.0
TIMIKA,2025-07-26,21.3,24.3
TIMIKA,2025-07-27,8.8,24.1
TIMIKA,2025-07-28,1.1,25.3
TIMIKA,2025-07-29,0.2,26.0
TIMIKA,2025-07-30,1.6,25.0
TIMIKA,2025-07-31,4.1,26.1
TIMIKA,2025-08-01,29.6,24.5
TIMIKA,2025-08-02,13.0,24.1
TIMIKA,2025-08-03,9.9,24.4
TIMIKA,2025-08-04,18.2,23.9
TIMIKA,2025-08-05,25.9,24.7
TIMIKA,2025-08-06,5.8,24.3
TIMIKA,2025-08-07,8.3,24.3
TIMIKA,2025-08-08,40.5,24.4
TIMIKA,2025-08-09,28.2,23.8
TIMIKA,2025-08-10,6.1,24.1
TIMIKA,2025-08-11,6.1,24.6
TIMIKA,2025-08-12,25.9,24.5
TIMIKA,2025-08-13,52.9,23.5
TIMIKA,2025-08-14,15.5,24.2
TIMIKA,2025-08-15,28.4,24.1
TIMIKA,2025-08-16,10.0,24.1
TIMIKA,2025-08-17,33.1,23.8
TIMIKA,2025-08-18,48.4,23.6
TIMIKA,2025-08-19,52.2,24.0
TIMIKA,2025-08-20,25.8,24.1
TIMIKA,2025-08-21,27.5,23.7
TIMIKA,2025-08-22,36.3,23.8
TIMIKA,2025-08-23,36.6,24.2
TIMIKA,2025-08-24,8.8,23.9
TIMIKA,2025-08-25,20.0,24.0
TIMIKA,2025-08-26,25.6,23.3
TIMIKA,2025-08-27,9.1,24.8
TIMIKA,2025-08-28,48.3,23.6
TIMIKA,2025-08-29,15.2,24.0
TIMIKA,2025-08-30,1.3,25.0
TIMIKA,2025-08-31,5.6,24.6
TIMIKA,2025-09-01,2.8,24.7
TIMIKA,2025-09-02,6.1,25.1
TIMIKA,2025-09-03,58.0,24.6
TIMIKA,2025-09-04,51.8,23.9
TIMIKA,2025-09-05,3.4,25.1
TIMIKA,2025-09-06,32.3,24.6
TIMIKA,2025-09-07,30.0,24.5
TIMIKA,2025-09-08,23.6,24.5
TIMIKA,2025-09-09,24.1,24.8
TIMIKA,2025-09-10,13.1,24.2
TIMIKA,2025-09-11,10.2,25.5
TIMIKA,2025-09-12,11.6,24.2
TIMIKA,2025-09-13,32.9,24.9
TIMIKA,2025-09-14,80.4,23.9
TIMIKA,2025-09-15,13.2,24.0
TIMIKA,2025-09-16,8.4,24.9
TIMIKA,2025-09-17,21.3,24.7
TIMIKA,2025-09-18,15.1,24.7
TIMIKA,2025-09-19,16.8,24.4
TIMIKA,2025-09-20,7.3,25.0
TIMIKA,2025-09-21,4.3,25.0
TIMIKA,2025-09-22,1.3,25.4
TIMIKA,2025-09-23,14.0,25.6
TIMIKA,2025-09-24,41.5,23.9
TIMIKA,2025-09-25,6.0,24.8
TIMIKA,2025-09-26,34.8,24.9
TIMIKA,2025-09-27,21.3,23.8
TIMIKA,2025-09-28,13.0,25.4
TIMIKA,2025-09-29,1.4,26.0
TIMIKA,2025-09-30,5.3,25.2
TIMIKA,2025-10-01,4.4,24.8
TIMIKA,2025-10-02,8.7,24.6
TIMIKA,2025-10-03,1.1,25.8
TIMIKA,2025-10-04,0.3,25.9
TIMIKA,2025-10-05,22.6,25.6
TIMIKA,2025-10-06,12.0,25.1
TIMIKA,2025-10-07,7.0,25.4
TIMIKA,2025-10-08,39.2,23.8
TIMIKA,2025-10-09,8.8,25.4
TIMIKA,2025-10-10,1.0,25.7
TIMIKA,2025-10-11,8.2,24.8
TIMIKA,2025-10-12,17.3,24.0
TIMIKA,2025-10-13,2.1,25.8
TIMIKA,2025-10-14,2.4,26.0
TIMIKA,2025-10-15,12.1,25.1
TIMIKA,2025-10-16,9.3,25.6
TIMIKA,2025-10-17,10.9,25.7
TIMIKA,2025-10-18,6.2,25.5
TIMIKA,2025-10-19,16.2,25.4
TIMIKA,2025-10-20,16.1,25.2
TIMIKA,2025-10-21,7.6,26.0
TIMIKA,2025-10-22,17.0,25.7
TIMIKA,2025-10-23,19.6,25.6
TIMIKA,2025-10-24,14.0,25.3
TIMIKA,2025-10-25,20.2,24.9
TIMIKA,2025-10-26,15.8,25.1
TIMIKA,2025-10-27,3.6,26.1
TIMIKA,2025-10-28,0.8,24.9
TIMIKA,2025-10-29,8.0,25.9
TIMIKA,2025-10-30,15.1,25.1
TIMIKA,2025-10-31,17.6,25.5
TIMIKA,2025-11-01,7.5,24.5
TIMIKA,2025-11-02,15.1,25.2
TIMIKA,2025-11-03,3.9,25.7
TIMIKA,2025-11-04,7.8,26.1
TIMIKA,2025-11-05,26.8,24.1
TIMIKA,2025-11-06,4.5,26.7
TIMIKA,2025-11-07,5.5,25.3
TIMIKA,2025-11-08,3.8,25.7
TIMIKA,2025-11-09,1.0,26.5
TIMIKA,2025-11-10,39.4,25.4
TIMIKA,2025-11-11,7.5,24.2
TIMIKA,2025-11-12,2.1,26.3
TIMIKA,2025-11-13,1.0,26.1
TIMIKA,2025-11-14,19.7,25.7
TIMIKA,2025-11-15,22.5,25.5
TIMIKA,2025-11-16,31.0,25.5
TIMIKA,2025-11-17,2.6,26.8
TIMIKA,2025-11-18,11.8,26.2
TIMIKA,2025-11-19,8.3,26.6
TIMIKA,2025-11-20,5.0,26.4
TIMIKA,2025-11-21,15.0,26.4
TIMIKA,2025-11-22,10.7,24.5
TIMIKA,2025-11-23,0.0,26.8
TIMIKA,2025-11-24,0.0,26.7
TIMIKA,2025-11-25,0.0,27.2
TIMIKA,2025-11-26,12.6,26.6
TIMIKA,2025-11-27,8.8,26.2
TIMIKA,2025-11-28,2.5,27.2
TIMIKA,2025-11-29,0.9,26.6
TIMIKA,2025-11-30,29.8,25.2
TIMIKA,2025-12-01,4.5,25.7
TIMIKA,2025-12-02,5.9,26.1
TIMIKA,2025-12-03,6.1,25.6
TIMIKA,2025-12-04,9.4,25.8
TIMIKA,2025-12-05,6.1,25.9
TIMIKA,2025-12-06,56.1,25.2
TIMIKA,2025-12-07,19.6,25.5
TIMIKA,2025-12-08,1.3,25.7
TIMIKA,2025-12-09,12.4,25.8
TIMIKA,2025-12-10,12.3,25.8
TIMIKA,2025-12-11,4.1,24.6
TIMIKA,2025-12-12,6.5,25.7
TIMIKA,2025-12-13,24.0,25.4
TIMIKA,2025-12-14,2.6,25.9
TIMIKA,2025-12-15,2.9,26.4
TIMIKA,2025-12-16,3.6,25.7
TIMIKA,2025-12-17,8.9,25.4
TIMIKA,2025-12-18,19.9,26.7
TIMIKA,2025-12-19,23.5,25.1
TIMIKA,2025-12-20,9.1,26.3
TIMIKA,2025-12-21,1.0,27.4
TIMIKA,2025-12-22,13.9,26.1
TIMIKA,2025-12-23,28.6,25.0
TIMIKA,2025-12-24,22.3,25.9
TIMIKA,2025-12-25,16.4,25.2
TIMIKA,2025-12-26,10.8,26.6
TIMIKA,2025-12-27,16.9,27.0
TIMIKA,2025-12-28,9.0,26.9
TIMIKA,2025-12-29,2.6,26.7
TIMIKA,2025-12-30,18.4,26.3
TIMIKA,2025-12-31,16.3,25.6
TIMIKA,2026-01-01,15.2,26.8
TIMIKA,2026-01-02,11.1,25.9
TIMIKA,2026-01-03,2.8,26.7
TIMIKA,2026-01-04,4.7,25.8
TIMIKA,2026-01-05,3.0,26.8
TIMIKA,2026-01-06,22.2,26.0
TIMIKA,2026-01-07,19.0,26.0
TIMIKA,2026-01-08,4.8,25.5
TIMIKA,2026-01-09,8.4,24.6
TIMIKA,2026-01-10,0.0,27.1
TIMIKA,2026-01-11,0.6,27.2
TIMIKA,2026-01-12,2.5,26.7
TIMIKA,2026-01-13,0.0,27.3
TIMIKA,2026-01-14,0.1,27.2
TIMIKA,2026-01-15,0.0,27.1
TIMIKA,2026-01-16,0.0,28.1
TIMIKA,2026-01-17,0.3,28.1
TIMIKA,2026-01-18,0.0,28.2
TIMIKA,2026-01-19,0.1,27.8
TIMIKA,2026-01-20,2.9,26.9
TIMIKA,2026-01-21,4.2,27.2
TIMIKA,2026-01-22,14.1,26.3
TIMIKA,2026-01-23,3.8,26.6
TIMIKA,2026-01-24,0.0,27.7
TIMIKA,2026-01-25,4.4,27.1
TIMIKA,2026-01-26,1.3,26.7
TIMIKA,2026-01-27,13.3,27.0
TIMIKA,2026-01-28,11.5,25.7
TIMIKA,2026-01-29,20.7,25.6
TIMIKA,2026-01-30,10.4,26.2
TIMIKA,2026-01-31,14.6,26.0
TIMIKA,2026-02-01,3.4,26.5
TIMIKA,2026-02-02,6.1,26.6
TIMIKA,2026-02-03,0.1,26.5
TIMIKA,2026-02-04,0.6,26.5
TIMIKA,2026-02-05,0.7,26.4
TIMIKA,2026-02-06,15.9,26.7
TIMIKA,2026-02-07,15.1,26.6
TIMIKA,2026-02-08,13.6,24.9
TIMIKA,2026-02-09,11.3,25.0
TIMIKA,2026-02-10,4.7,25.4
TIMIKA,2026-02-11,2.3,26.2
TIMIKA,2026-02-12,15.7,25.3
TIMIKA,2026-02-13,2.1,26.5
TIMIKA,2026-02-14,18.1,25.2
TIMIKA,2026-02-15,9.1,25.6
TIMIKA,2026-02-16,30.9,25.1
TIMIKA,2026-02-17,0.0,27.1
TIMIKA,2026-02-18,0.1,27.6
TIMIKA,2026-02-19,0.7,26.4
TIMIKA,2026-02-20,10.4,26.3
TIMIKA,2026-02-21,16.2,25.8
TIMIKA,2026-02-22,19.9,25.6
TIMIKA,2026-02-23,14.5,25.5
TIMIKA,2026-02-24,0.6,26.0
TIMIKA,2026-02-25,15.4,25.8
TIMIKA,2026-02-26,34.5,24.7
TIMIKA,2026-02-27,2.1,25.1
TIMIKA,2026-02-28,0.0,26.7
TIMIKA,2026-03-01,0.1,27.1
TIMIKA,2026-03-02,0.0,27.5
TIMIKA,2026-03-03,3.8,27.0
TIMIKA,2026-03-04,3.3,26.6
TIMIKA,2026-03-05,1.5,26.4
TIMIKA,2026-03-06,2.6,27.3
TIMIKA,2026-03-07,11.9,26.7
TIMIKA,2026-03-08,5.4,26.0
TIMIKA,2026-03-09,1.2,27.2
TIMIKA,2026-03-10,2.2,27.3
TIMIKA,2026-03-11,2.7,27.0
TIMIKA,2026-03-12,18.2,25.9
TIMIKA,2026-03-13,5.8,24.2
TIMIKA,2026-03-14,0.4,26.2
TIMIKA,2026-03-15,2.1,25.6
TIMIKA,2026-03-16,2.4,26.0
TIMIKA,2026-03-17,1.6,25.5
TIMIKA,2026-03-18,11.1,24.9
TIMIKA,2026-03-19,16.4,24.5
TIMIKA,2026-03-20,6.2,24.7
TIMIKA,2026-03-21,5.2,26.3
TIMIKA,2026-03-22,0.0,26.6
TIMIKA,2026-03-23,33.5,26.0
TIMIKA,2026-03-24,7.1,25.5
TIMIKA,2026-03-25,4.4,26.2
TIMIKA,2026-03-26,3.4,24.8
TIMIKA,2026-03-27,33.8,24.7
TIMIKA,2026-03-28,30.6,24.2
TIMIKA,2026-03-29,4.9,25.2
TIMIKA,2026-03-30,4.6,25.8
TIMIKA,2026-03-31,2.5,26.1
ROKAN HILIR,2025-03-15,2.5,26.8
ROKAN HILIR,2025-03-16,7.7,26.7
ROKAN HILIR,2025-03-17,24.2,25.6
ROKAN HILIR,2025-03-18,2.5,26.8
ROKAN HILIR,2025-03-19,2.5,26.8
ROKAN HILIR,2025-03-20,4.2,24.8
ROKAN HILIR,2025-03-21,2.7,26.1
ROKAN HILIR,2025-03-22,14.0,25.1
ROKAN HILIR,2025-03-23,19.9,25.5
ROKAN HILIR,2025-03-24,20.1,25.9
ROKAN HILIR,2025-03-25,12.9,26.2
ROKAN HILIR,2025-03-26,2.5,27.9
ROKAN HILIR,2025-03-27,25.6,27.0
ROKAN HILIR,2025-03-28,23.5,25.9
ROKAN HILIR,2025-03-29,1.2,27.4
ROKAN HILIR,2025-03-30,4.0,27.0
ROKAN HILIR,2025-03-31,16.6,26.3
ROKAN HILIR,2025-04-01,15.8,26.5
ROKAN HILIR,2025-04-02,10.8,26.6
ROKAN HILIR,2025-04-03,21.6,26.1
ROKAN HILIR,2025-04-04,17.9,26.2
ROKAN HILIR,2025-04-05,18.9,26.1
ROKAN HILIR,2025-04-06,27.1,25.8
ROKAN HILIR,2025-04-07,26.0,24.9
ROKAN HILIR,2025-04-08,12.6,26.0
ROKAN HILIR,2025-04-09,28.7,26.1
ROKAN HILIR,2025-04-10,13.3,26.8
ROKAN HILIR,2025-04-11,31.4,25.6
ROKAN HILIR,2025-04-12,17.0,26.0
ROKAN HILIR,2025-04-13,11.0,26.1
ROKAN HILIR,2025-04-14,0.8,27.0
ROKAN HILIR,2025-04-15,6.8,26.5
ROKAN HILIR,2025-04-16,8.0,26.8
ROKAN HILIR,2025-04-17,6.5,27.7
ROKAN HILIR,2025-04-18,3.0,27.5
ROKAN HILIR,2025-04-19,35.9,27.1
ROKAN HILIR,2025-04-20,64.0,26.3
ROKAN HILIR,2025-04-21,6.8,27.2
ROKAN HILIR,2025-04-22,17.6,26.2
ROKAN HILIR,2025-04-23,25.0,26.1
ROKAN HILIR,2025-04-24,8.9,26.7
ROKAN HILIR,2025-04-25,0.6,27.7
ROKAN HILIR,2025-04-26,26.7,26.4
ROKAN HILIR,2025-04-27,13.6,26.5
ROKAN HILIR,2025-04-28,18.1,25.4
ROKAN HILIR,2025-04-29,1.1,26.6
ROKAN HILIR,2025-04-30,10.8,25.9
ROKAN HILIR,2025-05-01,8.7,26.0
ROKAN HILIR,2025-05-02,10.2,26.7
ROKAN HILIR,2025-05-03,16.0,26.5
ROKAN HILIR,2025-05-04,5.3,27.2
ROKAN HILIR,2025-05-05,15.8,26.6
ROKAN HILIR,2025-05-06,22.5,27.2
ROKAN HILIR,2025-05-07,8.5,27.1
ROKAN HILIR,2025-05-08,7.1,27.2
ROKAN HILIR,2025-05-09,12.2,27.4
ROKAN HILIR,2025-05-10,6.7,27.7
ROKAN HILIR,2025-05-11,3.7,26.6
ROKAN HILIR,2025-05-12,40.5,27.0
ROKAN HILIR,2025-05-13,3.8,27.8
ROKAN HILIR,2025-05-14,0.6,28.3
ROKAN HILIR,2025-05-15,5.4,28.6
ROKAN HILIR,2025-05-16,9.9,28.1
ROKAN HILIR,2025-05-17,0.6,28.5
ROKAN HILIR,2025-05-18,25.1,27.0
ROKAN HILIR,2025-05-19,13.1,26.3
ROKAN HILIR,2025-05-20,15.8,26.1
ROKAN HILIR,2025-05-21,26.0,26.4
ROKAN HILIR,2025-05-22,22.4,26.9
ROKAN HILIR,2025-05-23,7.6,27.4
ROKAN HILIR,2025-05-24,9.0,27.8
ROKAN HILIR,2025-05-25,0.7,28.1
ROKAN HILIR,2025-05-26,0.1,28.5
ROKAN HILIR,2025-05-27,0.2,29.2
ROKAN HILIR,2025-05-28,0.1,30.0
ROKAN HILIR,2025-05-29,16.3,27.2
ROKAN HILIR,2025-05-30,0.4,28.1
ROKAN HILIR,2025-05-31,8.0,25.6
ROKAN HILIR,2025-06-01,0.0,28.0
ROKAN HILIR,2025-06-02,3.7,28.2
ROKAN HILIR,2025-06-03,0.0,28.3
ROKAN HILIR,2025-06-04,4.3,27.6
ROKAN HILIR,2025-06-05,18.2,26.8
ROKAN HILIR,2025-06-06,1.9,26.6
ROKAN HILIR,2025-06-07,3.5,27.3
ROKAN HILIR,2025-06-08,0.3,27.7
ROKAN HILIR,2025-06-09,14.7,27.8
ROKAN HILIR,2025-06-10,6.8,26.1
ROKAN HILIR,2025-06-11,0.0,28.0
ROKAN HILIR,2025-06-12,0.0,28.7
ROKAN HILIR,2025-06-13,0.1,28.8
ROKAN HILIR,2025-06-14,0.0,29.3
ROKAN HILIR,2025-06-15,0.6,28.5
ROKAN HILIR,2025-06-16,24.9,26.7
ROKAN HILIR,2025-06-17,12.3,26.5
ROKAN HILIR,2025-06-18,0.0,27.5
ROKAN HILIR,2025-06-19,0.0,27.5
ROKAN HILIR,2025-06-20,0.0,26.5
ROKAN HILIR,2025-06-21,0.0,27.3
ROKAN HILIR,2025-06-22,0.2,27.4
ROKAN HILIR,2025-06-23,0.7,27.8
ROKAN HILIR,2025-06-24,0.0,28.3
ROKAN HILIR,2025-06-25,0.0,28.7
ROKAN HILIR,2025-06-26,0.0,28.5
ROKAN HILIR,2025-06-27,0.3,28.0
ROKAN HILIR,2025-06-28,7.3,27.8
ROKAN HILIR,2025-06-29,0.8,27.1
ROKAN HILIR,2025-06-30,0.9,27.7
ROKAN HILIR,2025-07-01,0.1,28.0
ROKAN HILIR,2025-07-02,2.1,26.9
ROKAN HILIR,2025-07-03,1.4,27.4
ROKAN HILIR,2025-07-04,1.7,26.7
ROKAN HILIR,2025-07-05,0.0,27.7
ROKAN HILIR,2025-07-06,2.6,27.4
ROKAN HILIR,2025-07-07,1.2,27.9
ROKAN HILIR,2025-07-08,34.3,25.9
ROKAN HILIR,2025-07-09,0.0,27.4
ROKAN HILIR,2025-07-10,0.4,28.1
ROKAN HILIR,2025-07-11,0.4,28.3
ROKAN HILIR,2025-07-12,0.8,27.0
ROKAN HILIR,2025-07-13,0.4,28.0
ROKAN HILIR,2025-07-14,0.3,27.9
ROKAN HILIR,2025-07-15,0.0,28.4
ROKAN HILIR,2025-07-16,0.0,29.0
ROKAN HILIR,2025-07-17,0.0,28.9
ROKAN HILIR,2025-07-18,0.0,28.8
ROKAN HILIR,2025-07-19,0.0,29.7
ROKAN HILIR,2025-07-20,0.1,29.8
ROKAN HILIR,2025-07-21,0.4,29.3
ROKAN HILIR,2025-07-22,0.6,28.4
ROKAN HILIR,2025-07-23,0.4,29.0
ROKAN HILIR,2025-07-24,6.1,28.8
ROKAN HILIR,2025-07-25,11.7,26.6
ROKAN HILIR,2025-07-26,2.6,27.3
ROKAN HILIR,2025-07-27,8.4,27.4
ROKAN HILIR,2025-07-28,0.4,28.1
ROKAN HILIR,2025-07-29,3.9,28.6
ROKAN HILIR,2025-07-30,2.7,27.1
ROKAN HILIR,2025-07-31,1.9,28.4
ROKAN HILIR,2025-08-01,9.1,27.6
ROKAN HILIR,2025-08-02,0.5,28.3
ROKAN HILIR,2025-08-03,2.5,27.6
ROKAN HILIR,2025-08-04,19.9,26.6
ROKAN HILIR,2025-08-05,1.6,26.3
ROKAN HILIR,2025-08-06,11.2,26.9
ROKAN HILIR,2025-08-07,3.8,26.8
ROKAN HILIR,2025-08-08,2.9,26.1
ROKAN HILIR,2025-08-09,0.0,27.1
ROKAN HILIR,2025-08-10,11.6,25.3
ROKAN HILIR,2025-08-11,18.6,25.5
ROKAN HILIR,2025-08-12,0.1,27.0
ROKAN HILIR,2025-08-13,0.0,26.7
ROKAN HILIR,2025-08-14,3.0,26.6
ROKAN HILIR,2025-08-15,4.5,26.4
ROKAN HILIR,2025-08-16,0.0,27.2
ROKAN HILIR,2025-08-17,1.6,27.4
ROKAN HILIR,2025-08-18,0.0,28.1
ROKAN HILIR,2025-08-19,0.0,27.5
ROKAN HILIR,2025-08-20,1.5,27.2
ROKAN HILIR,2025-08-21,40.8,25.7
ROKAN HILIR,2025-08-22,7.8,27.6
ROKAN HILIR,2025-08-23,9.9,27.1
ROKAN HILIR,2025-08-24,5.8,26.6
ROKAN HILIR,2025-08-25,0.0,27.7
ROKAN HILIR,2025-08-26,1.9,27.5
ROKAN HILIR,2025-08-27,12.3,27.7
ROKAN HILIR,2025-08-28,25.5,25.6
ROKAN HILIR,2025-08-29,5.2,26.5
ROKAN HILIR,2025-08-30,0.0,27.0
ROKAN HILIR,2025-08-31,0.0,27.9
ROKAN HILIR,2025-09-01,9.8,27.4
ROKAN HILIR,2025-09-02,1.9,27.2
ROKAN HILIR,2025-09-03,1.4,27.0
ROKAN HILIR,2025-09-04,3.8,25.4
ROKAN HILIR,2025-09-05,7.9,26.2
ROKAN HILIR,2025-09-06,3.6,26.9
ROKAN HILIR,2025-09-07,2.6,27.0
ROKAN HILIR,2025-09-08,7.9,27.1
ROKAN HILIR,2025-09-09,2.9,25.7
ROKAN HILIR,2025-09-10,12.6,26.8
ROKAN HILIR,2025-09-11,8.2,26.8
ROKAN HILIR,2025-09-12,5.1,25.8
ROKAN HILIR,2025-09-13,12.3,25.1
ROKAN HILIR,2025-09-14,9.4,26.4
ROKAN HILIR,2025-09-15,13.0,26.3
ROKAN HILIR,2025-09-16,2.2,26.7
ROKAN HILIR,2025-09-17,7.1,26.2
ROKAN HILIR,2025-09-18,0.9,27.7
ROKAN HILIR,2025-09-19,9.2,26.8
ROKAN HILIR,2025-09-20,8.5,26.2
ROKAN HILIR,2025-09-21,1.0,27.2
ROKAN HILIR,2025-09-22,18.2,26.2
ROKAN HILIR,2025-09-23,26.3,26.7
ROKAN HILIR,2025-09-24,3.8,26.6
ROKAN HILIR,2025-09-25,4.5,27.3
ROKAN HILIR,2025-09-26,1.1,27.7
ROKAN HILIR,2025-09-27,13.8,26.0
ROKAN HILIR,2025-09-28,14.6,25.4
ROKAN HILIR,2025-09-29,1.4,26.0
ROKAN HILIR,2025-09-30,0.0,27.1
ROKAN HILIR,2025-10-01,4.4,26.9
ROKAN HILIR,2025-10-02,8.9,26.8
ROKAN HILIR,2025-10-03,15.1,24.8
ROKAN HILIR,2025-10-04,0.1,26.8
ROKAN HILIR,2025-10-05,0.6,26.8
ROKAN HILIR,2025-10-06,16.1,26.3
ROKAN HILIR,2025-10-07,5.5,26.4
ROKAN HILIR,2025-10-08,0.0,27.3
ROKAN HILIR,2025-10-09,1.0,27.8
ROKAN HILIR,2025-10-10,3.4,26.6
ROKAN HILIR,2025-10-11,34.0,26.5
ROKAN HILIR,2025-10-12,21.4,25.6
ROKAN HILIR,2025-10-13,0.7,27.3
ROKAN HILIR,2025-10-14,20.5,26.7
ROKAN HILIR,2025-10-15,15.8,26.8
ROKAN HILIR,2025-10-16,8.0,26.6
ROKAN HILIR,2025-10-17,4.9,25.8
ROKAN HILIR,2025-10-18,16.7,26.5
ROKAN HILIR,2025-10-19,25.8,25.9
ROKAN HILIR,2025-10-20,10.9,26.1
ROKAN HILIR,2025-10-21,18.8,26.0
ROKAN HILIR,2025-10-22,27.4,25.6
ROKAN HILIR,2025-10-23,4.6,26.4
ROKAN HILIR,2025-10-24,30.4,26.2
ROKAN HILIR,2025-10-25,6.9,26.6
ROKAN HILIR,2025-10-26,0.0,27.7
ROKAN HILIR,2025-10-27,0.0,27.9
ROKAN HILIR,2025-10-28,0.1,28.2
ROKAN HILIR,2025-10-29,0.0,28.0
ROKAN HILIR,2025-10-30,0.1,28.2
ROKAN HILIR,2025-10-31,3.8,28.3
ROKAN HILIR,2025-11-01,3.3,27.5
ROKAN HILIR,2025-11-02,3.2,27.6
ROKAN HILIR,2025-11-03,4.9,27.1
ROKAN HILIR,2025-11-04,4.5,26.6
ROKAN HILIR,2025-11-05,1.3,27.2
ROKAN HILIR,2025-11-06,0.1,27.7
ROKAN HILIR,2025-11-07,0.6,27.1
ROKAN HILIR,2025-11-08,0.3,27.7
ROKAN HILIR,2025-11-09,16.1,27.1
ROKAN HILIR,2025-11-10,6.6,26.4
ROKAN HILIR,2025-11-11,15.1,26.7
ROKAN HILIR,2025-11-12,21.4,25.8
ROKAN HILIR,2025-11-13,18.9,25.4
ROKAN HILIR,2025-11-14,17.9,25.9
ROKAN HILIR,2025-11-15,18.9,26.2
ROKAN HILIR,2025-11-16,17.2,25.7
ROKAN HILIR,2025-11-17,12.9,25.6
ROKAN HILIR,2025-11-18,17.9,26.2
ROKAN HILIR,2025-11-19,20.2,25.9
ROKAN HILIR,2025-11-20,40.6,25.8
ROKAN HILIR,2025-11-21,1.4,26.6
ROKAN HILIR,2025-11-22,48.4,25.3
ROKAN HILIR,2025-11-23,8.6,26.3
ROKAN HILIR,2025-11-24,4.1,25.8
ROKAN HILIR,2025-11-25,2.1,25.8
ROKAN HILIR,2025-11-26,24.4,25.6
ROKAN HILIR,2025-11-27,69.8,24.6
ROKAN HILIR,2025-11-28,22.9,24.5
ROKAN HILIR,2025-11-29,1.3,26.5
ROKAN HILIR,2025-11-30,0.7,27.1
ROKAN HILIR,2025-12-01,2.0,27.1
ROKAN HILIR,2025-12-02,7.1,26.2
ROKAN HILIR,2025-12-03,15.2,26.0
ROKAN HILIR,2025-12-04,9.0,25.3
ROKAN HILIR,2025-12-05,11.4,26.3
ROKAN HILIR,2025-12-06,10.8,26.1
ROKAN HILIR,2025-12-07,7.7,26.2
ROKAN HILIR,2025-12-08,3.7,25.9
ROKAN HILIR,2025-12-09,3.7,25.4
ROKAN HILIR,2025-12-10,4.3,25.3
ROKAN HILIR,2025-12-11,1.6,25.9
ROKAN HILIR,2025-12-12,25.9,26.0
ROKAN HILIR,2025-12-13,20.1,24.7
ROKAN HILIR,2025-12-14,16.7,25.1
ROKAN HILIR,2025-12-15,48.1,23.9
ROKAN HILIR,2025-12-16,60.0,24.1
ROKAN HILIR,2025-12-17,10.3,24.7
ROKAN HILIR,2025-12-18,6.4,25.5
ROKAN HILIR,2025-12-19,21.8,25.6
ROKAN HILIR,2025-12-20,6.5,26.3
ROKAN HILIR,2025-12-21,10.2,25.8
ROKAN HILIR,2025-12-22,9.0,26.4
ROKAN HILIR,2025-12-23,16.1,26.5
ROKAN HILIR,2025-12-24,18.1,26.3
ROKAN HILIR,2025-12-25,18.4,25.9
ROKAN HILIR,2025-12-26,17.4,25.7
ROKAN HILIR,2025-12-27,22.2,25.3
ROKAN HILIR,2025-12-28,20.6,25.4
ROKAN HILIR,2025-12-29,5.1,25.7
ROKAN HILIR,2025-12-30,12.3,25.5
ROKAN HILIR,2025-12-31,11.6,25.9
ROKAN HILIR,2026-01-01,7.2,25.6
ROKAN HILIR,2026-01-02,40.5,24.2
ROKAN HILIR,2026-01-03,3.0,25.0
ROKAN HILIR,2026-01-04,0.5,26.2
ROKAN HILIR,2026-01-05,3.1,26.0
ROKAN HILIR,2026-01-06,7.2,25.9
ROKAN HILIR,2026-01-07,12.9,25.8
ROKAN HILIR,2026-01-08,10.8,25.9
ROKAN HILIR,2026-01-09,10.3,25.0
ROKAN HILIR,2026-01-10,6.9,25.0
ROKAN HILIR,2026-01-11,0.7,25.9
ROKAN HILIR,2026-01-12,2.4,25.5
ROKAN HILIR,2026-01-13,0.9,25.7
ROKAN HILIR,2026-01-14,4.8,26.0
ROKAN HILIR,2026-01-15,4.8,25.9
ROKAN HILIR,2026-01-16,1.0,25.9
ROKAN HILIR,2026-01-17,3.9,26.2
ROKAN HILIR,2026-01-18,1.0,26.3
ROKAN HILIR,2026-01-19,0.6,25.7
ROKAN HILIR,2026-01-20,1.2,25.5
ROKAN HILIR,2026-01-21,3.8,25.6
ROKAN HILIR,2026-01-22,1.8,25.8
ROKAN HILIR,2026-01-23,0.8,25.7
ROKAN HILIR,2026-01-24,0.6,26.2
ROKAN HILIR,2026-01-25,0.1,26.3
ROKAN HILIR,2026-01-26,0.7,26.3
ROKAN HILIR,2026-01-27,0.6,26.5
ROKAN HILIR,2026-01-28,12.3,26.4
ROKAN HILIR,2026-01-29,5.9,25.8
ROKAN HILIR,2026-01-30,15.4,25.6
ROKAN HILIR,2026-01-31,5.2,25.7
ROKAN HILIR,2026-02-01,8.0,25.6
ROKAN HILIR,2026-02-02,3.2,26.0
ROKAN HILIR,2026-02-03,0.0,26.6
ROKAN HILIR,2026-02-04,0.0,26.6
ROKAN HILIR,2026-02-05,2.7,26.2
ROKAN HILIR,2026-02-06,8.0,25.5
ROKAN HILIR,2026-02-07,1.4,26.9
ROKAN HILIR,2026-02-08,4.7,26.5
ROKAN HILIR,2026-02-09,1.8,26.4
ROKAN HILIR,2026-02-10,0.0,27.4
ROKAN HILIR,2026-02-11,0.8,27.3
ROKAN HILIR,2026-02-12,4.4,26.9
ROKAN HILIR,2026-02-13,3.1,26.2
ROKAN HILIR,2026-02-14,15.5,26.4
ROKAN HILIR,2026-02-15,6.2,26.0
ROKAN HILIR,2026-02-16,20.4,25.7
ROKAN HILIR,2026-02-17,11.4,24.8
ROKAN HILIR,2026-02-18,13.0,26.1
ROKAN HILIR,2026-02-19,2.4,26.3
ROKAN HILIR,2026-02-20,0.2,26.8
ROKAN HILIR,2026-02-21,7.0,26.8
ROKAN HILIR,2026-02-22,7.7,26.8
ROKAN HILIR,2026-02-23,4.2,27.3
ROKAN HILIR,2026-02-24,0.4,27.4
ROKAN HILIR,2026-02-25,12.3,28.1
ROKAN HILIR,2026-02-26,13.1,26.0
ROKAN HILIR,2026-02-27,8.6,26.8
ROKAN HILIR,2026-02-28,0.7,27.7
ROKAN HILIR,2026-03-01,1.3,28.1
ROKAN HILIR,2026-03-02,8.2,27.2
ROKAN HILIR,2026-03-03,13.6,27.4
ROKAN HILIR,2026-03-04,1.6,27.5
ROKAN HILIR,2026-03-05,0.6,28.1
ROKAN HILIR,2026-03-06,0.6,27.7
ROKAN HILIR,2026-03-07,1.4,27.4
ROKAN HILIR,2026-03-08,0.3,27.3
ROKAN HILIR,2026-03-09,10.1,25.8
ROKAN HILIR,2026-03-10,0.2,27.1
ROKAN HILIR,2026-03-11,0.9,27.3
ROKAN HILIR,2026-03-12,0.1,27.4
ROKAN HILIR,2026-03-13,15.7,27.1
ROKAN HILIR,2026-03-14,43.5,25.8
ROKAN HILIR,2026-03-15,3.5,26.2
ROKAN HILIR,2026-03-16,14.4,26.0
ROKAN HILIR,2026-03-17,0.3,27.1
ROKAN HILIR,2026-03-18,0.3,27.6
ROKAN HILIR,2026-03-19,10.4,26.6
ROKAN HILIR,2026-03-20,4.4,26.8
ROKAN HILIR,2026-03-21,8.8,27.1
ROKAN HILIR,2026-03-22,0.6,28.1
ROKAN HILIR,2026-03-23,4.1,27.7
ROKAN HILIR,2026-03-24,2.8,27.7
ROKAN HILIR,2026-03-25,1.1,28.1
ROKAN HILIR,2026-03-26,1.3,28.1
ROKAN HILIR,2026-03-27,0.6,28.0
ROKAN HILIR,2026-03-28,6.9,26.3
ROKAN HILIR,2026-03-29,1.2,26.4
ROKAN HILIR,2026-03-30,6.1,27.1
ROKAN HILIR,2026-03-31,1.3,27.6
