movie_title,lang,article,date,views
"13 DAYS, 13 NIGHTS",en,"13 Days, 13 Nights",2025-10-31,135
"13 DAYS, 13 NIGHTS",en,"13 Days, 13 Nights",2025-11-01,203
"13 DAYS, 13 NIGHTS",en,"13 Days, 13 Nights",2025-11-02,190
"13 DAYS, 13 NIGHTS",en,"13 Days, 13 Nights",2025-11-03,134
"13 DAYS, 13 NIGHTS",en,"13 Days, 13 Nights",2025-11-04,147
"13 DAYS, 13 NIGHTS",en,"13 Days, 13 Nights",2025-11-05,156
"13 DAYS, 13 NIGHTS",en,"13 Days, 13 Nights",2025-11-06,138
"13 DAYS, 13 NIGHTS",en,"13 Days, 13 Nights",2025-11-07,150
"13 DAYS, 13 NIGHTS",en,"13 Days, 13 Nights",2025-11-08,197
"13 DAYS, 13 NIGHTS",en,"13 Days, 13 Nights",2025-11-09,192
"13 DAYS, 13 NIGHTS",en,"13 Days, 13 Nights",2025-11-10,236
"13 DAYS, 13 NIGHTS",en,"13 Days, 13 Nights",2025-11-11,269
"13 DAYS, 13 NIGHTS",en,"13 Days, 13 Nights",2025-11-12,264
"13 DAYS, 13 NIGHTS",en,"13 Days, 13 Nights",2025-11-13,307
"13 DAYS, 13 NIGHTS",en,"13 Days, 13 Nights",2025-11-14,514
"13 DAYS, 13 NIGHTS",en,"13 Days, 13 Nights",2025-11-15,418
"13 DAYS, 13 NIGHTS",en,"13 Days, 13 Nights",2025-11-16,354
"13 DAYS, 13 NIGHTS",en,"13 Days, 13 Nights",2025-11-17,239
"13 DAYS, 13 NIGHTS",en,"13 Days, 13 Nights",2025-11-18,240
"13 DAYS, 13 NIGHTS",en,"13 Days, 13 Nights",2025-11-19,214
"13 DAYS, 13 NIGHTS",en,"13 Days, 13 Nights",2025-11-20,208
"13 DAYS, 13 NIGHTS",en,"13 Days, 13 Nights",2025-11-21,283
"13 DAYS, 13 NIGHTS",en,"13 Days, 13 Nights",2025-11-22,267
"13 DAYS, 13 NIGHTS",en,"13 Days, 13 Nights",2025-11-23,306
"13 DAYS, 13 NIGHTS",en,"13 Days, 13 Nights",2025-11-24,280
"13 DAYS, 13 NIGHTS",en,"13 Days, 13 Nights",2025-11-25,192
"13 DAYS, 13 NIGHTS",en,"13 Days, 13 Nights",2025-11-26,192
"13 DAYS, 13 NIGHTS",en,"13 Days, 13 Nights",2025-11-27,165
"13 DAYS, 13 NIGHTS",en,"13 Days, 13 Nights",2025-11-28,188
"13 DAYS, 13 NIGHTS",en,"13 Days, 13 Nights",2025-11-29,255
"13 DAYS, 13 NIGHTS",en,"13 Days, 13 Nights",2025-11-30,224
"13 DAYS, 13 NIGHTS",en,"13 Days, 13 Nights",2025-12-01,156
"13 DAYS, 13 NIGHTS",en,"13 Days, 13 Nights",2025-12-02,158
"13 DAYS, 13 NIGHTS",en,"13 Days, 13 Nights",2025-12-03,214
"13 DAYS, 13 NIGHTS",en,"13 Days, 13 Nights",2025-12-04,194
"13 DAYS, 13 NIGHTS",en,"13 Days, 13 Nights",2025-12-05,488
"13 DAYS, 13 NIGHTS",en,"13 Days, 13 Nights",2025-12-06,699
"13 DAYS, 13 NIGHTS",en,"13 Days, 13 Nights",2025-12-07,606
"13 DAYS, 13 NIGHTS",en,"13 Days, 13 Nights",2025-12-08,520
"13 DAYS, 13 NIGHTS",en,"13 Days, 13 Nights",2025-12-09,357
"13 DAYS, 13 NIGHTS",en,"13 Days, 13 Nights",2025-12-10,459
"13 DAYS, 13 NIGHTS",en,"13 Days, 13 Nights",2025-12-11,331
"13 DAYS, 13 NIGHTS",en,"13 Days, 13 Nights",2025-12-12,481
"13 DAYS, 13 NIGHTS",en,"13 Days, 13 Nights",2025-12-13,988
"13 DAYS, 13 NIGHTS",en,"13 Days, 13 Nights",2025-12-14,758
"13 DAYS, 13 NIGHTS",en,"13 Days, 13 Nights",2025-12-15,482
"13 DAYS, 13 NIGHTS",en,"13 Days, 13 Nights",2025-12-16,371
28 YEARS LATER,en,28 Years Later,2025-05-13,8972
28 YEARS LATER,en,28 Years Later,2025-05-14,8257
28 YEARS LATER,en,28 Years Later,2025-05-15,8018
28 YEARS LATER,en,28 Years Later,2025-05-16,8525
28 YEARS LATER,en,28 Years Later,2025-05-17,9328
28 YEARS LATER,en,28 Years Later,2025-05-18,12166
28 YEARS LATER,en,28 Years Later,2025-05-19,10228
28 YEARS LATER,en,28 Years Later,2025-05-20,10013
28 YEARS LATER,en,28 Years Later,2025-05-21,12425
28 YEARS LATER,en,28 Years Later,2025-05-22,17217
28 YEARS LATER,en,28 Years Later,2025-05-23,21606
28 YEARS LATER,en,28 Years Later,2025-05-24,18831
28 YEARS LATER,en,28 Years Later,2025-05-25,19530
28 YEARS LATER,en,28 Years Later,2025-05-26,20952
28 YEARS LATER,en,28 Years Later,2025-05-27,18321
28 YEARS LATER,en,28 Years Later,2025-05-28,15027
28 YEARS LATER,en,28 Years Later,2025-05-29,15669
28 YEARS LATER,en,28 Years Later,2025-05-30,25356
28 YEARS LATER,en,28 Years Later,2025-05-31,26587
28 YEARS LATER,en,28 Years Later,2025-06-01,32081
28 YEARS LATER,en,28 Years Later,2025-06-02,31105
28 YEARS LATER,en,28 Years Later,2025-06-03,32207
28 YEARS LATER,en,28 Years Later,2025-06-04,29850
28 YEARS LATER,en,28 Years Later,2025-06-05,25753
28 YEARS LATER,en,28 Years Later,2025-06-06,27420
28 YEARS LATER,en,28 Years Later,2025-06-07,27997
28 YEARS LATER,en,28 Years Later,2025-06-08,29411
28 YEARS LATER,en,28 Years Later,2025-06-09,31868
28 YEARS LATER,en,28 Years Later,2025-06-10,32479
28 YEARS LATER,en,28 Years Later,2025-06-11,31346
28 YEARS LATER,en,28 Years Later,2025-06-12,29952
28 YEARS LATER,en,28 Years Later,2025-06-13,32793
28 YEARS LATER,en,28 Years Later,2025-06-14,39615
28 YEARS LATER,en,28 Years Later,2025-06-15,52104
28 YEARS LATER,en,28 Years Later,2025-06-16,61763
28 YEARS LATER,en,28 Years Later,2025-06-17,77125
28 YEARS LATER,en,28 Years Later,2025-06-18,131113
28 YEARS LATER,en,28 Years Later,2025-06-19,357618
28 YEARS LATER,en,28 Years Later,2025-06-20,434236
28 YEARS LATER,en,28 Years Later,2025-06-21,393659
28 YEARS LATER,en,28 Years Later,2025-06-22,358344
28 YEARS LATER,en,28 Years Later,2025-06-23,295514
28 YEARS LATER,en,28 Years Later,2025-06-24,214754
28 YEARS LATER,en,28 Years Later,2025-06-25,178541
28 YEARS LATER,en,28 Years Later,2025-06-26,137887
28 YEARS LATER,en,28 Years Later,2025-06-27,121786
28 YEARS LATER,en,28 Years Later,2025-06-28,130954
28 YEARS LATER,id,28 Years Later,2025-05-13,24
28 YEARS LATER,id,28 Years Later,2025-05-14,23
28 YEARS LATER,id,28 Years Later,2025-05-15,29
28 YEARS LATER,id,28 Years Later,2025-05-16,43
28 YEARS LATER,id,28 Years Later,2025-05-17,47
28 YEARS LATER,id,28 Years Later,2025-05-18,29
28 YEARS LATER,id,28 Years Later,2025-05-19,35
28 YEARS LATER,id,28 Years Later,2025-05-20,30
28 YEARS LATER,id,28 Years Later,2025-05-21,32
28 YEARS LATER,id,28 Years Later,2025-05-22,31
28 YEARS LATER,id,28 Years Later,2025-05-23,57
28 YEARS LATER,id,28 Years Later,2025-05-24,46
28 YEARS LATER,id,28 Years Later,2025-05-25,37
28 YEARS LATER,id,28 Years Later,2025-05-26,41
28 YEARS LATER,id,28 Years Later,2025-05-27,39
28 YEARS LATER,id,28 Years Later,2025-05-28,33
28 YEARS LATER,id,28 Years Later,2025-05-29,38
28 YEARS LATER,id,28 Years Later,2025-05-30,34
28 YEARS LATER,id,28 Years Later,2025-05-31,65
28 YEARS LATER,id,28 Years Later,2025-06-01,81
28 YEARS LATER,id,28 Years Later,2025-06-02,76
28 YEARS LATER,id,28 Years Later,2025-06-03,54
28 YEARS LATER,id,28 Years Later,2025-06-04,66
28 YEARS LATER,id,28 Years Later,2025-06-05,83
28 YEARS LATER,id,28 Years Later,2025-06-06,107
28 YEARS LATER,id,28 Years Later,2025-06-07,87
28 YEARS LATER,id,28 Years Later,2025-06-08,81
28 YEARS LATER,id,28 Years Later,2025-06-09,96
28 YEARS LATER,id,28 Years Later,2025-06-10,80
28 YEARS LATER,id,28 Years Later,2025-06-11,107
28 YEARS LATER,id,28 Years Later,2025-06-12,100
28 YEARS LATER,id,28 Years Later,2025-06-13,234
28 YEARS LATER,id,28 Years Later,2025-06-14,200
28 YEARS LATER,id,28 Years Later,2025-06-15,238
28 YEARS LATER,id,28 Years Later,2025-06-16,288
28 YEARS LATER,id,28 Years Later,2025-06-17,395
28 YEARS LATER,id,28 Years Later,2025-06-18,1714
28 YEARS LATER,id,28 Years Later,2025-06-19,1258
28 YEARS LATER,id,28 Years Later,2025-06-20,1110
28 YEARS LATER,id,28 Years Later,2025-06-21,1361
28 YEARS LATER,id,28 Years Later,2025-06-22,1254
28 YEARS LATER,id,28 Years Later,2025-06-23,1013
28 YEARS LATER,id,28 Years Later,2025-06-24,946
28 YEARS LATER,id,28 Years Later,2025-06-25,683
28 YEARS LATER,id,28 Years Later,2025-06-26,617
28 YEARS LATER,id,28 Years Later,2025-06-27,577
28 YEARS LATER,id,28 Years Later,2025-06-28,473
28 YEARS LATER: THE BONE TEMPLE,en,28 Years Later: The Bone Temple,2025-12-10,12392
28 YEARS LATER: THE BONE TEMPLE,en,28 Years Later: The Bone Temple,2025-12-11,14996
28 YEARS LATER: THE BONE TEMPLE,en,28 Years Later: The Bone Temple,2025-12-12,7744
28 YEARS LATER: THE BONE TEMPLE,en,28 Years Later: The Bone Temple,2025-12-13,7819
28 YEARS LATER: THE BONE TEMPLE,en,28 Years Later: The Bone Temple,2025-12-14,6923
28 YEARS LATER: THE BONE TEMPLE,en,28 Years Later: The Bone Temple,2025-12-15,7215
28 YEARS LATER: THE BONE TEMPLE,en,28 Years Later: The Bone Temple,2025-12-16,6566
28 YEARS LATER: THE BONE TEMPLE,en,28 Years Later: The Bone Temple,2025-12-17,5975
28 YEARS LATER: THE BONE TEMPLE,en,28 Years Later: The Bone Temple,2025-12-18,5556
28 YEARS LATER: THE BONE TEMPLE,en,28 Years Later: The Bone Temple,2025-12-19,8766
28 YEARS LATER: THE BONE TEMPLE,en,28 Years Later: The Bone Temple,2025-12-20,10429
28 YEARS LATER: THE BONE TEMPLE,en,28 Years Later: The Bone Temple,2025-12-21,9221
28 YEARS LATER: THE BONE TEMPLE,en,28 Years Later: The Bone Temple,2025-12-22,13649
28 YEARS LATER: THE BONE TEMPLE,en,28 Years Later: The Bone Temple,2025-12-23,10306
28 YEARS LATER: THE BONE TEMPLE,en,28 Years Later: The Bone Temple,2025-12-24,9174
28 YEARS LATER: THE BONE TEMPLE,en,28 Years Later: The Bone Temple,2025-12-25,9750
28 YEARS LATER: THE BONE TEMPLE,en,28 Years Later: The Bone Temple,2025-12-26,10994
28 YEARS LATER: THE BONE TEMPLE,en,28 Years Later: The Bone Temple,2025-12-27,10623
28 YEARS LATER: THE BONE TEMPLE,en,28 Years Later: The Bone Temple,2025-12-28,12015
28 YEARS LATER: THE BONE TEMPLE,en,28 Years Later: The Bone Temple,2025-12-29,18012
28 YEARS LATER: THE BONE TEMPLE,en,28 Years Later: The Bone Temple,2025-12-30,15644
28 YEARS LATER: THE BONE TEMPLE,en,28 Years Later: The Bone Temple,2025-12-31,14200
28 YEARS LATER: THE BONE TEMPLE,en,28 Years Later: The Bone Temple,2026-01-01,20248
28 YEARS LATER: THE BONE TEMPLE,en,28 Years Later: The Bone Temple,2026-01-02,22808
28 YEARS LATER: THE BONE TEMPLE,en,28 Years Later: The Bone Temple,2026-01-03,22016
28 YEARS LATER: THE BONE TEMPLE,en,28 Years Later: The Bone Temple,2026-01-04,23641
28 YEARS LATER: THE BONE TEMPLE,en,28 Years Later: The Bone Temple,2026-01-05,21716
28 YEARS LATER: THE BONE TEMPLE,en,28 Years Later: The Bone Temple,2026-01-06,22393
28 YEARS LATER: THE BONE TEMPLE,en,28 Years Later: The Bone Temple,2026-01-07,22385
28 YEARS LATER: THE BONE TEMPLE,en,28 Years Later: The Bone Temple,2026-01-08,25945
28 YEARS LATER: THE BONE TEMPLE,en,28 Years Later: The Bone Temple,2026-01-09,27487
28 YEARS LATER: THE BONE TEMPLE,en,28 Years Later: The Bone Temple,2026-01-10,36427
28 YEARS LATER: THE BONE TEMPLE,en,28 Years Later: The Bone Temple,2026-01-11,36785
28 YEARS LATER: THE BONE TEMPLE,en,28 Years Later: The Bone Temple,2026-01-12,37744
28 YEARS LATER: THE BONE TEMPLE,en,28 Years Later: The Bone Temple,2026-01-13,71886
28 YEARS LATER: THE BONE TEMPLE,en,28 Years Later: The Bone Temple,2026-01-14,165590
28 YEARS LATER: THE BONE TEMPLE,en,28 Years Later: The Bone Temple,2026-01-15,152571
28 YEARS LATER: THE BONE TEMPLE,en,28 Years Later: The Bone Temple,2026-01-16,187497
28 YEARS LATER: THE BONE TEMPLE,en,28 Years Later: The Bone Temple,2026-01-17,190514
28 YEARS LATER: THE BONE TEMPLE,en,28 Years Later: The Bone Temple,2026-01-18,171598
28 YEARS LATER: THE BONE TEMPLE,en,28 Years Later: The Bone Temple,2026-01-19,157399
28 YEARS LATER: THE BONE TEMPLE,en,28 Years Later: The Bone Temple,2026-01-20,117817
28 YEARS LATER: THE BONE TEMPLE,en,28 Years Later: The Bone Temple,2026-01-21,90990
28 YEARS LATER: THE BONE TEMPLE,en,28 Years Later: The Bone Temple,2026-01-22,74068
28 YEARS LATER: THE BONE TEMPLE,en,28 Years Later: The Bone Temple,2026-01-23,61155
28 YEARS LATER: THE BONE TEMPLE,en,28 Years Later: The Bone Temple,2026-01-24,67650
28 YEARS LATER: THE BONE TEMPLE,en,28 Years Later: The Bone Temple,2026-01-25,62657
5 CENTIMETERS PER SECOND (ANIMATION),en,5 Centimeters per Second,2025-12-13,409
5 CENTIMETERS PER SECOND (ANIMATION),en,5 Centimeters per Second,2025-12-14,475
5 CENTIMETERS PER SECOND (ANIMATION),en,5 Centimeters per Second,2025-12-15,480
5 CENTIMETERS PER SECOND (ANIMATION),en,5 Centimeters per Second,2025-12-16,403
5 CENTIMETERS PER SECOND (ANIMATION),en,5 Centimeters per Second,2025-12-17,397
5 CENTIMETERS PER SECOND (ANIMATION),en,5 Centimeters per Second,2025-12-18,421
5 CENTIMETERS PER SECOND (ANIMATION),en,5 Centimeters per Second,2025-12-19,397
5 CENTIMETERS PER SECOND (ANIMATION),en,5 Centimeters per Second,2025-12-20,435
5 CENTIMETERS PER SECOND (ANIMATION),en,5 Centimeters per Second,2025-12-21,594
5 CENTIMETERS PER SECOND (ANIMATION),en,5 Centimeters per Second,2025-12-22,612
5 CENTIMETERS PER SECOND (ANIMATION),en,5 Centimeters per Second,2025-12-23,460
5 CENTIMETERS PER SECOND (ANIMATION),en,5 Centimeters per Second,2025-12-24,430
5 CENTIMETERS PER SECOND (ANIMATION),en,5 Centimeters per Second,2025-12-25,462
5 CENTIMETERS PER SECOND (ANIMATION),en,5 Centimeters per Second,2025-12-26,536
5 CENTIMETERS PER SECOND (ANIMATION),en,5 Centimeters per Second,2025-12-27,413
5 CENTIMETERS PER SECOND (ANIMATION),en,5 Centimeters per Second,2025-12-28,479
5 CENTIMETERS PER SECOND (ANIMATION),en,5 Centimeters per Second,2025-12-29,515
5 CENTIMETERS PER SECOND (ANIMATION),en,5 Centimeters per Second,2025-12-30,488
5 CENTIMETERS PER SECOND (ANIMATION),en,5 Centimeters per Second,2025-12-31,543
5 CENTIMETERS PER SECOND (ANIMATION),en,5 Centimeters per Second,2026-01-01,526
5 CENTIMETERS PER SECOND (ANIMATION),en,5 Centimeters per Second,2026-01-02,581
5 CENTIMETERS PER SECOND (ANIMATION),en,5 Centimeters per Second,2026-01-03,556
5 CENTIMETERS PER SECOND (ANIMATION),en,5 Centimeters per Second,2026-01-04,487
5 CENTIMETERS PER SECOND (ANIMATION),en,5 Centimeters per Second,2026-01-05,456
5 CENTIMETERS PER SECOND (ANIMATION),en,5 Centimeters per Second,2026-01-06,428
5 CENTIMETERS PER SECOND (ANIMATION),en,5 Centimeters per Second,2026-01-07,466
5 CENTIMETERS PER SECOND (ANIMATION),en,5 Centimeters per Second,2026-01-08,528
5 CENTIMETERS PER SECOND (ANIMATION),en,5 Centimeters per Second,2026-01-09,537
5 CENTIMETERS PER SECOND (ANIMATION),en,5 Centimeters per Second,2026-01-10,593
5 CENTIMETERS PER SECOND (ANIMATION),en,5 Centimeters per Second,2026-01-11,868
5 CENTIMETERS PER SECOND (ANIMATION),en,5 Centimeters per Second,2026-01-12,787
5 CENTIMETERS PER SECOND (ANIMATION),en,5 Centimeters per Second,2026-01-13,602
5 CENTIMETERS PER SECOND (ANIMATION),en,5 Centimeters per Second,2026-01-14,652
5 CENTIMETERS PER SECOND (ANIMATION),en,5 Centimeters per Second,2026-01-15,806
5 CENTIMETERS PER SECOND (ANIMATION),en,5 Centimeters per Second,2026-01-16,1239
5 CENTIMETERS PER SECOND (ANIMATION),en,5 Centimeters per Second,2026-01-17,1156
5 CENTIMETERS PER SECOND (ANIMATION),en,5 Centimeters per Second,2026-01-18,1058
5 CENTIMETERS PER SECOND (ANIMATION),en,5 Centimeters per Second,2026-01-19,886
5 CENTIMETERS PER SECOND (ANIMATION),en,5 Centimeters per Second,2026-01-20,955
5 CENTIMETERS PER SECOND (ANIMATION),en,5 Centimeters per Second,2026-01-21,868
5 CENTIMETERS PER SECOND (ANIMATION),en,5 Centimeters per Second,2026-01-22,908
5 CENTIMETERS PER SECOND (ANIMATION),en,5 Centimeters per Second,2026-01-23,792
5 CENTIMETERS PER SECOND (ANIMATION),en,5 Centimeters per Second,2026-01-24,948
5 CENTIMETERS PER SECOND (ANIMATION),en,5 Centimeters per Second,2026-01-25,778
5 CENTIMETERS PER SECOND (ANIMATION),en,5 Centimeters per Second,2026-01-26,758
5 CENTIMETERS PER SECOND (ANIMATION),en,5 Centimeters per Second,2026-01-27,751
5 CENTIMETERS PER SECOND (ANIMATION),en,5 Centimeters per Second,2026-01-28,771
A BIG BOLD BEAUTIFUL JOURNEY,en,A Big Bold Beautiful Journey,2025-08-14,1678
A BIG BOLD BEAUTIFUL JOURNEY,en,A Big Bold Beautiful Journey,2025-08-15,1677
A BIG BOLD BEAUTIFUL JOURNEY,en,A Big Bold Beautiful Journey,2025-08-16,1667
A BIG BOLD BEAUTIFUL JOURNEY,en,A Big Bold Beautiful Journey,2025-08-17,1840
A BIG BOLD BEAUTIFUL JOURNEY,en,A Big Bold Beautiful Journey,2025-08-18,1683
A BIG BOLD BEAUTIFUL JOURNEY,en,A Big Bold Beautiful Journey,2025-08-19,2000
A BIG BOLD BEAUTIFUL JOURNEY,en,A Big Bold Beautiful Journey,2025-08-20,2511
A BIG BOLD BEAUTIFUL JOURNEY,en,A Big Bold Beautiful Journey,2025-08-21,6604
A BIG BOLD BEAUTIFUL JOURNEY,en,A Big Bold Beautiful Journey,2025-08-22,7992
A BIG BOLD BEAUTIFUL JOURNEY,en,A Big Bold Beautiful Journey,2025-08-23,5984
A BIG BOLD BEAUTIFUL JOURNEY,en,A Big Bold Beautiful Journey,2025-08-24,5111
A BIG BOLD BEAUTIFUL JOURNEY,en,A Big Bold Beautiful Journey,2025-08-25,4747
A BIG BOLD BEAUTIFUL JOURNEY,en,A Big Bold Beautiful Journey,2025-08-26,5356
A BIG BOLD BEAUTIFUL JOURNEY,en,A Big Bold Beautiful Journey,2025-08-27,4236
A BIG BOLD BEAUTIFUL JOURNEY,en,A Big Bold Beautiful Journey,2025-08-28,3895
A BIG BOLD BEAUTIFUL JOURNEY,en,A Big Bold Beautiful Journey,2025-08-29,3620
A BIG BOLD BEAUTIFUL JOURNEY,en,A Big Bold Beautiful Journey,2025-08-30,4049
A BIG BOLD BEAUTIFUL JOURNEY,en,A Big Bold Beautiful Journey,2025-08-31,4983
A BIG BOLD BEAUTIFUL JOURNEY,en,A Big Bold Beautiful Journey,2025-09-01,4615
A BIG BOLD BEAUTIFUL JOURNEY,en,A Big Bold Beautiful Journey,2025-09-02,4314
A BIG BOLD BEAUTIFUL JOURNEY,en,A Big Bold Beautiful Journey,2025-09-03,4724
A BIG BOLD BEAUTIFUL JOURNEY,en,A Big Bold Beautiful Journey,2025-09-04,5416
A BIG BOLD BEAUTIFUL JOURNEY,en,A Big Bold Beautiful Journey,2025-09-05,4805
A BIG BOLD BEAUTIFUL JOURNEY,en,A Big Bold Beautiful Journey,2025-09-06,4535
A BIG BOLD BEAUTIFUL JOURNEY,en,A Big Bold Beautiful Journey,2025-09-07,5352
A BIG BOLD BEAUTIFUL JOURNEY,en,A Big Bold Beautiful Journey,2025-09-08,4494
A BIG BOLD BEAUTIFUL JOURNEY,en,A Big Bold Beautiful Journey,2025-09-09,4728
A BIG BOLD BEAUTIFUL JOURNEY,en,A Big Bold Beautiful Journey,2025-09-10,7274
A BIG BOLD BEAUTIFUL JOURNEY,en,A Big Bold Beautiful Journey,2025-09-11,7980
A BIG BOLD BEAUTIFUL JOURNEY,en,A Big Bold Beautiful Journey,2025-09-12,12024
A BIG BOLD BEAUTIFUL JOURNEY,en,A Big Bold Beautiful Journey,2025-09-13,8640
A BIG BOLD BEAUTIFUL JOURNEY,en,A Big Bold Beautiful Journey,2025-09-14,8439
A BIG BOLD BEAUTIFUL JOURNEY,en,A Big Bold Beautiful Journey,2025-09-15,10969
A BIG BOLD BEAUTIFUL JOURNEY,en,A Big Bold Beautiful Journey,2025-09-16,17107
A BIG BOLD BEAUTIFUL JOURNEY,en,A Big Bold Beautiful Journey,2025-09-17,19803
A BIG BOLD BEAUTIFUL JOURNEY,en,A Big Bold Beautiful Journey,2025-09-18,22031
A BIG BOLD BEAUTIFUL JOURNEY,en,A Big Bold Beautiful Journey,2025-09-19,33973
A BIG BOLD BEAUTIFUL JOURNEY,en,A Big Bold Beautiful Journey,2025-09-20,33156
A BIG BOLD BEAUTIFUL JOURNEY,en,A Big Bold Beautiful Journey,2025-09-21,27967
A BIG BOLD BEAUTIFUL JOURNEY,en,A Big Bold Beautiful Journey,2025-09-22,23337
A BIG BOLD BEAUTIFUL JOURNEY,en,A Big Bold Beautiful Journey,2025-09-23,18222
A BIG BOLD BEAUTIFUL JOURNEY,en,A Big Bold Beautiful Journey,2025-09-24,15210
A BIG BOLD BEAUTIFUL JOURNEY,en,A Big Bold Beautiful Journey,2025-09-25,12428
A BIG BOLD BEAUTIFUL JOURNEY,en,A Big Bold Beautiful Journey,2025-09-26,10661
A BIG BOLD BEAUTIFUL JOURNEY,en,A Big Bold Beautiful Journey,2025-09-27,10769
A BIG BOLD BEAUTIFUL JOURNEY,en,A Big Bold Beautiful Journey,2025-09-28,9949
A BIG BOLD BEAUTIFUL JOURNEY,en,A Big Bold Beautiful Journey,2025-09-29,9539
A MINECRAFT MOVIE,en,A Minecraft Movie,2025-02-28,21439
A MINECRAFT MOVIE,en,A Minecraft Movie,2025-03-01,15833
A MINECRAFT MOVIE,en,A Minecraft Movie,2025-03-02,13204
A MINECRAFT MOVIE,en,A Minecraft Movie,2025-03-03,10628
A MINECRAFT MOVIE,en,A Minecraft Movie,2025-03-04,10167
A MINECRAFT MOVIE,en,A Minecraft Movie,2025-03-05,10464
A MINECRAFT MOVIE,en,A Minecraft Movie,2025-03-06,10182
A MINECRAFT MOVIE,en,A Minecraft Movie,2025-03-07,9190
A MINECRAFT MOVIE,en,A Minecraft Movie,2025-03-08,10003
A MINECRAFT MOVIE,en,A Minecraft Movie,2025-03-09,10479
A MINECRAFT MOVIE,en,A Minecraft Movie,2025-03-10,9690
A MINECRAFT MOVIE,en,A Minecraft Movie,2025-03-11,8917
A MINECRAFT MOVIE,en,A Minecraft Movie,2025-03-12,11415
A MINECRAFT MOVIE,en,A Minecraft Movie,2025-03-13,11333
A MINECRAFT MOVIE,en,A Minecraft Movie,2025-03-14,9957
A MINECRAFT MOVIE,en,A Minecraft Movie,2025-03-15,10460
A MINECRAFT MOVIE,en,A Minecraft Movie,2025-03-16,11130
A MINECRAFT MOVIE,en,A Minecraft Movie,2025-03-17,10953
A MINECRAFT MOVIE,en,A Minecraft Movie,2025-03-18,11432
A MINECRAFT MOVIE,en,A Minecraft Movie,2025-03-19,11965
A MINECRAFT MOVIE,en,A Minecraft Movie,2025-03-20,14652
A MINECRAFT MOVIE,en,A Minecraft Movie,2025-03-21,15458
A MINECRAFT MOVIE,en,A Minecraft Movie,2025-03-22,19474
A MINECRAFT MOVIE,en,A Minecraft Movie,2025-03-23,24747
A MINECRAFT MOVIE,en,A Minecraft Movie,2025-03-24,22690
A MINECRAFT MOVIE,en,A Minecraft Movie,2025-03-25,21449
A MINECRAFT MOVIE,en,A Minecraft Movie,2025-03-26,22946
A MINECRAFT MOVIE,en,A Minecraft Movie,2025-03-27,24206
A MINECRAFT MOVIE,en,A Minecraft Movie,2025-03-28,29741
A MINECRAFT MOVIE,en,A Minecraft Movie,2025-03-29,38334
A MINECRAFT MOVIE,en,A Minecraft Movie,2025-03-30,48991
A MINECRAFT MOVIE,en,A Minecraft Movie,2025-03-31,71311
A MINECRAFT MOVIE,en,A Minecraft Movie,2025-04-01,70789
A MINECRAFT MOVIE,en,A Minecraft Movie,2025-04-02,91738
A MINECRAFT MOVIE,en,A Minecraft Movie,2025-04-03,156636
A MINECRAFT MOVIE,en,A Minecraft Movie,2025-04-04,296699
A MINECRAFT MOVIE,en,A Minecraft Movie,2025-04-05,334840
A MINECRAFT MOVIE,en,A Minecraft Movie,2025-04-06,373831
A MINECRAFT MOVIE,en,A Minecraft Movie,2025-04-07,311854
A MINECRAFT MOVIE,en,A Minecraft Movie,2025-04-08,222410
A MINECRAFT MOVIE,en,A Minecraft Movie,2025-04-09,185656
A MINECRAFT MOVIE,en,A Minecraft Movie,2025-04-10,164848
A MINECRAFT MOVIE,en,A Minecraft Movie,2025-04-11,158928
A MINECRAFT MOVIE,en,A Minecraft Movie,2025-04-12,186813
A MINECRAFT MOVIE,en,A Minecraft Movie,2025-04-13,194182
A MINECRAFT MOVIE,en,A Minecraft Movie,2025-04-14,163694
A MINECRAFT MOVIE,en,A Minecraft Movie,2025-04-15,126316
A MINECRAFT MOVIE,id,A Minecraft Movie,2025-02-28,90
A MINECRAFT MOVIE,id,A Minecraft Movie,2025-03-01,57
A MINECRAFT MOVIE,id,A Minecraft Movie,2025-03-02,69
A MINECRAFT MOVIE,id,A Minecraft Movie,2025-03-03,55
A MINECRAFT MOVIE,id,A Minecraft Movie,2025-03-04,64
A MINECRAFT MOVIE,id,A Minecraft Movie,2025-03-05,49
A MINECRAFT MOVIE,id,A Minecraft Movie,2025-03-06,52
A MINECRAFT MOVIE,id,A Minecraft Movie,2025-03-07,29
A MINECRAFT MOVIE,id,A Minecraft Movie,2025-03-08,37
A MINECRAFT MOVIE,id,A Minecraft Movie,2025-03-09,48
A MINECRAFT MOVIE,id,A Minecraft Movie,2025-03-10,38
A MINECRAFT MOVIE,id,A Minecraft Movie,2025-03-11,37
A MINECRAFT MOVIE,id,A Minecraft Movie,2025-03-12,33
A MINECRAFT MOVIE,id,A Minecraft Movie,2025-03-13,34
A MINECRAFT MOVIE,id,A Minecraft Movie,2025-03-14,48
A MINECRAFT MOVIE,id,A Minecraft Movie,2025-03-15,56
A MINECRAFT MOVIE,id,A Minecraft Movie,2025-03-16,41
A MINECRAFT MOVIE,id,A Minecraft Movie,2025-03-17,37
A MINECRAFT MOVIE,id,A Minecraft Movie,2025-03-18,38
A MINECRAFT MOVIE,id,A Minecraft Movie,2025-03-19,43
A MINECRAFT MOVIE,id,A Minecraft Movie,2025-03-20,44
A MINECRAFT MOVIE,id,A Minecraft Movie,2025-03-21,62
A MINECRAFT MOVIE,id,A Minecraft Movie,2025-03-22,79
A MINECRAFT MOVIE,id,A Minecraft Movie,2025-03-23,98
A MINECRAFT MOVIE,id,A Minecraft Movie,2025-03-24,60
A MINECRAFT MOVIE,id,A Minecraft Movie,2025-03-25,61
A MINECRAFT MOVIE,id,A Minecraft Movie,2025-03-26,94
A MINECRAFT MOVIE,id,A Minecraft Movie,2025-03-27,110
A MINECRAFT MOVIE,id,A Minecraft Movie,2025-03-28,121
A MINECRAFT MOVIE,id,A Minecraft Movie,2025-03-29,128
A MINECRAFT MOVIE,id,A Minecraft Movie,2025-03-30,128
A MINECRAFT MOVIE,id,A Minecraft Movie,2025-03-31,193
A MINECRAFT MOVIE,id,A Minecraft Movie,2025-04-01,294
A MINECRAFT MOVIE,id,A Minecraft Movie,2025-04-02,337
A MINECRAFT MOVIE,id,A Minecraft Movie,2025-04-03,483
A MINECRAFT MOVIE,id,A Minecraft Movie,2025-04-04,743
A MINECRAFT MOVIE,id,A Minecraft Movie,2025-04-05,809
A MINECRAFT MOVIE,id,A Minecraft Movie,2025-04-06,907
A MINECRAFT MOVIE,id,A Minecraft Movie,2025-04-07,910
A MINECRAFT MOVIE,id,A Minecraft Movie,2025-04-08,667
A MINECRAFT MOVIE,id,A Minecraft Movie,2025-04-09,788
A MINECRAFT MOVIE,id,A Minecraft Movie,2025-04-10,687
A MINECRAFT MOVIE,id,A Minecraft Movie,2025-04-11,718
A MINECRAFT MOVIE,id,A Minecraft Movie,2025-04-12,976
A MINECRAFT MOVIE,id,A Minecraft Movie,2025-04-13,778
A MINECRAFT MOVIE,id,A Minecraft Movie,2025-04-14,590
A MINECRAFT MOVIE,id,A Minecraft Movie,2025-04-15,447
A MINECRAFT MOVIE (3D),en,A Minecraft Movie,2025-03-05,10464
A MINECRAFT MOVIE (3D),en,A Minecraft Movie,2025-03-06,10182
A MINECRAFT MOVIE (3D),en,A Minecraft Movie,2025-03-07,9190
A MINECRAFT MOVIE (3D),en,A Minecraft Movie,2025-03-08,10003
A MINECRAFT MOVIE (3D),en,A Minecraft Movie,2025-03-09,10479
A MINECRAFT MOVIE (3D),en,A Minecraft Movie,2025-03-10,9690
A MINECRAFT MOVIE (3D),en,A Minecraft Movie,2025-03-11,8917
A MINECRAFT MOVIE (3D),en,A Minecraft Movie,2025-03-12,11415
A MINECRAFT MOVIE (3D),en,A Minecraft Movie,2025-03-13,11333
A MINECRAFT MOVIE (3D),en,A Minecraft Movie,2025-03-14,9957
A MINECRAFT MOVIE (3D),en,A Minecraft Movie,2025-03-15,10460
A MINECRAFT MOVIE (3D),en,A Minecraft Movie,2025-03-16,11130
A MINECRAFT MOVIE (3D),en,A Minecraft Movie,2025-03-17,10953
A MINECRAFT MOVIE (3D),en,A Minecraft Movie,2025-03-18,11432
A MINECRAFT MOVIE (3D),en,A Minecraft Movie,2025-03-19,11965
A MINECRAFT MOVIE (3D),en,A Minecraft Movie,2025-03-20,14652
A MINECRAFT MOVIE (3D),en,A Minecraft Movie,2025-03-21,15458
A MINECRAFT MOVIE (3D),en,A Minecraft Movie,2025-03-22,19474
A MINECRAFT MOVIE (3D),en,A Minecraft Movie,2025-03-23,24747
A MINECRAFT MOVIE (3D),en,A Minecraft Movie,2025-03-24,22690
A MINECRAFT MOVIE (3D),en,A Minecraft Movie,2025-03-25,21449
A MINECRAFT MOVIE (3D),en,A Minecraft Movie,2025-03-26,22946
A MINECRAFT MOVIE (3D),en,A Minecraft Movie,2025-03-27,24206
A MINECRAFT MOVIE (3D),en,A Minecraft Movie,2025-03-28,29741
A MINECRAFT MOVIE (3D),en,A Minecraft Movie,2025-03-29,38334
A MINECRAFT MOVIE (3D),en,A Minecraft Movie,2025-03-30,48991
A MINECRAFT MOVIE (3D),en,A Minecraft Movie,2025-03-31,71311
A MINECRAFT MOVIE (3D),en,A Minecraft Movie,2025-04-01,70789
A MINECRAFT MOVIE (3D),en,A Minecraft Movie,2025-04-02,91738
A MINECRAFT MOVIE (3D),en,A Minecraft Movie,2025-04-03,156636
A MINECRAFT MOVIE (3D),en,A Minecraft Movie,2025-04-04,296699
A MINECRAFT MOVIE (3D),en,A Minecraft Movie,2025-04-05,334840
A MINECRAFT MOVIE (3D),en,A Minecraft Movie,2025-04-06,373831
A MINECRAFT MOVIE (3D),en,A Minecraft Movie,2025-04-07,311854
A MINECRAFT MOVIE (3D),en,A Minecraft Movie,2025-04-08,222410
A MINECRAFT MOVIE (3D),en,A Minecraft Movie,2025-04-09,185656
A MINECRAFT MOVIE (3D),en,A Minecraft Movie,2025-04-10,164848
A MINECRAFT MOVIE (3D),en,A Minecraft Movie,2025-04-11,158928
A MINECRAFT MOVIE (3D),en,A Minecraft Movie,2025-04-12,186813
A MINECRAFT MOVIE (3D),en,A Minecraft Movie,2025-04-13,194182
A MINECRAFT MOVIE (3D),en,A Minecraft Movie,2025-04-14,163694
A MINECRAFT MOVIE (3D),en,A Minecraft Movie,2025-04-15,126316
A MINECRAFT MOVIE (3D),en,A Minecraft Movie,2025-04-16,113173
A MINECRAFT MOVIE (3D),en,A Minecraft Movie,2025-04-17,101903
A MINECRAFT MOVIE (3D),en,A Minecraft Movie,2025-04-18,115170
A MINECRAFT MOVIE (3D),en,A Minecraft Movie,2025-04-19,117440
A MINECRAFT MOVIE (3D),en,A Minecraft Movie,2025-04-20,124386
A MINECRAFT MOVIE (3D),id,A Minecraft Movie,2025-03-05,49
A MINECRAFT MOVIE (3D),id,A Minecraft Movie,2025-03-06,52
A MINECRAFT MOVIE (3D),id,A Minecraft Movie,2025-03-07,29
A MINECRAFT MOVIE (3D),id,A Minecraft Movie,2025-03-08,37
A MINECRAFT MOVIE (3D),id,A Minecraft Movie,2025-03-09,48
A MINECRAFT MOVIE (3D),id,A Minecraft Movie,2025-03-10,38
A MINECRAFT MOVIE (3D),id,A Minecraft Movie,2025-03-11,37
A MINECRAFT MOVIE (3D),id,A Minecraft Movie,2025-03-12,33
A MINECRAFT MOVIE (3D),id,A Minecraft Movie,2025-03-13,34
A MINECRAFT MOVIE (3D),id,A Minecraft Movie,2025-03-14,48
A MINECRAFT MOVIE (3D),id,A Minecraft Movie,2025-03-15,56
A MINECRAFT MOVIE (3D),id,A Minecraft Movie,2025-03-16,41
A MINECRAFT MOVIE (3D),id,A Minecraft Movie,2025-03-17,37
A MINECRAFT MOVIE (3D),id,A Minecraft Movie,2025-03-18,38
A MINECRAFT MOVIE (3D),id,A Minecraft Movie,2025-03-19,43
A MINECRAFT MOVIE (3D),id,A Minecraft Movie,2025-03-20,44
A MINECRAFT MOVIE (3D),id,A Minecraft Movie,2025-03-21,62
A MINECRAFT MOVIE (3D),id,A Minecraft Movie,2025-03-22,79
A MINECRAFT MOVIE (3D),id,A Minecraft Movie,2025-03-23,98
A MINECRAFT MOVIE (3D),id,A Minecraft Movie,2025-03-24,60
A MINECRAFT MOVIE (3D),id,A Minecraft Movie,2025-03-25,61
A MINECRAFT MOVIE (3D),id,A Minecraft Movie,2025-03-26,94
A MINECRAFT MOVIE (3D),id,A Minecraft Movie,2025-03-27,110
A MINECRAFT MOVIE (3D),id,A Minecraft Movie,2025-03-28,121
A MINECRAFT MOVIE (3D),id,A Minecraft Movie,2025-03-29,128
A MINECRAFT MOVIE (3D),id,A Minecraft Movie,2025-03-30,128
A MINECRAFT MOVIE (3D),id,A Minecraft Movie,2025-03-31,193
A MINECRAFT MOVIE (3D),id,A Minecraft Movie,2025-04-01,294
A MINECRAFT MOVIE (3D),id,A Minecraft Movie,2025-04-02,337
A MINECRAFT MOVIE (3D),id,A Minecraft Movie,2025-04-03,483
A MINECRAFT MOVIE (3D),id,A Minecraft Movie,2025-04-04,743
A MINECRAFT MOVIE (3D),id,A Minecraft Movie,2025-04-05,809
A MINECRAFT MOVIE (3D),id,A Minecraft Movie,2025-04-06,907
A MINECRAFT MOVIE (3D),id,A Minecraft Movie,2025-04-07,910
A MINECRAFT MOVIE (3D),id,A Minecraft Movie,2025-04-08,667
A MINECRAFT MOVIE (3D),id,A Minecraft Movie,2025-04-09,788
A MINECRAFT MOVIE (3D),id,A Minecraft Movie,2025-04-10,687
A MINECRAFT MOVIE (3D),id,A Minecraft Movie,2025-04-11,718
A MINECRAFT MOVIE (3D),id,A Minecraft Movie,2025-04-12,976
A MINECRAFT MOVIE (3D),id,A Minecraft Movie,2025-04-13,778
A MINECRAFT MOVIE (3D),id,A Minecraft Movie,2025-04-14,590
A MINECRAFT MOVIE (3D),id,A Minecraft Movie,2025-04-15,447
A MINECRAFT MOVIE (3D),id,A Minecraft Movie,2025-04-16,430
A MINECRAFT MOVIE (3D),id,A Minecraft Movie,2025-04-17,397
A MINECRAFT MOVIE (3D),id,A Minecraft Movie,2025-04-18,564
A MINECRAFT MOVIE (3D),id,A Minecraft Movie,2025-04-19,531
A MINECRAFT MOVIE (3D),id,A Minecraft Movie,2025-04-20,504
A MINECRAFT MOVIE (IMAX 2D),en,A Minecraft Movie,2025-03-04,10167
A MINECRAFT MOVIE (IMAX 2D),en,A Minecraft Movie,2025-03-05,10464
A MINECRAFT MOVIE (IMAX 2D),en,A Minecraft Movie,2025-03-06,10182
A MINECRAFT MOVIE (IMAX 2D),en,A Minecraft Movie,2025-03-07,9190
A MINECRAFT MOVIE (IMAX 2D),en,A Minecraft Movie,2025-03-08,10003
A MINECRAFT MOVIE (IMAX 2D),en,A Minecraft Movie,2025-03-09,10479
A MINECRAFT MOVIE (IMAX 2D),en,A Minecraft Movie,2025-03-10,9690
A MINECRAFT MOVIE (IMAX 2D),en,A Minecraft Movie,2025-03-11,8917
A MINECRAFT MOVIE (IMAX 2D),en,A Minecraft Movie,2025-03-12,11415
A MINECRAFT MOVIE (IMAX 2D),en,A Minecraft Movie,2025-03-13,11333
A MINECRAFT MOVIE (IMAX 2D),en,A Minecraft Movie,2025-03-14,9957
A MINECRAFT MOVIE (IMAX 2D),en,A Minecraft Movie,2025-03-15,10460
A MINECRAFT MOVIE (IMAX 2D),en,A Minecraft Movie,2025-03-16,11130
A MINECRAFT MOVIE (IMAX 2D),en,A Minecraft Movie,2025-03-17,10953
A MINECRAFT MOVIE (IMAX 2D),en,A Minecraft Movie,2025-03-18,11432
A MINECRAFT MOVIE (IMAX 2D),en,A Minecraft Movie,2025-03-19,11965
A MINECRAFT MOVIE (IMAX 2D),en,A Minecraft Movie,2025-03-20,14652
A MINECRAFT MOVIE (IMAX 2D),en,A Minecraft Movie,2025-03-21,15458
A MINECRAFT MOVIE (IMAX 2D),en,A Minecraft Movie,2025-03-22,19474
A MINECRAFT MOVIE (IMAX 2D),en,A Minecraft Movie,2025-03-23,24747
A MINECRAFT MOVIE (IMAX 2D),en,A Minecraft Movie,2025-03-24,22690
A MINECRAFT MOVIE (IMAX 2D),en,A Minecraft Movie,2025-03-25,21449
A MINECRAFT MOVIE (IMAX 2D),en,A Minecraft Movie,2025-03-26,22946
A MINECRAFT MOVIE (IMAX 2D),en,A Minecraft Movie,2025-03-27,24206
A MINECRAFT MOVIE (IMAX 2D),en,A Minecraft Movie,2025-03-28,29741
A MINECRAFT MOVIE (IMAX 2D),en,A Minecraft Movie,2025-03-29,38334
A MINECRAFT MOVIE (IMAX 2D),en,A Minecraft Movie,2025-03-30,48991
A MINECRAFT MOVIE (IMAX 2D),en,A Minecraft Movie,2025-03-31,71311
A MINECRAFT MOVIE (IMAX 2D),en,A Minecraft Movie,2025-04-01,70789
A MINECRAFT MOVIE (IMAX 2D),en,A Minecraft Movie,2025-04-02,91738
A MINECRAFT MOVIE (IMAX 2D),en,A Minecraft Movie,2025-04-03,156636
A MINECRAFT MOVIE (IMAX 2D),en,A Minecraft Movie,2025-04-04,296699
A MINECRAFT MOVIE (IMAX 2D),en,A Minecraft Movie,2025-04-05,334840
A MINECRAFT MOVIE (IMAX 2D),en,A Minecraft Movie,2025-04-06,373831
A MINECRAFT MOVIE (IMAX 2D),en,A Minecraft Movie,2025-04-07,311854
A MINECRAFT MOVIE (IMAX 2D),en,A Minecraft Movie,2025-04-08,222410
A MINECRAFT MOVIE (IMAX 2D),en,A Minecraft Movie,2025-04-09,185656
A MINECRAFT MOVIE (IMAX 2D),en,A Minecraft Movie,2025-04-10,164848
A MINECRAFT MOVIE (IMAX 2D),en,A Minecraft Movie,2025-04-11,158928
A MINECRAFT MOVIE (IMAX 2D),en,A Minecraft Movie,2025-04-12,186813
A MINECRAFT MOVIE (IMAX 2D),en,A Minecraft Movie,2025-04-13,194182
A MINECRAFT MOVIE (IMAX 2D),en,A Minecraft Movie,2025-04-14,163694
A MINECRAFT MOVIE (IMAX 2D),en,A Minecraft Movie,2025-04-15,126316
A MINECRAFT MOVIE (IMAX 2D),en,A Minecraft Movie,2025-04-16,113173
A MINECRAFT MOVIE (IMAX 2D),en,A Minecraft Movie,2025-04-17,101903
A MINECRAFT MOVIE (IMAX 2D),en,A Minecraft Movie,2025-04-18,115170
A MINECRAFT MOVIE (IMAX 2D),en,A Minecraft Movie,2025-04-19,117440
A MINECRAFT MOVIE (IMAX 2D),id,A Minecraft Movie,2025-03-04,64
A MINECRAFT MOVIE (IMAX 2D),id,A Minecraft Movie,2025-03-05,49
A MINECRAFT MOVIE (IMAX 2D),id,A Minecraft Movie,2025-03-06,52
A MINECRAFT MOVIE (IMAX 2D),id,A Minecraft Movie,2025-03-07,29
A MINECRAFT MOVIE (IMAX 2D),id,A Minecraft Movie,2025-03-08,37
A MINECRAFT MOVIE (IMAX 2D),id,A Minecraft Movie,2025-03-09,48
A MINECRAFT MOVIE (IMAX 2D),id,A Minecraft Movie,2025-03-10,38
A MINECRAFT MOVIE (IMAX 2D),id,A Minecraft Movie,2025-03-11,37
A MINECRAFT MOVIE (IMAX 2D),id,A Minecraft Movie,2025-03-12,33
A MINECRAFT MOVIE (IMAX 2D),id,A Minecraft Movie,2025-03-13,34
A MINECRAFT MOVIE (IMAX 2D),id,A Minecraft Movie,2025-03-14,48
A MINECRAFT MOVIE (IMAX 2D),id,A Minecraft Movie,2025-03-15,56
A MINECRAFT MOVIE (IMAX 2D),id,A Minecraft Movie,2025-03-16,41
A MINECRAFT MOVIE (IMAX 2D),id,A Minecraft Movie,2025-03-17,37
A MINECRAFT MOVIE (IMAX 2D),id,A Minecraft Movie,2025-03-18,38
A MINECRAFT MOVIE (IMAX 2D),id,A Minecraft Movie,2025-03-19,43
A MINECRAFT MOVIE (IMAX 2D),id,A Minecraft Movie,2025-03-20,44
A MINECRAFT MOVIE (IMAX 2D),id,A Minecraft Movie,2025-03-21,62
A MINECRAFT MOVIE (IMAX 2D),id,A Minecraft Movie,2025-03-22,79
A MINECRAFT MOVIE (IMAX 2D),id,A Minecraft Movie,2025-03-23,98
A MINECRAFT MOVIE (IMAX 2D),id,A Minecraft Movie,2025-03-24,60
A MINECRAFT MOVIE (IMAX 2D),id,A Minecraft Movie,2025-03-25,61
A MINECRAFT MOVIE (IMAX 2D),id,A Minecraft Movie,2025-03-26,94
A MINECRAFT MOVIE (IMAX 2D),id,A Minecraft Movie,2025-03-27,110
A MINECRAFT MOVIE (IMAX 2D),id,A Minecraft Movie,2025-03-28,121
A MINECRAFT MOVIE (IMAX 2D),id,A Minecraft Movie,2025-03-29,128
A MINECRAFT MOVIE (IMAX 2D),id,A Minecraft Movie,2025-03-30,128
A MINECRAFT MOVIE (IMAX 2D),id,A Minecraft Movie,2025-03-31,193
A MINECRAFT MOVIE (IMAX 2D),id,A Minecraft Movie,2025-04-01,294
A MINECRAFT MOVIE (IMAX 2D),id,A Minecraft Movie,2025-04-02,337
A MINECRAFT MOVIE (IMAX 2D),id,A Minecraft Movie,2025-04-03,483
A MINECRAFT MOVIE (IMAX 2D),id,A Minecraft Movie,2025-04-04,743
A MINECRAFT MOVIE (IMAX 2D),id,A Minecraft Movie,2025-04-05,809
A MINECRAFT MOVIE (IMAX 2D),id,A Minecraft Movie,2025-04-06,907
A MINECRAFT MOVIE (IMAX 2D),id,A Minecraft Movie,2025-04-07,910
A MINECRAFT MOVIE (IMAX 2D),id,A Minecraft Movie,2025-04-08,667
A MINECRAFT MOVIE (IMAX 2D),id,A Minecraft Movie,2025-04-09,788
A MINECRAFT MOVIE (IMAX 2D),id,A Minecraft Movie,2025-04-10,687
A MINECRAFT MOVIE (IMAX 2D),id,A Minecraft Movie,2025-04-11,718
A MINECRAFT MOVIE (IMAX 2D),id,A Minecraft Movie,2025-04-12,976
A MINECRAFT MOVIE (IMAX 2D),id,A Minecraft Movie,2025-04-13,778
A MINECRAFT MOVIE (IMAX 2D),id,A Minecraft Movie,2025-04-14,590
A MINECRAFT MOVIE (IMAX 2D),id,A Minecraft Movie,2025-04-15,447
A MINECRAFT MOVIE (IMAX 2D),id,A Minecraft Movie,2025-04-16,430
A MINECRAFT MOVIE (IMAX 2D),id,A Minecraft Movie,2025-04-17,397
A MINECRAFT MOVIE (IMAX 2D),id,A Minecraft Movie,2025-04-18,564
A MINECRAFT MOVIE (IMAX 2D),id,A Minecraft Movie,2025-04-19,531
A WORKING MAN,en,A Working Man,2025-02-25,3008
A WORKING MAN,en,A Working Man,2025-02-26,3435
A WORKING MAN,en,A Working Man,2025-02-27,4557
A WORKING MAN,en,A Working Man,2025-02-28,5620
A WORKING MAN,en,A Working Man,2025-03-01,6140
A WORKING MAN,en,A Working Man,2025-03-02,6468
A WORKING MAN,en,A Working Man,2025-03-03,6522
A WORKING MAN,en,A Working Man,2025-03-04,8161
A WORKING MAN,en,A Working Man,2025-03-05,8391
A WORKING MAN,en,A Working Man,2025-03-06,8631
A WORKING MAN,en,A Working Man,2025-03-07,8348
A WORKING MAN,en,A Working Man,2025-03-08,10623
A WORKING MAN,en,A Working Man,2025-03-09,11679
A WORKING MAN,en,A Working Man,2025-03-10,8594
A WORKING MAN,en,A Working Man,2025-03-11,8432
A WORKING MAN,en,A Working Man,2025-03-12,8043
A WORKING MAN,en,A Working Man,2025-03-13,6930
A WORKING MAN,en,A Working Man,2025-03-14,6531
A WORKING MAN,en,A Working Man,2025-03-15,7616
A WORKING MAN,en,A Working Man,2025-03-16,8615
A WORKING MAN,en,A Working Man,2025-03-17,7134
A WORKING MAN,en,A Working Man,2025-03-18,7207
A WORKING MAN,en,A Working Man,2025-03-19,7497
A WORKING MAN,en,A Working Man,2025-03-20,8977
A WORKING MAN,en,A Working Man,2025-03-21,9737
A WORKING MAN,en,A Working Man,2025-03-22,21261
A WORKING MAN,en,A Working Man,2025-03-23,30375
A WORKING MAN,en,A Working Man,2025-03-24,25847
A WORKING MAN,en,A Working Man,2025-03-25,27994
A WORKING MAN,en,A Working Man,2025-03-26,46264
A WORKING MAN,en,A Working Man,2025-03-27,67182
A WORKING MAN,en,A Working Man,2025-03-28,105996
A WORKING MAN,en,A Working Man,2025-03-29,165717
A WORKING MAN,en,A Working Man,2025-03-30,204056
A WORKING MAN,en,A Working Man,2025-03-31,161576
A WORKING MAN,en,A Working Man,2025-04-01,103006
A WORKING MAN,en,A Working Man,2025-04-02,81804
A WORKING MAN,en,A Working Man,2025-04-03,71245
A WORKING MAN,en,A Working Man,2025-04-04,68741
A WORKING MAN,en,A Working Man,2025-04-05,91541
A WORKING MAN,en,A Working Man,2025-04-06,90237
A WORKING MAN,en,A Working Man,2025-04-07,49858
A WORKING MAN,en,A Working Man,2025-04-08,44608
A WORKING MAN,en,A Working Man,2025-04-09,39604
A WORKING MAN,en,A Working Man,2025-04-10,36309
A WORKING MAN,en,A Working Man,2025-04-11,38043
A WORKING MAN,en,A Working Man,2025-04-12,52366
A WORKING MAN,id,A Working Man,2025-03-27,60
A WORKING MAN,id,A Working Man,2025-03-28,199
A WORKING MAN,id,A Working Man,2025-03-29,869
A WORKING MAN,id,A Working Man,2025-03-30,733
A WORKING MAN,id,A Working Man,2025-03-31,736
A WORKING MAN,id,A Working Man,2025-04-01,871
A WORKING MAN,id,A Working Man,2025-04-02,942
A WORKING MAN,id,A Working Man,2025-04-03,937
A WORKING MAN,id,A Working Man,2025-04-04,850
A WORKING MAN,id,A Working Man,2025-04-05,779
A WORKING MAN,id,A Working Man,2025-04-06,699
A WORKING MAN,id,A Working Man,2025-04-07,698
A WORKING MAN,id,A Working Man,2025-04-08,583
A WORKING MAN,id,A Working Man,2025-04-09,368
A WORKING MAN,id,A Working Man,2025-04-10,257
A WORKING MAN,id,A Working Man,2025-04-11,259
A WORKING MAN,id,A Working Man,2025-04-12,323
AFTERBURN,en,Afterburn (2025 film),2025-08-11,1167
AFTERBURN,en,Afterburn (2025 film),2025-08-12,981
AFTERBURN,en,Afterburn (2025 film),2025-08-13,1045
AFTERBURN,en,Afterburn (2025 film),2025-08-14,1013
AFTERBURN,en,Afterburn (2025 film),2025-08-15,1126
AFTERBURN,en,Afterburn (2025 film),2025-08-16,1212
AFTERBURN,en,Afterburn (2025 film),2025-08-17,1230
AFTERBURN,en,Afterburn (2025 film),2025-08-18,1578
AFTERBURN,en,Afterburn (2025 film),2025-08-19,1720
AFTERBURN,en,Afterburn (2025 film),2025-08-20,1930
AFTERBURN,en,Afterburn (2025 film),2025-08-21,2446
AFTERBURN,en,Afterburn (2025 film),2025-08-22,2626
AFTERBURN,en,Afterburn (2025 film),2025-08-23,2335
AFTERBURN,en,Afterburn (2025 film),2025-08-24,2290
AFTERBURN,en,Afterburn (2025 film),2025-08-25,2769
AFTERBURN,en,Afterburn (2025 film),2025-08-26,2580
AFTERBURN,en,Afterburn (2025 film),2025-08-27,2407
AFTERBURN,en,Afterburn (2025 film),2025-08-28,2081
AFTERBURN,en,Afterburn (2025 film),2025-08-29,1909
AFTERBURN,en,Afterburn (2025 film),2025-08-30,1809
AFTERBURN,en,Afterburn (2025 film),2025-08-31,1858
AFTERBURN,en,Afterburn (2025 film),2025-09-01,1797
AFTERBURN,en,Afterburn (2025 film),2025-09-02,1683
AFTERBURN,en,Afterburn (2025 film),2025-09-03,1596
AFTERBURN,en,Afterburn (2025 film),2025-09-04,1531
AFTERBURN,en,Afterburn (2025 film),2025-09-05,1311
AFTERBURN,en,Afterburn (2025 film),2025-09-06,1499
AFTERBURN,en,Afterburn (2025 film),2025-09-07,1535
AFTERBURN,en,Afterburn (2025 film),2025-09-08,1446
AFTERBURN,en,Afterburn (2025 film),2025-09-09,1944
AFTERBURN,en,Afterburn (2025 film),2025-09-10,2652
AFTERBURN,en,Afterburn (2025 film),2025-09-11,3742
AFTERBURN,en,Afterburn (2025 film),2025-09-12,4470
AFTERBURN,en,Afterburn (2025 film),2025-09-13,2689
AFTERBURN,en,Afterburn (2025 film),2025-09-14,2154
AFTERBURN,en,Afterburn (2025 film),2025-09-15,2368
AFTERBURN,en,Afterburn (2025 film),2025-09-16,2492
AFTERBURN,en,Afterburn (2025 film),2025-09-17,4066
AFTERBURN,en,Afterburn (2025 film),2025-09-18,5504
AFTERBURN,en,Afterburn (2025 film),2025-09-19,6824
AFTERBURN,en,Afterburn (2025 film),2025-09-20,6685
AFTERBURN,en,Afterburn (2025 film),2025-09-21,5467
AFTERBURN,en,Afterburn (2025 film),2025-09-22,3959
AFTERBURN,en,Afterburn (2025 film),2025-09-23,4352
AFTERBURN,en,Afterburn (2025 film),2025-09-24,4167
AFTERBURN,en,Afterburn (2025 film),2025-09-25,3912
AFTERBURN,en,Afterburn (2025 film),2025-09-26,7290
AFTERBURN,id,Afterburn (film 2025),2025-09-25,1
AFTERBURN,id,Afterburn (film 2025),2025-09-26,16
AGEN +62,id,Agen +62,2025-07-03,25
AGEN +62,id,Agen +62,2025-07-04,19
AGEN +62,id,Agen +62,2025-07-05,10
AGEN +62,id,Agen +62,2025-07-06,9
AGEN +62,id,Agen +62,2025-07-07,13
AGEN +62,id,Agen +62,2025-07-08,6
AGEN +62,id,Agen +62,2025-07-09,62
AGEN +62,id,Agen +62,2025-07-10,65
AGEN +62,id,Agen +62,2025-07-11,39
AGEN +62,id,Agen +62,2025-07-12,41
AHLAN SINGAPORE,id,Ahlan Singapore,2026-02-05,18
AHLAN SINGAPORE,id,Ahlan Singapore,2026-02-06,35
AHLAN SINGAPORE,id,Ahlan Singapore,2026-02-07,23
AHLAN SINGAPORE,id,Ahlan Singapore,2026-02-08,35
AHLAN SINGAPORE,id,Ahlan Singapore,2026-02-09,21
AHLAN SINGAPORE,id,Ahlan Singapore,2026-02-10,28
AHLAN SINGAPORE,id,Ahlan Singapore,2026-02-11,27
AHLAN SINGAPORE,id,Ahlan Singapore,2026-02-12,10
AHLAN SINGAPORE,id,Ahlan Singapore,2026-02-13,18
AHLAN SINGAPORE,id,Ahlan Singapore,2026-02-14,21
AHLAN SINGAPORE,id,Ahlan Singapore,2026-02-15,25
AHLAN SINGAPORE,id,Ahlan Singapore,2026-02-16,13
AIR MATA MUALAF,id,Air Mata Mualaf,2025-11-27,19
AIR MATA MUALAF,id,Air Mata Mualaf,2025-11-28,19
AIR MATA MUALAF,id,Air Mata Mualaf,2025-11-29,17
AIR MATA MUALAF,id,Air Mata Mualaf,2025-11-30,21
AIR MATA MUALAF,id,Air Mata Mualaf,2025-12-01,15
AIR MATA MUALAF,id,Air Mata Mualaf,2025-12-02,13
AIR MATA MUALAF,id,Air Mata Mualaf,2025-12-03,8
AIR MATA MUALAF,id,Air Mata Mualaf,2025-12-04,9
AIR MATA MUALAF,id,Air Mata Mualaf,2025-12-05,35
AIR MATA MUALAF,id,Air Mata Mualaf,2025-12-06,15
AIR MATA MUALAF,id,Air Mata Mualaf,2025-12-07,1
AIR MATA MUALAF,id,Air Mata Mualaf,2025-12-08,11
ANACONDA,en,Anaconda (2025 film),2025-11-19,2519
ANACONDA,en,Anaconda (2025 film),2025-11-20,2402
ANACONDA,en,Anaconda (2025 film),2025-11-21,2675
ANACONDA,en,Anaconda (2025 film),2025-11-22,3470
ANACONDA,en,Anaconda (2025 film),2025-11-23,3260
ANACONDA,en,Anaconda (2025 film),2025-11-24,3059
ANACONDA,en,Anaconda (2025 film),2025-11-25,2904
ANACONDA,en,Anaconda (2025 film),2025-11-26,4175
ANACONDA,en,Anaconda (2025 film),2025-11-27,6845
ANACONDA,en,Anaconda (2025 film),2025-11-28,6773
ANACONDA,en,Anaconda (2025 film),2025-11-29,7450
ANACONDA,en,Anaconda (2025 film),2025-11-30,6960
ANACONDA,en,Anaconda (2025 film),2025-12-01,5910
ANACONDA,en,Anaconda (2025 film),2025-12-02,5148
ANACONDA,en,Anaconda (2025 film),2025-12-03,4674
ANACONDA,en,Anaconda (2025 film),2025-12-04,4590
ANACONDA,en,Anaconda (2025 film),2025-12-05,4616
ANACONDA,en,Anaconda (2025 film),2025-12-06,4455
ANACONDA,en,Anaconda (2025 film),2025-12-07,6579
ANACONDA,en,Anaconda (2025 film),2025-12-08,7641
ANACONDA,en,Anaconda (2025 film),2025-12-09,4888
ANACONDA,en,Anaconda (2025 film),2025-12-10,4765
ANACONDA,en,Anaconda (2025 film),2025-12-11,4689
ANACONDA,en,Anaconda (2025 film),2025-12-12,4797
ANACONDA,en,Anaconda (2025 film),2025-12-13,6377
ANACONDA,en,Anaconda (2025 film),2025-12-14,15185
ANACONDA,en,Anaconda (2025 film),2025-12-15,10348
ANACONDA,en,Anaconda (2025 film),2025-12-16,10498
ANACONDA,en,Anaconda (2025 film),2025-12-17,10969
ANACONDA,en,Anaconda (2025 film),2025-12-18,13438
ANACONDA,en,Anaconda (2025 film),2025-12-19,16076
ANACONDA,en,Anaconda (2025 film),2025-12-20,16621
ANACONDA,en,Anaconda (2025 film),2025-12-21,20102
ANACONDA,en,Anaconda (2025 film),2025-12-22,17481
ANACONDA,en,Anaconda (2025 film),2025-12-23,33450
ANACONDA,en,Anaconda (2025 film),2025-12-24,45686
ANACONDA,en,Anaconda (2025 film),2025-12-25,68996
ANACONDA,en,Anaconda (2025 film),2025-12-26,74731
ANACONDA,en,Anaconda (2025 film),2025-12-27,59059
ANACONDA,en,Anaconda (2025 film),2025-12-28,52575
ANACONDA,en,Anaconda (2025 film),2025-12-29,46314
ANACONDA,en,Anaconda (2025 film),2025-12-30,40533
ANACONDA,en,Anaconda (2025 film),2025-12-31,33492
ANACONDA,en,Anaconda (2025 film),2026-01-01,31535
ANACONDA,en,Anaconda (2025 film),2026-01-02,31033
ANACONDA,en,Anaconda (2025 film),2026-01-03,28646
ANACONDA,en,Anaconda (2025 film),2026-01-04,27001
ANGEL POL,id,Angel Pol,2025-06-18,1
ANGEL POL,id,Angel Pol,2025-06-19,42
ANGEL POL,id,Angel Pol,2025-06-20,63
ANGKARA MURKA,id,Angkara Murka (film 2025),2025-05-21,2
ANGKARA MURKA,id,Angkara Murka (film 2025),2025-05-22,16
ANGKARA MURKA,id,Angkara Murka (film 2025),2025-05-23,48
ANGKARA MURKA,id,Angkara Murka (film 2025),2025-05-24,14
ANGKARA MURKA,id,Angkara Murka (film 2025),2025-05-25,33
ANGKARA MURKA,id,Angkara Murka (film 2025),2025-05-26,33
ASSALAMUALAIKUM BEIJING 2: LOST IN NINGXIA,id,Assalamualaikum Beijing 2: Lost in Ningxia,2025-06-18,1
ASSALAMUALAIKUM BEIJING 2: LOST IN NINGXIA,id,Assalamualaikum Beijing 2: Lost in Ningxia,2025-06-19,37
ASSALAMUALAIKUM BEIJING 2: LOST IN NINGXIA,id,Assalamualaikum Beijing 2: Lost in Ningxia,2025-06-20,28
ASSALAMUALAIKUM BEIJING 2: LOST IN NINGXIA,id,Assalamualaikum Beijing 2: Lost in Ningxia,2025-06-21,28
AVATAR: FIRE AND ASH,en,Avatar: Fire and Ash,2025-11-12,12323
AVATAR: FIRE AND ASH,en,Avatar: Fire and Ash,2025-11-13,10436
AVATAR: FIRE AND ASH,en,Avatar: Fire and Ash,2025-11-14,12139
AVATAR: FIRE AND ASH,en,Avatar: Fire and Ash,2025-11-15,12318
AVATAR: FIRE AND ASH,en,Avatar: Fire and Ash,2025-11-16,14217
AVATAR: FIRE AND ASH,en,Avatar: Fire and Ash,2025-11-17,17554
AVATAR: FIRE AND ASH,en,Avatar: Fire and Ash,2025-11-18,25430
AVATAR: FIRE AND ASH,en,Avatar: Fire and Ash,2025-11-19,18598
AVATAR: FIRE AND ASH,en,Avatar: Fire and Ash,2025-11-20,16151
AVATAR: FIRE AND ASH,en,Avatar: Fire and Ash,2025-11-21,14826
AVATAR: FIRE AND ASH,en,Avatar: Fire and Ash,2025-11-22,15100
AVATAR: FIRE AND ASH,en,Avatar: Fire and Ash,2025-11-23,17311
AVATAR: FIRE AND ASH,en,Avatar: Fire and Ash,2025-11-24,17751
AVATAR: FIRE AND ASH,en,Avatar: Fire and Ash,2025-11-25,14852
AVATAR: FIRE AND ASH,en,Avatar: Fire and Ash,2025-11-26,16157
AVATAR: FIRE AND ASH,en,Avatar: Fire and Ash,2025-11-27,21616
AVATAR: FIRE AND ASH,en,Avatar: Fire and Ash,2025-11-28,23936
AVATAR: FIRE AND ASH,en,Avatar: Fire and Ash,2025-11-29,24472
AVATAR: FIRE AND ASH,en,Avatar: Fire and Ash,2025-11-30,24231
AVATAR: FIRE AND ASH,en,Avatar: Fire and Ash,2025-12-01,28272
AVATAR: FIRE AND ASH,en,Avatar: Fire and Ash,2025-12-02,55233
AVATAR: FIRE AND ASH,en,Avatar: Fire and Ash,2025-12-03,52109
AVATAR: FIRE AND ASH,en,Avatar: Fire and Ash,2025-12-04,42403
AVATAR: FIRE AND ASH,en,Avatar: Fire and Ash,2025-12-05,39876
AVATAR: FIRE AND ASH,en,Avatar: Fire and Ash,2025-12-06,38528
AVATAR: FIRE AND ASH,en,Avatar: Fire and Ash,2025-12-07,40524
AVATAR: FIRE AND ASH,en,Avatar: Fire and Ash,2025-12-08,43800
AVATAR: FIRE AND ASH,en,Avatar: Fire and Ash,2025-12-09,44281
AVATAR: FIRE AND ASH,en,Avatar: Fire and Ash,2025-12-10,41728
AVATAR: FIRE AND ASH,en,Avatar: Fire and Ash,2025-12-11,42074
AVATAR: FIRE AND ASH,en,Avatar: Fire and Ash,2025-12-12,46054
AVATAR: FIRE AND ASH,en,Avatar: Fire and Ash,2025-12-13,53121
AVATAR: FIRE AND ASH,en,Avatar: Fire and Ash,2025-12-14,58971
AVATAR: FIRE AND ASH,en,Avatar: Fire and Ash,2025-12-15,71331
AVATAR: FIRE AND ASH,en,Avatar: Fire and Ash,2025-12-16,117892
AVATAR: FIRE AND ASH,en,Avatar: Fire and Ash,2025-12-17,173394
AVATAR: FIRE AND ASH,en,Avatar: Fire and Ash,2025-12-18,269389
AVATAR: FIRE AND ASH,en,Avatar: Fire and Ash,2025-12-19,469510
AVATAR: FIRE AND ASH,en,Avatar: Fire and Ash,2025-12-20,494427
AVATAR: FIRE AND ASH,en,Avatar: Fire and Ash,2025-12-21,493463
AVATAR: FIRE AND ASH,en,Avatar: Fire and Ash,2025-12-22,451144
AVATAR: FIRE AND ASH,en,Avatar: Fire and Ash,2025-12-23,368503
AVATAR: FIRE AND ASH,en,Avatar: Fire and Ash,2025-12-24,327453
AVATAR: FIRE AND ASH,en,Avatar: Fire and Ash,2025-12-25,309093
AVATAR: FIRE AND ASH,en,Avatar: Fire and Ash,2025-12-26,304884
AVATAR: FIRE AND ASH,en,Avatar: Fire and Ash,2025-12-27,314428
AVATAR: FIRE AND ASH,en,Avatar: Fire and Ash,2025-12-28,315210
AVATAR: FIRE AND ASH (3D),en,Avatar: Fire and Ash,2025-11-12,12323
AVATAR: FIRE AND ASH (3D),en,Avatar: Fire and Ash,2025-11-13,10436
AVATAR: FIRE AND ASH (3D),en,Avatar: Fire and Ash,2025-11-14,12139
AVATAR: FIRE AND ASH (3D),en,Avatar: Fire and Ash,2025-11-15,12318
AVATAR: FIRE AND ASH (3D),en,Avatar: Fire and Ash,2025-11-16,14217
AVATAR: FIRE AND ASH (3D),en,Avatar: Fire and Ash,2025-11-17,17554
AVATAR: FIRE AND ASH (3D),en,Avatar: Fire and Ash,2025-11-18,25430
AVATAR: FIRE AND ASH (3D),en,Avatar: Fire and Ash,2025-11-19,18598
AVATAR: FIRE AND ASH (3D),en,Avatar: Fire and Ash,2025-11-20,16151
AVATAR: FIRE AND ASH (3D),en,Avatar: Fire and Ash,2025-11-21,14826
AVATAR: FIRE AND ASH (3D),en,Avatar: Fire and Ash,2025-11-22,15100
AVATAR: FIRE AND ASH (3D),en,Avatar: Fire and Ash,2025-11-23,17311
AVATAR: FIRE AND ASH (3D),en,Avatar: Fire and Ash,2025-11-24,17751
AVATAR: FIRE AND ASH (3D),en,Avatar: Fire and Ash,2025-11-25,14852
AVATAR: FIRE AND ASH (3D),en,Avatar: Fire and Ash,2025-11-26,16157
AVATAR: FIRE AND ASH (3D),en,Avatar: Fire and Ash,2025-11-27,21616
AVATAR: FIRE AND ASH (3D),en,Avatar: Fire and Ash,2025-11-28,23936
AVATAR: FIRE AND ASH (3D),en,Avatar: Fire and Ash,2025-11-29,24472
AVATAR: FIRE AND ASH (3D),en,Avatar: Fire and Ash,2025-11-30,24231
AVATAR: FIRE AND ASH (3D),en,Avatar: Fire and Ash,2025-12-01,28272
AVATAR: FIRE AND ASH (3D),en,Avatar: Fire and Ash,2025-12-02,55233
AVATAR: FIRE AND ASH (3D),en,Avatar: Fire and Ash,2025-12-03,52109
AVATAR: FIRE AND ASH (3D),en,Avatar: Fire and Ash,2025-12-04,42403
AVATAR: FIRE AND ASH (3D),en,Avatar: Fire and Ash,2025-12-05,39876
AVATAR: FIRE AND ASH (3D),en,Avatar: Fire and Ash,2025-12-06,38528
AVATAR: FIRE AND ASH (3D),en,Avatar: Fire and Ash,2025-12-07,40524
AVATAR: FIRE AND ASH (3D),en,Avatar: Fire and Ash,2025-12-08,43800
AVATAR: FIRE AND ASH (3D),en,Avatar: Fire and Ash,2025-12-09,44281
AVATAR: FIRE AND ASH (3D),en,Avatar: Fire and Ash,2025-12-10,41728
AVATAR: FIRE AND ASH (3D),en,Avatar: Fire and Ash,2025-12-11,42074
AVATAR: FIRE AND ASH (3D),en,Avatar: Fire and Ash,2025-12-12,46054
AVATAR: FIRE AND ASH (3D),en,Avatar: Fire and Ash,2025-12-13,53121
AVATAR: FIRE AND ASH (3D),en,Avatar: Fire and Ash,2025-12-14,58971
AVATAR: FIRE AND ASH (3D),en,Avatar: Fire and Ash,2025-12-15,71331
AVATAR: FIRE AND ASH (3D),en,Avatar: Fire and Ash,2025-12-16,117892
AVATAR: FIRE AND ASH (3D),en,Avatar: Fire and Ash,2025-12-17,173394
AVATAR: FIRE AND ASH (3D),en,Avatar: Fire and Ash,2025-12-18,269389
AVATAR: FIRE AND ASH (3D),en,Avatar: Fire and Ash,2025-12-19,469510
AVATAR: FIRE AND ASH (3D),en,Avatar: Fire and Ash,2025-12-20,494427
AVATAR: FIRE AND ASH (3D),en,Avatar: Fire and Ash,2025-12-21,493463
AVATAR: FIRE AND ASH (3D),en,Avatar: Fire and Ash,2025-12-22,451144
AVATAR: FIRE AND ASH (3D),en,Avatar: Fire and Ash,2025-12-23,368503
AVATAR: FIRE AND ASH (3D),en,Avatar: Fire and Ash,2025-12-24,327453
AVATAR: FIRE AND ASH (3D),en,Avatar: Fire and Ash,2025-12-25,309093
AVATAR: FIRE AND ASH (3D),en,Avatar: Fire and Ash,2025-12-26,304884
AVATAR: FIRE AND ASH (3D),en,Avatar: Fire and Ash,2025-12-27,314428
AVATAR: FIRE AND ASH (3D),en,Avatar: Fire and Ash,2025-12-28,315210
AVATAR: FIRE AND ASH (IMAX 3D),en,Avatar: Fire and Ash,2025-11-12,12323
AVATAR: FIRE AND ASH (IMAX 3D),en,Avatar: Fire and Ash,2025-11-13,10436
AVATAR: FIRE AND ASH (IMAX 3D),en,Avatar: Fire and Ash,2025-11-14,12139
AVATAR: FIRE AND ASH (IMAX 3D),en,Avatar: Fire and Ash,2025-11-15,12318
AVATAR: FIRE AND ASH (IMAX 3D),en,Avatar: Fire and Ash,2025-11-16,14217
AVATAR: FIRE AND ASH (IMAX 3D),en,Avatar: Fire and Ash,2025-11-17,17554
AVATAR: FIRE AND ASH (IMAX 3D),en,Avatar: Fire and Ash,2025-11-18,25430
AVATAR: FIRE AND ASH (IMAX 3D),en,Avatar: Fire and Ash,2025-11-19,18598
AVATAR: FIRE AND ASH (IMAX 3D),en,Avatar: Fire and Ash,2025-11-20,16151
AVATAR: FIRE AND ASH (IMAX 3D),en,Avatar: Fire and Ash,2025-11-21,14826
AVATAR: FIRE AND ASH (IMAX 3D),en,Avatar: Fire and Ash,2025-11-22,15100
AVATAR: FIRE AND ASH (IMAX 3D),en,Avatar: Fire and Ash,2025-11-23,17311
AVATAR: FIRE AND ASH (IMAX 3D),en,Avatar: Fire and Ash,2025-11-24,17751
AVATAR: FIRE AND ASH (IMAX 3D),en,Avatar: Fire and Ash,2025-11-25,14852
AVATAR: FIRE AND ASH (IMAX 3D),en,Avatar: Fire and Ash,2025-11-26,16157
AVATAR: FIRE AND ASH (IMAX 3D),en,Avatar: Fire and Ash,2025-11-27,21616
AVATAR: FIRE AND ASH (IMAX 3D),en,Avatar: Fire and Ash,2025-11-28,23936
AVATAR: FIRE AND ASH (IMAX 3D),en,Avatar: Fire and Ash,2025-11-29,24472
AVATAR: FIRE AND ASH (IMAX 3D),en,Avatar: Fire and Ash,2025-11-30,24231
AVATAR: FIRE AND ASH (IMAX 3D),en,Avatar: Fire and Ash,2025-12-01,28272
AVATAR: FIRE AND ASH (IMAX 3D),en,Avatar: Fire and Ash,2025-12-02,55233
AVATAR: FIRE AND ASH (IMAX 3D),en,Avatar: Fire and Ash,2025-12-03,52109
AVATAR: FIRE AND ASH (IMAX 3D),en,Avatar: Fire and Ash,2025-12-04,42403
AVATAR: FIRE AND ASH (IMAX 3D),en,Avatar: Fire and Ash,2025-12-05,39876
AVATAR: FIRE AND ASH (IMAX 3D),en,Avatar: Fire and Ash,2025-12-06,38528
AVATAR: FIRE AND ASH (IMAX 3D),en,Avatar: Fire and Ash,2025-12-07,40524
AVATAR: FIRE AND ASH (IMAX 3D),en,Avatar: Fire and Ash,2025-12-08,43800
AVATAR: FIRE AND ASH (IMAX 3D),en,Avatar: Fire and Ash,2025-12-09,44281
AVATAR: FIRE AND ASH (IMAX 3D),en,Avatar: Fire and Ash,2025-12-10,41728
AVATAR: FIRE AND ASH (IMAX 3D),en,Avatar: Fire and Ash,2025-12-11,42074
AVATAR: FIRE AND ASH (IMAX 3D),en,Avatar: Fire and Ash,2025-12-12,46054
AVATAR: FIRE AND ASH (IMAX 3D),en,Avatar: Fire and Ash,2025-12-13,53121
AVATAR: FIRE AND ASH (IMAX 3D),en,Avatar: Fire and Ash,2025-12-14,58971
AVATAR: FIRE AND ASH (IMAX 3D),en,Avatar: Fire and Ash,2025-12-15,71331
AVATAR: FIRE AND ASH (IMAX 3D),en,Avatar: Fire and Ash,2025-12-16,117892
AVATAR: FIRE AND ASH (IMAX 3D),en,Avatar: Fire and Ash,2025-12-17,173394
AVATAR: FIRE AND ASH (IMAX 3D),en,Avatar: Fire and Ash,2025-12-18,269389
AVATAR: FIRE AND ASH (IMAX 3D),en,Avatar: Fire and Ash,2025-12-19,469510
AVATAR: FIRE AND ASH (IMAX 3D),en,Avatar: Fire and Ash,2025-12-20,494427
AVATAR: FIRE AND ASH (IMAX 3D),en,Avatar: Fire and Ash,2025-12-21,493463
AVATAR: FIRE AND ASH (IMAX 3D),en,Avatar: Fire and Ash,2025-12-22,451144
AVATAR: FIRE AND ASH (IMAX 3D),en,Avatar: Fire and Ash,2025-12-23,368503
AVATAR: FIRE AND ASH (IMAX 3D),en,Avatar: Fire and Ash,2025-12-24,327453
AVATAR: FIRE AND ASH (IMAX 3D),en,Avatar: Fire and Ash,2025-12-25,309093
AVATAR: FIRE AND ASH (IMAX 3D),en,Avatar: Fire and Ash,2025-12-26,304884
AVATAR: FIRE AND ASH (IMAX 3D),en,Avatar: Fire and Ash,2025-12-27,314428
AVATAR: FIRE AND ASH (IMAX 3D),en,Avatar: Fire and Ash,2025-12-28,315210
BAAGHI 4,en,Baaghi 4,2025-08-08,648
BAAGHI 4,en,Baaghi 4,2025-08-09,851
BAAGHI 4,en,Baaghi 4,2025-08-10,974
BAAGHI 4,en,Baaghi 4,2025-08-11,11414
BAAGHI 4,en,Baaghi 4,2025-08-12,12412
BAAGHI 4,en,Baaghi 4,2025-08-13,9653
BAAGHI 4,en,Baaghi 4,2025-08-14,7558
BAAGHI 4,en,Baaghi 4,2025-08-15,7080
BAAGHI 4,en,Baaghi 4,2025-08-16,6388
BAAGHI 4,en,Baaghi 4,2025-08-17,5857
BAAGHI 4,en,Baaghi 4,2025-08-18,9523
BAAGHI 4,en,Baaghi 4,2025-08-19,8210
BAAGHI 4,en,Baaghi 4,2025-08-20,6578
BAAGHI 4,en,Baaghi 4,2025-08-21,5935
BAAGHI 4,en,Baaghi 4,2025-08-22,7219
BAAGHI 4,en,Baaghi 4,2025-08-23,7456
BAAGHI 4,en,Baaghi 4,2025-08-24,6958
BAAGHI 4,en,Baaghi 4,2025-08-25,6917
BAAGHI 4,en,Baaghi 4,2025-08-26,7951
BAAGHI 4,en,Baaghi 4,2025-08-27,7636
BAAGHI 4,en,Baaghi 4,2025-08-28,7354
BAAGHI 4,en,Baaghi 4,2025-08-29,9565
BAAGHI 4,en,Baaghi 4,2025-08-30,23229
BAAGHI 4,en,Baaghi 4,2025-08-31,18952
BAAGHI 4,en,Baaghi 4,2025-09-01,15626
BAAGHI 4,en,Baaghi 4,2025-09-02,17424
BAAGHI 4,en,Baaghi 4,2025-09-03,17377
BAAGHI 4,en,Baaghi 4,2025-09-04,28279
BAAGHI 4,en,Baaghi 4,2025-09-05,138737
BAAGHI 4,en,Baaghi 4,2025-09-06,181024
BAAGHI 4,en,Baaghi 4,2025-09-07,148450
BAAGHI 4,en,Baaghi 4,2025-09-08,116272
BAAGHI 4,en,Baaghi 4,2025-09-09,90278
BAAGHI 4,en,Baaghi 4,2025-09-10,77284
BAAGHI 4,en,Baaghi 4,2025-09-11,67946
BAAGHI 4,en,Baaghi 4,2025-09-12,60098
BAAGHI 4,en,Baaghi 4,2025-09-13,46546
BAAGHI 4,en,Baaghi 4,2025-09-14,42883
BAAGHI 4,en,Baaghi 4,2025-09-15,34188
BAAGHI 4,en,Baaghi 4,2025-09-16,29524
BAAGHI 4,en,Baaghi 4,2025-09-17,26084
BAAGHI 4,en,Baaghi 4,2025-09-18,22870
BAAGHI 4,en,Baaghi 4,2025-09-19,20025
BAAGHI 4,en,Baaghi 4,2025-09-20,19776
BAAGHI 4,en,Baaghi 4,2025-09-21,19349
BAAGHI 4,en,Baaghi 4,2025-09-22,15959
BAAGHI 4,en,Baaghi 4,2025-09-23,13772
BAD GENIUS,en,Bad Genius (2024 film),2025-05-29,481
BAD GENIUS,en,Bad Genius (2024 film),2025-05-30,481
BAD GENIUS,en,Bad Genius (2024 film),2025-05-31,723
BAD GENIUS,en,Bad Genius (2024 film),2025-06-01,656
BAD GENIUS,en,Bad Genius (2024 film),2025-06-02,621
BAD GENIUS,en,Bad Genius (2024 film),2025-06-03,593
BAD GENIUS,en,Bad Genius (2024 film),2025-06-04,454
BAD GENIUS,en,Bad Genius (2024 film),2025-06-05,384
BAD GENIUS,en,Bad Genius (2024 film),2025-06-06,341
BAD GENIUS,en,Bad Genius (2024 film),2025-06-07,389
BAD GENIUS,en,Bad Genius (2024 film),2025-06-08,416
BAD GENIUS,en,Bad Genius (2024 film),2025-06-09,350
BAD GENIUS,en,Bad Genius (2024 film),2025-06-10,312
BAD GENIUS,en,Bad Genius (2024 film),2025-06-11,261
BAD GENIUS,en,Bad Genius (2024 film),2025-06-12,308
BAD GENIUS,en,Bad Genius (2024 film),2025-06-13,292
BAD GENIUS,en,Bad Genius (2024 film),2025-06-14,307
BAD GENIUS,en,Bad Genius (2024 film),2025-06-15,325
BAD GENIUS,en,Bad Genius (2024 film),2025-06-16,284
BAD GENIUS,en,Bad Genius (2024 film),2025-06-17,312
BAD GENIUS,en,Bad Genius (2024 film),2025-06-18,308
BAD GENIUS,en,Bad Genius (2024 film),2025-06-19,384
BAD GENIUS,en,Bad Genius (2024 film),2025-06-20,843
BAD GENIUS,en,Bad Genius (2024 film),2025-06-21,645
BAD GENIUS,en,Bad Genius (2024 film),2025-06-22,515
BAD GENIUS,en,Bad Genius (2024 film),2025-06-23,1205
BAD GENIUS,en,Bad Genius (2024 film),2025-06-24,1451
BAD GENIUS,en,Bad Genius (2024 film),2025-06-25,884
BAD GENIUS,en,Bad Genius (2024 film),2025-06-26,697
BAD GENIUS,en,Bad Genius (2024 film),2025-06-27,707
BAD GENIUS,en,Bad Genius (2024 film),2025-06-28,513
BAD GENIUS,en,Bad Genius (2024 film),2025-06-29,470
BAD GENIUS,en,Bad Genius (2024 film),2025-06-30,361
BAD GENIUS,en,Bad Genius (2024 film),2025-07-01,332
BAD GENIUS,en,Bad Genius (2024 film),2025-07-02,302
BAD GENIUS,en,Bad Genius (2024 film),2025-07-03,309
BAD GENIUS,en,Bad Genius (2024 film),2025-07-04,385
BAD GENIUS,en,Bad Genius (2024 film),2025-07-05,443
BAD GENIUS,en,Bad Genius (2024 film),2025-07-06,453
BAD GENIUS,en,Bad Genius (2024 film),2025-07-07,405
BAD GENIUS,en,Bad Genius (2024 film),2025-07-08,369
BAD GENIUS,en,Bad Genius (2024 film),2025-07-09,354
BAD GENIUS,en,Bad Genius (2024 film),2025-07-10,272
BAD GENIUS,en,Bad Genius (2024 film),2025-07-11,292
BAD GENIUS,en,Bad Genius (2024 film),2025-07-12,344
BAD GENIUS,en,Bad Genius (2024 film),2025-07-13,499
BAD GENIUS,en,Bad Genius (2024 film),2025-07-14,638
BAD GENIUS,id,Bad Genius (film 2024),2025-05-29,8
BAD GENIUS,id,Bad Genius (film 2024),2025-05-30,8
BAD GENIUS,id,Bad Genius (film 2024),2025-05-31,6
BAD GENIUS,id,Bad Genius (film 2024),2025-06-01,7
BAD GENIUS,id,Bad Genius (film 2024),2025-06-02,8
BAD GENIUS,id,Bad Genius (film 2024),2025-06-03,5
BAD GENIUS,id,Bad Genius (film 2024),2025-06-04,3
BAD GENIUS,id,Bad Genius (film 2024),2025-06-05,6
BAD GENIUS,id,Bad Genius (film 2024),2025-06-06,11
BAD GENIUS,id,Bad Genius (film 2024),2025-06-07,1
BAD GENIUS,id,Bad Genius (film 2024),2025-06-08,7
BAD GENIUS,id,Bad Genius (film 2024),2025-06-09,7
BAD GENIUS,id,Bad Genius (film 2024),2025-06-10,2
BAD GENIUS,id,Bad Genius (film 2024),2025-06-11,7
BAD GENIUS,id,Bad Genius (film 2024),2025-06-12,3
BAD GENIUS,id,Bad Genius (film 2024),2025-06-13,7
BAD GENIUS,id,Bad Genius (film 2024),2025-06-14,8
BAD GENIUS,id,Bad Genius (film 2024),2025-06-15,7
BAD GENIUS,id,Bad Genius (film 2024),2025-06-16,6
BAD GENIUS,id,Bad Genius (film 2024),2025-06-17,4
BAD GENIUS,id,Bad Genius (film 2024),2025-06-18,2
BAD GENIUS,id,Bad Genius (film 2024),2025-06-19,3
BAD GENIUS,id,Bad Genius (film 2024),2025-06-20,4
BAD GENIUS,id,Bad Genius (film 2024),2025-06-21,5
BAD GENIUS,id,Bad Genius (film 2024),2025-06-22,5
BAD GENIUS,id,Bad Genius (film 2024),2025-06-23,8
BAD GENIUS,id,Bad Genius (film 2024),2025-06-24,8
BAD GENIUS,id,Bad Genius (film 2024),2025-06-25,19
BAD GENIUS,id,Bad Genius (film 2024),2025-06-26,10
BAD GENIUS,id,Bad Genius (film 2024),2025-06-27,12
BAD GENIUS,id,Bad Genius (film 2024),2025-06-28,5
BAD GENIUS,id,Bad Genius (film 2024),2025-06-29,8
BAD GENIUS,id,Bad Genius (film 2024),2025-06-30,12
BAD GENIUS,id,Bad Genius (film 2024),2025-07-01,10
BAD GENIUS,id,Bad Genius (film 2024),2025-07-02,13
BAD GENIUS,id,Bad Genius (film 2024),2025-07-03,20
BAD GENIUS,id,Bad Genius (film 2024),2025-07-04,65
BAD GENIUS,id,Bad Genius (film 2024),2025-07-05,93
BAD GENIUS,id,Bad Genius (film 2024),2025-07-06,78
BAD GENIUS,id,Bad Genius (film 2024),2025-07-07,48
BAD GENIUS,id,Bad Genius (film 2024),2025-07-08,48
BAD GENIUS,id,Bad Genius (film 2024),2025-07-09,39
BAD GENIUS,id,Bad Genius (film 2024),2025-07-10,22
BAD GENIUS,id,Bad Genius (film 2024),2025-07-11,20
BAD GENIUS,id,Bad Genius (film 2024),2025-07-12,17
BAD GENIUS,id,Bad Genius (film 2024),2025-07-13,13
BAD GENIUS,id,Bad Genius (film 2024),2025-07-14,8
BALAS BUDI,id,Balas Budi,2026-02-05,20
BALAS BUDI,id,Balas Budi,2026-02-06,35
BALAS BUDI,id,Balas Budi,2026-02-07,7
BALAS BUDI,id,Balas Budi,2026-02-08,14
BALAS BUDI,id,Balas Budi,2026-02-09,5
BALAS BUDI,id,Balas Budi,2026-02-10,9
BALAS BUDI,id,Balas Budi,2026-02-11,15
BALAS BUDI,id,Balas Budi,2026-02-12,7
BALAS BUDI,id,Balas Budi,2026-02-13,6
BALAS BUDI,id,Balas Budi,2026-02-14,4
BALAS BUDI,id,Balas Budi,2026-02-15,9
BALAS BUDI,id,Balas Budi,2026-02-16,6
BALLERINA,en,Ballerina (2025 film),2025-04-30,2
BALLERINA,en,Ballerina (2025 film),2025-05-01,2
BALLERINA,en,Ballerina (2025 film),2025-05-02,3
BALLERINA,en,Ballerina (2025 film),2025-05-03,7
BALLERINA,en,Ballerina (2025 film),2025-05-04,17
BALLERINA,en,Ballerina (2025 film),2025-05-05,7
BALLERINA,en,Ballerina (2025 film),2025-05-06,3
BALLERINA,en,Ballerina (2025 film),2025-05-07,6
BALLERINA,en,Ballerina (2025 film),2025-05-08,2
BALLERINA,en,Ballerina (2025 film),2025-05-09,3
BALLERINA,en,Ballerina (2025 film),2025-05-10,5
BALLERINA,en,Ballerina (2025 film),2025-05-11,3
BALLERINA,en,Ballerina (2025 film),2025-05-12,3
BALLERINA,en,Ballerina (2025 film),2025-05-13,10
BALLERINA,en,Ballerina (2025 film),2025-05-14,13
BALLERINA,en,Ballerina (2025 film),2025-05-15,747
BALLERINA,en,Ballerina (2025 film),2025-05-16,9652
BALLERINA,en,Ballerina (2025 film),2025-05-17,17546
BALLERINA,en,Ballerina (2025 film),2025-05-18,18395
BALLERINA,en,Ballerina (2025 film),2025-05-19,16885
BALLERINA,en,Ballerina (2025 film),2025-05-20,14689
BALLERINA,en,Ballerina (2025 film),2025-05-21,17450
BALLERINA,en,Ballerina (2025 film),2025-05-22,23767
BALLERINA,en,Ballerina (2025 film),2025-05-23,27590
BALLERINA,en,Ballerina (2025 film),2025-05-24,25763
BALLERINA,en,Ballerina (2025 film),2025-05-25,27238
BALLERINA,en,Ballerina (2025 film),2025-05-26,28832
BALLERINA,en,Ballerina (2025 film),2025-05-27,27286
BALLERINA,en,Ballerina (2025 film),2025-05-28,25804
BALLERINA,en,Ballerina (2025 film),2025-05-29,28383
BALLERINA,en,Ballerina (2025 film),2025-05-30,32083
BALLERINA,en,Ballerina (2025 film),2025-05-31,38528
BALLERINA,en,Ballerina (2025 film),2025-06-01,44311
BALLERINA,en,Ballerina (2025 film),2025-06-02,43223
BALLERINA,en,Ballerina (2025 film),2025-06-03,48978
BALLERINA,en,Ballerina (2025 film),2025-06-04,81855
BALLERINA,en,Ballerina (2025 film),2025-06-05,129318
BALLERINA,en,Ballerina (2025 film),2025-06-06,190015
BALLERINA,en,Ballerina (2025 film),2025-06-07,196604
BALLERINA,en,Ballerina (2025 film),2025-06-08,182871
BALLERINA,en,Ballerina (2025 film),2025-06-09,135876
BALLERINA,en,Ballerina (2025 film),2025-06-10,104542
BALLERINA,en,Ballerina (2025 film),2025-06-11,95497
BALLERINA,en,Ballerina (2025 film),2025-06-12,85434
BALLERINA,en,Ballerina (2025 film),2025-06-13,94240
BALLERINA,en,Ballerina (2025 film),2025-06-14,98765
BALLERINA,en,Ballerina (2025 film),2025-06-15,99083
BALLERINA,id,Ballerina (film 2025),2025-06-06,97
BALLERINA,id,Ballerina (film 2025),2025-06-07,202
BALLERINA,id,Ballerina (film 2025),2025-06-08,465
BALLERINA,id,Ballerina (film 2025),2025-06-09,391
BALLERINA,id,Ballerina (film 2025),2025-06-10,335
BALLERINA,id,Ballerina (film 2025),2025-06-11,624
BALLERINA,id,Ballerina (film 2025),2025-06-12,1087
BALLERINA,id,Ballerina (film 2025),2025-06-13,1175
BALLERINA,id,Ballerina (film 2025),2025-06-14,1298
BALLERINA,id,Ballerina (film 2025),2025-06-15,1189
BHOOL CHUK MAAF,en,Bhool Chuk Maaf,2025-04-18,1520
BHOOL CHUK MAAF,en,Bhool Chuk Maaf,2025-04-19,1347
BHOOL CHUK MAAF,en,Bhool Chuk Maaf,2025-04-20,1499
BHOOL CHUK MAAF,en,Bhool Chuk Maaf,2025-04-21,1445
BHOOL CHUK MAAF,en,Bhool Chuk Maaf,2025-04-22,1359
BHOOL CHUK MAAF,en,Bhool Chuk Maaf,2025-04-23,1274
BHOOL CHUK MAAF,en,Bhool Chuk Maaf,2025-04-24,1572
BHOOL CHUK MAAF,en,Bhool Chuk Maaf,2025-04-25,1948
BHOOL CHUK MAAF,en,Bhool Chuk Maaf,2025-04-26,1987
BHOOL CHUK MAAF,en,Bhool Chuk Maaf,2025-04-27,1753
BHOOL CHUK MAAF,en,Bhool Chuk Maaf,2025-04-28,1535
BHOOL CHUK MAAF,en,Bhool Chuk Maaf,2025-04-29,1572
BHOOL CHUK MAAF,en,Bhool Chuk Maaf,2025-04-30,1600
BHOOL CHUK MAAF,en,Bhool Chuk Maaf,2025-05-01,1963
BHOOL CHUK MAAF,en,Bhool Chuk Maaf,2025-05-02,2081
BHOOL CHUK MAAF,en,Bhool Chuk Maaf,2025-05-03,2289
BHOOL CHUK MAAF,en,Bhool Chuk Maaf,2025-05-04,2393
BHOOL CHUK MAAF,en,Bhool Chuk Maaf,2025-05-05,2385
BHOOL CHUK MAAF,en,Bhool Chuk Maaf,2025-05-06,2310
BHOOL CHUK MAAF,en,Bhool Chuk Maaf,2025-05-07,2169
BHOOL CHUK MAAF,en,Bhool Chuk Maaf,2025-05-08,5252
BHOOL CHUK MAAF,en,Bhool Chuk Maaf,2025-05-09,8991
BHOOL CHUK MAAF,en,Bhool Chuk Maaf,2025-05-10,8826
BHOOL CHUK MAAF,en,Bhool Chuk Maaf,2025-05-11,7847
BHOOL CHUK MAAF,en,Bhool Chuk Maaf,2025-05-12,7660
BHOOL CHUK MAAF,en,Bhool Chuk Maaf,2025-05-13,6441
BHOOL CHUK MAAF,en,Bhool Chuk Maaf,2025-05-14,7225
BHOOL CHUK MAAF,en,Bhool Chuk Maaf,2025-05-15,7591
BHOOL CHUK MAAF,en,Bhool Chuk Maaf,2025-05-16,7733
BHOOL CHUK MAAF,en,Bhool Chuk Maaf,2025-05-17,6257
BHOOL CHUK MAAF,en,Bhool Chuk Maaf,2025-05-18,5010
BHOOL CHUK MAAF,en,Bhool Chuk Maaf,2025-05-19,4347
BHOOL CHUK MAAF,en,Bhool Chuk Maaf,2025-05-20,4419
BHOOL CHUK MAAF,en,Bhool Chuk Maaf,2025-05-21,6015
BHOOL CHUK MAAF,en,Bhool Chuk Maaf,2025-05-22,10301
BHOOL CHUK MAAF,en,Bhool Chuk Maaf,2025-05-23,40643
BHOOL CHUK MAAF,en,Bhool Chuk Maaf,2025-05-24,43412
BHOOL CHUK MAAF,en,Bhool Chuk Maaf,2025-05-25,39974
BHOOL CHUK MAAF,en,Bhool Chuk Maaf,2025-05-26,35510
BHOOL CHUK MAAF,en,Bhool Chuk Maaf,2025-05-27,28507
BHOOL CHUK MAAF,en,Bhool Chuk Maaf,2025-05-28,24905
BHOOL CHUK MAAF,en,Bhool Chuk Maaf,2025-05-29,24482
BHOOL CHUK MAAF,en,Bhool Chuk Maaf,2025-05-30,22215
BHOOL CHUK MAAF,en,Bhool Chuk Maaf,2025-05-31,20097
BHOOL CHUK MAAF,en,Bhool Chuk Maaf,2025-06-01,18971
BHOOL CHUK MAAF,en,Bhool Chuk Maaf,2025-06-02,16963
BHOOL CHUK MAAF,en,Bhool Chuk Maaf,2025-06-03,15762
BIDADARI SURGA,id,Bidadari Surga,2026-01-14,4
BIDADARI SURGA,id,Bidadari Surga,2026-01-15,13
BIDADARI SURGA,id,Bidadari Surga,2026-01-16,8
BIDADARI SURGA,id,Bidadari Surga,2026-01-17,4
BIDADARI SURGA,id,Bidadari Surga,2026-01-18,9
BIDADARI SURGA,id,Bidadari Surga,2026-01-19,7
BIDADARI SURGA,id,Bidadari Surga,2026-01-20,12
BIDADARI SURGA,id,Bidadari Surga,2026-01-21,5
BIDADARI SURGA,id,Bidadari Surga,2026-01-22,3
BIDADARI SURGA,id,Bidadari Surga,2026-01-23,1
BIDADARI SURGA,id,Bidadari Surga,2026-01-24,4
BIDADARI SURGA,id,Bidadari Surga,2026-01-25,0
BIDADARI SURGA,id,Bidadari Surga,2026-01-26,3
BLACK PHONE 2,en,Black Phone 2,2025-09-10,3410
BLACK PHONE 2,en,Black Phone 2,2025-09-11,2446
BLACK PHONE 2,en,Black Phone 2,2025-09-12,2305
BLACK PHONE 2,en,Black Phone 2,2025-09-13,2408
BLACK PHONE 2,en,Black Phone 2,2025-09-14,2733
BLACK PHONE 2,en,Black Phone 2,2025-09-15,2522
BLACK PHONE 2,en,Black Phone 2,2025-09-16,2071
BLACK PHONE 2,en,Black Phone 2,2025-09-17,2046
BLACK PHONE 2,en,Black Phone 2,2025-09-18,2038
BLACK PHONE 2,en,Black Phone 2,2025-09-19,2419
BLACK PHONE 2,en,Black Phone 2,2025-09-20,3075
BLACK PHONE 2,en,Black Phone 2,2025-09-21,6116
BLACK PHONE 2,en,Black Phone 2,2025-09-22,7855
BLACK PHONE 2,en,Black Phone 2,2025-09-23,12406
BLACK PHONE 2,en,Black Phone 2,2025-09-24,8836
BLACK PHONE 2,en,Black Phone 2,2025-09-25,6678
BLACK PHONE 2,en,Black Phone 2,2025-09-26,5570
BLACK PHONE 2,en,Black Phone 2,2025-09-27,6210
BLACK PHONE 2,en,Black Phone 2,2025-09-28,8161
BLACK PHONE 2,en,Black Phone 2,2025-09-29,8212
BLACK PHONE 2,en,Black Phone 2,2025-09-30,5331
BLACK PHONE 2,en,Black Phone 2,2025-10-01,9197
BLACK PHONE 2,en,Black Phone 2,2025-10-02,12775
BLACK PHONE 2,en,Black Phone 2,2025-10-03,11086
BLACK PHONE 2,en,Black Phone 2,2025-10-04,10112
BLACK PHONE 2,en,Black Phone 2,2025-10-05,11248
BLACK PHONE 2,en,Black Phone 2,2025-10-06,11484
BLACK PHONE 2,en,Black Phone 2,2025-10-07,12538
BLACK PHONE 2,en,Black Phone 2,2025-10-08,10432
BLACK PHONE 2,en,Black Phone 2,2025-10-09,12169
BLACK PHONE 2,en,Black Phone 2,2025-10-10,12522
BLACK PHONE 2,en,Black Phone 2,2025-10-11,14398
BLACK PHONE 2,en,Black Phone 2,2025-10-12,17241
BLACK PHONE 2,en,Black Phone 2,2025-10-13,21219
BLACK PHONE 2,en,Black Phone 2,2025-10-14,18909
BLACK PHONE 2,en,Black Phone 2,2025-10-15,27003
BLACK PHONE 2,en,Black Phone 2,2025-10-16,42904
BLACK PHONE 2,en,Black Phone 2,2025-10-17,96102
BLACK PHONE 2,en,Black Phone 2,2025-10-18,87887
BLACK PHONE 2,en,Black Phone 2,2025-10-19,82062
BLACK PHONE 2,en,Black Phone 2,2025-10-20,68840
BLACK PHONE 2,en,Black Phone 2,2025-10-21,43874
BLACK PHONE 2,en,Black Phone 2,2025-10-22,36602
BLACK PHONE 2,en,Black Phone 2,2025-10-23,28708
BLACK PHONE 2,en,Black Phone 2,2025-10-24,28158
BLACK PHONE 2,en,Black Phone 2,2025-10-25,30808
BLACK PHONE 2,en,Black Phone 2,2025-10-26,32128
BLADES OF THE GUARDIANS,en,Blades of the Guardians,2026-01-13,1
BLADES OF THE GUARDIANS,en,Blades of the Guardians,2026-01-15,6
BLADES OF THE GUARDIANS,en,Blades of the Guardians,2026-01-16,3
BLADES OF THE GUARDIANS,en,Blades of the Guardians,2026-01-17,2
BLADES OF THE GUARDIANS,en,Blades of the Guardians,2026-01-18,6
BLADES OF THE GUARDIANS,en,Blades of the Guardians,2026-01-19,12
BLADES OF THE GUARDIANS,en,Blades of the Guardians,2026-01-20,6
BLADES OF THE GUARDIANS,en,Blades of the Guardians,2026-01-21,7
BLADES OF THE GUARDIANS,en,Blades of the Guardians,2026-01-22,8
BLADES OF THE GUARDIANS,en,Blades of the Guardians,2026-01-23,2
BLADES OF THE GUARDIANS,en,Blades of the Guardians,2026-01-24,8
BLADES OF THE GUARDIANS,en,Blades of the Guardians,2026-01-25,1
BLADES OF THE GUARDIANS,en,Blades of the Guardians,2026-01-26,6
BLADES OF THE GUARDIANS,en,Blades of the Guardians,2026-01-27,4
BLADES OF THE GUARDIANS,en,Blades of the Guardians,2026-01-28,932
BLADES OF THE GUARDIANS,en,Blades of the Guardians,2026-01-29,1689
BLADES OF THE GUARDIANS,en,Blades of the Guardians,2026-01-30,1286
BLADES OF THE GUARDIANS,en,Blades of the Guardians,2026-01-31,1393
BLADES OF THE GUARDIANS,en,Blades of the Guardians,2026-02-01,1112
BLADES OF THE GUARDIANS,en,Blades of the Guardians,2026-02-02,1004
BLADES OF THE GUARDIANS,en,Blades of the Guardians,2026-02-03,844
BLADES OF THE GUARDIANS,en,Blades of the Guardians,2026-02-04,958
BLADES OF THE GUARDIANS,en,Blades of the Guardians,2026-02-05,888
BLADES OF THE GUARDIANS,en,Blades of the Guardians,2026-02-06,973
BLADES OF THE GUARDIANS,en,Blades of the Guardians,2026-02-07,980
BLADES OF THE GUARDIANS,en,Blades of the Guardians,2026-02-08,1079
BLADES OF THE GUARDIANS,en,Blades of the Guardians,2026-02-09,999
BLADES OF THE GUARDIANS,en,Blades of the Guardians,2026-02-10,1700
BLADES OF THE GUARDIANS,en,Blades of the Guardians,2026-02-11,1324
BLADES OF THE GUARDIANS,en,Blades of the Guardians,2026-02-12,1910
BLADES OF THE GUARDIANS,en,Blades of the Guardians,2026-02-13,1545
BLADES OF THE GUARDIANS,en,Blades of the Guardians,2026-02-14,1715
BLADES OF THE GUARDIANS,en,Blades of the Guardians,2026-02-15,1832
BLADES OF THE GUARDIANS,en,Blades of the Guardians,2026-02-16,2346
BLADES OF THE GUARDIANS,en,Blades of the Guardians,2026-02-17,8622
BLADES OF THE GUARDIANS,en,Blades of the Guardians,2026-02-18,9972
BLADES OF THE GUARDIANS,en,Blades of the Guardians,2026-02-19,9295
BLADES OF THE GUARDIANS,en,Blades of the Guardians,2026-02-20,9952
BLADES OF THE GUARDIANS,en,Blades of the Guardians,2026-02-21,10127
BLADES OF THE GUARDIANS,en,Blades of the Guardians,2026-02-22,10029
BLADES OF THE GUARDIANS,en,Blades of the Guardians,2026-02-23,7352
BLADES OF THE GUARDIANS,en,Blades of the Guardians,2026-02-24,6430
BLADES OF THE GUARDIANS,en,Blades of the Guardians,2026-02-25,6333
BLADES OF THE GUARDIANS,en,Blades of the Guardians,2026-02-26,5285
BLADES OF THE GUARDIANS,en,Blades of the Guardians,2026-02-27,4921
BLADES OF THE GUARDIANS,en,Blades of the Guardians,2026-02-28,5684
BLADES OF THE GUARDIANS (IMAX 2D),en,Blades of the Guardians,2026-01-13,1
BLADES OF THE GUARDIANS (IMAX 2D),en,Blades of the Guardians,2026-01-15,6
BLADES OF THE GUARDIANS (IMAX 2D),en,Blades of the Guardians,2026-01-16,3
BLADES OF THE GUARDIANS (IMAX 2D),en,Blades of the Guardians,2026-01-17,2
BLADES OF THE GUARDIANS (IMAX 2D),en,Blades of the Guardians,2026-01-18,6
BLADES OF THE GUARDIANS (IMAX 2D),en,Blades of the Guardians,2026-01-19,12
BLADES OF THE GUARDIANS (IMAX 2D),en,Blades of the Guardians,2026-01-20,6
BLADES OF THE GUARDIANS (IMAX 2D),en,Blades of the Guardians,2026-01-21,7
BLADES OF THE GUARDIANS (IMAX 2D),en,Blades of the Guardians,2026-01-22,8
BLADES OF THE GUARDIANS (IMAX 2D),en,Blades of the Guardians,2026-01-23,2
BLADES OF THE GUARDIANS (IMAX 2D),en,Blades of the Guardians,2026-01-24,8
BLADES OF THE GUARDIANS (IMAX 2D),en,Blades of the Guardians,2026-01-25,1
BLADES OF THE GUARDIANS (IMAX 2D),en,Blades of the Guardians,2026-01-26,6
BLADES OF THE GUARDIANS (IMAX 2D),en,Blades of the Guardians,2026-01-27,4
BLADES OF THE GUARDIANS (IMAX 2D),en,Blades of the Guardians,2026-01-28,932
BLADES OF THE GUARDIANS (IMAX 2D),en,Blades of the Guardians,2026-01-29,1689
BLADES OF THE GUARDIANS (IMAX 2D),en,Blades of the Guardians,2026-01-30,1286
BLADES OF THE GUARDIANS (IMAX 2D),en,Blades of the Guardians,2026-01-31,1393
BLADES OF THE GUARDIANS (IMAX 2D),en,Blades of the Guardians,2026-02-01,1112
BLADES OF THE GUARDIANS (IMAX 2D),en,Blades of the Guardians,2026-02-02,1004
BLADES OF THE GUARDIANS (IMAX 2D),en,Blades of the Guardians,2026-02-03,844
BLADES OF THE GUARDIANS (IMAX 2D),en,Blades of the Guardians,2026-02-04,958
BLADES OF THE GUARDIANS (IMAX 2D),en,Blades of the Guardians,2026-02-05,888
BLADES OF THE GUARDIANS (IMAX 2D),en,Blades of the Guardians,2026-02-06,973
BLADES OF THE GUARDIANS (IMAX 2D),en,Blades of the Guardians,2026-02-07,980
BLADES OF THE GUARDIANS (IMAX 2D),en,Blades of the Guardians,2026-02-08,1079
BLADES OF THE GUARDIANS (IMAX 2D),en,Blades of the Guardians,2026-02-09,999
BLADES OF THE GUARDIANS (IMAX 2D),en,Blades of the Guardians,2026-02-10,1700
BLADES OF THE GUARDIANS (IMAX 2D),en,Blades of the Guardians,2026-02-11,1324
BLADES OF THE GUARDIANS (IMAX 2D),en,Blades of the Guardians,2026-02-12,1910
BLADES OF THE GUARDIANS (IMAX 2D),en,Blades of the Guardians,2026-02-13,1545
BLADES OF THE GUARDIANS (IMAX 2D),en,Blades of the Guardians,2026-02-14,1715
BLADES OF THE GUARDIANS (IMAX 2D),en,Blades of the Guardians,2026-02-15,1832
BLADES OF THE GUARDIANS (IMAX 2D),en,Blades of the Guardians,2026-02-16,2346
BLADES OF THE GUARDIANS (IMAX 2D),en,Blades of the Guardians,2026-02-17,8622
BLADES OF THE GUARDIANS (IMAX 2D),en,Blades of the Guardians,2026-02-18,9972
BLADES OF THE GUARDIANS (IMAX 2D),en,Blades of the Guardians,2026-02-19,9295
BLADES OF THE GUARDIANS (IMAX 2D),en,Blades of the Guardians,2026-02-20,9952
BLADES OF THE GUARDIANS (IMAX 2D),en,Blades of the Guardians,2026-02-21,10127
BLADES OF THE GUARDIANS (IMAX 2D),en,Blades of the Guardians,2026-02-22,10029
BLADES OF THE GUARDIANS (IMAX 2D),en,Blades of the Guardians,2026-02-23,7352
BLADES OF THE GUARDIANS (IMAX 2D),en,Blades of the Guardians,2026-02-24,6430
BLADES OF THE GUARDIANS (IMAX 2D),en,Blades of the Guardians,2026-02-25,6333
BLADES OF THE GUARDIANS (IMAX 2D),en,Blades of the Guardians,2026-02-26,5285
BLADES OF THE GUARDIANS (IMAX 2D),en,Blades of the Guardians,2026-02-27,4921
BLADES OF THE GUARDIANS (IMAX 2D),en,Blades of the Guardians,2026-02-28,5684
BLADES OF THE GUARDIANS (IMAX 2D),id,Blades of the Guardians,2026-02-22,25
BLADES OF THE GUARDIANS (IMAX 2D),id,Blades of the Guardians,2026-02-23,35
BLADES OF THE GUARDIANS (IMAX 2D),id,Blades of the Guardians,2026-02-24,34
BLADES OF THE GUARDIANS (IMAX 2D),id,Blades of the Guardians,2026-02-25,28
BLADES OF THE GUARDIANS (IMAX 2D),id,Blades of the Guardians,2026-02-26,57
BLADES OF THE GUARDIANS (IMAX 2D),id,Blades of the Guardians,2026-02-27,48
BLADES OF THE GUARDIANS (IMAX 2D),id,Blades of the Guardians,2026-02-28,56
BRIDE HARD,en,Bride Hard,2025-06-06,752
BRIDE HARD,en,Bride Hard,2025-06-07,785
BRIDE HARD,en,Bride Hard,2025-06-08,889
BRIDE HARD,en,Bride Hard,2025-06-09,866
BRIDE HARD,en,Bride Hard,2025-06-10,1033
BRIDE HARD,en,Bride Hard,2025-06-11,1743
BRIDE HARD,en,Bride Hard,2025-06-12,2018
BRIDE HARD,en,Bride Hard,2025-06-13,2662
BRIDE HARD,en,Bride Hard,2025-06-14,3293
BRIDE HARD,en,Bride Hard,2025-06-15,3591
BRIDE HARD,en,Bride Hard,2025-06-16,4609
BRIDE HARD,en,Bride Hard,2025-06-17,4463
BRIDE HARD,en,Bride Hard,2025-06-18,4964
BRIDE HARD,en,Bride Hard,2025-06-19,7549
BRIDE HARD,en,Bride Hard,2025-06-20,8708
BRIDE HARD,en,Bride Hard,2025-06-21,9082
BRIDE HARD,en,Bride Hard,2025-06-22,7254
BRIDE HARD,en,Bride Hard,2025-06-23,5790
BRIDE HARD,en,Bride Hard,2025-06-24,4396
BRIDE HARD,en,Bride Hard,2025-06-25,3022
BRIDE HARD,en,Bride Hard,2025-06-26,3109
BRIDE HARD,en,Bride Hard,2025-06-27,3002
BRIDE HARD,en,Bride Hard,2025-06-28,3221
BRIDE HARD,en,Bride Hard,2025-06-29,3293
BRIDE HARD,en,Bride Hard,2025-06-30,2918
BRIDE HARD,en,Bride Hard,2025-07-01,2251
BRIDE HARD,en,Bride Hard,2025-07-02,1754
BRIDE HARD,en,Bride Hard,2025-07-03,1490
BRIDE HARD,en,Bride Hard,2025-07-04,2282
BRIDE HARD,en,Bride Hard,2025-07-05,2936
BRIDE HARD,en,Bride Hard,2025-07-06,2262
BRIDE HARD,en,Bride Hard,2025-07-07,2033
BRIDE HARD,en,Bride Hard,2025-07-08,2220
BRIDE HARD,en,Bride Hard,2025-07-09,1652
BRIDE HARD,en,Bride Hard,2025-07-10,1604
BRIDE HARD,en,Bride Hard,2025-07-11,1410
BRIDE HARD,en,Bride Hard,2025-07-12,724
BRIDE HARD,en,Bride Hard,2025-07-13,765
BRIDE HARD,en,Bride Hard,2025-07-14,680
BRIDE HARD,en,Bride Hard,2025-07-15,1692
BRIDE HARD,en,Bride Hard,2025-07-16,2329
BRIDE HARD,en,Bride Hard,2025-07-17,1227
BRIDE HARD,en,Bride Hard,2025-07-18,2294
BRIDE HARD,en,Bride Hard,2025-07-19,7070
BRIDE HARD,en,Bride Hard,2025-07-20,9319
BRIDE HARD,en,Bride Hard,2025-07-21,4399
BRIDE HARD,en,Bride Hard,2025-07-22,5394
BRING HER BACK,en,Bring Her Back,2025-04-30,2615
BRING HER BACK,en,Bring Her Back,2025-05-01,2395
BRING HER BACK,en,Bring Her Back,2025-05-02,2809
BRING HER BACK,en,Bring Her Back,2025-05-03,3190
BRING HER BACK,en,Bring Her Back,2025-05-04,3042
BRING HER BACK,en,Bring Her Back,2025-05-05,2689
BRING HER BACK,en,Bring Her Back,2025-05-06,2429
BRING HER BACK,en,Bring Her Back,2025-05-07,4804
BRING HER BACK,en,Bring Her Back,2025-05-08,5660
BRING HER BACK,en,Bring Her Back,2025-05-09,4692
BRING HER BACK,en,Bring Her Back,2025-05-10,4282
BRING HER BACK,en,Bring Her Back,2025-05-11,5040
BRING HER BACK,en,Bring Her Back,2025-05-12,4499
BRING HER BACK,en,Bring Her Back,2025-05-13,4275
BRING HER BACK,en,Bring Her Back,2025-05-14,4357
BRING HER BACK,en,Bring Her Back,2025-05-15,8168
BRING HER BACK,en,Bring Her Back,2025-05-16,16935
BRING HER BACK,en,Bring Her Back,2025-05-17,15453
BRING HER BACK,en,Bring Her Back,2025-05-18,12567
BRING HER BACK,en,Bring Her Back,2025-05-19,9885
BRING HER BACK,en,Bring Her Back,2025-05-20,24282
BRING HER BACK,en,Bring Her Back,2025-05-21,14847
BRING HER BACK,en,Bring Her Back,2025-05-22,15755
BRING HER BACK,en,Bring Her Back,2025-05-23,16099
BRING HER BACK,en,Bring Her Back,2025-05-24,17188
BRING HER BACK,en,Bring Her Back,2025-05-25,18893
BRING HER BACK,en,Bring Her Back,2025-05-26,20538
BRING HER BACK,en,Bring Her Back,2025-05-27,24307
BRING HER BACK,en,Bring Her Back,2025-05-28,27182
BRING HER BACK,en,Bring Her Back,2025-05-29,39559
BRING HER BACK,en,Bring Her Back,2025-05-30,87510
BRING HER BACK,en,Bring Her Back,2025-05-31,100679
BRING HER BACK,en,Bring Her Back,2025-06-01,83604
BRING HER BACK,en,Bring Her Back,2025-06-02,65471
BRING HER BACK,en,Bring Her Back,2025-06-03,50153
BRING HER BACK,en,Bring Her Back,2025-06-04,42845
BRING HER BACK,en,Bring Her Back,2025-06-05,38494
BRING HER BACK,en,Bring Her Back,2025-06-06,39503
BRING HER BACK,en,Bring Her Back,2025-06-07,44664
BRING HER BACK,en,Bring Her Back,2025-06-08,38826
BRING HER BACK,en,Bring Her Back,2025-06-09,29196
BRING HER BACK,en,Bring Her Back,2025-06-10,24228
BRING HER BACK,en,Bring Her Back,2025-06-11,25073
BRING HER BACK,en,Bring Her Back,2025-06-12,19552
BRING HER BACK,en,Bring Her Back,2025-06-13,18042
BRING HER BACK,en,Bring Her Back,2025-06-14,19309
BRING HER BACK,en,Bring Her Back,2025-06-15,20676
BRING HER BACK,id,Bring Her Back,2025-05-31,9
BRING HER BACK,id,Bring Her Back,2025-06-01,15
BRING HER BACK,id,Bring Her Back,2025-06-02,25
BRING HER BACK,id,Bring Her Back,2025-06-03,34
BRING HER BACK,id,Bring Her Back,2025-06-04,51
BRING HER BACK,id,Bring Her Back,2025-06-05,193
BRING HER BACK,id,Bring Her Back,2025-06-06,964
BRING HER BACK,id,Bring Her Back,2025-06-07,1050
BRING HER BACK,id,Bring Her Back,2025-06-08,948
BRING HER BACK,id,Bring Her Back,2025-06-09,707
BRING HER BACK,id,Bring Her Back,2025-06-10,559
BRING HER BACK,id,Bring Her Back,2025-06-11,581
BRING HER BACK,id,Bring Her Back,2025-06-12,503
BRING HER BACK,id,Bring Her Back,2025-06-13,425
BRING HER BACK,id,Bring Her Back,2025-06-14,432
BRING HER BACK,id,Bring Her Back,2025-06-15,357
CAUGHT STEALING,en,Caught Stealing,2025-09-25,2
CAUGHT STEALING,en,Caught Stealing,2025-09-26,4
CAUGHT STEALING,en,Caught Stealing,2025-09-27,3
CAUGHT STEALING,en,Caught Stealing,2025-09-28,8
CAUGHT STEALING,en,Caught Stealing,2025-09-29,4
CAUGHT STEALING,en,Caught Stealing,2025-09-30,26
CAUGHT STEALING,en,Caught Stealing,2025-10-01,9
CAUGHT STEALING,en,Caught Stealing,2025-10-02,13
CAUGHT STEALING,en,Caught Stealing,2025-10-03,7
CAUGHT STEALING,en,Caught Stealing,2025-10-04,17
CAUGHT STEALING,en,Caught Stealing,2025-10-05,18
CAUGHT STEALING,en,Caught Stealing,2025-10-06,5
CAUGHT STEALING,en,Caught Stealing,2025-10-07,10
CAUGHT STEALING,en,Caught Stealing,2025-10-08,9
CAUGHT STEALING,en,Caught Stealing,2025-10-09,12
CAUGHT STEALING,en,Caught Stealing,2025-10-10,13
CAUGHT STEALING,en,Caught Stealing,2025-10-11,13
CAUGHT STEALING,en,Caught Stealing,2025-10-12,8
CAUGHT STEALING,en,Caught Stealing,2025-10-13,12
CAUGHT STEALING,en,Caught Stealing,2025-10-14,573
CAUGHT STEALING,en,Caught Stealing,2025-10-15,2239
CAUGHT STEALING,en,Caught Stealing,2025-10-16,2566
CAUGHT STEALING,en,Caught Stealing,2025-10-17,2804
CAUGHT STEALING,en,Caught Stealing,2025-10-18,3997
CAUGHT STEALING,en,Caught Stealing,2025-10-19,4962
CAUGHT STEALING,en,Caught Stealing,2025-10-20,3706
CAUGHT STEALING,en,Caught Stealing,2025-10-21,2993
CAUGHT STEALING,en,Caught Stealing,2025-10-22,2829
CAUGHT STEALING,en,Caught Stealing,2025-10-23,2715
CAUGHT STEALING,en,Caught Stealing,2025-10-24,3696
CAUGHT STEALING,en,Caught Stealing,2025-10-25,4665
CAUGHT STEALING,en,Caught Stealing,2025-10-26,4891
CAUGHT STEALING,en,Caught Stealing,2025-10-27,3529
CAUGHT STEALING,en,Caught Stealing,2025-10-28,4100
CAUGHT STEALING,en,Caught Stealing,2025-10-29,5440
CAUGHT STEALING,en,Caught Stealing,2025-10-30,3942
CAUGHT STEALING,en,Caught Stealing,2025-10-31,3893
CAUGHT STEALING,en,Caught Stealing,2025-11-01,4210
CAUGHT STEALING,en,Caught Stealing,2025-11-02,4548
CAUGHT STEALING,en,Caught Stealing,2025-11-03,3724
CAUGHT STEALING,en,Caught Stealing,2025-11-04,3259
CAUGHT STEALING,en,Caught Stealing,2025-11-05,3063
CAUGHT STEALING,en,Caught Stealing,2025-11-06,3008
CAUGHT STEALING,en,Caught Stealing,2025-11-07,3356
CAUGHT STEALING,en,Caught Stealing,2025-11-08,3788
CAUGHT STEALING,en,Caught Stealing,2025-11-09,3802
CHAINSAW MAN - THE MOVIE: REZE ARC,id,Chainsaw Man – The Movie: Reze Arc,2025-10-06,18
CHAINSAW MAN - THE MOVIE: REZE ARC,id,Chainsaw Man – The Movie: Reze Arc,2025-10-07,65
CHAINSAW MAN - THE MOVIE: REZE ARC (IMAX 2D),en,Chainsaw Man – The Movie: Reze Arc,2025-08-22,2254
CHAINSAW MAN - THE MOVIE: REZE ARC (IMAX 2D),en,Chainsaw Man – The Movie: Reze Arc,2025-08-23,1879
CHAINSAW MAN - THE MOVIE: REZE ARC (IMAX 2D),en,Chainsaw Man – The Movie: Reze Arc,2025-08-24,1874
CHAINSAW MAN - THE MOVIE: REZE ARC (IMAX 2D),en,Chainsaw Man – The Movie: Reze Arc,2025-08-25,1847
CHAINSAW MAN - THE MOVIE: REZE ARC (IMAX 2D),en,Chainsaw Man – The Movie: Reze Arc,2025-08-26,2029
CHAINSAW MAN - THE MOVIE: REZE ARC (IMAX 2D),en,Chainsaw Man – The Movie: Reze Arc,2025-08-27,1879
CHAINSAW MAN - THE MOVIE: REZE ARC (IMAX 2D),en,Chainsaw Man – The Movie: Reze Arc,2025-08-28,1751
CHAINSAW MAN - THE MOVIE: REZE ARC (IMAX 2D),en,Chainsaw Man – The Movie: Reze Arc,2025-08-29,1698
CHAINSAW MAN - THE MOVIE: REZE ARC (IMAX 2D),en,Chainsaw Man – The Movie: Reze Arc,2025-08-30,1648
CHAINSAW MAN - THE MOVIE: REZE ARC (IMAX 2D),en,Chainsaw Man – The Movie: Reze Arc,2025-08-31,2101
CHAINSAW MAN - THE MOVIE: REZE ARC (IMAX 2D),en,Chainsaw Man – The Movie: Reze Arc,2025-09-01,2769
CHAINSAW MAN - THE MOVIE: REZE ARC (IMAX 2D),en,Chainsaw Man – The Movie: Reze Arc,2025-09-02,2430
CHAINSAW MAN - THE MOVIE: REZE ARC (IMAX 2D),en,Chainsaw Man – The Movie: Reze Arc,2025-09-03,2328
CHAINSAW MAN - THE MOVIE: REZE ARC (IMAX 2D),en,Chainsaw Man – The Movie: Reze Arc,2025-09-04,2161
CHAINSAW MAN - THE MOVIE: REZE ARC (IMAX 2D),en,Chainsaw Man – The Movie: Reze Arc,2025-09-05,2510
CHAINSAW MAN - THE MOVIE: REZE ARC (IMAX 2D),en,Chainsaw Man – The Movie: Reze Arc,2025-09-06,2800
CHAINSAW MAN - THE MOVIE: REZE ARC (IMAX 2D),en,Chainsaw Man – The Movie: Reze Arc,2025-09-07,2731
CHAINSAW MAN - THE MOVIE: REZE ARC (IMAX 2D),en,Chainsaw Man – The Movie: Reze Arc,2025-09-08,2564
CHAINSAW MAN - THE MOVIE: REZE ARC (IMAX 2D),en,Chainsaw Man – The Movie: Reze Arc,2025-09-09,2484
CHAINSAW MAN - THE MOVIE: REZE ARC (IMAX 2D),en,Chainsaw Man – The Movie: Reze Arc,2025-09-10,4088
CHAINSAW MAN - THE MOVIE: REZE ARC (IMAX 2D),en,Chainsaw Man – The Movie: Reze Arc,2025-09-11,4060
CHAINSAW MAN - THE MOVIE: REZE ARC (IMAX 2D),en,Chainsaw Man – The Movie: Reze Arc,2025-09-12,4534
CHAINSAW MAN - THE MOVIE: REZE ARC (IMAX 2D),en,Chainsaw Man – The Movie: Reze Arc,2025-09-13,5362
CHAINSAW MAN - THE MOVIE: REZE ARC (IMAX 2D),en,Chainsaw Man – The Movie: Reze Arc,2025-09-14,6150
CHAINSAW MAN - THE MOVIE: REZE ARC (IMAX 2D),en,Chainsaw Man – The Movie: Reze Arc,2025-09-15,8054
CHAINSAW MAN - THE MOVIE: REZE ARC (IMAX 2D),en,Chainsaw Man – The Movie: Reze Arc,2025-09-16,7695
CHAINSAW MAN - THE MOVIE: REZE ARC (IMAX 2D),en,Chainsaw Man – The Movie: Reze Arc,2025-09-17,7408
CHAINSAW MAN - THE MOVIE: REZE ARC (IMAX 2D),en,Chainsaw Man – The Movie: Reze Arc,2025-09-18,8371
CHAINSAW MAN - THE MOVIE: REZE ARC (IMAX 2D),en,Chainsaw Man – The Movie: Reze Arc,2025-09-19,12639
CHAINSAW MAN - THE MOVIE: REZE ARC (IMAX 2D),en,Chainsaw Man – The Movie: Reze Arc,2025-09-20,12919
CHAINSAW MAN - THE MOVIE: REZE ARC (IMAX 2D),en,Chainsaw Man – The Movie: Reze Arc,2025-09-21,12660
CHAINSAW MAN - THE MOVIE: REZE ARC (IMAX 2D),en,Chainsaw Man – The Movie: Reze Arc,2025-09-22,12320
CHAINSAW MAN - THE MOVIE: REZE ARC (IMAX 2D),en,Chainsaw Man – The Movie: Reze Arc,2025-09-23,11375
CHAINSAW MAN - THE MOVIE: REZE ARC (IMAX 2D),en,Chainsaw Man – The Movie: Reze Arc,2025-09-24,11497
CHAINSAW MAN - THE MOVIE: REZE ARC (IMAX 2D),en,Chainsaw Man – The Movie: Reze Arc,2025-09-25,13005
CHAINSAW MAN - THE MOVIE: REZE ARC (IMAX 2D),en,Chainsaw Man – The Movie: Reze Arc,2025-09-26,17730
CHAINSAW MAN - THE MOVIE: REZE ARC (IMAX 2D),en,Chainsaw Man – The Movie: Reze Arc,2025-09-27,19130
CHAINSAW MAN - THE MOVIE: REZE ARC (IMAX 2D),en,Chainsaw Man – The Movie: Reze Arc,2025-09-28,17071
CHAINSAW MAN - THE MOVIE: REZE ARC (IMAX 2D),en,Chainsaw Man – The Movie: Reze Arc,2025-09-29,15099
CHAINSAW MAN - THE MOVIE: REZE ARC (IMAX 2D),en,Chainsaw Man – The Movie: Reze Arc,2025-09-30,12630
CHAINSAW MAN - THE MOVIE: REZE ARC (IMAX 2D),en,Chainsaw Man – The Movie: Reze Arc,2025-10-01,11319
CHAINSAW MAN - THE MOVIE: REZE ARC (IMAX 2D),en,Chainsaw Man – The Movie: Reze Arc,2025-10-02,10733
CHAINSAW MAN - THE MOVIE: REZE ARC (IMAX 2D),en,Chainsaw Man – The Movie: Reze Arc,2025-10-03,10661
CHAINSAW MAN - THE MOVIE: REZE ARC (IMAX 2D),en,Chainsaw Man – The Movie: Reze Arc,2025-10-04,11885
CHAINSAW MAN - THE MOVIE: REZE ARC (IMAX 2D),en,Chainsaw Man – The Movie: Reze Arc,2025-10-05,10824
CHAINSAW MAN - THE MOVIE: REZE ARC (IMAX 2D),en,Chainsaw Man – The Movie: Reze Arc,2025-10-06,9832
CHAINSAW MAN - THE MOVIE: REZE ARC (IMAX 2D),en,Chainsaw Man – The Movie: Reze Arc,2025-10-07,10475
CHAINSAW MAN - THE MOVIE: REZE ARC (IMAX 2D),id,Chainsaw Man – The Movie: Reze Arc,2025-10-06,18
CHAINSAW MAN - THE MOVIE: REZE ARC (IMAX 2D),id,Chainsaw Man – The Movie: Reze Arc,2025-10-07,65
COCOTE TONGGO,id,Cocote Tonggo,2025-05-15,111
COCOTE TONGGO,id,Cocote Tonggo,2025-05-16,449
COCOTE TONGGO,id,Cocote Tonggo,2025-05-17,635
COCOTE TONGGO,id,Cocote Tonggo,2025-05-18,481
COCOTE TONGGO,id,Cocote Tonggo,2025-05-19,298
COCOTE TONGGO,id,Cocote Tonggo,2025-05-20,269
COLORFUL STAGE! THE MOVIE: A MIKU WHO CANT SING,en,Colorful Stage! The Movie: A Miku Who Can't Sing,2025-04-07,1507
COLORFUL STAGE! THE MOVIE: A MIKU WHO CANT SING,en,Colorful Stage! The Movie: A Miku Who Can't Sing,2025-04-08,1563
COLORFUL STAGE! THE MOVIE: A MIKU WHO CANT SING,en,Colorful Stage! The Movie: A Miku Who Can't Sing,2025-04-09,1738
COLORFUL STAGE! THE MOVIE: A MIKU WHO CANT SING,en,Colorful Stage! The Movie: A Miku Who Can't Sing,2025-04-10,1960
COLORFUL STAGE! THE MOVIE: A MIKU WHO CANT SING,en,Colorful Stage! The Movie: A Miku Who Can't Sing,2025-04-11,2016
COLORFUL STAGE! THE MOVIE: A MIKU WHO CANT SING,en,Colorful Stage! The Movie: A Miku Who Can't Sing,2025-04-12,2081
COLORFUL STAGE! THE MOVIE: A MIKU WHO CANT SING,en,Colorful Stage! The Movie: A Miku Who Can't Sing,2025-04-13,2125
COLORFUL STAGE! THE MOVIE: A MIKU WHO CANT SING,en,Colorful Stage! The Movie: A Miku Who Can't Sing,2025-04-14,2335
COLORFUL STAGE! THE MOVIE: A MIKU WHO CANT SING,en,Colorful Stage! The Movie: A Miku Who Can't Sing,2025-04-15,3837
COLORFUL STAGE! THE MOVIE: A MIKU WHO CANT SING,en,Colorful Stage! The Movie: A Miku Who Can't Sing,2025-04-16,3903
COLORFUL STAGE! THE MOVIE: A MIKU WHO CANT SING,en,Colorful Stage! The Movie: A Miku Who Can't Sing,2025-04-17,4297
COLORFUL STAGE! THE MOVIE: A MIKU WHO CANT SING,en,Colorful Stage! The Movie: A Miku Who Can't Sing,2025-04-18,9741
COLORFUL STAGE! THE MOVIE: A MIKU WHO CANT SING,en,Colorful Stage! The Movie: A Miku Who Can't Sing,2025-04-19,12320
COLORFUL STAGE! THE MOVIE: A MIKU WHO CANT SING,en,Colorful Stage! The Movie: A Miku Who Can't Sing,2025-04-20,11493
COLORFUL STAGE! THE MOVIE: A MIKU WHO CANT SING,en,Colorful Stage! The Movie: A Miku Who Can't Sing,2025-04-21,8342
COLORFUL STAGE! THE MOVIE: A MIKU WHO CANT SING,en,Colorful Stage! The Movie: A Miku Who Can't Sing,2025-04-22,5197
COLORFUL STAGE! THE MOVIE: A MIKU WHO CANT SING,en,Colorful Stage! The Movie: A Miku Who Can't Sing,2025-04-23,4812
COLORFUL STAGE! THE MOVIE: A MIKU WHO CANT SING,en,Colorful Stage! The Movie: A Miku Who Can't Sing,2025-04-24,3859
COLORFUL STAGE! THE MOVIE: A MIKU WHO CANT SING,en,Colorful Stage! The Movie: A Miku Who Can't Sing,2025-04-25,3285
COLORFUL STAGE! THE MOVIE: A MIKU WHO CANT SING,en,Colorful Stage! The Movie: A Miku Who Can't Sing,2025-04-26,3003
COLORFUL STAGE! THE MOVIE: A MIKU WHO CANT SING,en,Colorful Stage! The Movie: A Miku Who Can't Sing,2025-04-27,2958
COLORFUL STAGE! THE MOVIE: A MIKU WHO CANT SING,en,Colorful Stage! The Movie: A Miku Who Can't Sing,2025-04-28,2958
COLORFUL STAGE! THE MOVIE: A MIKU WHO CANT SING,en,Colorful Stage! The Movie: A Miku Who Can't Sing,2025-04-29,2232
COLORFUL STAGE! THE MOVIE: A MIKU WHO CANT SING,en,Colorful Stage! The Movie: A Miku Who Can't Sing,2025-04-30,1923
COLORFUL STAGE! THE MOVIE: A MIKU WHO CANT SING,en,Colorful Stage! The Movie: A Miku Who Can't Sing,2025-05-01,2045
COLORFUL STAGE! THE MOVIE: A MIKU WHO CANT SING,en,Colorful Stage! The Movie: A Miku Who Can't Sing,2025-05-02,1774
COLORFUL STAGE! THE MOVIE: A MIKU WHO CANT SING,en,Colorful Stage! The Movie: A Miku Who Can't Sing,2025-05-03,1831
COLORFUL STAGE! THE MOVIE: A MIKU WHO CANT SING,en,Colorful Stage! The Movie: A Miku Who Can't Sing,2025-05-04,1642
COLORFUL STAGE! THE MOVIE: A MIKU WHO CANT SING,en,Colorful Stage! The Movie: A Miku Who Can't Sing,2025-05-05,1516
COLORFUL STAGE! THE MOVIE: A MIKU WHO CANT SING,en,Colorful Stage! The Movie: A Miku Who Can't Sing,2025-05-06,1325
COLORFUL STAGE! THE MOVIE: A MIKU WHO CANT SING,en,Colorful Stage! The Movie: A Miku Who Can't Sing,2025-05-07,1305
COLORFUL STAGE! THE MOVIE: A MIKU WHO CANT SING,en,Colorful Stage! The Movie: A Miku Who Can't Sing,2025-05-08,1199
COLORFUL STAGE! THE MOVIE: A MIKU WHO CANT SING,en,Colorful Stage! The Movie: A Miku Who Can't Sing,2025-05-09,1556
COLORFUL STAGE! THE MOVIE: A MIKU WHO CANT SING,en,Colorful Stage! The Movie: A Miku Who Can't Sing,2025-05-10,1782
COLORFUL STAGE! THE MOVIE: A MIKU WHO CANT SING,en,Colorful Stage! The Movie: A Miku Who Can't Sing,2025-05-11,1868
COLORFUL STAGE! THE MOVIE: A MIKU WHO CANT SING,en,Colorful Stage! The Movie: A Miku Who Can't Sing,2025-05-12,1907
COLORFUL STAGE! THE MOVIE: A MIKU WHO CANT SING,en,Colorful Stage! The Movie: A Miku Who Can't Sing,2025-05-13,1464
COLORFUL STAGE! THE MOVIE: A MIKU WHO CANT SING,en,Colorful Stage! The Movie: A Miku Who Can't Sing,2025-05-14,1345
COLORFUL STAGE! THE MOVIE: A MIKU WHO CANT SING,en,Colorful Stage! The Movie: A Miku Who Can't Sing,2025-05-15,1157
COLORFUL STAGE! THE MOVIE: A MIKU WHO CANT SING,en,Colorful Stage! The Movie: A Miku Who Can't Sing,2025-05-16,1333
COLORFUL STAGE! THE MOVIE: A MIKU WHO CANT SING,en,Colorful Stage! The Movie: A Miku Who Can't Sing,2025-05-17,1218
COLORFUL STAGE! THE MOVIE: A MIKU WHO CANT SING,en,Colorful Stage! The Movie: A Miku Who Can't Sing,2025-05-18,1244
COLORFUL STAGE! THE MOVIE: A MIKU WHO CANT SING,en,Colorful Stage! The Movie: A Miku Who Can't Sing,2025-05-19,1129
COLORFUL STAGE! THE MOVIE: A MIKU WHO CANT SING,en,Colorful Stage! The Movie: A Miku Who Can't Sing,2025-05-20,978
COLORFUL STAGE! THE MOVIE: A MIKU WHO CANT SING,en,Colorful Stage! The Movie: A Miku Who Can't Sing,2025-05-21,905
COLORFUL STAGE! THE MOVIE: A MIKU WHO CANT SING,en,Colorful Stage! The Movie: A Miku Who Can't Sing,2025-05-22,825
COLORFUL STAGE! THE MOVIE: A MIKU WHO CANT SING,en,Colorful Stage! The Movie: A Miku Who Can't Sing,2025-05-23,813
COLORFUL STAGE! THE MOVIE: A MIKU WHO CANT SING,id,Colorful Stage! The Movie: A Miku Who Can't Sing,2025-04-07,20
COLORFUL STAGE! THE MOVIE: A MIKU WHO CANT SING,id,Colorful Stage! The Movie: A Miku Who Can't Sing,2025-04-08,13
COLORFUL STAGE! THE MOVIE: A MIKU WHO CANT SING,id,Colorful Stage! The Movie: A Miku Who Can't Sing,2025-04-09,15
COLORFUL STAGE! THE MOVIE: A MIKU WHO CANT SING,id,Colorful Stage! The Movie: A Miku Who Can't Sing,2025-04-10,12
COLORFUL STAGE! THE MOVIE: A MIKU WHO CANT SING,id,Colorful Stage! The Movie: A Miku Who Can't Sing,2025-04-11,13
COLORFUL STAGE! THE MOVIE: A MIKU WHO CANT SING,id,Colorful Stage! The Movie: A Miku Who Can't Sing,2025-04-12,19
COLORFUL STAGE! THE MOVIE: A MIKU WHO CANT SING,id,Colorful Stage! The Movie: A Miku Who Can't Sing,2025-04-13,15
COLORFUL STAGE! THE MOVIE: A MIKU WHO CANT SING,id,Colorful Stage! The Movie: A Miku Who Can't Sing,2025-04-14,11
COLORFUL STAGE! THE MOVIE: A MIKU WHO CANT SING,id,Colorful Stage! The Movie: A Miku Who Can't Sing,2025-04-15,22
COLORFUL STAGE! THE MOVIE: A MIKU WHO CANT SING,id,Colorful Stage! The Movie: A Miku Who Can't Sing,2025-04-16,36
COLORFUL STAGE! THE MOVIE: A MIKU WHO CANT SING,id,Colorful Stage! The Movie: A Miku Who Can't Sing,2025-04-17,14
COLORFUL STAGE! THE MOVIE: A MIKU WHO CANT SING,id,Colorful Stage! The Movie: A Miku Who Can't Sing,2025-04-18,36
COLORFUL STAGE! THE MOVIE: A MIKU WHO CANT SING,id,Colorful Stage! The Movie: A Miku Who Can't Sing,2025-04-19,49
COLORFUL STAGE! THE MOVIE: A MIKU WHO CANT SING,id,Colorful Stage! The Movie: A Miku Who Can't Sing,2025-04-20,42
COLORFUL STAGE! THE MOVIE: A MIKU WHO CANT SING,id,Colorful Stage! The Movie: A Miku Who Can't Sing,2025-04-21,34
COLORFUL STAGE! THE MOVIE: A MIKU WHO CANT SING,id,Colorful Stage! The Movie: A Miku Who Can't Sing,2025-04-22,18
COLORFUL STAGE! THE MOVIE: A MIKU WHO CANT SING,id,Colorful Stage! The Movie: A Miku Who Can't Sing,2025-04-23,21
COLORFUL STAGE! THE MOVIE: A MIKU WHO CANT SING,id,Colorful Stage! The Movie: A Miku Who Can't Sing,2025-04-24,26
COLORFUL STAGE! THE MOVIE: A MIKU WHO CANT SING,id,Colorful Stage! The Movie: A Miku Who Can't Sing,2025-04-25,29
COLORFUL STAGE! THE MOVIE: A MIKU WHO CANT SING,id,Colorful Stage! The Movie: A Miku Who Can't Sing,2025-04-26,24
COLORFUL STAGE! THE MOVIE: A MIKU WHO CANT SING,id,Colorful Stage! The Movie: A Miku Who Can't Sing,2025-04-27,22
COLORFUL STAGE! THE MOVIE: A MIKU WHO CANT SING,id,Colorful Stage! The Movie: A Miku Who Can't Sing,2025-04-28,20
COLORFUL STAGE! THE MOVIE: A MIKU WHO CANT SING,id,Colorful Stage! The Movie: A Miku Who Can't Sing,2025-04-29,22
COLORFUL STAGE! THE MOVIE: A MIKU WHO CANT SING,id,Colorful Stage! The Movie: A Miku Who Can't Sing,2025-04-30,33
COLORFUL STAGE! THE MOVIE: A MIKU WHO CANT SING,id,Colorful Stage! The Movie: A Miku Who Can't Sing,2025-05-01,32
COLORFUL STAGE! THE MOVIE: A MIKU WHO CANT SING,id,Colorful Stage! The Movie: A Miku Who Can't Sing,2025-05-02,30
COLORFUL STAGE! THE MOVIE: A MIKU WHO CANT SING,id,Colorful Stage! The Movie: A Miku Who Can't Sing,2025-05-03,48
COLORFUL STAGE! THE MOVIE: A MIKU WHO CANT SING,id,Colorful Stage! The Movie: A Miku Who Can't Sing,2025-05-04,50
COLORFUL STAGE! THE MOVIE: A MIKU WHO CANT SING,id,Colorful Stage! The Movie: A Miku Who Can't Sing,2025-05-05,57
COLORFUL STAGE! THE MOVIE: A MIKU WHO CANT SING,id,Colorful Stage! The Movie: A Miku Who Can't Sing,2025-05-06,69
COLORFUL STAGE! THE MOVIE: A MIKU WHO CANT SING,id,Colorful Stage! The Movie: A Miku Who Can't Sing,2025-05-07,77
COLORFUL STAGE! THE MOVIE: A MIKU WHO CANT SING,id,Colorful Stage! The Movie: A Miku Who Can't Sing,2025-05-08,95
COLORFUL STAGE! THE MOVIE: A MIKU WHO CANT SING,id,Colorful Stage! The Movie: A Miku Who Can't Sing,2025-05-09,229
COLORFUL STAGE! THE MOVIE: A MIKU WHO CANT SING,id,Colorful Stage! The Movie: A Miku Who Can't Sing,2025-05-10,244
COLORFUL STAGE! THE MOVIE: A MIKU WHO CANT SING,id,Colorful Stage! The Movie: A Miku Who Can't Sing,2025-05-11,277
COLORFUL STAGE! THE MOVIE: A MIKU WHO CANT SING,id,Colorful Stage! The Movie: A Miku Who Can't Sing,2025-05-12,215
COLORFUL STAGE! THE MOVIE: A MIKU WHO CANT SING,id,Colorful Stage! The Movie: A Miku Who Can't Sing,2025-05-13,118
COLORFUL STAGE! THE MOVIE: A MIKU WHO CANT SING,id,Colorful Stage! The Movie: A Miku Who Can't Sing,2025-05-14,83
COLORFUL STAGE! THE MOVIE: A MIKU WHO CANT SING,id,Colorful Stage! The Movie: A Miku Who Can't Sing,2025-05-15,90
COLORFUL STAGE! THE MOVIE: A MIKU WHO CANT SING,id,Colorful Stage! The Movie: A Miku Who Can't Sing,2025-05-16,87
COLORFUL STAGE! THE MOVIE: A MIKU WHO CANT SING,id,Colorful Stage! The Movie: A Miku Who Can't Sing,2025-05-17,89
COLORFUL STAGE! THE MOVIE: A MIKU WHO CANT SING,id,Colorful Stage! The Movie: A Miku Who Can't Sing,2025-05-18,57
COLORFUL STAGE! THE MOVIE: A MIKU WHO CANT SING,id,Colorful Stage! The Movie: A Miku Who Can't Sing,2025-05-19,52
COLORFUL STAGE! THE MOVIE: A MIKU WHO CANT SING,id,Colorful Stage! The Movie: A Miku Who Can't Sing,2025-05-20,61
COLORFUL STAGE! THE MOVIE: A MIKU WHO CANT SING,id,Colorful Stage! The Movie: A Miku Who Can't Sing,2025-05-21,66
COLORFUL STAGE! THE MOVIE: A MIKU WHO CANT SING,id,Colorful Stage! The Movie: A Miku Who Can't Sing,2025-05-22,35
COLORFUL STAGE! THE MOVIE: A MIKU WHO CANT SING,id,Colorful Stage! The Movie: A Miku Who Can't Sing,2025-05-23,22
COMIC 8 REVOLUTION SANTET K4BINET,id,Comic 8 Revolution: Santet K4bin3t,2025-12-25,79
COMIC 8 REVOLUTION SANTET K4BINET,id,Comic 8 Revolution: Santet K4bin3t,2025-12-26,335
COMIC 8 REVOLUTION SANTET K4BINET,id,Comic 8 Revolution: Santet K4bin3t,2025-12-27,609
COMIC 8 REVOLUTION SANTET K4BINET,id,Comic 8 Revolution: Santet K4bin3t,2025-12-28,698
COMIC 8 REVOLUTION SANTET K4BINET,id,Comic 8 Revolution: Santet K4bin3t,2025-12-29,639
COMIC 8 REVOLUTION SANTET K4BINET,id,Comic 8 Revolution: Santet K4bin3t,2025-12-30,486
COMIC 8 REVOLUTION SANTET K4BINET,id,Comic 8 Revolution: Santet K4bin3t,2025-12-31,712
COMIC 8 REVOLUTION SANTET K4BINET,id,Comic 8 Revolution: Santet K4bin3t,2026-01-01,722
COMIC 8 REVOLUTION SANTET K4BINET,id,Comic 8 Revolution: Santet K4bin3t,2026-01-02,446
COMIC 8 REVOLUTION SANTET K4BINET,id,Comic 8 Revolution: Santet K4bin3t,2026-01-03,355
COMIC 8 REVOLUTION SANTET K4BINET,id,Comic 8 Revolution: Santet K4bin3t,2026-01-04,310
CONCLAVE,en,Conclave (film),2025-02-25,58276
CONCLAVE,en,Conclave (film),2025-02-26,58660
CONCLAVE,en,Conclave (film),2025-02-27,52904
CONCLAVE,en,Conclave (film),2025-02-28,54785
CONCLAVE,en,Conclave (film),2025-03-01,84116
CONCLAVE,en,Conclave (film),2025-03-02,123625
CONCLAVE,en,Conclave (film),2025-03-03,203104
CONCLAVE,en,Conclave (film),2025-03-04,73649
CONCLAVE,en,Conclave (film),2025-03-05,47150
CONCLAVE,en,Conclave (film),2025-03-06,40610
CONCLAVE,en,Conclave (film),2025-03-07,38564
CONCLAVE,en,Conclave (film),2025-03-08,52507
CONCLAVE,en,Conclave (film),2025-03-09,56424
CONCLAVE,en,Conclave (film),2025-03-10,32067
CONCLAVE,en,Conclave (film),2025-03-11,22773
CONCLAVE,en,Conclave (film),2025-03-12,20397
CONCLAVE,en,Conclave (film),2025-03-13,18426
CONCLAVE,en,Conclave (film),2025-03-14,19013
CONCLAVE,en,Conclave (film),2025-03-15,28611
CONCLAVE,en,Conclave (film),2025-03-16,33369
CONCLAVE,en,Conclave (film),2025-03-17,20922
CONCLAVE,en,Conclave (film),2025-03-18,14867
CONCLAVE,en,Conclave (film),2025-03-19,13335
CONCLAVE,en,Conclave (film),2025-03-20,12763
CONCLAVE,en,Conclave (film),2025-03-21,13116
CONCLAVE,en,Conclave (film),2025-03-22,20353
CONCLAVE,en,Conclave (film),2025-03-23,24683
CONCLAVE,en,Conclave (film),2025-03-24,15301
CONCLAVE,en,Conclave (film),2025-03-25,12065
CONCLAVE,en,Conclave (film),2025-03-26,10870
CONCLAVE,en,Conclave (film),2025-03-27,9970
CONCLAVE,en,Conclave (film),2025-03-28,11283
CONCLAVE,en,Conclave (film),2025-03-29,15926
CONCLAVE,en,Conclave (film),2025-03-30,17484
CONCLAVE,en,Conclave (film),2025-03-31,11577
CONCLAVE,en,Conclave (film),2025-04-01,8675
CONCLAVE,en,Conclave (film),2025-04-02,7750
CONCLAVE,en,Conclave (film),2025-04-03,7652
CONCLAVE,en,Conclave (film),2025-04-04,8745
CONCLAVE,en,Conclave (film),2025-04-05,12726
CONCLAVE,en,Conclave (film),2025-04-06,13801
CONCLAVE,en,Conclave (film),2025-04-07,9386
CONCLAVE,en,Conclave (film),2025-04-08,6914
CONCLAVE,en,Conclave (film),2025-04-09,6563
CONCLAVE,en,Conclave (film),2025-04-10,6713
CONCLAVE,en,Conclave (film),2025-04-11,7680
CONCLAVE,en,Conclave (film),2025-04-12,11096
CONCLAVE,id,Conclave (film),2025-02-25,429
CONCLAVE,id,Conclave (film),2025-02-26,1631
CONCLAVE,id,Conclave (film),2025-02-27,1694
CONCLAVE,id,Conclave (film),2025-02-28,1698
CONCLAVE,id,Conclave (film),2025-03-01,2231
CONCLAVE,id,Conclave (film),2025-03-02,2271
CONCLAVE,id,Conclave (film),2025-03-03,2161
CONCLAVE,id,Conclave (film),2025-03-04,2392
CONCLAVE,id,Conclave (film),2025-03-05,1625
CONCLAVE,id,Conclave (film),2025-03-06,1422
CONCLAVE,id,Conclave (film),2025-03-07,1413
CONCLAVE,id,Conclave (film),2025-03-08,1835
CONCLAVE,id,Conclave (film),2025-03-09,1598
CONCLAVE,id,Conclave (film),2025-03-10,998
CONCLAVE,id,Conclave (film),2025-03-11,913
CONCLAVE,id,Conclave (film),2025-03-12,681
CONCLAVE,id,Conclave (film),2025-03-13,545
CONCLAVE,id,Conclave (film),2025-03-14,511
CONCLAVE,id,Conclave (film),2025-03-15,677
CONCLAVE,id,Conclave (film),2025-03-16,669
CONCLAVE,id,Conclave (film),2025-03-17,434
CONCLAVE,id,Conclave (film),2025-03-18,354
CONCLAVE,id,Conclave (film),2025-03-19,324
CONCLAVE,id,Conclave (film),2025-03-20,353
CONCLAVE,id,Conclave (film),2025-03-21,325
CONCLAVE,id,Conclave (film),2025-03-22,432
CONCLAVE,id,Conclave (film),2025-03-23,382
CONCLAVE,id,Conclave (film),2025-03-24,294
CONCLAVE,id,Conclave (film),2025-03-25,249
CONCLAVE,id,Conclave (film),2025-03-26,173
CONCLAVE,id,Conclave (film),2025-03-27,211
CONCLAVE,id,Conclave (film),2025-03-28,229
CONCLAVE,id,Conclave (film),2025-03-29,195
CONCLAVE,id,Conclave (film),2025-03-30,214
CONCLAVE,id,Conclave (film),2025-03-31,151
CONCLAVE,id,Conclave (film),2025-04-01,145
CONCLAVE,id,Conclave (film),2025-04-02,184
CONCLAVE,id,Conclave (film),2025-04-03,136
CONCLAVE,id,Conclave (film),2025-04-04,121
CONCLAVE,id,Conclave (film),2025-04-05,122
CONCLAVE,id,Conclave (film),2025-04-06,114
CONCLAVE,id,Conclave (film),2025-04-07,90
CONCLAVE,id,Conclave (film),2025-04-08,77
CONCLAVE,id,Conclave (film),2025-04-09,88
CONCLAVE,id,Conclave (film),2025-04-10,60
CONCLAVE,id,Conclave (film),2025-04-11,46
CONCLAVE,id,Conclave (film),2025-04-12,59
CRAYON SHIN-CHAN THE MOVIE: OUR DINOSAUR STORY,en,Crayon Shin-chan the Movie: Our Dinosaur Diary,2025-05-30,423
CRAYON SHIN-CHAN THE MOVIE: OUR DINOSAUR STORY,en,Crayon Shin-chan the Movie: Our Dinosaur Diary,2025-05-31,430
CRAYON SHIN-CHAN THE MOVIE: OUR DINOSAUR STORY,en,Crayon Shin-chan the Movie: Our Dinosaur Diary,2025-06-01,470
CRAYON SHIN-CHAN THE MOVIE: OUR DINOSAUR STORY,en,Crayon Shin-chan the Movie: Our Dinosaur Diary,2025-06-02,418
CRAYON SHIN-CHAN THE MOVIE: OUR DINOSAUR STORY,en,Crayon Shin-chan the Movie: Our Dinosaur Diary,2025-06-03,325
CRAYON SHIN-CHAN THE MOVIE: OUR DINOSAUR STORY,en,Crayon Shin-chan the Movie: Our Dinosaur Diary,2025-06-04,336
CRAYON SHIN-CHAN THE MOVIE: OUR DINOSAUR STORY,en,Crayon Shin-chan the Movie: Our Dinosaur Diary,2025-06-05,313
CRAYON SHIN-CHAN THE MOVIE: OUR DINOSAUR STORY,en,Crayon Shin-chan the Movie: Our Dinosaur Diary,2025-06-06,312
CRAYON SHIN-CHAN THE MOVIE: OUR DINOSAUR STORY,en,Crayon Shin-chan the Movie: Our Dinosaur Diary,2025-06-07,331
CRAYON SHIN-CHAN THE MOVIE: OUR DINOSAUR STORY,en,Crayon Shin-chan the Movie: Our Dinosaur Diary,2025-06-08,338
CRAYON SHIN-CHAN THE MOVIE: OUR DINOSAUR STORY,en,Crayon Shin-chan the Movie: Our Dinosaur Diary,2025-06-09,303
CRAYON SHIN-CHAN THE MOVIE: OUR DINOSAUR STORY,en,Crayon Shin-chan the Movie: Our Dinosaur Diary,2025-06-10,278
CRAYON SHIN-CHAN THE MOVIE: OUR DINOSAUR STORY,en,Crayon Shin-chan the Movie: Our Dinosaur Diary,2025-06-11,273
CRAYON SHIN-CHAN THE MOVIE: OUR DINOSAUR STORY,en,Crayon Shin-chan the Movie: Our Dinosaur Diary,2025-06-12,246
CRAYON SHIN-CHAN THE MOVIE: OUR DINOSAUR STORY,en,Crayon Shin-chan the Movie: Our Dinosaur Diary,2025-06-13,229
CRAYON SHIN-CHAN THE MOVIE: OUR DINOSAUR STORY,en,Crayon Shin-chan the Movie: Our Dinosaur Diary,2025-06-14,260
CRAYON SHIN-CHAN THE MOVIE: OUR DINOSAUR STORY,en,Crayon Shin-chan the Movie: Our Dinosaur Diary,2025-06-15,257
CRAYON SHIN-CHAN THE MOVIE: OUR DINOSAUR STORY,en,Crayon Shin-chan the Movie: Our Dinosaur Diary,2025-06-16,178
CRAYON SHIN-CHAN THE MOVIE: OUR DINOSAUR STORY,en,Crayon Shin-chan the Movie: Our Dinosaur Diary,2025-06-17,216
CRAYON SHIN-CHAN THE MOVIE: OUR DINOSAUR STORY,en,Crayon Shin-chan the Movie: Our Dinosaur Diary,2025-06-18,219
CRAYON SHIN-CHAN THE MOVIE: OUR DINOSAUR STORY,en,Crayon Shin-chan the Movie: Our Dinosaur Diary,2025-06-19,245
CRAYON SHIN-CHAN THE MOVIE: OUR DINOSAUR STORY,en,Crayon Shin-chan the Movie: Our Dinosaur Diary,2025-06-20,204
CRAYON SHIN-CHAN THE MOVIE: OUR DINOSAUR STORY,en,Crayon Shin-chan the Movie: Our Dinosaur Diary,2025-06-21,221
CRAYON SHIN-CHAN THE MOVIE: OUR DINOSAUR STORY,en,Crayon Shin-chan the Movie: Our Dinosaur Diary,2025-06-22,232
CRAYON SHIN-CHAN THE MOVIE: OUR DINOSAUR STORY,en,Crayon Shin-chan the Movie: Our Dinosaur Diary,2025-06-23,153
CRAYON SHIN-CHAN THE MOVIE: OUR DINOSAUR STORY,en,Crayon Shin-chan the Movie: Our Dinosaur Diary,2025-06-24,151
CRAYON SHIN-CHAN THE MOVIE: OUR DINOSAUR STORY,en,Crayon Shin-chan the Movie: Our Dinosaur Diary,2025-06-25,162
CRAYON SHIN-CHAN THE MOVIE: OUR DINOSAUR STORY,en,Crayon Shin-chan the Movie: Our Dinosaur Diary,2025-06-26,167
CRAYON SHIN-CHAN THE MOVIE: OUR DINOSAUR STORY,en,Crayon Shin-chan the Movie: Our Dinosaur Diary,2025-06-27,151
CRAYON SHIN-CHAN THE MOVIE: OUR DINOSAUR STORY,en,Crayon Shin-chan the Movie: Our Dinosaur Diary,2025-06-28,164
CRAYON SHIN-CHAN THE MOVIE: OUR DINOSAUR STORY,en,Crayon Shin-chan the Movie: Our Dinosaur Diary,2025-06-29,187
CRAYON SHIN-CHAN THE MOVIE: OUR DINOSAUR STORY,en,Crayon Shin-chan the Movie: Our Dinosaur Diary,2025-06-30,115
CRAYON SHIN-CHAN THE MOVIE: OUR DINOSAUR STORY,en,Crayon Shin-chan the Movie: Our Dinosaur Diary,2025-07-01,98
CRAYON SHIN-CHAN THE MOVIE: OUR DINOSAUR STORY,en,Crayon Shin-chan the Movie: Our Dinosaur Diary,2025-07-02,95
CRAYON SHIN-CHAN THE MOVIE: OUR DINOSAUR STORY,en,Crayon Shin-chan the Movie: Our Dinosaur Diary,2025-07-03,107
CRAYON SHIN-CHAN THE MOVIE: OUR DINOSAUR STORY,en,Crayon Shin-chan the Movie: Our Dinosaur Diary,2025-07-04,132
CRAYON SHIN-CHAN THE MOVIE: OUR DINOSAUR STORY,en,Crayon Shin-chan the Movie: Our Dinosaur Diary,2025-07-05,151
CRAYON SHIN-CHAN THE MOVIE: OUR DINOSAUR STORY,en,Crayon Shin-chan the Movie: Our Dinosaur Diary,2025-07-06,150
CRAYON SHIN-CHAN THE MOVIE: OUR DINOSAUR STORY,en,Crayon Shin-chan the Movie: Our Dinosaur Diary,2025-07-07,115
CRAYON SHIN-CHAN THE MOVIE: OUR DINOSAUR STORY,en,Crayon Shin-chan the Movie: Our Dinosaur Diary,2025-07-08,137
CRAYON SHIN-CHAN THE MOVIE: OUR DINOSAUR STORY,en,Crayon Shin-chan the Movie: Our Dinosaur Diary,2025-07-09,123
CRAYON SHIN-CHAN THE MOVIE: OUR DINOSAUR STORY,en,Crayon Shin-chan the Movie: Our Dinosaur Diary,2025-07-10,105
CRAYON SHIN-CHAN THE MOVIE: OUR DINOSAUR STORY,en,Crayon Shin-chan the Movie: Our Dinosaur Diary,2025-07-11,106
CRAYON SHIN-CHAN THE MOVIE: OUR DINOSAUR STORY,en,Crayon Shin-chan the Movie: Our Dinosaur Diary,2025-07-12,144
CRAYON SHIN-CHAN THE MOVIE: OUR DINOSAUR STORY,en,Crayon Shin-chan the Movie: Our Dinosaur Diary,2025-07-13,142
CRAYON SHIN-CHAN THE MOVIE: OUR DINOSAUR STORY,en,Crayon Shin-chan the Movie: Our Dinosaur Diary,2025-07-14,102
CRAYON SHIN-CHAN THE MOVIE: OUR DINOSAUR STORY,en,Crayon Shin-chan the Movie: Our Dinosaur Diary,2025-07-15,85
CRAYON SHIN-CHAN THE MOVIE: OUR DINOSAUR STORY,id,Crayon Shin-chan the Movie: Our Dinosaur Diary,2025-05-31,1
CRAYON SHIN-CHAN THE MOVIE: OUR DINOSAUR STORY,id,Crayon Shin-chan the Movie: Our Dinosaur Diary,2025-06-01,1
CRAYON SHIN-CHAN THE MOVIE: OUR DINOSAUR STORY,id,Crayon Shin-chan the Movie: Our Dinosaur Diary,2025-06-02,0
CRAYON SHIN-CHAN THE MOVIE: OUR DINOSAUR STORY,id,Crayon Shin-chan the Movie: Our Dinosaur Diary,2025-06-03,0
CRAYON SHIN-CHAN THE MOVIE: OUR DINOSAUR STORY,id,Crayon Shin-chan the Movie: Our Dinosaur Diary,2025-06-04,1
CRAYON SHIN-CHAN THE MOVIE: OUR DINOSAUR STORY,id,Crayon Shin-chan the Movie: Our Dinosaur Diary,2025-06-05,3
CRAYON SHIN-CHAN THE MOVIE: OUR DINOSAUR STORY,id,Crayon Shin-chan the Movie: Our Dinosaur Diary,2025-06-06,0
CRAYON SHIN-CHAN THE MOVIE: OUR DINOSAUR STORY,id,Crayon Shin-chan the Movie: Our Dinosaur Diary,2025-06-07,1
CRAYON SHIN-CHAN THE MOVIE: OUR DINOSAUR STORY,id,Crayon Shin-chan the Movie: Our Dinosaur Diary,2025-06-08,2
CRAYON SHIN-CHAN THE MOVIE: OUR DINOSAUR STORY,id,Crayon Shin-chan the Movie: Our Dinosaur Diary,2025-06-09,2
CRAYON SHIN-CHAN THE MOVIE: OUR DINOSAUR STORY,id,Crayon Shin-chan the Movie: Our Dinosaur Diary,2025-06-11,1
CRAYON SHIN-CHAN THE MOVIE: OUR DINOSAUR STORY,id,Crayon Shin-chan the Movie: Our Dinosaur Diary,2025-06-12,0
CRAYON SHIN-CHAN THE MOVIE: OUR DINOSAUR STORY,id,Crayon Shin-chan the Movie: Our Dinosaur Diary,2025-06-13,1
CRAYON SHIN-CHAN THE MOVIE: OUR DINOSAUR STORY,id,Crayon Shin-chan the Movie: Our Dinosaur Diary,2025-06-14,2
CRAYON SHIN-CHAN THE MOVIE: OUR DINOSAUR STORY,id,Crayon Shin-chan the Movie: Our Dinosaur Diary,2025-06-15,0
CRAYON SHIN-CHAN THE MOVIE: OUR DINOSAUR STORY,id,Crayon Shin-chan the Movie: Our Dinosaur Diary,2025-06-16,1
CRAYON SHIN-CHAN THE MOVIE: OUR DINOSAUR STORY,id,Crayon Shin-chan the Movie: Our Dinosaur Diary,2025-06-17,1
CRAYON SHIN-CHAN THE MOVIE: OUR DINOSAUR STORY,id,Crayon Shin-chan the Movie: Our Dinosaur Diary,2025-06-18,1
CRAYON SHIN-CHAN THE MOVIE: OUR DINOSAUR STORY,id,Crayon Shin-chan the Movie: Our Dinosaur Diary,2025-06-19,1
CRAYON SHIN-CHAN THE MOVIE: OUR DINOSAUR STORY,id,Crayon Shin-chan the Movie: Our Dinosaur Diary,2025-06-20,1
CRAYON SHIN-CHAN THE MOVIE: OUR DINOSAUR STORY,id,Crayon Shin-chan the Movie: Our Dinosaur Diary,2025-06-21,0
CRAYON SHIN-CHAN THE MOVIE: OUR DINOSAUR STORY,id,Crayon Shin-chan the Movie: Our Dinosaur Diary,2025-06-22,2
CRAYON SHIN-CHAN THE MOVIE: OUR DINOSAUR STORY,id,Crayon Shin-chan the Movie: Our Dinosaur Diary,2025-06-23,3
CRAYON SHIN-CHAN THE MOVIE: OUR DINOSAUR STORY,id,Crayon Shin-chan the Movie: Our Dinosaur Diary,2025-06-24,2
CRAYON SHIN-CHAN THE MOVIE: OUR DINOSAUR STORY,id,Crayon Shin-chan the Movie: Our Dinosaur Diary,2025-06-25,3
CRAYON SHIN-CHAN THE MOVIE: OUR DINOSAUR STORY,id,Crayon Shin-chan the Movie: Our Dinosaur Diary,2025-06-26,0
CRAYON SHIN-CHAN THE MOVIE: OUR DINOSAUR STORY,id,Crayon Shin-chan the Movie: Our Dinosaur Diary,2025-06-27,3
CRAYON SHIN-CHAN THE MOVIE: OUR DINOSAUR STORY,id,Crayon Shin-chan the Movie: Our Dinosaur Diary,2025-06-28,1
CRAYON SHIN-CHAN THE MOVIE: OUR DINOSAUR STORY,id,Crayon Shin-chan the Movie: Our Dinosaur Diary,2025-06-29,1
CRAYON SHIN-CHAN THE MOVIE: OUR DINOSAUR STORY,id,Crayon Shin-chan the Movie: Our Dinosaur Diary,2025-06-30,6
CRAYON SHIN-CHAN THE MOVIE: OUR DINOSAUR STORY,id,Crayon Shin-chan the Movie: Our Dinosaur Diary,2025-07-01,8
CRAYON SHIN-CHAN THE MOVIE: OUR DINOSAUR STORY,id,Crayon Shin-chan the Movie: Our Dinosaur Diary,2025-07-02,6
CRAYON SHIN-CHAN THE MOVIE: OUR DINOSAUR STORY,id,Crayon Shin-chan the Movie: Our Dinosaur Diary,2025-07-03,4
CRAYON SHIN-CHAN THE MOVIE: OUR DINOSAUR STORY,id,Crayon Shin-chan the Movie: Our Dinosaur Diary,2025-07-04,9
CRAYON SHIN-CHAN THE MOVIE: OUR DINOSAUR STORY,id,Crayon Shin-chan the Movie: Our Dinosaur Diary,2025-07-05,11
CRAYON SHIN-CHAN THE MOVIE: OUR DINOSAUR STORY,id,Crayon Shin-chan the Movie: Our Dinosaur Diary,2025-07-06,5
CRAYON SHIN-CHAN THE MOVIE: OUR DINOSAUR STORY,id,Crayon Shin-chan the Movie: Our Dinosaur Diary,2025-07-07,3
CRAYON SHIN-CHAN THE MOVIE: OUR DINOSAUR STORY,id,Crayon Shin-chan the Movie: Our Dinosaur Diary,2025-07-08,5
CRAYON SHIN-CHAN THE MOVIE: OUR DINOSAUR STORY,id,Crayon Shin-chan the Movie: Our Dinosaur Diary,2025-07-09,11
CRAYON SHIN-CHAN THE MOVIE: OUR DINOSAUR STORY,id,Crayon Shin-chan the Movie: Our Dinosaur Diary,2025-07-10,2
CRAYON SHIN-CHAN THE MOVIE: OUR DINOSAUR STORY,id,Crayon Shin-chan the Movie: Our Dinosaur Diary,2025-07-11,3
CRAYON SHIN-CHAN THE MOVIE: OUR DINOSAUR STORY,id,Crayon Shin-chan the Movie: Our Dinosaur Diary,2025-07-12,2
CRAYON SHIN-CHAN THE MOVIE: OUR DINOSAUR STORY,id,Crayon Shin-chan the Movie: Our Dinosaur Diary,2025-07-13,0
CRAYON SHIN-CHAN THE MOVIE: OUR DINOSAUR STORY,id,Crayon Shin-chan the Movie: Our Dinosaur Diary,2025-07-14,0
CRAYON SHIN-CHAN THE MOVIE: OUR DINOSAUR STORY,id,Crayon Shin-chan the Movie: Our Dinosaur Diary,2025-07-15,4
DAN DA DAN: EVIL EYE,en,Dan Da Dan: Evil Eye,2025-05-10,3
DAN DA DAN: EVIL EYE,en,Dan Da Dan: Evil Eye,2025-05-11,6
DAN DA DAN: EVIL EYE,en,Dan Da Dan: Evil Eye,2025-05-12,6
DAN DA DAN: EVIL EYE,en,Dan Da Dan: Evil Eye,2025-05-13,3
DAN DA DAN: EVIL EYE,en,Dan Da Dan: Evil Eye,2025-05-14,5
DAN DA DAN: EVIL EYE,en,Dan Da Dan: Evil Eye,2025-05-15,5
DAN DA DAN: EVIL EYE,en,Dan Da Dan: Evil Eye,2025-05-16,11
DAN DA DAN: EVIL EYE,en,Dan Da Dan: Evil Eye,2025-05-17,3
DAN DA DAN: EVIL EYE,en,Dan Da Dan: Evil Eye,2025-05-18,7
DAN DA DAN: EVIL EYE,en,Dan Da Dan: Evil Eye,2025-05-19,6
DAN DA DAN: EVIL EYE,en,Dan Da Dan: Evil Eye,2025-05-20,6
DAN DA DAN: EVIL EYE,en,Dan Da Dan: Evil Eye,2025-05-21,2
DAN DA DAN: EVIL EYE,en,Dan Da Dan: Evil Eye,2025-05-22,5
DAN DA DAN: EVIL EYE,en,Dan Da Dan: Evil Eye,2025-05-23,2
DAN DA DAN: EVIL EYE,en,Dan Da Dan: Evil Eye,2025-05-24,3
DAN DA DAN: EVIL EYE,en,Dan Da Dan: Evil Eye,2025-05-25,3
DAN DA DAN: EVIL EYE,en,Dan Da Dan: Evil Eye,2025-05-26,5
DAN DA DAN: EVIL EYE,en,Dan Da Dan: Evil Eye,2025-05-27,3
DAN DA DAN: EVIL EYE,en,Dan Da Dan: Evil Eye,2025-05-28,7
DAN DA DAN: EVIL EYE,en,Dan Da Dan: Evil Eye,2025-05-29,9
DAN DA DAN: EVIL EYE,en,Dan Da Dan: Evil Eye,2025-05-30,3
DAN DA DAN: EVIL EYE,en,Dan Da Dan: Evil Eye,2025-05-31,8
DAN DA DAN: EVIL EYE,en,Dan Da Dan: Evil Eye,2025-06-01,1
DAN DA DAN: EVIL EYE,en,Dan Da Dan: Evil Eye,2025-06-02,16
DAN DA DAN: EVIL EYE,en,Dan Da Dan: Evil Eye,2025-06-03,11
DAN DA DAN: EVIL EYE,en,Dan Da Dan: Evil Eye,2025-06-04,9
DAN DA DAN: EVIL EYE,en,Dan Da Dan: Evil Eye,2025-06-05,15
DAN DA DAN: EVIL EYE,en,Dan Da Dan: Evil Eye,2025-06-06,168
DAN DA DAN: EVIL EYE,en,Dan Da Dan: Evil Eye,2025-06-07,601
DAN DA DAN: EVIL EYE,en,Dan Da Dan: Evil Eye,2025-06-08,988
DAN DA DAN: EVIL EYE,en,Dan Da Dan: Evil Eye,2025-06-09,853
DAN DA DAN: EVIL EYE,en,Dan Da Dan: Evil Eye,2025-06-10,817
DAN DA DAN: EVIL EYE,en,Dan Da Dan: Evil Eye,2025-06-11,800
DAN DA DAN: EVIL EYE,en,Dan Da Dan: Evil Eye,2025-06-12,681
DAN DA DAN: EVIL EYE,en,Dan Da Dan: Evil Eye,2025-06-13,594
DAN DA DAN: EVIL EYE,en,Dan Da Dan: Evil Eye,2025-06-14,613
DAN DA DAN: EVIL EYE,en,Dan Da Dan: Evil Eye,2025-06-15,521
DAN DA DAN: EVIL EYE,en,Dan Da Dan: Evil Eye,2025-06-16,494
DAN DA DAN: EVIL EYE,en,Dan Da Dan: Evil Eye,2025-06-17,502
DAN DA DAN: EVIL EYE,en,Dan Da Dan: Evil Eye,2025-06-18,435
DAN DA DAN: EVIL EYE,en,Dan Da Dan: Evil Eye,2025-06-19,442
DAN DA DAN: EVIL EYE,en,Dan Da Dan: Evil Eye,2025-06-20,349
DAN DA DAN: EVIL EYE,en,Dan Da Dan: Evil Eye,2025-06-21,332
DAN DA DAN: EVIL EYE,en,Dan Da Dan: Evil Eye,2025-06-22,369
DAN DA DAN: EVIL EYE,en,Dan Da Dan: Evil Eye,2025-06-23,292
DAN DA DAN: EVIL EYE,en,Dan Da Dan: Evil Eye,2025-06-24,303
DAN DA DAN: EVIL EYE,en,Dan Da Dan: Evil Eye,2025-06-25,278
DANUR: THE LAST CHAPTER (IMAX 2D),id,Danur: The Last Chapter,2026-03-01,3
DANUR: THE LAST CHAPTER (IMAX 2D),id,Danur: The Last Chapter,2026-03-02,5
DANUR: THE LAST CHAPTER (IMAX 2D),id,Danur: The Last Chapter,2026-03-03,2
DANUR: THE LAST CHAPTER (IMAX 2D),id,Danur: The Last Chapter,2026-03-04,0
DANUR: THE LAST CHAPTER (IMAX 2D),id,Danur: The Last Chapter,2026-03-05,2
DANUR: THE LAST CHAPTER (IMAX 2D),id,Danur: The Last Chapter,2026-03-06,1
DANUR: THE LAST CHAPTER (IMAX 2D),id,Danur: The Last Chapter,2026-03-07,1
DANUR: THE LAST CHAPTER (IMAX 2D),id,Danur: The Last Chapter,2026-03-08,1
DANUR: THE LAST CHAPTER (IMAX 2D),id,Danur: The Last Chapter,2026-03-09,1
DANUR: THE LAST CHAPTER (IMAX 2D),id,Danur: The Last Chapter,2026-03-10,1
DANUR: THE LAST CHAPTER (IMAX 2D),id,Danur: The Last Chapter,2026-03-11,4
DANUR: THE LAST CHAPTER (IMAX 2D),id,Danur: The Last Chapter,2026-03-12,4
DANUR: THE LAST CHAPTER (IMAX 2D),id,Danur: The Last Chapter,2026-03-13,2
DANUR: THE LAST CHAPTER (IMAX 2D),id,Danur: The Last Chapter,2026-03-14,6
DANUR: THE LAST CHAPTER (IMAX 2D),id,Danur: The Last Chapter,2026-03-15,4
DANUR: THE LAST CHAPTER (IMAX 2D),id,Danur: The Last Chapter,2026-03-16,4
DANUR: THE LAST CHAPTER (IMAX 2D),id,Danur: The Last Chapter,2026-03-17,4
DANUR: THE LAST CHAPTER (IMAX 2D),id,Danur: The Last Chapter,2026-03-18,12
DANUR: THE LAST CHAPTER (IMAX 2D),id,Danur: The Last Chapter,2026-03-19,38
DANUR: THE LAST CHAPTER (IMAX 2D),id,Danur: The Last Chapter,2026-03-20,26
DANUR: THE LAST CHAPTER (IMAX 2D),id,Danur: The Last Chapter,2026-03-21,25
DANUR: THE LAST CHAPTER (IMAX 2D),id,Danur: The Last Chapter,2026-03-22,37
DANUR: THE LAST CHAPTER (IMAX 2D),id,Danur: The Last Chapter,2026-03-23,269
DANUR: THE LAST CHAPTER (IMAX 2D),id,Danur: The Last Chapter,2026-03-24,514
DANUR: THE LAST CHAPTER (IMAX 2D),id,Danur: The Last Chapter,2026-03-25,657
DANUR: THE LAST CHAPTER (IMAX 2D),id,Danur: The Last Chapter,2026-03-26,657
DANUR: THE LAST CHAPTER (IMAX 2D),id,Danur: The Last Chapter,2026-03-27,621
DANUR: THE LAST CHAPTER (IMAX 2D),id,Danur: The Last Chapter,2026-03-28,731
DANUR: THE LAST CHAPTER (IMAX 2D),id,Danur: The Last Chapter,2026-03-29,594
DARAH NYAI,id,Darah Nyai,2025-07-12,34
DARAH NYAI,id,Darah Nyai,2025-07-13,8
DARAH NYAI,id,Darah Nyai,2025-07-14,4
DARAH NYAI,id,Darah Nyai,2025-07-15,6
DARAH NYAI,id,Darah Nyai,2025-07-16,4
DARAH NYAI,id,Darah Nyai,2025-07-17,4
DARAH NYAI,id,Darah Nyai,2025-07-18,7
DARAH NYAI,id,Darah Nyai,2025-07-19,10
DARAH NYAI,id,Darah Nyai,2025-07-20,9
DARAH NYAI,id,Darah Nyai,2025-07-21,12
DARAH NYAI,id,Darah Nyai,2025-07-22,10
DARAH NYAI,id,Darah Nyai,2025-07-23,10
DARAH NYAI,id,Darah Nyai,2025-07-24,8
DARAH NYAI,id,Darah Nyai,2025-07-25,6
DARAH NYAI,id,Darah Nyai,2025-07-26,4
DARAH NYAI,id,Darah Nyai,2025-07-27,13
DARAH NYAI,id,Darah Nyai,2025-07-28,7
DARAH NYAI,id,Darah Nyai,2025-07-29,7
DARAH NYAI,id,Darah Nyai,2025-07-30,9
DARAH NYAI,id,Darah Nyai,2025-07-31,10
DARAH NYAI,id,Darah Nyai,2025-08-01,9
DARAH NYAI,id,Darah Nyai,2025-08-02,7
DARAH NYAI,id,Darah Nyai,2025-08-03,13
DARAH NYAI,id,Darah Nyai,2025-08-04,18
DARAH NYAI,id,Darah Nyai,2025-08-05,21
DARAH NYAI,id,Darah Nyai,2025-08-06,10
DARAH NYAI,id,Darah Nyai,2025-08-07,7
DARAH NYAI,id,Darah Nyai,2025-08-08,19
DARAH NYAI,id,Darah Nyai,2025-08-09,35
DARAH NYAI,id,Darah Nyai,2025-08-10,26
DARAH NYAI,id,Darah Nyai,2025-08-11,51
DARAH NYAI,id,Darah Nyai,2025-08-12,28
DARAH NYAI,id,Darah Nyai,2025-08-13,25
DARAH NYAI,id,Darah Nyai,2025-08-14,41
DARAH NYAI,id,Darah Nyai,2025-08-15,44
DARAH NYAI,id,Darah Nyai,2025-08-16,36
DARAH NYAI,id,Darah Nyai,2025-08-17,48
DARAH NYAI,id,Darah Nyai,2025-08-18,51
DARAH NYAI,id,Darah Nyai,2025-08-19,58
DARAH NYAI,id,Darah Nyai,2025-08-20,91
DARAH NYAI,id,Darah Nyai,2025-08-21,244
DARAH NYAI,id,Darah Nyai,2025-08-22,185
DASIM,id,Dasim,2025-05-15,42
DASIM,id,Dasim,2025-05-16,12
DASIM,id,Dasim,2025-05-17,27
DASIM,id,Dasim,2025-05-18,23
DASIM,id,Dasim,2025-05-19,18
DEATH WHISPERER 3,en,Death Whisperer 3,2025-08-25,113
DEATH WHISPERER 3,en,Death Whisperer 3,2025-08-26,67
DEATH WHISPERER 3,en,Death Whisperer 3,2025-08-27,64
DEATH WHISPERER 3,en,Death Whisperer 3,2025-08-28,74
DEATH WHISPERER 3,en,Death Whisperer 3,2025-08-29,77
DEATH WHISPERER 3,en,Death Whisperer 3,2025-08-30,83
DEATH WHISPERER 3,en,Death Whisperer 3,2025-08-31,89
DEATH WHISPERER 3,en,Death Whisperer 3,2025-09-01,65
DEATH WHISPERER 3,en,Death Whisperer 3,2025-09-02,99
DEATH WHISPERER 3,en,Death Whisperer 3,2025-09-03,111
DEATH WHISPERER 3,en,Death Whisperer 3,2025-09-04,119
DEATH WHISPERER 3,en,Death Whisperer 3,2025-09-05,114
DEATH WHISPERER 3,en,Death Whisperer 3,2025-09-06,131
DEATH WHISPERER 3,en,Death Whisperer 3,2025-09-07,128
DEATH WHISPERER 3,en,Death Whisperer 3,2025-09-08,78
DEATH WHISPERER 3,en,Death Whisperer 3,2025-09-09,126
DEATH WHISPERER 3,en,Death Whisperer 3,2025-09-10,84
DEATH WHISPERER 3,en,Death Whisperer 3,2025-09-11,100
DEATH WHISPERER 3,en,Death Whisperer 3,2025-09-12,107
DEATH WHISPERER 3,en,Death Whisperer 3,2025-09-13,126
DEATH WHISPERER 3,en,Death Whisperer 3,2025-09-14,137
DEATH WHISPERER 3,en,Death Whisperer 3,2025-09-15,149
DEATH WHISPERER 3,en,Death Whisperer 3,2025-09-16,108
DEATH WHISPERER 3,en,Death Whisperer 3,2025-09-17,101
DEATH WHISPERER 3,en,Death Whisperer 3,2025-09-18,114
DEATH WHISPERER 3,en,Death Whisperer 3,2025-09-19,101
DEATH WHISPERER 3,en,Death Whisperer 3,2025-09-20,131
DEATH WHISPERER 3,en,Death Whisperer 3,2025-09-21,171
DEATH WHISPERER 3,en,Death Whisperer 3,2025-09-22,92
DEATH WHISPERER 3,en,Death Whisperer 3,2025-09-23,146
DEATH WHISPERER 3,en,Death Whisperer 3,2025-09-24,140
DEATH WHISPERER 3,en,Death Whisperer 3,2025-09-25,143
DEATH WHISPERER 3,en,Death Whisperer 3,2025-09-26,203
DEATH WHISPERER 3,en,Death Whisperer 3,2025-09-27,184
DEATH WHISPERER 3,en,Death Whisperer 3,2025-09-28,245
DEATH WHISPERER 3,en,Death Whisperer 3,2025-09-29,231
DEATH WHISPERER 3,en,Death Whisperer 3,2025-09-30,334
DEATH WHISPERER 3,en,Death Whisperer 3,2025-10-01,943
DEATH WHISPERER 3,en,Death Whisperer 3,2025-10-02,693
DEATH WHISPERER 3,en,Death Whisperer 3,2025-10-03,612
DEATH WHISPERER 3,en,Death Whisperer 3,2025-10-04,775
DEATH WHISPERER 3,en,Death Whisperer 3,2025-10-05,675
DEATH WHISPERER 3,en,Death Whisperer 3,2025-10-06,558
DEATH WHISPERER 3,en,Death Whisperer 3,2025-10-07,528
DEATH WHISPERER 3,en,Death Whisperer 3,2025-10-08,605
DEATH WHISPERER 3,en,Death Whisperer 3,2025-10-09,511
DEATH WHISPERER 3,en,Death Whisperer 3,2025-10-10,557
DEATH WHISPERER 3 (IMAX 2D),en,Death Whisperer 3,2025-08-27,64
DEATH WHISPERER 3 (IMAX 2D),en,Death Whisperer 3,2025-08-28,74
DEATH WHISPERER 3 (IMAX 2D),en,Death Whisperer 3,2025-08-29,77
DEATH WHISPERER 3 (IMAX 2D),en,Death Whisperer 3,2025-08-30,83
DEATH WHISPERER 3 (IMAX 2D),en,Death Whisperer 3,2025-08-31,89
DEATH WHISPERER 3 (IMAX 2D),en,Death Whisperer 3,2025-09-01,65
DEATH WHISPERER 3 (IMAX 2D),en,Death Whisperer 3,2025-09-02,99
DEATH WHISPERER 3 (IMAX 2D),en,Death Whisperer 3,2025-09-03,111
DEATH WHISPERER 3 (IMAX 2D),en,Death Whisperer 3,2025-09-04,119
DEATH WHISPERER 3 (IMAX 2D),en,Death Whisperer 3,2025-09-05,114
DEATH WHISPERER 3 (IMAX 2D),en,Death Whisperer 3,2025-09-06,131
DEATH WHISPERER 3 (IMAX 2D),en,Death Whisperer 3,2025-09-07,128
DEATH WHISPERER 3 (IMAX 2D),en,Death Whisperer 3,2025-09-08,78
DEATH WHISPERER 3 (IMAX 2D),en,Death Whisperer 3,2025-09-09,126
DEATH WHISPERER 3 (IMAX 2D),en,Death Whisperer 3,2025-09-10,84
DEATH WHISPERER 3 (IMAX 2D),en,Death Whisperer 3,2025-09-11,100
DEATH WHISPERER 3 (IMAX 2D),en,Death Whisperer 3,2025-09-12,107
DEATH WHISPERER 3 (IMAX 2D),en,Death Whisperer 3,2025-09-13,126
DEATH WHISPERER 3 (IMAX 2D),en,Death Whisperer 3,2025-09-14,137
DEATH WHISPERER 3 (IMAX 2D),en,Death Whisperer 3,2025-09-15,149
DEATH WHISPERER 3 (IMAX 2D),en,Death Whisperer 3,2025-09-16,108
DEATH WHISPERER 3 (IMAX 2D),en,Death Whisperer 3,2025-09-17,101
DEATH WHISPERER 3 (IMAX 2D),en,Death Whisperer 3,2025-09-18,114
DEATH WHISPERER 3 (IMAX 2D),en,Death Whisperer 3,2025-09-19,101
DEATH WHISPERER 3 (IMAX 2D),en,Death Whisperer 3,2025-09-20,131
DEATH WHISPERER 3 (IMAX 2D),en,Death Whisperer 3,2025-09-21,171
DEATH WHISPERER 3 (IMAX 2D),en,Death Whisperer 3,2025-09-22,92
DEATH WHISPERER 3 (IMAX 2D),en,Death Whisperer 3,2025-09-23,146
DEATH WHISPERER 3 (IMAX 2D),en,Death Whisperer 3,2025-09-24,140
DEATH WHISPERER 3 (IMAX 2D),en,Death Whisperer 3,2025-09-25,143
DEATH WHISPERER 3 (IMAX 2D),en,Death Whisperer 3,2025-09-26,203
DEATH WHISPERER 3 (IMAX 2D),en,Death Whisperer 3,2025-09-27,184
DEATH WHISPERER 3 (IMAX 2D),en,Death Whisperer 3,2025-09-28,245
DEATH WHISPERER 3 (IMAX 2D),en,Death Whisperer 3,2025-09-29,231
DEATH WHISPERER 3 (IMAX 2D),en,Death Whisperer 3,2025-09-30,334
DEATH WHISPERER 3 (IMAX 2D),en,Death Whisperer 3,2025-10-01,943
DEATH WHISPERER 3 (IMAX 2D),en,Death Whisperer 3,2025-10-02,693
DEATH WHISPERER 3 (IMAX 2D),en,Death Whisperer 3,2025-10-03,612
DEATH WHISPERER 3 (IMAX 2D),en,Death Whisperer 3,2025-10-04,775
DEATH WHISPERER 3 (IMAX 2D),en,Death Whisperer 3,2025-10-05,675
DEATH WHISPERER 3 (IMAX 2D),en,Death Whisperer 3,2025-10-06,558
DEATH WHISPERER 3 (IMAX 2D),en,Death Whisperer 3,2025-10-07,528
DEATH WHISPERER 3 (IMAX 2D),en,Death Whisperer 3,2025-10-08,605
DEATH WHISPERER 3 (IMAX 2D),en,Death Whisperer 3,2025-10-09,511
DEATH WHISPERER 3 (IMAX 2D),en,Death Whisperer 3,2025-10-10,557
DEATH WHISPERER 3 (IMAX 2D),en,Death Whisperer 3,2025-10-11,571
DEATH WHISPERER 3 (IMAX 2D),en,Death Whisperer 3,2025-10-12,563
DEMON SLAYER -KIMETSU NO YAIBA- THE MOVIE: INFINITY CASTLE,en,Demon Slayer: Kimetsu no Yaiba – The Movie: Infinity Castle,2025-07-10,5173
DEMON SLAYER -KIMETSU NO YAIBA- THE MOVIE: INFINITY CASTLE,en,Demon Slayer: Kimetsu no Yaiba – The Movie: Infinity Castle,2025-07-11,5411
DEMON SLAYER -KIMETSU NO YAIBA- THE MOVIE: INFINITY CASTLE,en,Demon Slayer: Kimetsu no Yaiba – The Movie: Infinity Castle,2025-07-12,5735
DEMON SLAYER -KIMETSU NO YAIBA- THE MOVIE: INFINITY CASTLE,en,Demon Slayer: Kimetsu no Yaiba – The Movie: Infinity Castle,2025-07-13,6166
DEMON SLAYER -KIMETSU NO YAIBA- THE MOVIE: INFINITY CASTLE,en,Demon Slayer: Kimetsu no Yaiba – The Movie: Infinity Castle,2025-07-14,7374
DEMON SLAYER -KIMETSU NO YAIBA- THE MOVIE: INFINITY CASTLE,en,Demon Slayer: Kimetsu no Yaiba – The Movie: Infinity Castle,2025-07-15,6975
DEMON SLAYER -KIMETSU NO YAIBA- THE MOVIE: INFINITY CASTLE,en,Demon Slayer: Kimetsu no Yaiba – The Movie: Infinity Castle,2025-07-16,6857
DEMON SLAYER -KIMETSU NO YAIBA- THE MOVIE: INFINITY CASTLE,en,Demon Slayer: Kimetsu no Yaiba – The Movie: Infinity Castle,2025-07-17,12913
DEMON SLAYER -KIMETSU NO YAIBA- THE MOVIE: INFINITY CASTLE,en,Demon Slayer: Kimetsu no Yaiba – The Movie: Infinity Castle,2025-07-18,37729
DEMON SLAYER -KIMETSU NO YAIBA- THE MOVIE: INFINITY CASTLE,en,Demon Slayer: Kimetsu no Yaiba – The Movie: Infinity Castle,2025-07-19,40899
DEMON SLAYER -KIMETSU NO YAIBA- THE MOVIE: INFINITY CASTLE,en,Demon Slayer: Kimetsu no Yaiba – The Movie: Infinity Castle,2025-07-20,37417
DEMON SLAYER -KIMETSU NO YAIBA- THE MOVIE: INFINITY CASTLE,en,Demon Slayer: Kimetsu no Yaiba – The Movie: Infinity Castle,2025-07-21,37781
DEMON SLAYER -KIMETSU NO YAIBA- THE MOVIE: INFINITY CASTLE,en,Demon Slayer: Kimetsu no Yaiba – The Movie: Infinity Castle,2025-07-22,35110
DEMON SLAYER -KIMETSU NO YAIBA- THE MOVIE: INFINITY CASTLE,en,Demon Slayer: Kimetsu no Yaiba – The Movie: Infinity Castle,2025-07-23,29554
DEMON SLAYER -KIMETSU NO YAIBA- THE MOVIE: INFINITY CASTLE,en,Demon Slayer: Kimetsu no Yaiba – The Movie: Infinity Castle,2025-07-24,25479
DEMON SLAYER -KIMETSU NO YAIBA- THE MOVIE: INFINITY CASTLE,en,Demon Slayer: Kimetsu no Yaiba – The Movie: Infinity Castle,2025-07-25,21624
DEMON SLAYER -KIMETSU NO YAIBA- THE MOVIE: INFINITY CASTLE,en,Demon Slayer: Kimetsu no Yaiba – The Movie: Infinity Castle,2025-07-26,20403
DEMON SLAYER -KIMETSU NO YAIBA- THE MOVIE: INFINITY CASTLE,en,Demon Slayer: Kimetsu no Yaiba – The Movie: Infinity Castle,2025-07-27,20626
DEMON SLAYER -KIMETSU NO YAIBA- THE MOVIE: INFINITY CASTLE,en,Demon Slayer: Kimetsu no Yaiba – The Movie: Infinity Castle,2025-07-28,19534
DEMON SLAYER -KIMETSU NO YAIBA- THE MOVIE: INFINITY CASTLE,en,Demon Slayer: Kimetsu no Yaiba – The Movie: Infinity Castle,2025-07-29,17563
DEMON SLAYER -KIMETSU NO YAIBA- THE MOVIE: INFINITY CASTLE,en,Demon Slayer: Kimetsu no Yaiba – The Movie: Infinity Castle,2025-07-30,14655
DEMON SLAYER -KIMETSU NO YAIBA- THE MOVIE: INFINITY CASTLE,en,Demon Slayer: Kimetsu no Yaiba – The Movie: Infinity Castle,2025-07-31,12627
DEMON SLAYER -KIMETSU NO YAIBA- THE MOVIE: INFINITY CASTLE,en,Demon Slayer: Kimetsu no Yaiba – The Movie: Infinity Castle,2025-08-01,12730
DEMON SLAYER -KIMETSU NO YAIBA- THE MOVIE: INFINITY CASTLE,en,Demon Slayer: Kimetsu no Yaiba – The Movie: Infinity Castle,2025-08-02,13384
DEMON SLAYER -KIMETSU NO YAIBA- THE MOVIE: INFINITY CASTLE,en,Demon Slayer: Kimetsu no Yaiba – The Movie: Infinity Castle,2025-08-03,14578
DEMON SLAYER -KIMETSU NO YAIBA- THE MOVIE: INFINITY CASTLE,en,Demon Slayer: Kimetsu no Yaiba – The Movie: Infinity Castle,2025-08-04,13730
DEMON SLAYER -KIMETSU NO YAIBA- THE MOVIE: INFINITY CASTLE,en,Demon Slayer: Kimetsu no Yaiba – The Movie: Infinity Castle,2025-08-05,12513
DEMON SLAYER -KIMETSU NO YAIBA- THE MOVIE: INFINITY CASTLE,en,Demon Slayer: Kimetsu no Yaiba – The Movie: Infinity Castle,2025-08-06,12128
DEMON SLAYER -KIMETSU NO YAIBA- THE MOVIE: INFINITY CASTLE,en,Demon Slayer: Kimetsu no Yaiba – The Movie: Infinity Castle,2025-08-07,12276
DEMON SLAYER -KIMETSU NO YAIBA- THE MOVIE: INFINITY CASTLE,en,Demon Slayer: Kimetsu no Yaiba – The Movie: Infinity Castle,2025-08-08,12557
DEMON SLAYER -KIMETSU NO YAIBA- THE MOVIE: INFINITY CASTLE,en,Demon Slayer: Kimetsu no Yaiba – The Movie: Infinity Castle,2025-08-09,12635
DEMON SLAYER -KIMETSU NO YAIBA- THE MOVIE: INFINITY CASTLE,en,Demon Slayer: Kimetsu no Yaiba – The Movie: Infinity Castle,2025-08-10,14128
DEMON SLAYER -KIMETSU NO YAIBA- THE MOVIE: INFINITY CASTLE,en,Demon Slayer: Kimetsu no Yaiba – The Movie: Infinity Castle,2025-08-11,13842
DEMON SLAYER -KIMETSU NO YAIBA- THE MOVIE: INFINITY CASTLE,en,Demon Slayer: Kimetsu no Yaiba – The Movie: Infinity Castle,2025-08-12,16431
DEMON SLAYER -KIMETSU NO YAIBA- THE MOVIE: INFINITY CASTLE,en,Demon Slayer: Kimetsu no Yaiba – The Movie: Infinity Castle,2025-08-13,15185
DEMON SLAYER -KIMETSU NO YAIBA- THE MOVIE: INFINITY CASTLE,en,Demon Slayer: Kimetsu no Yaiba – The Movie: Infinity Castle,2025-08-14,16678
DEMON SLAYER -KIMETSU NO YAIBA- THE MOVIE: INFINITY CASTLE,en,Demon Slayer: Kimetsu no Yaiba – The Movie: Infinity Castle,2025-08-15,21803
DEMON SLAYER -KIMETSU NO YAIBA- THE MOVIE: INFINITY CASTLE,en,Demon Slayer: Kimetsu no Yaiba – The Movie: Infinity Castle,2025-08-16,23514
DEMON SLAYER -KIMETSU NO YAIBA- THE MOVIE: INFINITY CASTLE,en,Demon Slayer: Kimetsu no Yaiba – The Movie: Infinity Castle,2025-08-17,23083
DEMON SLAYER -KIMETSU NO YAIBA- THE MOVIE: INFINITY CASTLE,en,Demon Slayer: Kimetsu no Yaiba – The Movie: Infinity Castle,2025-08-18,21814
DEMON SLAYER -KIMETSU NO YAIBA- THE MOVIE: INFINITY CASTLE,en,Demon Slayer: Kimetsu no Yaiba – The Movie: Infinity Castle,2025-08-19,19078
DEMON SLAYER -KIMETSU NO YAIBA- THE MOVIE: INFINITY CASTLE,en,Demon Slayer: Kimetsu no Yaiba – The Movie: Infinity Castle,2025-08-20,20282
DEMON SLAYER -KIMETSU NO YAIBA- THE MOVIE: INFINITY CASTLE,en,Demon Slayer: Kimetsu no Yaiba – The Movie: Infinity Castle,2025-08-21,19755
DEMON SLAYER -KIMETSU NO YAIBA- THE MOVIE: INFINITY CASTLE,en,Demon Slayer: Kimetsu no Yaiba – The Movie: Infinity Castle,2025-08-22,17824
DEMON SLAYER -KIMETSU NO YAIBA- THE MOVIE: INFINITY CASTLE,en,Demon Slayer: Kimetsu no Yaiba – The Movie: Infinity Castle,2025-08-23,19896
DEMON SLAYER -KIMETSU NO YAIBA- THE MOVIE: INFINITY CASTLE,en,Demon Slayer: Kimetsu no Yaiba – The Movie: Infinity Castle,2025-08-24,21032
DEMON SLAYER -KIMETSU NO YAIBA- THE MOVIE: INFINITY CASTLE,en,Demon Slayer: Kimetsu no Yaiba – The Movie: Infinity Castle,2025-08-25,19163
DEMON SLAYER -KIMETSU NO YAIBA- THE MOVIE: INFINITY CASTLE,id,Demon Slayer: Kimetsu no Yaiba – The Movie: Infinity Castle,2025-08-08,70
DEMON SLAYER -KIMETSU NO YAIBA- THE MOVIE: INFINITY CASTLE,id,Demon Slayer: Kimetsu no Yaiba – The Movie: Infinity Castle,2025-08-09,138
DEMON SLAYER -KIMETSU NO YAIBA- THE MOVIE: INFINITY CASTLE,id,Demon Slayer: Kimetsu no Yaiba – The Movie: Infinity Castle,2025-08-10,141
DEMON SLAYER -KIMETSU NO YAIBA- THE MOVIE: INFINITY CASTLE,id,Demon Slayer: Kimetsu no Yaiba – The Movie: Infinity Castle,2025-08-11,172
DEMON SLAYER -KIMETSU NO YAIBA- THE MOVIE: INFINITY CASTLE,id,Demon Slayer: Kimetsu no Yaiba – The Movie: Infinity Castle,2025-08-12,195
DEMON SLAYER -KIMETSU NO YAIBA- THE MOVIE: INFINITY CASTLE,id,Demon Slayer: Kimetsu no Yaiba – The Movie: Infinity Castle,2025-08-13,186
DEMON SLAYER -KIMETSU NO YAIBA- THE MOVIE: INFINITY CASTLE,id,Demon Slayer: Kimetsu no Yaiba – The Movie: Infinity Castle,2025-08-14,729
DEMON SLAYER -KIMETSU NO YAIBA- THE MOVIE: INFINITY CASTLE,id,Demon Slayer: Kimetsu no Yaiba – The Movie: Infinity Castle,2025-08-15,1777
DEMON SLAYER -KIMETSU NO YAIBA- THE MOVIE: INFINITY CASTLE,id,Demon Slayer: Kimetsu no Yaiba – The Movie: Infinity Castle,2025-08-16,3484
DEMON SLAYER -KIMETSU NO YAIBA- THE MOVIE: INFINITY CASTLE,id,Demon Slayer: Kimetsu no Yaiba – The Movie: Infinity Castle,2025-08-17,3292
DEMON SLAYER -KIMETSU NO YAIBA- THE MOVIE: INFINITY CASTLE,id,Demon Slayer: Kimetsu no Yaiba – The Movie: Infinity Castle,2025-08-18,2946
DEMON SLAYER -KIMETSU NO YAIBA- THE MOVIE: INFINITY CASTLE,id,Demon Slayer: Kimetsu no Yaiba – The Movie: Infinity Castle,2025-08-19,2007
DEMON SLAYER -KIMETSU NO YAIBA- THE MOVIE: INFINITY CASTLE,id,Demon Slayer: Kimetsu no Yaiba – The Movie: Infinity Castle,2025-08-20,1285
DEMON SLAYER -KIMETSU NO YAIBA- THE MOVIE: INFINITY CASTLE,id,Demon Slayer: Kimetsu no Yaiba – The Movie: Infinity Castle,2025-08-21,908
DEMON SLAYER -KIMETSU NO YAIBA- THE MOVIE: INFINITY CASTLE,id,Demon Slayer: Kimetsu no Yaiba – The Movie: Infinity Castle,2025-08-22,934
DEMON SLAYER -KIMETSU NO YAIBA- THE MOVIE: INFINITY CASTLE,id,Demon Slayer: Kimetsu no Yaiba – The Movie: Infinity Castle,2025-08-23,494
DEMON SLAYER -KIMETSU NO YAIBA- THE MOVIE: INFINITY CASTLE,id,Demon Slayer: Kimetsu no Yaiba – The Movie: Infinity Castle,2025-08-24,445
DEMON SLAYER -KIMETSU NO YAIBA- THE MOVIE: INFINITY CASTLE,id,Demon Slayer: Kimetsu no Yaiba – The Movie: Infinity Castle,2025-08-25,366
DEMON SLAYER -KIMETSU NO YAIBA- THE MOVIE: INFINITY CASTLE (IMAX 2D),en,Demon Slayer: Kimetsu no Yaiba – The Movie: Infinity Castle,2025-07-11,5411
DEMON SLAYER -KIMETSU NO YAIBA- THE MOVIE: INFINITY CASTLE (IMAX 2D),en,Demon Slayer: Kimetsu no Yaiba – The Movie: Infinity Castle,2025-07-12,5735
DEMON SLAYER -KIMETSU NO YAIBA- THE MOVIE: INFINITY CASTLE (IMAX 2D),en,Demon Slayer: Kimetsu no Yaiba – The Movie: Infinity Castle,2025-07-13,6166
DEMON SLAYER -KIMETSU NO YAIBA- THE MOVIE: INFINITY CASTLE (IMAX 2D),en,Demon Slayer: Kimetsu no Yaiba – The Movie: Infinity Castle,2025-07-14,7374
DEMON SLAYER -KIMETSU NO YAIBA- THE MOVIE: INFINITY CASTLE (IMAX 2D),en,Demon Slayer: Kimetsu no Yaiba – The Movie: Infinity Castle,2025-07-15,6975
DEMON SLAYER -KIMETSU NO YAIBA- THE MOVIE: INFINITY CASTLE (IMAX 2D),en,Demon Slayer: Kimetsu no Yaiba – The Movie: Infinity Castle,2025-07-16,6857
DEMON SLAYER -KIMETSU NO YAIBA- THE MOVIE: INFINITY CASTLE (IMAX 2D),en,Demon Slayer: Kimetsu no Yaiba – The Movie: Infinity Castle,2025-07-17,12913
DEMON SLAYER -KIMETSU NO YAIBA- THE MOVIE: INFINITY CASTLE (IMAX 2D),en,Demon Slayer: Kimetsu no Yaiba – The Movie: Infinity Castle,2025-07-18,37729
DEMON SLAYER -KIMETSU NO YAIBA- THE MOVIE: INFINITY CASTLE (IMAX 2D),en,Demon Slayer: Kimetsu no Yaiba – The Movie: Infinity Castle,2025-07-19,40899
DEMON SLAYER -KIMETSU NO YAIBA- THE MOVIE: INFINITY CASTLE (IMAX 2D),en,Demon Slayer: Kimetsu no Yaiba – The Movie: Infinity Castle,2025-07-20,37417
DEMON SLAYER -KIMETSU NO YAIBA- THE MOVIE: INFINITY CASTLE (IMAX 2D),en,Demon Slayer: Kimetsu no Yaiba – The Movie: Infinity Castle,2025-07-21,37781
DEMON SLAYER -KIMETSU NO YAIBA- THE MOVIE: INFINITY CASTLE (IMAX 2D),en,Demon Slayer: Kimetsu no Yaiba – The Movie: Infinity Castle,2025-07-22,35110
DEMON SLAYER -KIMETSU NO YAIBA- THE MOVIE: INFINITY CASTLE (IMAX 2D),en,Demon Slayer: Kimetsu no Yaiba – The Movie: Infinity Castle,2025-07-23,29554
DEMON SLAYER -KIMETSU NO YAIBA- THE MOVIE: INFINITY CASTLE (IMAX 2D),en,Demon Slayer: Kimetsu no Yaiba – The Movie: Infinity Castle,2025-07-24,25479
DEMON SLAYER -KIMETSU NO YAIBA- THE MOVIE: INFINITY CASTLE (IMAX 2D),en,Demon Slayer: Kimetsu no Yaiba – The Movie: Infinity Castle,2025-07-25,21624
DEMON SLAYER -KIMETSU NO YAIBA- THE MOVIE: INFINITY CASTLE (IMAX 2D),en,Demon Slayer: Kimetsu no Yaiba – The Movie: Infinity Castle,2025-07-26,20403
DEMON SLAYER -KIMETSU NO YAIBA- THE MOVIE: INFINITY CASTLE (IMAX 2D),en,Demon Slayer: Kimetsu no Yaiba – The Movie: Infinity Castle,2025-07-27,20626
DEMON SLAYER -KIMETSU NO YAIBA- THE MOVIE: INFINITY CASTLE (IMAX 2D),en,Demon Slayer: Kimetsu no Yaiba – The Movie: Infinity Castle,2025-07-28,19534
DEMON SLAYER -KIMETSU NO YAIBA- THE MOVIE: INFINITY CASTLE (IMAX 2D),en,Demon Slayer: Kimetsu no Yaiba – The Movie: Infinity Castle,2025-07-29,17563
DEMON SLAYER -KIMETSU NO YAIBA- THE MOVIE: INFINITY CASTLE (IMAX 2D),en,Demon Slayer: Kimetsu no Yaiba – The Movie: Infinity Castle,2025-07-30,14655
DEMON SLAYER -KIMETSU NO YAIBA- THE MOVIE: INFINITY CASTLE (IMAX 2D),en,Demon Slayer: Kimetsu no Yaiba – The Movie: Infinity Castle,2025-07-31,12627
DEMON SLAYER -KIMETSU NO YAIBA- THE MOVIE: INFINITY CASTLE (IMAX 2D),en,Demon Slayer: Kimetsu no Yaiba – The Movie: Infinity Castle,2025-08-01,12730
DEMON SLAYER -KIMETSU NO YAIBA- THE MOVIE: INFINITY CASTLE (IMAX 2D),en,Demon Slayer: Kimetsu no Yaiba – The Movie: Infinity Castle,2025-08-02,13384
DEMON SLAYER -KIMETSU NO YAIBA- THE MOVIE: INFINITY CASTLE (IMAX 2D),en,Demon Slayer: Kimetsu no Yaiba – The Movie: Infinity Castle,2025-08-03,14578
DEMON SLAYER -KIMETSU NO YAIBA- THE MOVIE: INFINITY CASTLE (IMAX 2D),en,Demon Slayer: Kimetsu no Yaiba – The Movie: Infinity Castle,2025-08-04,13730
DEMON SLAYER -KIMETSU NO YAIBA- THE MOVIE: INFINITY CASTLE (IMAX 2D),en,Demon Slayer: Kimetsu no Yaiba – The Movie: Infinity Castle,2025-08-05,12513
DEMON SLAYER -KIMETSU NO YAIBA- THE MOVIE: INFINITY CASTLE (IMAX 2D),en,Demon Slayer: Kimetsu no Yaiba – The Movie: Infinity Castle,2025-08-06,12128
DEMON SLAYER -KIMETSU NO YAIBA- THE MOVIE: INFINITY CASTLE (IMAX 2D),en,Demon Slayer: Kimetsu no Yaiba – The Movie: Infinity Castle,2025-08-07,12276
DEMON SLAYER -KIMETSU NO YAIBA- THE MOVIE: INFINITY CASTLE (IMAX 2D),en,Demon Slayer: Kimetsu no Yaiba – The Movie: Infinity Castle,2025-08-08,12557
DEMON SLAYER -KIMETSU NO YAIBA- THE MOVIE: INFINITY CASTLE (IMAX 2D),en,Demon Slayer: Kimetsu no Yaiba – The Movie: Infinity Castle,2025-08-09,12635
DEMON SLAYER -KIMETSU NO YAIBA- THE MOVIE: INFINITY CASTLE (IMAX 2D),en,Demon Slayer: Kimetsu no Yaiba – The Movie: Infinity Castle,2025-08-10,14128
DEMON SLAYER -KIMETSU NO YAIBA- THE MOVIE: INFINITY CASTLE (IMAX 2D),en,Demon Slayer: Kimetsu no Yaiba – The Movie: Infinity Castle,2025-08-11,13842
DEMON SLAYER -KIMETSU NO YAIBA- THE MOVIE: INFINITY CASTLE (IMAX 2D),en,Demon Slayer: Kimetsu no Yaiba – The Movie: Infinity Castle,2025-08-12,16431
DEMON SLAYER -KIMETSU NO YAIBA- THE MOVIE: INFINITY CASTLE (IMAX 2D),en,Demon Slayer: Kimetsu no Yaiba – The Movie: Infinity Castle,2025-08-13,15185
DEMON SLAYER -KIMETSU NO YAIBA- THE MOVIE: INFINITY CASTLE (IMAX 2D),en,Demon Slayer: Kimetsu no Yaiba – The Movie: Infinity Castle,2025-08-14,16678
DEMON SLAYER -KIMETSU NO YAIBA- THE MOVIE: INFINITY CASTLE (IMAX 2D),en,Demon Slayer: Kimetsu no Yaiba – The Movie: Infinity Castle,2025-08-15,21803
DEMON SLAYER -KIMETSU NO YAIBA- THE MOVIE: INFINITY CASTLE (IMAX 2D),en,Demon Slayer: Kimetsu no Yaiba – The Movie: Infinity Castle,2025-08-16,23514
DEMON SLAYER -KIMETSU NO YAIBA- THE MOVIE: INFINITY CASTLE (IMAX 2D),en,Demon Slayer: Kimetsu no Yaiba – The Movie: Infinity Castle,2025-08-17,23083
DEMON SLAYER -KIMETSU NO YAIBA- THE MOVIE: INFINITY CASTLE (IMAX 2D),en,Demon Slayer: Kimetsu no Yaiba – The Movie: Infinity Castle,2025-08-18,21814
DEMON SLAYER -KIMETSU NO YAIBA- THE MOVIE: INFINITY CASTLE (IMAX 2D),en,Demon Slayer: Kimetsu no Yaiba – The Movie: Infinity Castle,2025-08-19,19078
DEMON SLAYER -KIMETSU NO YAIBA- THE MOVIE: INFINITY CASTLE (IMAX 2D),en,Demon Slayer: Kimetsu no Yaiba – The Movie: Infinity Castle,2025-08-20,20282
DEMON SLAYER -KIMETSU NO YAIBA- THE MOVIE: INFINITY CASTLE (IMAX 2D),en,Demon Slayer: Kimetsu no Yaiba – The Movie: Infinity Castle,2025-08-21,19755
DEMON SLAYER -KIMETSU NO YAIBA- THE MOVIE: INFINITY CASTLE (IMAX 2D),en,Demon Slayer: Kimetsu no Yaiba – The Movie: Infinity Castle,2025-08-22,17824
DEMON SLAYER -KIMETSU NO YAIBA- THE MOVIE: INFINITY CASTLE (IMAX 2D),en,Demon Slayer: Kimetsu no Yaiba – The Movie: Infinity Castle,2025-08-23,19896
DEMON SLAYER -KIMETSU NO YAIBA- THE MOVIE: INFINITY CASTLE (IMAX 2D),en,Demon Slayer: Kimetsu no Yaiba – The Movie: Infinity Castle,2025-08-24,21032
DEMON SLAYER -KIMETSU NO YAIBA- THE MOVIE: INFINITY CASTLE (IMAX 2D),en,Demon Slayer: Kimetsu no Yaiba – The Movie: Infinity Castle,2025-08-25,19163
DEMON SLAYER -KIMETSU NO YAIBA- THE MOVIE: INFINITY CASTLE (IMAX 2D),en,Demon Slayer: Kimetsu no Yaiba – The Movie: Infinity Castle,2025-08-26,16486
DENDAM MALAM KELAM,id,Dendam Malam Kelam,2025-05-28,63
DENDAM MALAM KELAM,id,Dendam Malam Kelam,2025-05-29,120
DENDAM MALAM KELAM,id,Dendam Malam Kelam,2025-05-30,143
DENDAM MALAM KELAM,id,Dendam Malam Kelam,2025-05-31,193
DENDAM MALAM KELAM,id,Dendam Malam Kelam,2025-06-01,167
DENDAM MALAM KELAM,id,Dendam Malam Kelam,2025-06-02,190
DENDAM MALAM KELAM,id,Dendam Malam Kelam,2025-06-03,179
DETECTIVE CONAN THE MOVIE: ONE-EYED FLASHBACK,en,Detective Conan: One-eyed Flashback,2025-08-13,585
DETECTIVE CONAN THE MOVIE: ONE-EYED FLASHBACK,en,Detective Conan: One-eyed Flashback,2025-08-14,533
DETECTIVE CONAN THE MOVIE: ONE-EYED FLASHBACK,en,Detective Conan: One-eyed Flashback,2025-08-15,611
DETECTIVE CONAN THE MOVIE: ONE-EYED FLASHBACK,en,Detective Conan: One-eyed Flashback,2025-08-16,696
DETECTIVE CONAN THE MOVIE: ONE-EYED FLASHBACK,en,Detective Conan: One-eyed Flashback,2025-08-17,714
DETECTIVE CONAN THE MOVIE: ONE-EYED FLASHBACK,en,Detective Conan: One-eyed Flashback,2025-08-18,714
DETECTIVE CONAN THE MOVIE: ONE-EYED FLASHBACK,en,Detective Conan: One-eyed Flashback,2025-08-19,584
DETECTIVE CONAN THE MOVIE: ONE-EYED FLASHBACK,en,Detective Conan: One-eyed Flashback,2025-08-20,531
DETECTIVE CONAN THE MOVIE: ONE-EYED FLASHBACK,en,Detective Conan: One-eyed Flashback,2025-08-21,562
DETECTIVE CONAN THE MOVIE: ONE-EYED FLASHBACK,en,Detective Conan: One-eyed Flashback,2025-08-22,573
DETECTIVE CONAN THE MOVIE: ONE-EYED FLASHBACK,en,Detective Conan: One-eyed Flashback,2025-08-23,656
DETECTIVE CONAN THE MOVIE: ONE-EYED FLASHBACK,en,Detective Conan: One-eyed Flashback,2025-08-24,685
DETECTIVE CONAN THE MOVIE: ONE-EYED FLASHBACK,en,Detective Conan: One-eyed Flashback,2025-08-25,618
DETECTIVE CONAN THE MOVIE: ONE-EYED FLASHBACK,en,Detective Conan: One-eyed Flashback,2025-08-26,888
DETECTIVE CONAN THE MOVIE: ONE-EYED FLASHBACK,en,Detective Conan: One-eyed Flashback,2025-08-27,631
DETECTIVE CONAN THE MOVIE: ONE-EYED FLASHBACK,en,Detective Conan: One-eyed Flashback,2025-08-28,529
DETECTIVE CONAN THE MOVIE: ONE-EYED FLASHBACK,en,Detective Conan: One-eyed Flashback,2025-08-29,519
DETECTIVE CONAN THE MOVIE: ONE-EYED FLASHBACK,en,Detective Conan: One-eyed Flashback,2025-08-30,524
DETECTIVE CONAN THE MOVIE: ONE-EYED FLASHBACK,en,Detective Conan: One-eyed Flashback,2025-08-31,582
DETECTIVE CONAN THE MOVIE: ONE-EYED FLASHBACK,en,Detective Conan: One-eyed Flashback,2025-09-01,584
DETECTIVE CONAN THE MOVIE: ONE-EYED FLASHBACK,en,Detective Conan: One-eyed Flashback,2025-09-02,538
DETECTIVE CONAN THE MOVIE: ONE-EYED FLASHBACK,en,Detective Conan: One-eyed Flashback,2025-09-03,469
DETECTIVE CONAN THE MOVIE: ONE-EYED FLASHBACK,en,Detective Conan: One-eyed Flashback,2025-09-04,486
DETECTIVE CONAN THE MOVIE: ONE-EYED FLASHBACK,en,Detective Conan: One-eyed Flashback,2025-09-05,531
DETECTIVE CONAN THE MOVIE: ONE-EYED FLASHBACK,en,Detective Conan: One-eyed Flashback,2025-09-06,621
DETECTIVE CONAN THE MOVIE: ONE-EYED FLASHBACK,en,Detective Conan: One-eyed Flashback,2025-09-07,642
DETECTIVE CONAN THE MOVIE: ONE-EYED FLASHBACK,en,Detective Conan: One-eyed Flashback,2025-09-08,586
DETECTIVE CONAN THE MOVIE: ONE-EYED FLASHBACK,en,Detective Conan: One-eyed Flashback,2025-09-09,578
DETECTIVE CONAN THE MOVIE: ONE-EYED FLASHBACK,en,Detective Conan: One-eyed Flashback,2025-09-10,640
DETECTIVE CONAN THE MOVIE: ONE-EYED FLASHBACK,en,Detective Conan: One-eyed Flashback,2025-09-11,733
DETECTIVE CONAN THE MOVIE: ONE-EYED FLASHBACK,en,Detective Conan: One-eyed Flashback,2025-09-12,1125
DETECTIVE CONAN THE MOVIE: ONE-EYED FLASHBACK,en,Detective Conan: One-eyed Flashback,2025-09-13,1381
DETECTIVE CONAN THE MOVIE: ONE-EYED FLASHBACK,en,Detective Conan: One-eyed Flashback,2025-09-14,1496
DETECTIVE CONAN THE MOVIE: ONE-EYED FLASHBACK,en,Detective Conan: One-eyed Flashback,2025-09-15,1422
DETECTIVE CONAN THE MOVIE: ONE-EYED FLASHBACK,en,Detective Conan: One-eyed Flashback,2025-09-16,1286
DETECTIVE CONAN THE MOVIE: ONE-EYED FLASHBACK,en,Detective Conan: One-eyed Flashback,2025-09-17,1748
DETECTIVE CONAN THE MOVIE: ONE-EYED FLASHBACK,en,Detective Conan: One-eyed Flashback,2025-09-18,1380
DETECTIVE CONAN THE MOVIE: ONE-EYED FLASHBACK,en,Detective Conan: One-eyed Flashback,2025-09-19,1445
DETECTIVE CONAN THE MOVIE: ONE-EYED FLASHBACK,en,Detective Conan: One-eyed Flashback,2025-09-20,1606
DETECTIVE CONAN THE MOVIE: ONE-EYED FLASHBACK,en,Detective Conan: One-eyed Flashback,2025-09-21,1614
DETECTIVE CONAN THE MOVIE: ONE-EYED FLASHBACK,en,Detective Conan: One-eyed Flashback,2025-09-22,1269
DETECTIVE CONAN THE MOVIE: ONE-EYED FLASHBACK,en,Detective Conan: One-eyed Flashback,2025-09-23,1011
DETECTIVE CONAN THE MOVIE: ONE-EYED FLASHBACK,en,Detective Conan: One-eyed Flashback,2025-09-24,876
DETECTIVE CONAN THE MOVIE: ONE-EYED FLASHBACK,en,Detective Conan: One-eyed Flashback,2025-09-25,687
DETECTIVE CONAN THE MOVIE: ONE-EYED FLASHBACK,en,Detective Conan: One-eyed Flashback,2025-09-26,763
DETECTIVE CONAN THE MOVIE: ONE-EYED FLASHBACK,en,Detective Conan: One-eyed Flashback,2025-09-27,843
DETECTIVE CONAN THE MOVIE: ONE-EYED FLASHBACK,en,Detective Conan: One-eyed Flashback,2025-09-28,926
DETECTIVE CONAN THE MOVIE: ONE-EYED FLASHBACK (IMAX 2D),en,Detective Conan: One-eyed Flashback,2025-08-13,585
DETECTIVE CONAN THE MOVIE: ONE-EYED FLASHBACK (IMAX 2D),en,Detective Conan: One-eyed Flashback,2025-08-14,533
DETECTIVE CONAN THE MOVIE: ONE-EYED FLASHBACK (IMAX 2D),en,Detective Conan: One-eyed Flashback,2025-08-15,611
DETECTIVE CONAN THE MOVIE: ONE-EYED FLASHBACK (IMAX 2D),en,Detective Conan: One-eyed Flashback,2025-08-16,696
DETECTIVE CONAN THE MOVIE: ONE-EYED FLASHBACK (IMAX 2D),en,Detective Conan: One-eyed Flashback,2025-08-17,714
DETECTIVE CONAN THE MOVIE: ONE-EYED FLASHBACK (IMAX 2D),en,Detective Conan: One-eyed Flashback,2025-08-18,714
DETECTIVE CONAN THE MOVIE: ONE-EYED FLASHBACK (IMAX 2D),en,Detective Conan: One-eyed Flashback,2025-08-19,584
DETECTIVE CONAN THE MOVIE: ONE-EYED FLASHBACK (IMAX 2D),en,Detective Conan: One-eyed Flashback,2025-08-20,531
DETECTIVE CONAN THE MOVIE: ONE-EYED FLASHBACK (IMAX 2D),en,Detective Conan: One-eyed Flashback,2025-08-21,562
DETECTIVE CONAN THE MOVIE: ONE-EYED FLASHBACK (IMAX 2D),en,Detective Conan: One-eyed Flashback,2025-08-22,573
DETECTIVE CONAN THE MOVIE: ONE-EYED FLASHBACK (IMAX 2D),en,Detective Conan: One-eyed Flashback,2025-08-23,656
DETECTIVE CONAN THE MOVIE: ONE-EYED FLASHBACK (IMAX 2D),en,Detective Conan: One-eyed Flashback,2025-08-24,685
DETECTIVE CONAN THE MOVIE: ONE-EYED FLASHBACK (IMAX 2D),en,Detective Conan: One-eyed Flashback,2025-08-25,618
DETECTIVE CONAN THE MOVIE: ONE-EYED FLASHBACK (IMAX 2D),en,Detective Conan: One-eyed Flashback,2025-08-26,888
DETECTIVE CONAN THE MOVIE: ONE-EYED FLASHBACK (IMAX 2D),en,Detective Conan: One-eyed Flashback,2025-08-27,631
DETECTIVE CONAN THE MOVIE: ONE-EYED FLASHBACK (IMAX 2D),en,Detective Conan: One-eyed Flashback,2025-08-28,529
DETECTIVE CONAN THE MOVIE: ONE-EYED FLASHBACK (IMAX 2D),en,Detective Conan: One-eyed Flashback,2025-08-29,519
DETECTIVE CONAN THE MOVIE: ONE-EYED FLASHBACK (IMAX 2D),en,Detective Conan: One-eyed Flashback,2025-08-30,524
DETECTIVE CONAN THE MOVIE: ONE-EYED FLASHBACK (IMAX 2D),en,Detective Conan: One-eyed Flashback,2025-08-31,582
DETECTIVE CONAN THE MOVIE: ONE-EYED FLASHBACK (IMAX 2D),en,Detective Conan: One-eyed Flashback,2025-09-01,584
DETECTIVE CONAN THE MOVIE: ONE-EYED FLASHBACK (IMAX 2D),en,Detective Conan: One-eyed Flashback,2025-09-02,538
DETECTIVE CONAN THE MOVIE: ONE-EYED FLASHBACK (IMAX 2D),en,Detective Conan: One-eyed Flashback,2025-09-03,469
DETECTIVE CONAN THE MOVIE: ONE-EYED FLASHBACK (IMAX 2D),en,Detective Conan: One-eyed Flashback,2025-09-04,486
DETECTIVE CONAN THE MOVIE: ONE-EYED FLASHBACK (IMAX 2D),en,Detective Conan: One-eyed Flashback,2025-09-05,531
DETECTIVE CONAN THE MOVIE: ONE-EYED FLASHBACK (IMAX 2D),en,Detective Conan: One-eyed Flashback,2025-09-06,621
DETECTIVE CONAN THE MOVIE: ONE-EYED FLASHBACK (IMAX 2D),en,Detective Conan: One-eyed Flashback,2025-09-07,642
DETECTIVE CONAN THE MOVIE: ONE-EYED FLASHBACK (IMAX 2D),en,Detective Conan: One-eyed Flashback,2025-09-08,586
DETECTIVE CONAN THE MOVIE: ONE-EYED FLASHBACK (IMAX 2D),en,Detective Conan: One-eyed Flashback,2025-09-09,578
DETECTIVE CONAN THE MOVIE: ONE-EYED FLASHBACK (IMAX 2D),en,Detective Conan: One-eyed Flashback,2025-09-10,640
DETECTIVE CONAN THE MOVIE: ONE-EYED FLASHBACK (IMAX 2D),en,Detective Conan: One-eyed Flashback,2025-09-11,733
DETECTIVE CONAN THE MOVIE: ONE-EYED FLASHBACK (IMAX 2D),en,Detective Conan: One-eyed Flashback,2025-09-12,1125
DETECTIVE CONAN THE MOVIE: ONE-EYED FLASHBACK (IMAX 2D),en,Detective Conan: One-eyed Flashback,2025-09-13,1381
DETECTIVE CONAN THE MOVIE: ONE-EYED FLASHBACK (IMAX 2D),en,Detective Conan: One-eyed Flashback,2025-09-14,1496
DETECTIVE CONAN THE MOVIE: ONE-EYED FLASHBACK (IMAX 2D),en,Detective Conan: One-eyed Flashback,2025-09-15,1422
DETECTIVE CONAN THE MOVIE: ONE-EYED FLASHBACK (IMAX 2D),en,Detective Conan: One-eyed Flashback,2025-09-16,1286
DETECTIVE CONAN THE MOVIE: ONE-EYED FLASHBACK (IMAX 2D),en,Detective Conan: One-eyed Flashback,2025-09-17,1748
DETECTIVE CONAN THE MOVIE: ONE-EYED FLASHBACK (IMAX 2D),en,Detective Conan: One-eyed Flashback,2025-09-18,1380
DETECTIVE CONAN THE MOVIE: ONE-EYED FLASHBACK (IMAX 2D),en,Detective Conan: One-eyed Flashback,2025-09-19,1445
DETECTIVE CONAN THE MOVIE: ONE-EYED FLASHBACK (IMAX 2D),en,Detective Conan: One-eyed Flashback,2025-09-20,1606
DETECTIVE CONAN THE MOVIE: ONE-EYED FLASHBACK (IMAX 2D),en,Detective Conan: One-eyed Flashback,2025-09-21,1614
DETECTIVE CONAN THE MOVIE: ONE-EYED FLASHBACK (IMAX 2D),en,Detective Conan: One-eyed Flashback,2025-09-22,1269
DETECTIVE CONAN THE MOVIE: ONE-EYED FLASHBACK (IMAX 2D),en,Detective Conan: One-eyed Flashback,2025-09-23,1011
DETECTIVE CONAN THE MOVIE: ONE-EYED FLASHBACK (IMAX 2D),en,Detective Conan: One-eyed Flashback,2025-09-24,876
DETECTIVE CONAN THE MOVIE: ONE-EYED FLASHBACK (IMAX 2D),en,Detective Conan: One-eyed Flashback,2025-09-25,687
DETECTIVE CONAN THE MOVIE: ONE-EYED FLASHBACK (IMAX 2D),en,Detective Conan: One-eyed Flashback,2025-09-26,763
DETECTIVE CONAN THE MOVIE: ONE-EYED FLASHBACK (IMAX 2D),en,Detective Conan: One-eyed Flashback,2025-09-27,843
DETECTIVE CONAN THE MOVIE: ONE-EYED FLASHBACK (IMAX 2D),en,Detective Conan: One-eyed Flashback,2025-09-28,926
DHADAK 2,en,Dhadak 2,2025-06-27,1279
DHADAK 2,en,Dhadak 2,2025-06-28,1245
DHADAK 2,en,Dhadak 2,2025-06-29,1191
DHADAK 2,en,Dhadak 2,2025-06-30,1046
DHADAK 2,en,Dhadak 2,2025-07-01,1045
DHADAK 2,en,Dhadak 2,2025-07-02,1033
DHADAK 2,en,Dhadak 2,2025-07-03,991
DHADAK 2,en,Dhadak 2,2025-07-04,1053
DHADAK 2,en,Dhadak 2,2025-07-05,1101
DHADAK 2,en,Dhadak 2,2025-07-06,1225
DHADAK 2,en,Dhadak 2,2025-07-07,1205
DHADAK 2,en,Dhadak 2,2025-07-08,1245
DHADAK 2,en,Dhadak 2,2025-07-09,2643
DHADAK 2,en,Dhadak 2,2025-07-10,2335
DHADAK 2,en,Dhadak 2,2025-07-11,15131
DHADAK 2,en,Dhadak 2,2025-07-12,16506
DHADAK 2,en,Dhadak 2,2025-07-13,7714
DHADAK 2,en,Dhadak 2,2025-07-14,5586
DHADAK 2,en,Dhadak 2,2025-07-15,4266
DHADAK 2,en,Dhadak 2,2025-07-16,3551
DHADAK 2,en,Dhadak 2,2025-07-17,3198
DHADAK 2,en,Dhadak 2,2025-07-18,2888
DHADAK 2,en,Dhadak 2,2025-07-19,3263
DHADAK 2,en,Dhadak 2,2025-07-20,3584
DHADAK 2,en,Dhadak 2,2025-07-21,4819
DHADAK 2,en,Dhadak 2,2025-07-22,4488
DHADAK 2,en,Dhadak 2,2025-07-23,4013
DHADAK 2,en,Dhadak 2,2025-07-24,4347
DHADAK 2,en,Dhadak 2,2025-07-25,5156
DHADAK 2,en,Dhadak 2,2025-07-26,5000
DHADAK 2,en,Dhadak 2,2025-07-27,5535
DHADAK 2,en,Dhadak 2,2025-07-28,5677
DHADAK 2,en,Dhadak 2,2025-07-29,6443
DHADAK 2,en,Dhadak 2,2025-07-30,7077
DHADAK 2,en,Dhadak 2,2025-07-31,15835
DHADAK 2,en,Dhadak 2,2025-08-01,55556
DHADAK 2,en,Dhadak 2,2025-08-02,72643
DHADAK 2,en,Dhadak 2,2025-08-03,65415
DHADAK 2,en,Dhadak 2,2025-08-04,52793
DHADAK 2,en,Dhadak 2,2025-08-05,43095
DHADAK 2,en,Dhadak 2,2025-08-06,39048
DHADAK 2,en,Dhadak 2,2025-08-07,36255
DHADAK 2,en,Dhadak 2,2025-08-08,29315
DHADAK 2,en,Dhadak 2,2025-08-09,25327
DHADAK 2,en,Dhadak 2,2025-08-10,23857
DHADAK 2,en,Dhadak 2,2025-08-11,20030
DHADAK 2,en,Dhadak 2,2025-08-12,17396
DOPAMIN,id,Dopamin (film),2025-11-12,1
DOPAMIN,id,Dopamin (film),2025-11-13,135
DOPAMIN,id,Dopamin (film),2025-11-14,326
DOPAMIN,id,Dopamin (film),2025-11-15,322
DOPAMIN,id,Dopamin (film),2025-11-16,233
DOPAMIN,id,Dopamin (film),2025-11-17,146
DOPAMIN,id,Dopamin (film),2025-11-18,97
DOPAMIN,id,Dopamin (film),2025-11-19,88
DOPAMIN,id,Dopamin (film),2025-11-20,75
DOPAMIN,id,Dopamin (film),2025-11-21,87
DOPAMIN,id,Dopamin (film),2025-11-22,57
DOPAMIN,id,Dopamin (film),2025-11-23,75
DOPAMIN,id,Dopamin (film),2025-11-24,65
DORAEMON THE MOVIE: NOBITAS ART WORLD TALES,en,Doraemon: Nobita's Art World Tales,2025-06-11,474
DORAEMON THE MOVIE: NOBITAS ART WORLD TALES,en,Doraemon: Nobita's Art World Tales,2025-06-12,510
DORAEMON THE MOVIE: NOBITAS ART WORLD TALES,en,Doraemon: Nobita's Art World Tales,2025-06-13,482
DORAEMON THE MOVIE: NOBITAS ART WORLD TALES,en,Doraemon: Nobita's Art World Tales,2025-06-14,584
DORAEMON THE MOVIE: NOBITAS ART WORLD TALES,en,Doraemon: Nobita's Art World Tales,2025-06-15,558
DORAEMON THE MOVIE: NOBITAS ART WORLD TALES,en,Doraemon: Nobita's Art World Tales,2025-06-16,521
DORAEMON THE MOVIE: NOBITAS ART WORLD TALES,en,Doraemon: Nobita's Art World Tales,2025-06-17,533
DORAEMON THE MOVIE: NOBITAS ART WORLD TALES,en,Doraemon: Nobita's Art World Tales,2025-06-18,544
DORAEMON THE MOVIE: NOBITAS ART WORLD TALES,en,Doraemon: Nobita's Art World Tales,2025-06-19,430
DORAEMON THE MOVIE: NOBITAS ART WORLD TALES,en,Doraemon: Nobita's Art World Tales,2025-06-20,420
DORAEMON THE MOVIE: NOBITAS ART WORLD TALES,en,Doraemon: Nobita's Art World Tales,2025-06-21,479
DORAEMON THE MOVIE: NOBITAS ART WORLD TALES,en,Doraemon: Nobita's Art World Tales,2025-06-22,485
DORAEMON THE MOVIE: NOBITAS ART WORLD TALES,en,Doraemon: Nobita's Art World Tales,2025-06-23,432
DORAEMON THE MOVIE: NOBITAS ART WORLD TALES,en,Doraemon: Nobita's Art World Tales,2025-06-24,468
DORAEMON THE MOVIE: NOBITAS ART WORLD TALES,en,Doraemon: Nobita's Art World Tales,2025-06-25,425
DORAEMON THE MOVIE: NOBITAS ART WORLD TALES,en,Doraemon: Nobita's Art World Tales,2025-06-26,403
DORAEMON THE MOVIE: NOBITAS ART WORLD TALES,en,Doraemon: Nobita's Art World Tales,2025-06-27,399
DORAEMON THE MOVIE: NOBITAS ART WORLD TALES,en,Doraemon: Nobita's Art World Tales,2025-06-28,469
DORAEMON THE MOVIE: NOBITAS ART WORLD TALES,en,Doraemon: Nobita's Art World Tales,2025-06-29,456
DORAEMON THE MOVIE: NOBITAS ART WORLD TALES,en,Doraemon: Nobita's Art World Tales,2025-06-30,369
DORAEMON THE MOVIE: NOBITAS ART WORLD TALES,en,Doraemon: Nobita's Art World Tales,2025-07-01,389
DORAEMON THE MOVIE: NOBITAS ART WORLD TALES,en,Doraemon: Nobita's Art World Tales,2025-07-02,359
DORAEMON THE MOVIE: NOBITAS ART WORLD TALES,en,Doraemon: Nobita's Art World Tales,2025-07-03,388
DORAEMON THE MOVIE: NOBITAS ART WORLD TALES,en,Doraemon: Nobita's Art World Tales,2025-07-04,367
DORAEMON THE MOVIE: NOBITAS ART WORLD TALES,en,Doraemon: Nobita's Art World Tales,2025-07-05,408
DORAEMON THE MOVIE: NOBITAS ART WORLD TALES,en,Doraemon: Nobita's Art World Tales,2025-07-06,439
DORAEMON THE MOVIE: NOBITAS ART WORLD TALES,en,Doraemon: Nobita's Art World Tales,2025-07-07,511
DORAEMON THE MOVIE: NOBITAS ART WORLD TALES,en,Doraemon: Nobita's Art World Tales,2025-07-08,453
DORAEMON THE MOVIE: NOBITAS ART WORLD TALES,en,Doraemon: Nobita's Art World Tales,2025-07-09,427
DORAEMON THE MOVIE: NOBITAS ART WORLD TALES,en,Doraemon: Nobita's Art World Tales,2025-07-10,479
DORAEMON THE MOVIE: NOBITAS ART WORLD TALES,en,Doraemon: Nobita's Art World Tales,2025-07-11,407
DORAEMON THE MOVIE: NOBITAS ART WORLD TALES,en,Doraemon: Nobita's Art World Tales,2025-07-12,496
DORAEMON THE MOVIE: NOBITAS ART WORLD TALES,en,Doraemon: Nobita's Art World Tales,2025-07-13,480
DORAEMON THE MOVIE: NOBITAS ART WORLD TALES,en,Doraemon: Nobita's Art World Tales,2025-07-14,409
DORAEMON THE MOVIE: NOBITAS ART WORLD TALES,en,Doraemon: Nobita's Art World Tales,2025-07-15,387
DORAEMON THE MOVIE: NOBITAS ART WORLD TALES,en,Doraemon: Nobita's Art World Tales,2025-07-16,428
DORAEMON THE MOVIE: NOBITAS ART WORLD TALES,en,Doraemon: Nobita's Art World Tales,2025-07-17,512
DORAEMON THE MOVIE: NOBITAS ART WORLD TALES,en,Doraemon: Nobita's Art World Tales,2025-07-18,464
DORAEMON THE MOVIE: NOBITAS ART WORLD TALES,en,Doraemon: Nobita's Art World Tales,2025-07-19,600
DORAEMON THE MOVIE: NOBITAS ART WORLD TALES,en,Doraemon: Nobita's Art World Tales,2025-07-20,682
DORAEMON THE MOVIE: NOBITAS ART WORLD TALES,en,Doraemon: Nobita's Art World Tales,2025-07-21,522
DORAEMON THE MOVIE: NOBITAS ART WORLD TALES,en,Doraemon: Nobita's Art World Tales,2025-07-22,525
DORAEMON THE MOVIE: NOBITAS ART WORLD TALES,en,Doraemon: Nobita's Art World Tales,2025-07-23,474
DORAEMON THE MOVIE: NOBITAS ART WORLD TALES,en,Doraemon: Nobita's Art World Tales,2025-07-24,470
DORAEMON THE MOVIE: NOBITAS ART WORLD TALES,en,Doraemon: Nobita's Art World Tales,2025-07-25,460
DORAEMON THE MOVIE: NOBITAS ART WORLD TALES,en,Doraemon: Nobita's Art World Tales,2025-07-26,634
DORAEMON THE MOVIE: NOBITAS ART WORLD TALES,en,Doraemon: Nobita's Art World Tales,2025-07-27,774
DORAEMON THE MOVIE: NOBITAS ART WORLD TALES,id,Doraemon: Nobita's Art World Tales,2025-06-11,44
DORAEMON THE MOVIE: NOBITAS ART WORLD TALES,id,Doraemon: Nobita's Art World Tales,2025-06-12,36
DORAEMON THE MOVIE: NOBITAS ART WORLD TALES,id,Doraemon: Nobita's Art World Tales,2025-06-13,32
DORAEMON THE MOVIE: NOBITAS ART WORLD TALES,id,Doraemon: Nobita's Art World Tales,2025-06-14,53
DORAEMON THE MOVIE: NOBITAS ART WORLD TALES,id,Doraemon: Nobita's Art World Tales,2025-06-15,24
DORAEMON THE MOVIE: NOBITAS ART WORLD TALES,id,Doraemon: Nobita's Art World Tales,2025-06-16,28
DORAEMON THE MOVIE: NOBITAS ART WORLD TALES,id,Doraemon: Nobita's Art World Tales,2025-06-17,29
DORAEMON THE MOVIE: NOBITAS ART WORLD TALES,id,Doraemon: Nobita's Art World Tales,2025-06-18,46
DORAEMON THE MOVIE: NOBITAS ART WORLD TALES,id,Doraemon: Nobita's Art World Tales,2025-06-19,42
DORAEMON THE MOVIE: NOBITAS ART WORLD TALES,id,Doraemon: Nobita's Art World Tales,2025-06-20,38
DORAEMON THE MOVIE: NOBITAS ART WORLD TALES,id,Doraemon: Nobita's Art World Tales,2025-06-21,62
DORAEMON THE MOVIE: NOBITAS ART WORLD TALES,id,Doraemon: Nobita's Art World Tales,2025-06-22,63
DORAEMON THE MOVIE: NOBITAS ART WORLD TALES,id,Doraemon: Nobita's Art World Tales,2025-06-23,63
DORAEMON THE MOVIE: NOBITAS ART WORLD TALES,id,Doraemon: Nobita's Art World Tales,2025-06-24,37
DORAEMON THE MOVIE: NOBITAS ART WORLD TALES,id,Doraemon: Nobita's Art World Tales,2025-06-25,48
DORAEMON THE MOVIE: NOBITAS ART WORLD TALES,id,Doraemon: Nobita's Art World Tales,2025-06-26,46
DORAEMON THE MOVIE: NOBITAS ART WORLD TALES,id,Doraemon: Nobita's Art World Tales,2025-06-27,38
DORAEMON THE MOVIE: NOBITAS ART WORLD TALES,id,Doraemon: Nobita's Art World Tales,2025-06-28,44
DORAEMON THE MOVIE: NOBITAS ART WORLD TALES,id,Doraemon: Nobita's Art World Tales,2025-06-29,37
DORAEMON THE MOVIE: NOBITAS ART WORLD TALES,id,Doraemon: Nobita's Art World Tales,2025-06-30,30
DORAEMON THE MOVIE: NOBITAS ART WORLD TALES,id,Doraemon: Nobita's Art World Tales,2025-07-01,32
DORAEMON THE MOVIE: NOBITAS ART WORLD TALES,id,Doraemon: Nobita's Art World Tales,2025-07-02,36
DORAEMON THE MOVIE: NOBITAS ART WORLD TALES,id,Doraemon: Nobita's Art World Tales,2025-07-03,32
DORAEMON THE MOVIE: NOBITAS ART WORLD TALES,id,Doraemon: Nobita's Art World Tales,2025-07-04,38
DORAEMON THE MOVIE: NOBITAS ART WORLD TALES,id,Doraemon: Nobita's Art World Tales,2025-07-05,29
DORAEMON THE MOVIE: NOBITAS ART WORLD TALES,id,Doraemon: Nobita's Art World Tales,2025-07-06,41
DORAEMON THE MOVIE: NOBITAS ART WORLD TALES,id,Doraemon: Nobita's Art World Tales,2025-07-07,48
DORAEMON THE MOVIE: NOBITAS ART WORLD TALES,id,Doraemon: Nobita's Art World Tales,2025-07-08,59
DORAEMON THE MOVIE: NOBITAS ART WORLD TALES,id,Doraemon: Nobita's Art World Tales,2025-07-09,64
DORAEMON THE MOVIE: NOBITAS ART WORLD TALES,id,Doraemon: Nobita's Art World Tales,2025-07-10,59
DORAEMON THE MOVIE: NOBITAS ART WORLD TALES,id,Doraemon: Nobita's Art World Tales,2025-07-11,48
DORAEMON THE MOVIE: NOBITAS ART WORLD TALES,id,Doraemon: Nobita's Art World Tales,2025-07-12,48
DORAEMON THE MOVIE: NOBITAS ART WORLD TALES,id,Doraemon: Nobita's Art World Tales,2025-07-13,48
DORAEMON THE MOVIE: NOBITAS ART WORLD TALES,id,Doraemon: Nobita's Art World Tales,2025-07-14,36
DORAEMON THE MOVIE: NOBITAS ART WORLD TALES,id,Doraemon: Nobita's Art World Tales,2025-07-15,38
DORAEMON THE MOVIE: NOBITAS ART WORLD TALES,id,Doraemon: Nobita's Art World Tales,2025-07-16,73
DORAEMON THE MOVIE: NOBITAS ART WORLD TALES,id,Doraemon: Nobita's Art World Tales,2025-07-17,66
DORAEMON THE MOVIE: NOBITAS ART WORLD TALES,id,Doraemon: Nobita's Art World Tales,2025-07-18,63
DORAEMON THE MOVIE: NOBITAS ART WORLD TALES,id,Doraemon: Nobita's Art World Tales,2025-07-19,81
DORAEMON THE MOVIE: NOBITAS ART WORLD TALES,id,Doraemon: Nobita's Art World Tales,2025-07-20,67
DORAEMON THE MOVIE: NOBITAS ART WORLD TALES,id,Doraemon: Nobita's Art World Tales,2025-07-21,42
DORAEMON THE MOVIE: NOBITAS ART WORLD TALES,id,Doraemon: Nobita's Art World Tales,2025-07-22,38
DORAEMON THE MOVIE: NOBITAS ART WORLD TALES,id,Doraemon: Nobita's Art World Tales,2025-07-23,49
DORAEMON THE MOVIE: NOBITAS ART WORLD TALES,id,Doraemon: Nobita's Art World Tales,2025-07-24,46
DORAEMON THE MOVIE: NOBITAS ART WORLD TALES,id,Doraemon: Nobita's Art World Tales,2025-07-25,50
DORAEMON THE MOVIE: NOBITAS ART WORLD TALES,id,Doraemon: Nobita's Art World Tales,2025-07-26,46
DORAEMON THE MOVIE: NOBITAS ART WORLD TALES,id,Doraemon: Nobita's Art World Tales,2025-07-27,64
DOTI - TUMBAL ILMU HITAM,id,Doti: Tumbal Ilmu Hitam,2025-07-24,28
DOTI - TUMBAL ILMU HITAM,id,Doti: Tumbal Ilmu Hitam,2025-07-25,28
DOTI - TUMBAL ILMU HITAM,id,Doti: Tumbal Ilmu Hitam,2025-07-26,26
DOTI - TUMBAL ILMU HITAM,id,Doti: Tumbal Ilmu Hitam,2025-07-27,25
DOTI - TUMBAL ILMU HITAM,id,Doti: Tumbal Ilmu Hitam,2025-07-28,15
DOTI - TUMBAL ILMU HITAM,id,Doti: Tumbal Ilmu Hitam,2025-07-29,37
DOTI - TUMBAL ILMU HITAM,id,Doti: Tumbal Ilmu Hitam,2025-07-30,45
DOTI - TUMBAL ILMU HITAM,id,Doti: Tumbal Ilmu Hitam,2025-07-31,12
DOTI - TUMBAL ILMU HITAM,id,Doti: Tumbal Ilmu Hitam,2025-08-01,20
DROP,en,Drop (film),2025-03-17,6588
DROP,en,Drop (film),2025-03-18,7321
DROP,en,Drop (film),2025-03-19,5877
DROP,en,Drop (film),2025-03-20,5634
DROP,en,Drop (film),2025-03-21,4268
DROP,en,Drop (film),2025-03-22,4329
DROP,en,Drop (film),2025-03-23,4549
DROP,en,Drop (film),2025-03-24,4778
DROP,en,Drop (film),2025-03-25,10302
DROP,en,Drop (film),2025-03-26,8503
DROP,en,Drop (film),2025-03-27,7494
DROP,en,Drop (film),2025-03-28,6829
DROP,en,Drop (film),2025-03-29,6657
DROP,en,Drop (film),2025-03-30,7709
DROP,en,Drop (film),2025-03-31,8077
DROP,en,Drop (film),2025-04-01,7646
DROP,en,Drop (film),2025-04-02,7781
DROP,en,Drop (film),2025-04-03,8704
DROP,en,Drop (film),2025-04-04,9425
DROP,en,Drop (film),2025-04-05,9366
DROP,en,Drop (film),2025-04-06,13945
DROP,en,Drop (film),2025-04-07,17137
DROP,en,Drop (film),2025-04-08,20317
DROP,en,Drop (film),2025-04-09,29642
DROP,en,Drop (film),2025-04-10,37281
DROP,en,Drop (film),2025-04-11,65003
DROP,en,Drop (film),2025-04-12,68657
DROP,en,Drop (film),2025-04-13,59629
DROP,en,Drop (film),2025-04-14,44889
DROP,en,Drop (film),2025-04-15,32601
DROP,en,Drop (film),2025-04-16,30228
DROP,en,Drop (film),2025-04-17,28313
DROP,en,Drop (film),2025-04-18,28812
DROP,en,Drop (film),2025-04-19,31086
DROP,en,Drop (film),2025-04-20,29553
DROP,en,Drop (film),2025-04-21,24664
DROP,en,Drop (film),2025-04-22,19148
DROP,en,Drop (film),2025-04-23,18559
DROP,en,Drop (film),2025-04-24,15045
DROP,en,Drop (film),2025-04-25,14499
DROP,en,Drop (film),2025-04-26,15097
DROP,en,Drop (film),2025-04-27,14785
DROP,en,Drop (film),2025-04-28,10840
DROP,en,Drop (film),2025-04-29,22306
DROP,en,Drop (film),2025-04-30,27791
DROP,en,Drop (film),2025-05-01,26275
DROP,en,Drop (film),2025-05-02,24370
DROP,id,Drop (film),2025-04-11,8
DROP,id,Drop (film),2025-04-12,5
DROP,id,Drop (film),2025-04-13,2
DROP,id,Drop (film),2025-04-14,9
DROP,id,Drop (film),2025-04-15,4
DROP,id,Drop (film),2025-04-16,13
DROP,id,Drop (film),2025-04-17,12
DROP,id,Drop (film),2025-04-18,15
DROP,id,Drop (film),2025-04-19,29
DROP,id,Drop (film),2025-04-20,21
DROP,id,Drop (film),2025-04-21,27
DROP,id,Drop (film),2025-04-22,51
DROP,id,Drop (film),2025-04-23,461
DROP,id,Drop (film),2025-04-24,345
DROP,id,Drop (film),2025-04-25,214
DROP,id,Drop (film),2025-04-26,214
DROP,id,Drop (film),2025-04-27,181
DROP,id,Drop (film),2025-04-28,107
DROP,id,Drop (film),2025-04-29,110
DROP,id,Drop (film),2025-04-30,125
DROP,id,Drop (film),2025-05-01,128
DROP,id,Drop (film),2025-05-02,98
EJEN ALI: THE MOVIE 2,id,Ejen Ali The Movie 2: Misi Satria,2025-07-05,43
EJEN ALI: THE MOVIE 2,id,Ejen Ali The Movie 2: Misi Satria,2025-07-06,241
EJEN ALI: THE MOVIE 2,id,Ejen Ali The Movie 2: Misi Satria,2025-07-07,286
EJEN ALI: THE MOVIE 2,id,Ejen Ali The Movie 2: Misi Satria,2025-07-08,275
EKSIL,en,The Exiles (2022 film),2025-03-06,14
EKSIL,en,The Exiles (2022 film),2025-03-07,10
EKSIL,en,The Exiles (2022 film),2025-03-08,23
EKSIL,en,The Exiles (2022 film),2025-03-09,11
EKSIL,en,The Exiles (2022 film),2025-03-10,9
EKSIL,en,The Exiles (2022 film),2025-03-11,3
EKSIL,en,The Exiles (2022 film),2025-03-12,9
EKSIL,en,The Exiles (2022 film),2025-03-13,8
EKSIL,en,The Exiles (2022 film),2025-03-14,10
EKSIL,en,The Exiles (2022 film),2025-03-15,7
EKSIL,en,The Exiles (2022 film),2025-03-16,3
EKSIL,en,The Exiles (2022 film),2025-03-17,7
EKSIL,en,The Exiles (2022 film),2025-03-18,9
EKSIL,en,The Exiles (2022 film),2025-03-19,6
EKSIL,en,The Exiles (2022 film),2025-03-20,11
EKSIL,en,The Exiles (2022 film),2025-03-21,20
EKSIL,en,The Exiles (2022 film),2025-03-22,16
EKSIL,en,The Exiles (2022 film),2025-03-23,16
EKSIL,en,The Exiles (2022 film),2025-03-24,10
EKSIL,en,The Exiles (2022 film),2025-03-25,7
EKSIL,en,The Exiles (2022 film),2025-03-26,7
EKSIL,en,The Exiles (2022 film),2025-03-27,13
EKSIL,en,The Exiles (2022 film),2025-03-28,10
EKSIL,en,The Exiles (2022 film),2025-03-29,13
EKSIL,en,The Exiles (2022 film),2025-03-30,9
EKSIL,en,The Exiles (2022 film),2025-03-31,6
EKSIL,en,The Exiles (2022 film),2025-04-01,9
EKSIL,en,The Exiles (2022 film),2025-04-02,7
EKSIL,en,The Exiles (2022 film),2025-04-03,10
EKSIL,en,The Exiles (2022 film),2025-04-04,2
EKSIL,en,The Exiles (2022 film),2025-04-05,8
EKSIL,en,The Exiles (2022 film),2025-04-06,6
EKSIL,en,The Exiles (2022 film),2025-04-07,11
EKSIL,en,The Exiles (2022 film),2025-04-08,3
EKSIL,en,The Exiles (2022 film),2025-04-09,7
EKSIL,en,The Exiles (2022 film),2025-04-10,9
EKSIL,en,The Exiles (2022 film),2025-04-11,6
EKSIL,en,The Exiles (2022 film),2025-04-12,12
EKSIL,en,The Exiles (2022 film),2025-04-13,11
EKSIL,en,The Exiles (2022 film),2025-04-14,14
EKSIL,en,The Exiles (2022 film),2025-04-15,18
EKSIL,en,The Exiles (2022 film),2025-04-16,11
EKSIL,en,The Exiles (2022 film),2025-04-17,9
EKSIL,en,The Exiles (2022 film),2025-04-18,20
EKSIL,en,The Exiles (2022 film),2025-04-19,18
EKSIL,en,The Exiles (2022 film),2025-04-20,18
EKSIL,en,The Exiles (2022 film),2025-04-21,14
EKSIL,id,Eksil (film),2025-03-06,6
EKSIL,id,Eksil (film),2025-03-07,11
EKSIL,id,Eksil (film),2025-03-08,41
EKSIL,id,Eksil (film),2025-03-09,32
EKSIL,id,Eksil (film),2025-03-10,11
EKSIL,id,Eksil (film),2025-03-11,9
EKSIL,id,Eksil (film),2025-03-12,12
EKSIL,id,Eksil (film),2025-03-13,10
EKSIL,id,Eksil (film),2025-03-14,15
EKSIL,id,Eksil (film),2025-03-15,8
EKSIL,id,Eksil (film),2025-03-16,3
EKSIL,id,Eksil (film),2025-03-17,22
EKSIL,id,Eksil (film),2025-03-18,9
EKSIL,id,Eksil (film),2025-03-19,7
EKSIL,id,Eksil (film),2025-03-20,22
EKSIL,id,Eksil (film),2025-03-21,29
EKSIL,id,Eksil (film),2025-03-22,32
EKSIL,id,Eksil (film),2025-03-23,17
EKSIL,id,Eksil (film),2025-03-24,9
EKSIL,id,Eksil (film),2025-03-25,14
EKSIL,id,Eksil (film),2025-03-26,7
EKSIL,id,Eksil (film),2025-03-27,9
EKSIL,id,Eksil (film),2025-03-28,9
EKSIL,id,Eksil (film),2025-03-29,10
EKSIL,id,Eksil (film),2025-03-30,8
EKSIL,id,Eksil (film),2025-03-31,7
EKSIL,id,Eksil (film),2025-04-01,8
EKSIL,id,Eksil (film),2025-04-02,10
EKSIL,id,Eksil (film),2025-04-03,11
EKSIL,id,Eksil (film),2025-04-04,8
EKSIL,id,Eksil (film),2025-04-05,6
EKSIL,id,Eksil (film),2025-04-06,4
EKSIL,id,Eksil (film),2025-04-07,6
EKSIL,id,Eksil (film),2025-04-08,8
EKSIL,id,Eksil (film),2025-04-09,13
EKSIL,id,Eksil (film),2025-04-10,11
EKSIL,id,Eksil (film),2025-04-11,5
EKSIL,id,Eksil (film),2025-04-12,7
EKSIL,id,Eksil (film),2025-04-13,5
EKSIL,id,Eksil (film),2025-04-14,8
EKSIL,id,Eksil (film),2025-04-15,9
EKSIL,id,Eksil (film),2025-04-16,9
EKSIL,id,Eksil (film),2025-04-17,12
EKSIL,id,Eksil (film),2025-04-18,16
EKSIL,id,Eksil (film),2025-04-19,15
EKSIL,id,Eksil (film),2025-04-20,22
EKSIL,id,Eksil (film),2025-04-21,30
ELIO,en,Elio (film),2025-05-14,3511
ELIO,en,Elio (film),2025-05-15,3619
ELIO,en,Elio (film),2025-05-16,3860
ELIO,en,Elio (film),2025-05-17,4327
ELIO,en,Elio (film),2025-05-18,4327
ELIO,en,Elio (film),2025-05-19,5003
ELIO,en,Elio (film),2025-05-20,4847
ELIO,en,Elio (film),2025-05-21,4957
ELIO,en,Elio (film),2025-05-22,4847
ELIO,en,Elio (film),2025-05-23,5622
ELIO,en,Elio (film),2025-05-24,6564
ELIO,en,Elio (film),2025-05-25,7762
ELIO,en,Elio (film),2025-05-26,8625
ELIO,en,Elio (film),2025-05-27,10657
ELIO,en,Elio (film),2025-05-28,9468
ELIO,en,Elio (film),2025-05-29,6959
ELIO,en,Elio (film),2025-05-30,7294
ELIO,en,Elio (film),2025-05-31,12661
ELIO,en,Elio (film),2025-06-01,9627
ELIO,en,Elio (film),2025-06-02,9118
ELIO,en,Elio (film),2025-06-03,8759
ELIO,en,Elio (film),2025-06-04,8299
ELIO,en,Elio (film),2025-06-05,5914
ELIO,en,Elio (film),2025-06-06,5463
ELIO,en,Elio (film),2025-06-07,5807
ELIO,en,Elio (film),2025-06-08,6294
ELIO,en,Elio (film),2025-06-09,6111
ELIO,en,Elio (film),2025-06-10,6698
ELIO,en,Elio (film),2025-06-11,10235
ELIO,en,Elio (film),2025-06-12,9768
ELIO,en,Elio (film),2025-06-13,11322
ELIO,en,Elio (film),2025-06-14,12325
ELIO,en,Elio (film),2025-06-15,12063
ELIO,en,Elio (film),2025-06-16,16224
ELIO,en,Elio (film),2025-06-17,24251
ELIO,en,Elio (film),2025-06-18,33346
ELIO,en,Elio (film),2025-06-19,44902
ELIO,en,Elio (film),2025-06-20,65638
ELIO,en,Elio (film),2025-06-21,70441
ELIO,en,Elio (film),2025-06-22,73841
ELIO,en,Elio (film),2025-06-23,74580
ELIO,en,Elio (film),2025-06-24,55586
ELIO,en,Elio (film),2025-06-25,44063
ELIO,en,Elio (film),2025-06-26,33693
ELIO,en,Elio (film),2025-06-27,29957
ELIO,en,Elio (film),2025-06-28,33506
ELIO,en,Elio (film),2025-06-29,35024
ELIO,id,Elio (film),2025-05-14,15
ELIO,id,Elio (film),2025-05-15,11
ELIO,id,Elio (film),2025-05-16,13
ELIO,id,Elio (film),2025-05-17,9
ELIO,id,Elio (film),2025-05-18,17
ELIO,id,Elio (film),2025-05-19,9
ELIO,id,Elio (film),2025-05-20,14
ELIO,id,Elio (film),2025-05-21,25
ELIO,id,Elio (film),2025-05-22,20
ELIO,id,Elio (film),2025-05-23,21
ELIO,id,Elio (film),2025-05-24,23
ELIO,id,Elio (film),2025-05-25,23
ELIO,id,Elio (film),2025-05-26,17
ELIO,id,Elio (film),2025-05-27,27
ELIO,id,Elio (film),2025-05-28,17
ELIO,id,Elio (film),2025-05-29,31
ELIO,id,Elio (film),2025-05-30,21
ELIO,id,Elio (film),2025-05-31,38
ELIO,id,Elio (film),2025-06-01,38
ELIO,id,Elio (film),2025-06-02,37
ELIO,id,Elio (film),2025-06-03,34
ELIO,id,Elio (film),2025-06-04,39
ELIO,id,Elio (film),2025-06-05,36
ELIO,id,Elio (film),2025-06-06,39
ELIO,id,Elio (film),2025-06-07,35
ELIO,id,Elio (film),2025-06-08,40
ELIO,id,Elio (film),2025-06-09,59
ELIO,id,Elio (film),2025-06-10,60
ELIO,id,Elio (film),2025-06-11,50
ELIO,id,Elio (film),2025-06-12,64
ELIO,id,Elio (film),2025-06-13,149
ELIO,id,Elio (film),2025-06-14,160
ELIO,id,Elio (film),2025-06-15,152
ELIO,id,Elio (film),2025-06-16,215
ELIO,id,Elio (film),2025-06-17,205
ELIO,id,Elio (film),2025-06-18,718
ELIO,id,Elio (film),2025-06-19,654
ELIO,id,Elio (film),2025-06-20,614
ELIO,id,Elio (film),2025-06-21,914
ELIO,id,Elio (film),2025-06-22,835
ELIO,id,Elio (film),2025-06-23,686
ELIO,id,Elio (film),2025-06-24,591
ELIO,id,Elio (film),2025-06-25,433
ELIO,id,Elio (film),2025-06-26,349
ELIO,id,Elio (film),2025-06-27,454
ELIO,id,Elio (film),2025-06-28,406
ELIO,id,Elio (film),2025-06-29,365
ELIO (3D),en,Elio (film),2025-05-14,3511
ELIO (3D),en,Elio (film),2025-05-15,3619
ELIO (3D),en,Elio (film),2025-05-16,3860
ELIO (3D),en,Elio (film),2025-05-17,4327
ELIO (3D),en,Elio (film),2025-05-18,4327
ELIO (3D),en,Elio (film),2025-05-19,5003
ELIO (3D),en,Elio (film),2025-05-20,4847
ELIO (3D),en,Elio (film),2025-05-21,4957
ELIO (3D),en,Elio (film),2025-05-22,4847
ELIO (3D),en,Elio (film),2025-05-23,5622
ELIO (3D),en,Elio (film),2025-05-24,6564
ELIO (3D),en,Elio (film),2025-05-25,7762
ELIO (3D),en,Elio (film),2025-05-26,8625
ELIO (3D),en,Elio (film),2025-05-27,10657
ELIO (3D),en,Elio (film),2025-05-28,9468
ELIO (3D),en,Elio (film),2025-05-29,6959
ELIO (3D),en,Elio (film),2025-05-30,7294
ELIO (3D),en,Elio (film),2025-05-31,12661
ELIO (3D),en,Elio (film),2025-06-01,9627
ELIO (3D),en,Elio (film),2025-06-02,9118
ELIO (3D),en,Elio (film),2025-06-03,8759
ELIO (3D),en,Elio (film),2025-06-04,8299
ELIO (3D),en,Elio (film),2025-06-05,5914
ELIO (3D),en,Elio (film),2025-06-06,5463
ELIO (3D),en,Elio (film),2025-06-07,5807
ELIO (3D),en,Elio (film),2025-06-08,6294
ELIO (3D),en,Elio (film),2025-06-09,6111
ELIO (3D),en,Elio (film),2025-06-10,6698
ELIO (3D),en,Elio (film),2025-06-11,10235
ELIO (3D),en,Elio (film),2025-06-12,9768
ELIO (3D),en,Elio (film),2025-06-13,11322
ELIO (3D),en,Elio (film),2025-06-14,12325
ELIO (3D),en,Elio (film),2025-06-15,12063
ELIO (3D),en,Elio (film),2025-06-16,16224
ELIO (3D),en,Elio (film),2025-06-17,24251
ELIO (3D),en,Elio (film),2025-06-18,33346
ELIO (3D),en,Elio (film),2025-06-19,44902
ELIO (3D),en,Elio (film),2025-06-20,65638
ELIO (3D),en,Elio (film),2025-06-21,70441
ELIO (3D),en,Elio (film),2025-06-22,73841
ELIO (3D),en,Elio (film),2025-06-23,74580
ELIO (3D),en,Elio (film),2025-06-24,55586
ELIO (3D),en,Elio (film),2025-06-25,44063
ELIO (3D),en,Elio (film),2025-06-26,33693
ELIO (3D),en,Elio (film),2025-06-27,29957
ELIO (3D),en,Elio (film),2025-06-28,33506
ELIO (3D),en,Elio (film),2025-06-29,35024
ELIO (3D),id,Elio (film),2025-05-14,15
ELIO (3D),id,Elio (film),2025-05-15,11
ELIO (3D),id,Elio (film),2025-05-16,13
ELIO (3D),id,Elio (film),2025-05-17,9
ELIO (3D),id,Elio (film),2025-05-18,17
ELIO (3D),id,Elio (film),2025-05-19,9
ELIO (3D),id,Elio (film),2025-05-20,14
ELIO (3D),id,Elio (film),2025-05-21,25
ELIO (3D),id,Elio (film),2025-05-22,20
ELIO (3D),id,Elio (film),2025-05-23,21
ELIO (3D),id,Elio (film),2025-05-24,23
ELIO (3D),id,Elio (film),2025-05-25,23
ELIO (3D),id,Elio (film),2025-05-26,17
ELIO (3D),id,Elio (film),2025-05-27,27
ELIO (3D),id,Elio (film),2025-05-28,17
ELIO (3D),id,Elio (film),2025-05-29,31
ELIO (3D),id,Elio (film),2025-05-30,21
ELIO (3D),id,Elio (film),2025-05-31,38
ELIO (3D),id,Elio (film),2025-06-01,38
ELIO (3D),id,Elio (film),2025-06-02,37
ELIO (3D),id,Elio (film),2025-06-03,34
ELIO (3D),id,Elio (film),2025-06-04,39
ELIO (3D),id,Elio (film),2025-06-05,36
ELIO (3D),id,Elio (film),2025-06-06,39
ELIO (3D),id,Elio (film),2025-06-07,35
ELIO (3D),id,Elio (film),2025-06-08,40
ELIO (3D),id,Elio (film),2025-06-09,59
ELIO (3D),id,Elio (film),2025-06-10,60
ELIO (3D),id,Elio (film),2025-06-11,50
ELIO (3D),id,Elio (film),2025-06-12,64
ELIO (3D),id,Elio (film),2025-06-13,149
ELIO (3D),id,Elio (film),2025-06-14,160
ELIO (3D),id,Elio (film),2025-06-15,152
ELIO (3D),id,Elio (film),2025-06-16,215
ELIO (3D),id,Elio (film),2025-06-17,205
ELIO (3D),id,Elio (film),2025-06-18,718
ELIO (3D),id,Elio (film),2025-06-19,654
ELIO (3D),id,Elio (film),2025-06-20,614
ELIO (3D),id,Elio (film),2025-06-21,914
ELIO (3D),id,Elio (film),2025-06-22,835
ELIO (3D),id,Elio (film),2025-06-23,686
ELIO (3D),id,Elio (film),2025-06-24,591
ELIO (3D),id,Elio (film),2025-06-25,433
ELIO (3D),id,Elio (film),2025-06-26,349
ELIO (3D),id,Elio (film),2025-06-27,454
ELIO (3D),id,Elio (film),2025-06-28,406
ELIO (3D),id,Elio (film),2025-06-29,365
EPIC: ELVIS PRESLEY IN CONCERT,en,EPiC: Elvis Presley in Concert,2026-01-24,1043
EPIC: ELVIS PRESLEY IN CONCERT,en,EPiC: Elvis Presley in Concert,2026-01-25,1016
EPIC: ELVIS PRESLEY IN CONCERT,en,EPiC: Elvis Presley in Concert,2026-01-26,923
EPIC: ELVIS PRESLEY IN CONCERT,en,EPiC: Elvis Presley in Concert,2026-01-27,888
EPIC: ELVIS PRESLEY IN CONCERT,en,EPiC: Elvis Presley in Concert,2026-01-28,957
EPIC: ELVIS PRESLEY IN CONCERT,en,EPiC: Elvis Presley in Concert,2026-01-29,1016
EPIC: ELVIS PRESLEY IN CONCERT,en,EPiC: Elvis Presley in Concert,2026-01-30,1158
EPIC: ELVIS PRESLEY IN CONCERT,en,EPiC: Elvis Presley in Concert,2026-01-31,1185
EPIC: ELVIS PRESLEY IN CONCERT,en,EPiC: Elvis Presley in Concert,2026-02-01,1310
EPIC: ELVIS PRESLEY IN CONCERT,en,EPiC: Elvis Presley in Concert,2026-02-02,1955
EPIC: ELVIS PRESLEY IN CONCERT,en,EPiC: Elvis Presley in Concert,2026-02-03,1331
EPIC: ELVIS PRESLEY IN CONCERT,en,EPiC: Elvis Presley in Concert,2026-02-04,1178
EPIC: ELVIS PRESLEY IN CONCERT,en,EPiC: Elvis Presley in Concert,2026-02-05,1267
EPIC: ELVIS PRESLEY IN CONCERT,en,EPiC: Elvis Presley in Concert,2026-02-06,1435
EPIC: ELVIS PRESLEY IN CONCERT,en,EPiC: Elvis Presley in Concert,2026-02-07,1527
EPIC: ELVIS PRESLEY IN CONCERT,en,EPiC: Elvis Presley in Concert,2026-02-08,1642
EPIC: ELVIS PRESLEY IN CONCERT,en,EPiC: Elvis Presley in Concert,2026-02-09,2017
EPIC: ELVIS PRESLEY IN CONCERT,en,EPiC: Elvis Presley in Concert,2026-02-10,1948
EPIC: ELVIS PRESLEY IN CONCERT,en,EPiC: Elvis Presley in Concert,2026-02-11,1723
EPIC: ELVIS PRESLEY IN CONCERT,en,EPiC: Elvis Presley in Concert,2026-02-12,1984
EPIC: ELVIS PRESLEY IN CONCERT,en,EPiC: Elvis Presley in Concert,2026-02-13,3636
EPIC: ELVIS PRESLEY IN CONCERT,en,EPiC: Elvis Presley in Concert,2026-02-14,2640
EPIC: ELVIS PRESLEY IN CONCERT,en,EPiC: Elvis Presley in Concert,2026-02-15,2823
EPIC: ELVIS PRESLEY IN CONCERT,en,EPiC: Elvis Presley in Concert,2026-02-16,3378
EPIC: ELVIS PRESLEY IN CONCERT,en,EPiC: Elvis Presley in Concert,2026-02-17,3184
EPIC: ELVIS PRESLEY IN CONCERT,en,EPiC: Elvis Presley in Concert,2026-02-18,3836
EPIC: ELVIS PRESLEY IN CONCERT,en,EPiC: Elvis Presley in Concert,2026-02-19,5388
EPIC: ELVIS PRESLEY IN CONCERT,en,EPiC: Elvis Presley in Concert,2026-02-20,7952
EPIC: ELVIS PRESLEY IN CONCERT,en,EPiC: Elvis Presley in Concert,2026-02-21,8621
EPIC: ELVIS PRESLEY IN CONCERT,en,EPiC: Elvis Presley in Concert,2026-02-22,8479
EPIC: ELVIS PRESLEY IN CONCERT,en,EPiC: Elvis Presley in Concert,2026-02-23,7019
EPIC: ELVIS PRESLEY IN CONCERT,en,EPiC: Elvis Presley in Concert,2026-02-24,6269
EPIC: ELVIS PRESLEY IN CONCERT,en,EPiC: Elvis Presley in Concert,2026-02-25,6436
EPIC: ELVIS PRESLEY IN CONCERT,en,EPiC: Elvis Presley in Concert,2026-02-26,7661
EPIC: ELVIS PRESLEY IN CONCERT,en,EPiC: Elvis Presley in Concert,2026-02-27,9824
EPIC: ELVIS PRESLEY IN CONCERT,en,EPiC: Elvis Presley in Concert,2026-02-28,9995
EPIC: ELVIS PRESLEY IN CONCERT,en,EPiC: Elvis Presley in Concert,2026-03-01,10911
EPIC: ELVIS PRESLEY IN CONCERT,en,EPiC: Elvis Presley in Concert,2026-03-02,7606
EPIC: ELVIS PRESLEY IN CONCERT,en,EPiC: Elvis Presley in Concert,2026-03-03,6316
EPIC: ELVIS PRESLEY IN CONCERT,en,EPiC: Elvis Presley in Concert,2026-03-04,5833
EPIC: ELVIS PRESLEY IN CONCERT,en,EPiC: Elvis Presley in Concert,2026-03-05,5193
EPIC: ELVIS PRESLEY IN CONCERT,en,EPiC: Elvis Presley in Concert,2026-03-06,4985
EPIC: ELVIS PRESLEY IN CONCERT,en,EPiC: Elvis Presley in Concert,2026-03-07,5657
EPIC: ELVIS PRESLEY IN CONCERT,en,EPiC: Elvis Presley in Concert,2026-03-08,5597
EPIC: ELVIS PRESLEY IN CONCERT,en,EPiC: Elvis Presley in Concert,2026-03-09,4539
EPIC: ELVIS PRESLEY IN CONCERT,en,EPiC: Elvis Presley in Concert,2026-03-10,3832
EPIC: ELVIS PRESLEY IN CONCERT,en,EPiC: Elvis Presley in Concert,2026-03-11,4721
EPIC: ELVIS PRESLEY IN CONCERT (IMAX 2D),en,EPiC: Elvis Presley in Concert,2026-01-24,1043
EPIC: ELVIS PRESLEY IN CONCERT (IMAX 2D),en,EPiC: Elvis Presley in Concert,2026-01-25,1016
EPIC: ELVIS PRESLEY IN CONCERT (IMAX 2D),en,EPiC: Elvis Presley in Concert,2026-01-26,923
EPIC: ELVIS PRESLEY IN CONCERT (IMAX 2D),en,EPiC: Elvis Presley in Concert,2026-01-27,888
EPIC: ELVIS PRESLEY IN CONCERT (IMAX 2D),en,EPiC: Elvis Presley in Concert,2026-01-28,957
EPIC: ELVIS PRESLEY IN CONCERT (IMAX 2D),en,EPiC: Elvis Presley in Concert,2026-01-29,1016
EPIC: ELVIS PRESLEY IN CONCERT (IMAX 2D),en,EPiC: Elvis Presley in Concert,2026-01-30,1158
EPIC: ELVIS PRESLEY IN CONCERT (IMAX 2D),en,EPiC: Elvis Presley in Concert,2026-01-31,1185
EPIC: ELVIS PRESLEY IN CONCERT (IMAX 2D),en,EPiC: Elvis Presley in Concert,2026-02-01,1310
EPIC: ELVIS PRESLEY IN CONCERT (IMAX 2D),en,EPiC: Elvis Presley in Concert,2026-02-02,1955
EPIC: ELVIS PRESLEY IN CONCERT (IMAX 2D),en,EPiC: Elvis Presley in Concert,2026-02-03,1331
EPIC: ELVIS PRESLEY IN CONCERT (IMAX 2D),en,EPiC: Elvis Presley in Concert,2026-02-04,1178
EPIC: ELVIS PRESLEY IN CONCERT (IMAX 2D),en,EPiC: Elvis Presley in Concert,2026-02-05,1267
EPIC: ELVIS PRESLEY IN CONCERT (IMAX 2D),en,EPiC: Elvis Presley in Concert,2026-02-06,1435
EPIC: ELVIS PRESLEY IN CONCERT (IMAX 2D),en,EPiC: Elvis Presley in Concert,2026-02-07,1527
EPIC: ELVIS PRESLEY IN CONCERT (IMAX 2D),en,EPiC: Elvis Presley in Concert,2026-02-08,1642
EPIC: ELVIS PRESLEY IN CONCERT (IMAX 2D),en,EPiC: Elvis Presley in Concert,2026-02-09,2017
EPIC: ELVIS PRESLEY IN CONCERT (IMAX 2D),en,EPiC: Elvis Presley in Concert,2026-02-10,1948
EPIC: ELVIS PRESLEY IN CONCERT (IMAX 2D),en,EPiC: Elvis Presley in Concert,2026-02-11,1723
EPIC: ELVIS PRESLEY IN CONCERT (IMAX 2D),en,EPiC: Elvis Presley in Concert,2026-02-12,1984
EPIC: ELVIS PRESLEY IN CONCERT (IMAX 2D),en,EPiC: Elvis Presley in Concert,2026-02-13,3636
EPIC: ELVIS PRESLEY IN CONCERT (IMAX 2D),en,EPiC: Elvis Presley in Concert,2026-02-14,2640
EPIC: ELVIS PRESLEY IN CONCERT (IMAX 2D),en,EPiC: Elvis Presley in Concert,2026-02-15,2823
EPIC: ELVIS PRESLEY IN CONCERT (IMAX 2D),en,EPiC: Elvis Presley in Concert,2026-02-16,3378
EPIC: ELVIS PRESLEY IN CONCERT (IMAX 2D),en,EPiC: Elvis Presley in Concert,2026-02-17,3184
EPIC: ELVIS PRESLEY IN CONCERT (IMAX 2D),en,EPiC: Elvis Presley in Concert,2026-02-18,3836
EPIC: ELVIS PRESLEY IN CONCERT (IMAX 2D),en,EPiC: Elvis Presley in Concert,2026-02-19,5388
EPIC: ELVIS PRESLEY IN CONCERT (IMAX 2D),en,EPiC: Elvis Presley in Concert,2026-02-20,7952
EPIC: ELVIS PRESLEY IN CONCERT (IMAX 2D),en,EPiC: Elvis Presley in Concert,2026-02-21,8621
EPIC: ELVIS PRESLEY IN CONCERT (IMAX 2D),en,EPiC: Elvis Presley in Concert,2026-02-22,8479
EPIC: ELVIS PRESLEY IN CONCERT (IMAX 2D),en,EPiC: Elvis Presley in Concert,2026-02-23,7019
EPIC: ELVIS PRESLEY IN CONCERT (IMAX 2D),en,EPiC: Elvis Presley in Concert,2026-02-24,6269
EPIC: ELVIS PRESLEY IN CONCERT (IMAX 2D),en,EPiC: Elvis Presley in Concert,2026-02-25,6436
EPIC: ELVIS PRESLEY IN CONCERT (IMAX 2D),en,EPiC: Elvis Presley in Concert,2026-02-26,7661
EPIC: ELVIS PRESLEY IN CONCERT (IMAX 2D),en,EPiC: Elvis Presley in Concert,2026-02-27,9824
EPIC: ELVIS PRESLEY IN CONCERT (IMAX 2D),en,EPiC: Elvis Presley in Concert,2026-02-28,9995
EPIC: ELVIS PRESLEY IN CONCERT (IMAX 2D),en,EPiC: Elvis Presley in Concert,2026-03-01,10911
EPIC: ELVIS PRESLEY IN CONCERT (IMAX 2D),en,EPiC: Elvis Presley in Concert,2026-03-02,7606
EPIC: ELVIS PRESLEY IN CONCERT (IMAX 2D),en,EPiC: Elvis Presley in Concert,2026-03-03,6316
EPIC: ELVIS PRESLEY IN CONCERT (IMAX 2D),en,EPiC: Elvis Presley in Concert,2026-03-04,5833
EPIC: ELVIS PRESLEY IN CONCERT (IMAX 2D),en,EPiC: Elvis Presley in Concert,2026-03-05,5193
EPIC: ELVIS PRESLEY IN CONCERT (IMAX 2D),en,EPiC: Elvis Presley in Concert,2026-03-06,4985
EPIC: ELVIS PRESLEY IN CONCERT (IMAX 2D),en,EPiC: Elvis Presley in Concert,2026-03-07,5657
EPIC: ELVIS PRESLEY IN CONCERT (IMAX 2D),en,EPiC: Elvis Presley in Concert,2026-03-08,5597
EPIC: ELVIS PRESLEY IN CONCERT (IMAX 2D),en,EPiC: Elvis Presley in Concert,2026-03-09,4539
EPIC: ELVIS PRESLEY IN CONCERT (IMAX 2D),en,EPiC: Elvis Presley in Concert,2026-03-10,3832
EPIC: ELVIS PRESLEY IN CONCERT (IMAX 2D),en,EPiC: Elvis Presley in Concert,2026-03-11,4721
F1 THE MOVIE,en,F1 (film),2025-05-20,7312
F1 THE MOVIE,en,F1 (film),2025-05-21,12168
F1 THE MOVIE,en,F1 (film),2025-05-22,17524
F1 THE MOVIE,en,F1 (film),2025-05-23,15638
F1 THE MOVIE,en,F1 (film),2025-05-24,15045
F1 THE MOVIE,en,F1 (film),2025-05-25,15450
F1 THE MOVIE,en,F1 (film),2025-05-26,13827
F1 THE MOVIE,en,F1 (film),2025-05-27,11785
F1 THE MOVIE,en,F1 (film),2025-05-28,11943
F1 THE MOVIE,en,F1 (film),2025-05-29,11322
F1 THE MOVIE,en,F1 (film),2025-05-30,12889
F1 THE MOVIE,en,F1 (film),2025-05-31,13365
F1 THE MOVIE,en,F1 (film),2025-06-01,14746
F1 THE MOVIE,en,F1 (film),2025-06-02,12894
F1 THE MOVIE,en,F1 (film),2025-06-03,11775
F1 THE MOVIE,en,F1 (film),2025-06-04,11222
F1 THE MOVIE,en,F1 (film),2025-06-05,14364
F1 THE MOVIE,en,F1 (film),2025-06-06,14793
F1 THE MOVIE,en,F1 (film),2025-06-07,13810
F1 THE MOVIE,en,F1 (film),2025-06-08,14450
F1 THE MOVIE,en,F1 (film),2025-06-09,15332
F1 THE MOVIE,en,F1 (film),2025-06-10,14458
F1 THE MOVIE,en,F1 (film),2025-06-11,16992
F1 THE MOVIE,en,F1 (film),2025-06-12,16042
F1 THE MOVIE,en,F1 (film),2025-06-13,16506
F1 THE MOVIE,en,F1 (film),2025-06-14,17621
F1 THE MOVIE,en,F1 (film),2025-06-15,23171
F1 THE MOVIE,en,F1 (film),2025-06-16,25903
F1 THE MOVIE,en,F1 (film),2025-06-17,57209
F1 THE MOVIE,en,F1 (film),2025-06-18,47970
F1 THE MOVIE,en,F1 (film),2025-06-19,39492
F1 THE MOVIE,en,F1 (film),2025-06-20,40374
F1 THE MOVIE,en,F1 (film),2025-06-21,37611
F1 THE MOVIE,en,F1 (film),2025-06-22,38059
F1 THE MOVIE,en,F1 (film),2025-06-23,48677
F1 THE MOVIE,en,F1 (film),2025-06-24,71820
F1 THE MOVIE,en,F1 (film),2025-06-25,96750
F1 THE MOVIE,en,F1 (film),2025-06-26,130499
F1 THE MOVIE,en,F1 (film),2025-06-27,199955
F1 THE MOVIE,en,F1 (film),2025-06-28,232967
F1 THE MOVIE,en,F1 (film),2025-06-29,246983
F1 THE MOVIE,en,F1 (film),2025-06-30,199729
F1 THE MOVIE,en,F1 (film),2025-07-01,169968
F1 THE MOVIE,en,F1 (film),2025-07-02,145022
F1 THE MOVIE,en,F1 (film),2025-07-03,118464
F1 THE MOVIE,en,F1 (film),2025-07-04,122543
F1 THE MOVIE,en,F1 (film),2025-07-05,133650
F1 THE MOVIE,id,F1 (film),2025-05-20,55
F1 THE MOVIE,id,F1 (film),2025-05-21,72
F1 THE MOVIE,id,F1 (film),2025-05-22,128
F1 THE MOVIE,id,F1 (film),2025-05-23,92
F1 THE MOVIE,id,F1 (film),2025-05-24,109
F1 THE MOVIE,id,F1 (film),2025-05-25,85
F1 THE MOVIE,id,F1 (film),2025-05-26,66
F1 THE MOVIE,id,F1 (film),2025-05-27,73
F1 THE MOVIE,id,F1 (film),2025-05-28,44
F1 THE MOVIE,id,F1 (film),2025-05-29,68
F1 THE MOVIE,id,F1 (film),2025-05-30,52
F1 THE MOVIE,id,F1 (film),2025-05-31,66
F1 THE MOVIE,id,F1 (film),2025-06-01,82
F1 THE MOVIE,id,F1 (film),2025-06-02,66
F1 THE MOVIE,id,F1 (film),2025-06-03,76
F1 THE MOVIE,id,F1 (film),2025-06-04,64
F1 THE MOVIE,id,F1 (film),2025-06-05,60
F1 THE MOVIE,id,F1 (film),2025-06-06,50
F1 THE MOVIE,id,F1 (film),2025-06-07,65
F1 THE MOVIE,id,F1 (film),2025-06-08,62
F1 THE MOVIE,id,F1 (film),2025-06-09,64
F1 THE MOVIE,id,F1 (film),2025-06-10,65
F1 THE MOVIE,id,F1 (film),2025-06-11,80
F1 THE MOVIE,id,F1 (film),2025-06-12,82
F1 THE MOVIE,id,F1 (film),2025-06-13,81
F1 THE MOVIE,id,F1 (film),2025-06-14,114
F1 THE MOVIE,id,F1 (film),2025-06-15,90
F1 THE MOVIE,id,F1 (film),2025-06-16,107
F1 THE MOVIE,id,F1 (film),2025-06-17,165
F1 THE MOVIE,id,F1 (film),2025-06-18,185
F1 THE MOVIE,id,F1 (film),2025-06-19,127
F1 THE MOVIE,id,F1 (film),2025-06-20,167
F1 THE MOVIE,id,F1 (film),2025-06-21,134
F1 THE MOVIE,id,F1 (film),2025-06-22,163
F1 THE MOVIE,id,F1 (film),2025-06-23,173
F1 THE MOVIE,id,F1 (film),2025-06-24,446
F1 THE MOVIE,id,F1 (film),2025-06-25,1540
F1 THE MOVIE,id,F1 (film),2025-06-26,1228
F1 THE MOVIE,id,F1 (film),2025-06-27,1524
F1 THE MOVIE,id,F1 (film),2025-06-28,1963
F1 THE MOVIE,id,F1 (film),2025-06-29,1221
F1 THE MOVIE,id,F1 (film),2025-06-30,901
F1 THE MOVIE,id,F1 (film),2025-07-01,751
F1 THE MOVIE,id,F1 (film),2025-07-02,628
F1 THE MOVIE,id,F1 (film),2025-07-03,566
F1 THE MOVIE,id,F1 (film),2025-07-04,445
F1 THE MOVIE,id,F1 (film),2025-07-05,500
F1 THE MOVIE (IMAX 2D),en,F1 (film),2025-05-21,12168
F1 THE MOVIE (IMAX 2D),en,F1 (film),2025-05-22,17524
F1 THE MOVIE (IMAX 2D),en,F1 (film),2025-05-23,15638
F1 THE MOVIE (IMAX 2D),en,F1 (film),2025-05-24,15045
F1 THE MOVIE (IMAX 2D),en,F1 (film),2025-05-25,15450
F1 THE MOVIE (IMAX 2D),en,F1 (film),2025-05-26,13827
F1 THE MOVIE (IMAX 2D),en,F1 (film),2025-05-27,11785
F1 THE MOVIE (IMAX 2D),en,F1 (film),2025-05-28,11943
F1 THE MOVIE (IMAX 2D),en,F1 (film),2025-05-29,11322
F1 THE MOVIE (IMAX 2D),en,F1 (film),2025-05-30,12889
F1 THE MOVIE (IMAX 2D),en,F1 (film),2025-05-31,13365
F1 THE MOVIE (IMAX 2D),en,F1 (film),2025-06-01,14746
F1 THE MOVIE (IMAX 2D),en,F1 (film),2025-06-02,12894
F1 THE MOVIE (IMAX 2D),en,F1 (film),2025-06-03,11775
F1 THE MOVIE (IMAX 2D),en,F1 (film),2025-06-04,11222
F1 THE MOVIE (IMAX 2D),en,F1 (film),2025-06-05,14364
F1 THE MOVIE (IMAX 2D),en,F1 (film),2025-06-06,14793
F1 THE MOVIE (IMAX 2D),en,F1 (film),2025-06-07,13810
F1 THE MOVIE (IMAX 2D),en,F1 (film),2025-06-08,14450
F1 THE MOVIE (IMAX 2D),en,F1 (film),2025-06-09,15332
F1 THE MOVIE (IMAX 2D),en,F1 (film),2025-06-10,14458
F1 THE MOVIE (IMAX 2D),en,F1 (film),2025-06-11,16992
F1 THE MOVIE (IMAX 2D),en,F1 (film),2025-06-12,16042
F1 THE MOVIE (IMAX 2D),en,F1 (film),2025-06-13,16506
F1 THE MOVIE (IMAX 2D),en,F1 (film),2025-06-14,17621
F1 THE MOVIE (IMAX 2D),en,F1 (film),2025-06-15,23171
F1 THE MOVIE (IMAX 2D),en,F1 (film),2025-06-16,25903
F1 THE MOVIE (IMAX 2D),en,F1 (film),2025-06-17,57209
F1 THE MOVIE (IMAX 2D),en,F1 (film),2025-06-18,47970
F1 THE MOVIE (IMAX 2D),en,F1 (film),2025-06-19,39492
F1 THE MOVIE (IMAX 2D),en,F1 (film),2025-06-20,40374
F1 THE MOVIE (IMAX 2D),en,F1 (film),2025-06-21,37611
F1 THE MOVIE (IMAX 2D),en,F1 (film),2025-06-22,38059
F1 THE MOVIE (IMAX 2D),en,F1 (film),2025-06-23,48677
F1 THE MOVIE (IMAX 2D),en,F1 (film),2025-06-24,71820
F1 THE MOVIE (IMAX 2D),en,F1 (film),2025-06-25,96750
F1 THE MOVIE (IMAX 2D),en,F1 (film),2025-06-26,130499
F1 THE MOVIE (IMAX 2D),en,F1 (film),2025-06-27,199955
F1 THE MOVIE (IMAX 2D),en,F1 (film),2025-06-28,232967
F1 THE MOVIE (IMAX 2D),en,F1 (film),2025-06-29,246983
F1 THE MOVIE (IMAX 2D),en,F1 (film),2025-06-30,199729
F1 THE MOVIE (IMAX 2D),en,F1 (film),2025-07-01,169968
F1 THE MOVIE (IMAX 2D),en,F1 (film),2025-07-02,145022
F1 THE MOVIE (IMAX 2D),en,F1 (film),2025-07-03,118464
F1 THE MOVIE (IMAX 2D),en,F1 (film),2025-07-04,122543
F1 THE MOVIE (IMAX 2D),en,F1 (film),2025-07-05,133650
F1 THE MOVIE (IMAX 2D),en,F1 (film),2025-07-06,153877
F1 THE MOVIE (IMAX 2D),id,F1 (film),2025-05-21,72
F1 THE MOVIE (IMAX 2D),id,F1 (film),2025-05-22,128
F1 THE MOVIE (IMAX 2D),id,F1 (film),2025-05-23,92
F1 THE MOVIE (IMAX 2D),id,F1 (film),2025-05-24,109
F1 THE MOVIE (IMAX 2D),id,F1 (film),2025-05-25,85
F1 THE MOVIE (IMAX 2D),id,F1 (film),2025-05-26,66
F1 THE MOVIE (IMAX 2D),id,F1 (film),2025-05-27,73
F1 THE MOVIE (IMAX 2D),id,F1 (film),2025-05-28,44
F1 THE MOVIE (IMAX 2D),id,F1 (film),2025-05-29,68
F1 THE MOVIE (IMAX 2D),id,F1 (film),2025-05-30,52
F1 THE MOVIE (IMAX 2D),id,F1 (film),2025-05-31,66
F1 THE MOVIE (IMAX 2D),id,F1 (film),2025-06-01,82
F1 THE MOVIE (IMAX 2D),id,F1 (film),2025-06-02,66
F1 THE MOVIE (IMAX 2D),id,F1 (film),2025-06-03,76
F1 THE MOVIE (IMAX 2D),id,F1 (film),2025-06-04,64
F1 THE MOVIE (IMAX 2D),id,F1 (film),2025-06-05,60
F1 THE MOVIE (IMAX 2D),id,F1 (film),2025-06-06,50
F1 THE MOVIE (IMAX 2D),id,F1 (film),2025-06-07,65
F1 THE MOVIE (IMAX 2D),id,F1 (film),2025-06-08,62
F1 THE MOVIE (IMAX 2D),id,F1 (film),2025-06-09,64
F1 THE MOVIE (IMAX 2D),id,F1 (film),2025-06-10,65
F1 THE MOVIE (IMAX 2D),id,F1 (film),2025-06-11,80
F1 THE MOVIE (IMAX 2D),id,F1 (film),2025-06-12,82
F1 THE MOVIE (IMAX 2D),id,F1 (film),2025-06-13,81
F1 THE MOVIE (IMAX 2D),id,F1 (film),2025-06-14,114
F1 THE MOVIE (IMAX 2D),id,F1 (film),2025-06-15,90
F1 THE MOVIE (IMAX 2D),id,F1 (film),2025-06-16,107
F1 THE MOVIE (IMAX 2D),id,F1 (film),2025-06-17,165
F1 THE MOVIE (IMAX 2D),id,F1 (film),2025-06-18,185
F1 THE MOVIE (IMAX 2D),id,F1 (film),2025-06-19,127
F1 THE MOVIE (IMAX 2D),id,F1 (film),2025-06-20,167
F1 THE MOVIE (IMAX 2D),id,F1 (film),2025-06-21,134
F1 THE MOVIE (IMAX 2D),id,F1 (film),2025-06-22,163
F1 THE MOVIE (IMAX 2D),id,F1 (film),2025-06-23,173
F1 THE MOVIE (IMAX 2D),id,F1 (film),2025-06-24,446
F1 THE MOVIE (IMAX 2D),id,F1 (film),2025-06-25,1540
F1 THE MOVIE (IMAX 2D),id,F1 (film),2025-06-26,1228
F1 THE MOVIE (IMAX 2D),id,F1 (film),2025-06-27,1524
F1 THE MOVIE (IMAX 2D),id,F1 (film),2025-06-28,1963
F1 THE MOVIE (IMAX 2D),id,F1 (film),2025-06-29,1221
F1 THE MOVIE (IMAX 2D),id,F1 (film),2025-06-30,901
F1 THE MOVIE (IMAX 2D),id,F1 (film),2025-07-01,751
F1 THE MOVIE (IMAX 2D),id,F1 (film),2025-07-02,628
F1 THE MOVIE (IMAX 2D),id,F1 (film),2025-07-03,566
F1 THE MOVIE (IMAX 2D),id,F1 (film),2025-07-04,445
F1 THE MOVIE (IMAX 2D),id,F1 (film),2025-07-05,500
F1 THE MOVIE (IMAX 2D),id,F1 (film),2025-07-06,436
FINAL DESTINATION: BLOODLINES,en,Final Destination Bloodlines,2025-04-01,10410
FINAL DESTINATION: BLOODLINES,en,Final Destination Bloodlines,2025-04-02,10321
FINAL DESTINATION: BLOODLINES,en,Final Destination Bloodlines,2025-04-03,8441
FINAL DESTINATION: BLOODLINES,en,Final Destination Bloodlines,2025-04-04,7517
FINAL DESTINATION: BLOODLINES,en,Final Destination Bloodlines,2025-04-05,8800
FINAL DESTINATION: BLOODLINES,en,Final Destination Bloodlines,2025-04-06,8776
FINAL DESTINATION: BLOODLINES,en,Final Destination Bloodlines,2025-04-07,8006
FINAL DESTINATION: BLOODLINES,en,Final Destination Bloodlines,2025-04-08,8355
FINAL DESTINATION: BLOODLINES,en,Final Destination Bloodlines,2025-04-09,7153
FINAL DESTINATION: BLOODLINES,en,Final Destination Bloodlines,2025-04-10,5807
FINAL DESTINATION: BLOODLINES,en,Final Destination Bloodlines,2025-04-11,6060
FINAL DESTINATION: BLOODLINES,en,Final Destination Bloodlines,2025-04-12,7639
FINAL DESTINATION: BLOODLINES,en,Final Destination Bloodlines,2025-04-13,8729
FINAL DESTINATION: BLOODLINES,en,Final Destination Bloodlines,2025-04-14,7418
FINAL DESTINATION: BLOODLINES,en,Final Destination Bloodlines,2025-04-15,7897
FINAL DESTINATION: BLOODLINES,en,Final Destination Bloodlines,2025-04-16,8943
FINAL DESTINATION: BLOODLINES,en,Final Destination Bloodlines,2025-04-17,8079
FINAL DESTINATION: BLOODLINES,en,Final Destination Bloodlines,2025-04-18,8341
FINAL DESTINATION: BLOODLINES,en,Final Destination Bloodlines,2025-04-19,10584
FINAL DESTINATION: BLOODLINES,en,Final Destination Bloodlines,2025-04-20,11107
FINAL DESTINATION: BLOODLINES,en,Final Destination Bloodlines,2025-04-21,10235
FINAL DESTINATION: BLOODLINES,en,Final Destination Bloodlines,2025-04-22,9702
FINAL DESTINATION: BLOODLINES,en,Final Destination Bloodlines,2025-04-23,9637
FINAL DESTINATION: BLOODLINES,en,Final Destination Bloodlines,2025-04-24,9379
FINAL DESTINATION: BLOODLINES,en,Final Destination Bloodlines,2025-04-25,10093
FINAL DESTINATION: BLOODLINES,en,Final Destination Bloodlines,2025-04-26,10402
FINAL DESTINATION: BLOODLINES,en,Final Destination Bloodlines,2025-04-27,11625
FINAL DESTINATION: BLOODLINES,en,Final Destination Bloodlines,2025-04-28,11989
FINAL DESTINATION: BLOODLINES,en,Final Destination Bloodlines,2025-04-29,12441
FINAL DESTINATION: BLOODLINES,en,Final Destination Bloodlines,2025-04-30,16041
FINAL DESTINATION: BLOODLINES,en,Final Destination Bloodlines,2025-05-01,17000
FINAL DESTINATION: BLOODLINES,en,Final Destination Bloodlines,2025-05-02,17079
FINAL DESTINATION: BLOODLINES,en,Final Destination Bloodlines,2025-05-03,19152
FINAL DESTINATION: BLOODLINES,en,Final Destination Bloodlines,2025-05-04,22384
FINAL DESTINATION: BLOODLINES,en,Final Destination Bloodlines,2025-05-05,22888
FINAL DESTINATION: BLOODLINES,en,Final Destination Bloodlines,2025-05-06,24760
FINAL DESTINATION: BLOODLINES,en,Final Destination Bloodlines,2025-05-07,25897
FINAL DESTINATION: BLOODLINES,en,Final Destination Bloodlines,2025-05-08,31333
FINAL DESTINATION: BLOODLINES,en,Final Destination Bloodlines,2025-05-09,55460
FINAL DESTINATION: BLOODLINES,en,Final Destination Bloodlines,2025-05-10,81129
FINAL DESTINATION: BLOODLINES,en,Final Destination Bloodlines,2025-05-11,86282
FINAL DESTINATION: BLOODLINES,en,Final Destination Bloodlines,2025-05-12,78019
FINAL DESTINATION: BLOODLINES,en,Final Destination Bloodlines,2025-05-13,99638
FINAL DESTINATION: BLOODLINES,en,Final Destination Bloodlines,2025-05-14,130219
FINAL DESTINATION: BLOODLINES,en,Final Destination Bloodlines,2025-05-15,147714
FINAL DESTINATION: BLOODLINES,en,Final Destination Bloodlines,2025-05-16,225282
FINAL DESTINATION: BLOODLINES,en,Final Destination Bloodlines,2025-05-17,264146
FINAL DESTINATION: BLOODLINES,id,Final Destination: Bloodlines,2025-04-01,313
FINAL DESTINATION: BLOODLINES,id,Final Destination: Bloodlines,2025-04-02,278
FINAL DESTINATION: BLOODLINES,id,Final Destination: Bloodlines,2025-04-03,266
FINAL DESTINATION: BLOODLINES,id,Final Destination: Bloodlines,2025-04-04,215
FINAL DESTINATION: BLOODLINES,id,Final Destination: Bloodlines,2025-04-05,236
FINAL DESTINATION: BLOODLINES,id,Final Destination: Bloodlines,2025-04-06,229
FINAL DESTINATION: BLOODLINES,id,Final Destination: Bloodlines,2025-04-07,251
FINAL DESTINATION: BLOODLINES,id,Final Destination: Bloodlines,2025-04-08,267
FINAL DESTINATION: BLOODLINES,id,Final Destination: Bloodlines,2025-04-09,230
FINAL DESTINATION: BLOODLINES,id,Final Destination: Bloodlines,2025-04-10,227
FINAL DESTINATION: BLOODLINES,id,Final Destination: Bloodlines,2025-04-11,218
FINAL DESTINATION: BLOODLINES,id,Final Destination: Bloodlines,2025-04-12,259
FINAL DESTINATION: BLOODLINES,id,Final Destination: Bloodlines,2025-04-13,214
FINAL DESTINATION: BLOODLINES,id,Final Destination: Bloodlines,2025-04-14,209
FINAL DESTINATION: BLOODLINES,id,Final Destination: Bloodlines,2025-04-15,258
FINAL DESTINATION: BLOODLINES,id,Final Destination: Bloodlines,2025-04-16,238
FINAL DESTINATION: BLOODLINES,id,Final Destination: Bloodlines,2025-04-17,235
FINAL DESTINATION: BLOODLINES,id,Final Destination: Bloodlines,2025-04-18,254
FINAL DESTINATION: BLOODLINES,id,Final Destination: Bloodlines,2025-04-19,227
FINAL DESTINATION: BLOODLINES,id,Final Destination: Bloodlines,2025-04-20,211
FINAL DESTINATION: BLOODLINES,id,Final Destination: Bloodlines,2025-04-21,234
FINAL DESTINATION: BLOODLINES,id,Final Destination: Bloodlines,2025-04-22,225
FINAL DESTINATION: BLOODLINES,id,Final Destination: Bloodlines,2025-04-23,200
FINAL DESTINATION: BLOODLINES,id,Final Destination: Bloodlines,2025-04-24,246
FINAL DESTINATION: BLOODLINES,id,Final Destination: Bloodlines,2025-04-25,218
FINAL DESTINATION: BLOODLINES,id,Final Destination: Bloodlines,2025-04-26,242
FINAL DESTINATION: BLOODLINES,id,Final Destination: Bloodlines,2025-04-27,280
FINAL DESTINATION: BLOODLINES,id,Final Destination: Bloodlines,2025-04-28,281
FINAL DESTINATION: BLOODLINES,id,Final Destination: Bloodlines,2025-04-29,264
FINAL DESTINATION: BLOODLINES,id,Final Destination: Bloodlines,2025-04-30,309
FINAL DESTINATION: BLOODLINES,id,Final Destination: Bloodlines,2025-05-01,408
FINAL DESTINATION: BLOODLINES,id,Final Destination: Bloodlines,2025-05-02,388
FINAL DESTINATION: BLOODLINES,id,Final Destination: Bloodlines,2025-05-03,399
FINAL DESTINATION: BLOODLINES,id,Final Destination: Bloodlines,2025-05-04,729
FINAL DESTINATION: BLOODLINES,id,Final Destination: Bloodlines,2025-05-05,647
FINAL DESTINATION: BLOODLINES,id,Final Destination: Bloodlines,2025-05-06,589
FINAL DESTINATION: BLOODLINES,id,Final Destination: Bloodlines,2025-05-07,1968
FINAL DESTINATION: BLOODLINES,id,Final Destination: Bloodlines,2025-05-08,2587
FINAL DESTINATION: BLOODLINES,id,Final Destination: Bloodlines,2025-05-09,2994
FINAL DESTINATION: BLOODLINES,id,Final Destination: Bloodlines,2025-05-10,3296
FINAL DESTINATION: BLOODLINES,id,Final Destination: Bloodlines,2025-05-11,2665
FINAL DESTINATION: BLOODLINES,id,Final Destination: Bloodlines,2025-05-12,2408
FINAL DESTINATION: BLOODLINES,id,Final Destination: Bloodlines,2025-05-13,2629
FINAL DESTINATION: BLOODLINES,id,Final Destination: Bloodlines,2025-05-14,5987
FINAL DESTINATION: BLOODLINES,id,Final Destination: Bloodlines,2025-05-15,5669
FINAL DESTINATION: BLOODLINES,id,Final Destination: Bloodlines,2025-05-16,5018
FINAL DESTINATION: BLOODLINES,id,Final Destination: Bloodlines,2025-05-17,5557
FINAL DESTINATION: BLOODLINES (IMAX 2D),en,Final Destination Bloodlines,2025-04-03,8441
FINAL DESTINATION: BLOODLINES (IMAX 2D),en,Final Destination Bloodlines,2025-04-04,7517
FINAL DESTINATION: BLOODLINES (IMAX 2D),en,Final Destination Bloodlines,2025-04-05,8800
FINAL DESTINATION: BLOODLINES (IMAX 2D),en,Final Destination Bloodlines,2025-04-06,8776
FINAL DESTINATION: BLOODLINES (IMAX 2D),en,Final Destination Bloodlines,2025-04-07,8006
FINAL DESTINATION: BLOODLINES (IMAX 2D),en,Final Destination Bloodlines,2025-04-08,8355
FINAL DESTINATION: BLOODLINES (IMAX 2D),en,Final Destination Bloodlines,2025-04-09,7153
FINAL DESTINATION: BLOODLINES (IMAX 2D),en,Final Destination Bloodlines,2025-04-10,5807
FINAL DESTINATION: BLOODLINES (IMAX 2D),en,Final Destination Bloodlines,2025-04-11,6060
FINAL DESTINATION: BLOODLINES (IMAX 2D),en,Final Destination Bloodlines,2025-04-12,7639
FINAL DESTINATION: BLOODLINES (IMAX 2D),en,Final Destination Bloodlines,2025-04-13,8729
FINAL DESTINATION: BLOODLINES (IMAX 2D),en,Final Destination Bloodlines,2025-04-14,7418
FINAL DESTINATION: BLOODLINES (IMAX 2D),en,Final Destination Bloodlines,2025-04-15,7897
FINAL DESTINATION: BLOODLINES (IMAX 2D),en,Final Destination Bloodlines,2025-04-16,8943
FINAL DESTINATION: BLOODLINES (IMAX 2D),en,Final Destination Bloodlines,2025-04-17,8079
FINAL DESTINATION: BLOODLINES (IMAX 2D),en,Final Destination Bloodlines,2025-04-18,8341
FINAL DESTINATION: BLOODLINES (IMAX 2D),en,Final Destination Bloodlines,2025-04-19,10584
FINAL DESTINATION: BLOODLINES (IMAX 2D),en,Final Destination Bloodlines,2025-04-20,11107
FINAL DESTINATION: BLOODLINES (IMAX 2D),en,Final Destination Bloodlines,2025-04-21,10235
FINAL DESTINATION: BLOODLINES (IMAX 2D),en,Final Destination Bloodlines,2025-04-22,9702
FINAL DESTINATION: BLOODLINES (IMAX 2D),en,Final Destination Bloodlines,2025-04-23,9637
FINAL DESTINATION: BLOODLINES (IMAX 2D),en,Final Destination Bloodlines,2025-04-24,9379
FINAL DESTINATION: BLOODLINES (IMAX 2D),en,Final Destination Bloodlines,2025-04-25,10093
FINAL DESTINATION: BLOODLINES (IMAX 2D),en,Final Destination Bloodlines,2025-04-26,10402
FINAL DESTINATION: BLOODLINES (IMAX 2D),en,Final Destination Bloodlines,2025-04-27,11625
FINAL DESTINATION: BLOODLINES (IMAX 2D),en,Final Destination Bloodlines,2025-04-28,11989
FINAL DESTINATION: BLOODLINES (IMAX 2D),en,Final Destination Bloodlines,2025-04-29,12441
FINAL DESTINATION: BLOODLINES (IMAX 2D),en,Final Destination Bloodlines,2025-04-30,16041
FINAL DESTINATION: BLOODLINES (IMAX 2D),en,Final Destination Bloodlines,2025-05-01,17000
FINAL DESTINATION: BLOODLINES (IMAX 2D),en,Final Destination Bloodlines,2025-05-02,17079
FINAL DESTINATION: BLOODLINES (IMAX 2D),en,Final Destination Bloodlines,2025-05-03,19152
FINAL DESTINATION: BLOODLINES (IMAX 2D),en,Final Destination Bloodlines,2025-05-04,22384
FINAL DESTINATION: BLOODLINES (IMAX 2D),en,Final Destination Bloodlines,2025-05-05,22888
FINAL DESTINATION: BLOODLINES (IMAX 2D),en,Final Destination Bloodlines,2025-05-06,24760
FINAL DESTINATION: BLOODLINES (IMAX 2D),en,Final Destination Bloodlines,2025-05-07,25897
FINAL DESTINATION: BLOODLINES (IMAX 2D),en,Final Destination Bloodlines,2025-05-08,31333
FINAL DESTINATION: BLOODLINES (IMAX 2D),en,Final Destination Bloodlines,2025-05-09,55460
FINAL DESTINATION: BLOODLINES (IMAX 2D),en,Final Destination Bloodlines,2025-05-10,81129
FINAL DESTINATION: BLOODLINES (IMAX 2D),en,Final Destination Bloodlines,2025-05-11,86282
FINAL DESTINATION: BLOODLINES (IMAX 2D),en,Final Destination Bloodlines,2025-05-12,78019
FINAL DESTINATION: BLOODLINES (IMAX 2D),en,Final Destination Bloodlines,2025-05-13,99638
FINAL DESTINATION: BLOODLINES (IMAX 2D),en,Final Destination Bloodlines,2025-05-14,130219
FINAL DESTINATION: BLOODLINES (IMAX 2D),en,Final Destination Bloodlines,2025-05-15,147714
FINAL DESTINATION: BLOODLINES (IMAX 2D),en,Final Destination Bloodlines,2025-05-16,225282
FINAL DESTINATION: BLOODLINES (IMAX 2D),en,Final Destination Bloodlines,2025-05-17,264146
FINAL DESTINATION: BLOODLINES (IMAX 2D),en,Final Destination Bloodlines,2025-05-18,280886
FINAL DESTINATION: BLOODLINES (IMAX 2D),en,Final Destination Bloodlines,2025-05-19,241716
FINAL DESTINATION: BLOODLINES (IMAX 2D),id,Final Destination: Bloodlines,2025-04-03,266
FINAL DESTINATION: BLOODLINES (IMAX 2D),id,Final Destination: Bloodlines,2025-04-04,215
FINAL DESTINATION: BLOODLINES (IMAX 2D),id,Final Destination: Bloodlines,2025-04-05,236
FINAL DESTINATION: BLOODLINES (IMAX 2D),id,Final Destination: Bloodlines,2025-04-06,229
FINAL DESTINATION: BLOODLINES (IMAX 2D),id,Final Destination: Bloodlines,2025-04-07,251
FINAL DESTINATION: BLOODLINES (IMAX 2D),id,Final Destination: Bloodlines,2025-04-08,267
FINAL DESTINATION: BLOODLINES (IMAX 2D),id,Final Destination: Bloodlines,2025-04-09,230
FINAL DESTINATION: BLOODLINES (IMAX 2D),id,Final Destination: Bloodlines,2025-04-10,227
FINAL DESTINATION: BLOODLINES (IMAX 2D),id,Final Destination: Bloodlines,2025-04-11,218
FINAL DESTINATION: BLOODLINES (IMAX 2D),id,Final Destination: Bloodlines,2025-04-12,259
FINAL DESTINATION: BLOODLINES (IMAX 2D),id,Final Destination: Bloodlines,2025-04-13,214
FINAL DESTINATION: BLOODLINES (IMAX 2D),id,Final Destination: Bloodlines,2025-04-14,209
FINAL DESTINATION: BLOODLINES (IMAX 2D),id,Final Destination: Bloodlines,2025-04-15,258
FINAL DESTINATION: BLOODLINES (IMAX 2D),id,Final Destination: Bloodlines,2025-04-16,238
FINAL DESTINATION: BLOODLINES (IMAX 2D),id,Final Destination: Bloodlines,2025-04-17,235
FINAL DESTINATION: BLOODLINES (IMAX 2D),id,Final Destination: Bloodlines,2025-04-18,254
FINAL DESTINATION: BLOODLINES (IMAX 2D),id,Final Destination: Bloodlines,2025-04-19,227
FINAL DESTINATION: BLOODLINES (IMAX 2D),id,Final Destination: Bloodlines,2025-04-20,211
FINAL DESTINATION: BLOODLINES (IMAX 2D),id,Final Destination: Bloodlines,2025-04-21,234
FINAL DESTINATION: BLOODLINES (IMAX 2D),id,Final Destination: Bloodlines,2025-04-22,225
FINAL DESTINATION: BLOODLINES (IMAX 2D),id,Final Destination: Bloodlines,2025-04-23,200
FINAL DESTINATION: BLOODLINES (IMAX 2D),id,Final Destination: Bloodlines,2025-04-24,246
FINAL DESTINATION: BLOODLINES (IMAX 2D),id,Final Destination: Bloodlines,2025-04-25,218
FINAL DESTINATION: BLOODLINES (IMAX 2D),id,Final Destination: Bloodlines,2025-04-26,242
FINAL DESTINATION: BLOODLINES (IMAX 2D),id,Final Destination: Bloodlines,2025-04-27,280
FINAL DESTINATION: BLOODLINES (IMAX 2D),id,Final Destination: Bloodlines,2025-04-28,281
FINAL DESTINATION: BLOODLINES (IMAX 2D),id,Final Destination: Bloodlines,2025-04-29,264
FINAL DESTINATION: BLOODLINES (IMAX 2D),id,Final Destination: Bloodlines,2025-04-30,309
FINAL DESTINATION: BLOODLINES (IMAX 2D),id,Final Destination: Bloodlines,2025-05-01,408
FINAL DESTINATION: BLOODLINES (IMAX 2D),id,Final Destination: Bloodlines,2025-05-02,388
FINAL DESTINATION: BLOODLINES (IMAX 2D),id,Final Destination: Bloodlines,2025-05-03,399
FINAL DESTINATION: BLOODLINES (IMAX 2D),id,Final Destination: Bloodlines,2025-05-04,729
FINAL DESTINATION: BLOODLINES (IMAX 2D),id,Final Destination: Bloodlines,2025-05-05,647
FINAL DESTINATION: BLOODLINES (IMAX 2D),id,Final Destination: Bloodlines,2025-05-06,589
FINAL DESTINATION: BLOODLINES (IMAX 2D),id,Final Destination: Bloodlines,2025-05-07,1968
FINAL DESTINATION: BLOODLINES (IMAX 2D),id,Final Destination: Bloodlines,2025-05-08,2587
FINAL DESTINATION: BLOODLINES (IMAX 2D),id,Final Destination: Bloodlines,2025-05-09,2994
FINAL DESTINATION: BLOODLINES (IMAX 2D),id,Final Destination: Bloodlines,2025-05-10,3296
FINAL DESTINATION: BLOODLINES (IMAX 2D),id,Final Destination: Bloodlines,2025-05-11,2665
FINAL DESTINATION: BLOODLINES (IMAX 2D),id,Final Destination: Bloodlines,2025-05-12,2408
FINAL DESTINATION: BLOODLINES (IMAX 2D),id,Final Destination: Bloodlines,2025-05-13,2629
FINAL DESTINATION: BLOODLINES (IMAX 2D),id,Final Destination: Bloodlines,2025-05-14,5987
FINAL DESTINATION: BLOODLINES (IMAX 2D),id,Final Destination: Bloodlines,2025-05-15,5669
FINAL DESTINATION: BLOODLINES (IMAX 2D),id,Final Destination: Bloodlines,2025-05-16,5018
FINAL DESTINATION: BLOODLINES (IMAX 2D),id,Final Destination: Bloodlines,2025-05-17,5557
FINAL DESTINATION: BLOODLINES (IMAX 2D),id,Final Destination: Bloodlines,2025-05-18,5357
FINAL DESTINATION: BLOODLINES (IMAX 2D),id,Final Destination: Bloodlines,2025-05-19,3829
FIVE NIGHTS AT FREDDYS 2,en,Five Nights at Freddy's 2 (film),2025-10-29,4130
FIVE NIGHTS AT FREDDYS 2,en,Five Nights at Freddy's 2 (film),2025-10-30,4596
FIVE NIGHTS AT FREDDYS 2,en,Five Nights at Freddy's 2 (film),2025-10-31,5560
FIVE NIGHTS AT FREDDYS 2,en,Five Nights at Freddy's 2 (film),2025-11-01,5693
FIVE NIGHTS AT FREDDYS 2,en,Five Nights at Freddy's 2 (film),2025-11-02,4991
FIVE NIGHTS AT FREDDYS 2,en,Five Nights at Freddy's 2 (film),2025-11-03,4666
FIVE NIGHTS AT FREDDYS 2,en,Five Nights at Freddy's 2 (film),2025-11-04,4011
FIVE NIGHTS AT FREDDYS 2,en,Five Nights at Freddy's 2 (film),2025-11-05,15349
FIVE NIGHTS AT FREDDYS 2,en,Five Nights at Freddy's 2 (film),2025-11-06,10460
FIVE NIGHTS AT FREDDYS 2,en,Five Nights at Freddy's 2 (film),2025-11-07,7295
FIVE NIGHTS AT FREDDYS 2,en,Five Nights at Freddy's 2 (film),2025-11-08,5989
FIVE NIGHTS AT FREDDYS 2,en,Five Nights at Freddy's 2 (film),2025-11-09,5728
FIVE NIGHTS AT FREDDYS 2,en,Five Nights at Freddy's 2 (film),2025-11-10,6860
FIVE NIGHTS AT FREDDYS 2,en,Five Nights at Freddy's 2 (film),2025-11-11,6236
FIVE NIGHTS AT FREDDYS 2,en,Five Nights at Freddy's 2 (film),2025-11-12,6105
FIVE NIGHTS AT FREDDYS 2,en,Five Nights at Freddy's 2 (film),2025-11-13,6222
FIVE NIGHTS AT FREDDYS 2,en,Five Nights at Freddy's 2 (film),2025-11-14,5999
FIVE NIGHTS AT FREDDYS 2,en,Five Nights at Freddy's 2 (film),2025-11-15,6129
FIVE NIGHTS AT FREDDYS 2,en,Five Nights at Freddy's 2 (film),2025-11-16,6069
FIVE NIGHTS AT FREDDYS 2,en,Five Nights at Freddy's 2 (film),2025-11-17,6773
FIVE NIGHTS AT FREDDYS 2,en,Five Nights at Freddy's 2 (film),2025-11-18,7435
FIVE NIGHTS AT FREDDYS 2,en,Five Nights at Freddy's 2 (film),2025-11-19,6724
FIVE NIGHTS AT FREDDYS 2,en,Five Nights at Freddy's 2 (film),2025-11-20,6539
FIVE NIGHTS AT FREDDYS 2,en,Five Nights at Freddy's 2 (film),2025-11-21,7429
FIVE NIGHTS AT FREDDYS 2,en,Five Nights at Freddy's 2 (film),2025-11-22,7465
FIVE NIGHTS AT FREDDYS 2,en,Five Nights at Freddy's 2 (film),2025-11-23,8392
FIVE NIGHTS AT FREDDYS 2,en,Five Nights at Freddy's 2 (film),2025-11-24,7400
FIVE NIGHTS AT FREDDYS 2,en,Five Nights at Freddy's 2 (film),2025-11-25,7679
FIVE NIGHTS AT FREDDYS 2,en,Five Nights at Freddy's 2 (film),2025-11-26,7774
FIVE NIGHTS AT FREDDYS 2,en,Five Nights at Freddy's 2 (film),2025-11-27,7181
FIVE NIGHTS AT FREDDYS 2,en,Five Nights at Freddy's 2 (film),2025-11-28,7709
FIVE NIGHTS AT FREDDYS 2,en,Five Nights at Freddy's 2 (film),2025-11-29,9089
FIVE NIGHTS AT FREDDYS 2,en,Five Nights at Freddy's 2 (film),2025-11-30,10457
FIVE NIGHTS AT FREDDYS 2,en,Five Nights at Freddy's 2 (film),2025-12-01,13258
FIVE NIGHTS AT FREDDYS 2,en,Five Nights at Freddy's 2 (film),2025-12-02,15541
FIVE NIGHTS AT FREDDYS 2,en,Five Nights at Freddy's 2 (film),2025-12-03,30130
FIVE NIGHTS AT FREDDYS 2,en,Five Nights at Freddy's 2 (film),2025-12-04,83524
FIVE NIGHTS AT FREDDYS 2,en,Five Nights at Freddy's 2 (film),2025-12-05,166553
FIVE NIGHTS AT FREDDYS 2,en,Five Nights at Freddy's 2 (film),2025-12-06,151173
FIVE NIGHTS AT FREDDYS 2,en,Five Nights at Freddy's 2 (film),2025-12-07,122374
FIVE NIGHTS AT FREDDYS 2,en,Five Nights at Freddy's 2 (film),2025-12-08,93304
FIVE NIGHTS AT FREDDYS 2,en,Five Nights at Freddy's 2 (film),2025-12-09,57131
FIVE NIGHTS AT FREDDYS 2,en,Five Nights at Freddy's 2 (film),2025-12-10,50625
FIVE NIGHTS AT FREDDYS 2,en,Five Nights at Freddy's 2 (film),2025-12-11,41892
FIVE NIGHTS AT FREDDYS 2,en,Five Nights at Freddy's 2 (film),2025-12-12,34644
FIVE NIGHTS AT FREDDYS 2,en,Five Nights at Freddy's 2 (film),2025-12-13,38986
FIVE NIGHTS AT FREDDYS 2,en,Five Nights at Freddy's 2 (film),2025-12-14,39028
FREAKIER FRIDAY,en,Freakier Friday,2025-07-02,2533
FREAKIER FRIDAY,en,Freakier Friday,2025-07-03,2404
FREAKIER FRIDAY,en,Freakier Friday,2025-07-04,2226
FREAKIER FRIDAY,en,Freakier Friday,2025-07-05,2292
FREAKIER FRIDAY,en,Freakier Friday,2025-07-06,2613
FREAKIER FRIDAY,en,Freakier Friday,2025-07-07,2410
FREAKIER FRIDAY,en,Freakier Friday,2025-07-08,2562
FREAKIER FRIDAY,en,Freakier Friday,2025-07-09,2692
FREAKIER FRIDAY,en,Freakier Friday,2025-07-10,2918
FREAKIER FRIDAY,en,Freakier Friday,2025-07-11,6081
FREAKIER FRIDAY,en,Freakier Friday,2025-07-12,7190
FREAKIER FRIDAY,en,Freakier Friday,2025-07-13,7168
FREAKIER FRIDAY,en,Freakier Friday,2025-07-14,6458
FREAKIER FRIDAY,en,Freakier Friday,2025-07-15,6156
FREAKIER FRIDAY,en,Freakier Friday,2025-07-16,8316
FREAKIER FRIDAY,en,Freakier Friday,2025-07-17,7900
FREAKIER FRIDAY,en,Freakier Friday,2025-07-18,7914
FREAKIER FRIDAY,en,Freakier Friday,2025-07-19,8485
FREAKIER FRIDAY,en,Freakier Friday,2025-07-20,8712
FREAKIER FRIDAY,en,Freakier Friday,2025-07-21,7965
FREAKIER FRIDAY,en,Freakier Friday,2025-07-22,7942
FREAKIER FRIDAY,en,Freakier Friday,2025-07-23,18384
FREAKIER FRIDAY,en,Freakier Friday,2025-07-24,15776
FREAKIER FRIDAY,en,Freakier Friday,2025-07-25,16600
FREAKIER FRIDAY,en,Freakier Friday,2025-07-26,19502
FREAKIER FRIDAY,en,Freakier Friday,2025-07-27,16158
FREAKIER FRIDAY,en,Freakier Friday,2025-07-28,16069
FREAKIER FRIDAY,en,Freakier Friday,2025-07-29,18887
FREAKIER FRIDAY,en,Freakier Friday,2025-07-30,17823
FREAKIER FRIDAY,en,Freakier Friday,2025-07-31,18580
FREAKIER FRIDAY,en,Freakier Friday,2025-08-01,24856
FREAKIER FRIDAY,en,Freakier Friday,2025-08-02,22454
FREAKIER FRIDAY,en,Freakier Friday,2025-08-03,20802
FREAKIER FRIDAY,en,Freakier Friday,2025-08-04,26510
FREAKIER FRIDAY,en,Freakier Friday,2025-08-05,31661
FREAKIER FRIDAY,en,Freakier Friday,2025-08-06,43128
FREAKIER FRIDAY,en,Freakier Friday,2025-08-07,54236
FREAKIER FRIDAY,en,Freakier Friday,2025-08-08,90105
FREAKIER FRIDAY,en,Freakier Friday,2025-08-09,92849
FREAKIER FRIDAY,en,Freakier Friday,2025-08-10,86815
FREAKIER FRIDAY,en,Freakier Friday,2025-08-11,64003
FREAKIER FRIDAY,en,Freakier Friday,2025-08-12,44234
FREAKIER FRIDAY,en,Freakier Friday,2025-08-13,37695
FREAKIER FRIDAY,en,Freakier Friday,2025-08-14,30630
FREAKIER FRIDAY,en,Freakier Friday,2025-08-15,34684
FREAKIER FRIDAY,en,Freakier Friday,2025-08-16,36857
FREAKIER FRIDAY,en,Freakier Friday,2025-08-17,39889
G-DRAGON IN CINEMA: UBERMENSCH,en,G-Dragon in Cinema: Übermensch,2025-10-22,20
G-DRAGON IN CINEMA: UBERMENSCH,en,G-Dragon in Cinema: Übermensch,2025-10-23,37
G-DRAGON IN CINEMA: UBERMENSCH,en,G-Dragon in Cinema: Übermensch,2025-10-24,36
G-DRAGON IN CINEMA: UBERMENSCH,en,G-Dragon in Cinema: Übermensch,2025-10-25,53
G-DRAGON IN CINEMA: UBERMENSCH,en,G-Dragon in Cinema: Übermensch,2025-10-26,65
G-DRAGON IN CINEMA: UBERMENSCH,en,G-Dragon in Cinema: Übermensch,2025-10-27,91
G-DRAGON IN CINEMA: UBERMENSCH,en,G-Dragon in Cinema: Übermensch,2025-10-28,134
G-DRAGON IN CINEMA: UBERMENSCH,en,G-Dragon in Cinema: Übermensch,2025-10-29,437
G-DRAGON IN CINEMA: UBERMENSCH,en,G-Dragon in Cinema: Übermensch,2025-10-30,466
G-DRAGON IN CINEMA: UBERMENSCH,en,G-Dragon in Cinema: Übermensch,2025-10-31,311
G-DRAGON IN CINEMA: UBERMENSCH,en,G-Dragon in Cinema: Übermensch,2025-11-01,240
G-DRAGON IN CINEMA: UBERMENSCH,en,G-Dragon in Cinema: Übermensch,2025-11-02,207
G-DRAGON IN CINEMA: UBERMENSCH,en,G-Dragon in Cinema: Übermensch,2025-11-03,122
G-DRAGON IN CINEMA: UBERMENSCH,en,G-Dragon in Cinema: Übermensch,2025-11-04,99
G-DRAGON IN CINEMA: UBERMENSCH,en,G-Dragon in Cinema: Übermensch,2025-11-05,92
G-DRAGON IN CINEMA: UBERMENSCH,en,G-Dragon in Cinema: Übermensch,2025-11-06,96
G-DRAGON IN CINEMA: UBERMENSCH,en,G-Dragon in Cinema: Übermensch,2025-11-07,98
G-DRAGON IN CINEMA: UBERMENSCH,en,G-Dragon in Cinema: Übermensch,2025-11-08,85
G-DRAGON IN CINEMA: UBERMENSCH,en,G-Dragon in Cinema: Übermensch,2025-11-09,97
G-DRAGON IN CINEMA: UBERMENSCH (IMAX 2D),en,G-Dragon in Cinema: Übermensch,2025-10-22,20
G-DRAGON IN CINEMA: UBERMENSCH (IMAX 2D),en,G-Dragon in Cinema: Übermensch,2025-10-23,37
G-DRAGON IN CINEMA: UBERMENSCH (IMAX 2D),en,G-Dragon in Cinema: Übermensch,2025-10-24,36
G-DRAGON IN CINEMA: UBERMENSCH (IMAX 2D),en,G-Dragon in Cinema: Übermensch,2025-10-25,53
G-DRAGON IN CINEMA: UBERMENSCH (IMAX 2D),en,G-Dragon in Cinema: Übermensch,2025-10-26,65
G-DRAGON IN CINEMA: UBERMENSCH (IMAX 2D),en,G-Dragon in Cinema: Übermensch,2025-10-27,91
G-DRAGON IN CINEMA: UBERMENSCH (IMAX 2D),en,G-Dragon in Cinema: Übermensch,2025-10-28,134
G-DRAGON IN CINEMA: UBERMENSCH (IMAX 2D),en,G-Dragon in Cinema: Übermensch,2025-10-29,437
G-DRAGON IN CINEMA: UBERMENSCH (IMAX 2D),en,G-Dragon in Cinema: Übermensch,2025-10-30,466
G-DRAGON IN CINEMA: UBERMENSCH (IMAX 2D),en,G-Dragon in Cinema: Übermensch,2025-10-31,311
G-DRAGON IN CINEMA: UBERMENSCH (IMAX 2D),en,G-Dragon in Cinema: Übermensch,2025-11-01,240
G-DRAGON IN CINEMA: UBERMENSCH (IMAX 2D),en,G-Dragon in Cinema: Übermensch,2025-11-02,207
G-DRAGON IN CINEMA: UBERMENSCH (IMAX 2D),en,G-Dragon in Cinema: Übermensch,2025-11-03,122
G-DRAGON IN CINEMA: UBERMENSCH (IMAX 2D),en,G-Dragon in Cinema: Übermensch,2025-11-04,99
G-DRAGON IN CINEMA: UBERMENSCH (IMAX 2D),en,G-Dragon in Cinema: Übermensch,2025-11-05,92
G-DRAGON IN CINEMA: UBERMENSCH (IMAX 2D),en,G-Dragon in Cinema: Übermensch,2025-11-06,96
G-DRAGON IN CINEMA: UBERMENSCH (IMAX 2D),en,G-Dragon in Cinema: Übermensch,2025-11-07,98
G-DRAGON IN CINEMA: UBERMENSCH (IMAX 2D),en,G-Dragon in Cinema: Übermensch,2025-11-08,85
G-DRAGON IN CINEMA: UBERMENSCH (IMAX 2D),en,G-Dragon in Cinema: Übermensch,2025-11-09,97
GABBYS DOLLHOUSE: THE MOVIE,en,Gabby's Dollhouse: The Movie,2025-08-16,2052
GABBYS DOLLHOUSE: THE MOVIE,en,Gabby's Dollhouse: The Movie,2025-08-17,2201
GABBYS DOLLHOUSE: THE MOVIE,en,Gabby's Dollhouse: The Movie,2025-08-18,2005
GABBYS DOLLHOUSE: THE MOVIE,en,Gabby's Dollhouse: The Movie,2025-08-19,2025
GABBYS DOLLHOUSE: THE MOVIE,en,Gabby's Dollhouse: The Movie,2025-08-20,2033
GABBYS DOLLHOUSE: THE MOVIE,en,Gabby's Dollhouse: The Movie,2025-08-21,2006
GABBYS DOLLHOUSE: THE MOVIE,en,Gabby's Dollhouse: The Movie,2025-08-22,1986
GABBYS DOLLHOUSE: THE MOVIE,en,Gabby's Dollhouse: The Movie,2025-08-23,2073
GABBYS DOLLHOUSE: THE MOVIE,en,Gabby's Dollhouse: The Movie,2025-08-24,2230
GABBYS DOLLHOUSE: THE MOVIE,en,Gabby's Dollhouse: The Movie,2025-08-25,2003
GABBYS DOLLHOUSE: THE MOVIE,en,Gabby's Dollhouse: The Movie,2025-08-26,2087
GABBYS DOLLHOUSE: THE MOVIE,en,Gabby's Dollhouse: The Movie,2025-08-27,2036
GABBYS DOLLHOUSE: THE MOVIE,en,Gabby's Dollhouse: The Movie,2025-08-28,2376
GABBYS DOLLHOUSE: THE MOVIE,en,Gabby's Dollhouse: The Movie,2025-08-29,2455
GABBYS DOLLHOUSE: THE MOVIE,en,Gabby's Dollhouse: The Movie,2025-08-30,2692
GABBYS DOLLHOUSE: THE MOVIE,en,Gabby's Dollhouse: The Movie,2025-08-31,3063
GABBYS DOLLHOUSE: THE MOVIE,en,Gabby's Dollhouse: The Movie,2025-09-01,3296
GABBYS DOLLHOUSE: THE MOVIE,en,Gabby's Dollhouse: The Movie,2025-09-02,2867
GABBYS DOLLHOUSE: THE MOVIE,en,Gabby's Dollhouse: The Movie,2025-09-03,3183
GABBYS DOLLHOUSE: THE MOVIE,en,Gabby's Dollhouse: The Movie,2025-09-04,2974
GABBYS DOLLHOUSE: THE MOVIE,en,Gabby's Dollhouse: The Movie,2025-09-05,3249
GABBYS DOLLHOUSE: THE MOVIE,en,Gabby's Dollhouse: The Movie,2025-09-06,3553
GABBYS DOLLHOUSE: THE MOVIE,en,Gabby's Dollhouse: The Movie,2025-09-07,3459
GABBYS DOLLHOUSE: THE MOVIE,en,Gabby's Dollhouse: The Movie,2025-09-08,2963
GABBYS DOLLHOUSE: THE MOVIE,en,Gabby's Dollhouse: The Movie,2025-09-09,2883
GABBYS DOLLHOUSE: THE MOVIE,en,Gabby's Dollhouse: The Movie,2025-09-10,3080
GABBYS DOLLHOUSE: THE MOVIE,en,Gabby's Dollhouse: The Movie,2025-09-11,2862
GABBYS DOLLHOUSE: THE MOVIE,en,Gabby's Dollhouse: The Movie,2025-09-12,3771
GABBYS DOLLHOUSE: THE MOVIE,en,Gabby's Dollhouse: The Movie,2025-09-13,3966
GABBYS DOLLHOUSE: THE MOVIE,en,Gabby's Dollhouse: The Movie,2025-09-14,3975
GABBYS DOLLHOUSE: THE MOVIE,en,Gabby's Dollhouse: The Movie,2025-09-15,3596
GABBYS DOLLHOUSE: THE MOVIE,en,Gabby's Dollhouse: The Movie,2025-09-16,3409
GABBYS DOLLHOUSE: THE MOVIE,en,Gabby's Dollhouse: The Movie,2025-09-17,3878
GABBYS DOLLHOUSE: THE MOVIE,en,Gabby's Dollhouse: The Movie,2025-09-18,4151
GABBYS DOLLHOUSE: THE MOVIE,en,Gabby's Dollhouse: The Movie,2025-09-19,4627
GABBYS DOLLHOUSE: THE MOVIE,en,Gabby's Dollhouse: The Movie,2025-09-20,5451
GABBYS DOLLHOUSE: THE MOVIE,en,Gabby's Dollhouse: The Movie,2025-09-21,6223
GABBYS DOLLHOUSE: THE MOVIE,en,Gabby's Dollhouse: The Movie,2025-09-22,6317
GABBYS DOLLHOUSE: THE MOVIE,en,Gabby's Dollhouse: The Movie,2025-09-23,6549
GABBYS DOLLHOUSE: THE MOVIE,en,Gabby's Dollhouse: The Movie,2025-09-24,7930
GABBYS DOLLHOUSE: THE MOVIE,en,Gabby's Dollhouse: The Movie,2025-09-25,11609
GABBYS DOLLHOUSE: THE MOVIE,en,Gabby's Dollhouse: The Movie,2025-09-26,18996
GABBYS DOLLHOUSE: THE MOVIE,en,Gabby's Dollhouse: The Movie,2025-09-27,21520
GABBYS DOLLHOUSE: THE MOVIE,en,Gabby's Dollhouse: The Movie,2025-09-28,19547
GABBYS DOLLHOUSE: THE MOVIE,en,Gabby's Dollhouse: The Movie,2025-09-29,13457
GABBYS DOLLHOUSE: THE MOVIE,en,Gabby's Dollhouse: The Movie,2025-09-30,10497
GABBYS DOLLHOUSE: THE MOVIE,en,Gabby's Dollhouse: The Movie,2025-10-01,8843
GERBANG SETAN,id,Gerbang Setan,2025-07-17,95
GERBANG SETAN,id,Gerbang Setan,2025-07-18,92
GERBANG SETAN,id,Gerbang Setan,2025-07-19,86
GERBANG SETAN,id,Gerbang Setan,2025-07-20,117
GERBANG SETAN,id,Gerbang Setan,2025-07-21,121
GERBANG SETAN,id,Gerbang Setan,2025-07-22,169
GERBANG SETAN,id,Gerbang Setan,2025-07-23,152
GETIH IRENG,id,Getih Ireng,2025-10-25,3
GETIH IRENG,id,Getih Ireng,2025-10-27,1
GHOST TRAIN,en,Ghost Train (2025 film),2025-06-30,76
GHOST TRAIN,en,Ghost Train (2025 film),2025-07-01,223
GHOST TRAIN,en,Ghost Train (2025 film),2025-07-02,431
GHOST TRAIN,en,Ghost Train (2025 film),2025-07-03,402
GHOST TRAIN,en,Ghost Train (2025 film),2025-07-04,313
GHOST TRAIN,en,Ghost Train (2025 film),2025-07-05,363
GHOST TRAIN,en,Ghost Train (2025 film),2025-07-06,349
GHOST TRAIN,en,Ghost Train (2025 film),2025-07-07,491
GHOST TRAIN,en,Ghost Train (2025 film),2025-07-08,613
GHOST TRAIN,en,Ghost Train (2025 film),2025-07-09,1141
GHOST TRAIN,en,Ghost Train (2025 film),2025-07-10,1719
GHOST TRAIN,en,Ghost Train (2025 film),2025-07-11,1698
GHOST TRAIN,en,Ghost Train (2025 film),2025-07-12,1321
GHOST TRAIN,en,Ghost Train (2025 film),2025-07-13,1267
GHOST TRAIN,en,Ghost Train (2025 film),2025-07-14,1068
GHOST TRAIN,en,Ghost Train (2025 film),2025-07-15,1521
GHOST TRAIN,en,Ghost Train (2025 film),2025-07-16,1770
GHOST TRAIN,en,Ghost Train (2025 film),2025-07-17,1955
GHOST TRAIN,en,Ghost Train (2025 film),2025-07-18,1640
GHOST TRAIN,en,Ghost Train (2025 film),2025-07-19,2913
GHOST TRAIN,en,Ghost Train (2025 film),2025-07-20,3135
GHOST TRAIN,en,Ghost Train (2025 film),2025-07-21,796
GHOST TRAIN,en,Ghost Train (2025 film),2025-07-22,1532
GHOST TRAIN,en,Ghost Train (2025 film),2025-07-23,1364
GHOST TRAIN,en,Ghost Train (2025 film),2025-07-24,1217
GHOST TRAIN,en,Ghost Train (2025 film),2025-07-25,2242
GHOST TRAIN,en,Ghost Train (2025 film),2025-07-26,3121
GHOST TRAIN,en,Ghost Train (2025 film),2025-07-27,3216
GHOST TRAIN,en,Ghost Train (2025 film),2025-07-28,2393
GHOST TRAIN,en,Ghost Train (2025 film),2025-07-29,1938
GHOST TRAIN,en,Ghost Train (2025 film),2025-07-30,2049
GHOST TRAIN,en,Ghost Train (2025 film),2025-07-31,1731
GHOST TRAIN,en,Ghost Train (2025 film),2025-08-01,1421
GHOST TRAIN,id,Ghost Train (film 2025),2025-07-02,16
GHOST TRAIN,id,Ghost Train (film 2025),2025-07-03,20
GHOST TRAIN,id,Ghost Train (film 2025),2025-07-04,14
GHOST TRAIN,id,Ghost Train (film 2025),2025-07-05,6
GHOST TRAIN,id,Ghost Train (film 2025),2025-07-06,35
GHOST TRAIN,id,Ghost Train (film 2025),2025-07-07,4
GHOST TRAIN,id,Ghost Train (film 2025),2025-07-08,18
GHOST TRAIN,id,Ghost Train (film 2025),2025-07-09,133
GHOST TRAIN,id,Ghost Train (film 2025),2025-07-10,416
GHOST TRAIN,id,Ghost Train (film 2025),2025-07-11,54
GHOST TRAIN,id,Ghost Train (film 2025),2025-07-12,23
GHOST TRAIN,id,Ghost Train (film 2025),2025-07-13,30
GHOST TRAIN,id,Ghost Train (film 2025),2025-07-14,18
GHOST TRAIN,id,Ghost Train (film 2025),2025-07-15,24
GHOST TRAIN,id,Ghost Train (film 2025),2025-07-16,29
GHOST TRAIN,id,Ghost Train (film 2025),2025-07-17,22
GHOST TRAIN,id,Ghost Train (film 2025),2025-07-18,30
GHOST TRAIN,id,Ghost Train (film 2025),2025-07-19,24
GHOST TRAIN,id,Ghost Train (film 2025),2025-07-20,44
GHOST TRAIN,id,Ghost Train (film 2025),2025-07-21,38
GHOST TRAIN,id,Ghost Train (film 2025),2025-07-22,28
GHOST TRAIN,id,Ghost Train (film 2025),2025-07-23,30
GHOST TRAIN,id,Ghost Train (film 2025),2025-07-24,63
GHOST TRAIN,id,Ghost Train (film 2025),2025-07-25,255
GHOST TRAIN,id,Ghost Train (film 2025),2025-07-26,449
GHOST TRAIN,id,Ghost Train (film 2025),2025-07-27,365
GHOST TRAIN,id,Ghost Train (film 2025),2025-07-28,271
GHOST TRAIN,id,Ghost Train (film 2025),2025-07-29,264
GHOST TRAIN,id,Ghost Train (film 2025),2025-07-30,264
GHOST TRAIN,id,Ghost Train (film 2025),2025-07-31,214
GHOST TRAIN,id,Ghost Train (film 2025),2025-08-01,172
GOAT,en,Goat (2026 film),2026-01-09,3631
GOAT,en,Goat (2026 film),2026-01-10,3879
GOAT,en,Goat (2026 film),2026-01-11,3996
GOAT,en,Goat (2026 film),2026-01-12,3858
GOAT,en,Goat (2026 film),2026-01-13,3952
GOAT,en,Goat (2026 film),2026-01-14,6808
GOAT,en,Goat (2026 film),2026-01-15,7640
GOAT,en,Goat (2026 film),2026-01-16,7674
GOAT,en,Goat (2026 film),2026-01-17,12900
GOAT,en,Goat (2026 film),2026-01-18,8185
GOAT,en,Goat (2026 film),2026-01-19,6625
GOAT,en,Goat (2026 film),2026-01-20,6061
GOAT,en,Goat (2026 film),2026-01-21,6614
GOAT,en,Goat (2026 film),2026-01-22,6140
GOAT,en,Goat (2026 film),2026-01-23,6475
GOAT,en,Goat (2026 film),2026-01-24,6266
GOAT,en,Goat (2026 film),2026-01-25,10994
GOAT,en,Goat (2026 film),2026-01-26,6505
GOAT,en,Goat (2026 film),2026-01-27,6762
GOAT,en,Goat (2026 film),2026-01-28,6148
GOAT,en,Goat (2026 film),2026-01-29,7649
GOAT,en,Goat (2026 film),2026-01-30,6901
GOAT,en,Goat (2026 film),2026-01-31,7764
GOAT,en,Goat (2026 film),2026-02-01,8269
GOAT,en,Goat (2026 film),2026-02-02,8745
GOAT,en,Goat (2026 film),2026-02-03,8888
GOAT,en,Goat (2026 film),2026-02-04,8899
GOAT,en,Goat (2026 film),2026-02-05,8811
GOAT,en,Goat (2026 film),2026-02-06,9503
GOAT,en,Goat (2026 film),2026-02-07,16678
GOAT,en,Goat (2026 film),2026-02-08,19837
GOAT,en,Goat (2026 film),2026-02-09,14945
GOAT,en,Goat (2026 film),2026-02-10,17177
GOAT,en,Goat (2026 film),2026-02-11,18381
GOAT,en,Goat (2026 film),2026-02-12,22883
GOAT,en,Goat (2026 film),2026-02-13,37325
GOAT,en,Goat (2026 film),2026-02-14,47250
GOAT,en,Goat (2026 film),2026-02-15,49995
GOAT,en,Goat (2026 film),2026-02-16,47697
GOAT,en,Goat (2026 film),2026-02-17,38585
GOAT,en,Goat (2026 film),2026-02-18,30879
GOAT,en,Goat (2026 film),2026-02-19,29024
GOAT,en,Goat (2026 film),2026-02-20,28395
GOAT,en,Goat (2026 film),2026-02-21,33428
GOAT,en,Goat (2026 film),2026-02-22,35720
GOAT,en,Goat (2026 film),2026-02-23,28230
GOAT,en,Goat (2026 film),2026-02-24,20499
GODAAN SETAN YANG TERKUTUK,id,Godaan Setan yang Terkutuk,2025-05-15,76
GODAAN SETAN YANG TERKUTUK,id,Godaan Setan yang Terkutuk,2025-05-16,33
GODAAN SETAN YANG TERKUTUK,id,Godaan Setan yang Terkutuk,2025-05-17,116
GODAAN SETAN YANG TERKUTUK,id,Godaan Setan yang Terkutuk,2025-05-18,112
GODAAN SETAN YANG TERKUTUK,id,Godaan Setan yang Terkutuk,2025-05-19,78
GODAAN SETAN YANG TERKUTUK,id,Godaan Setan yang Terkutuk,2025-05-20,71
GODAAN SETAN YANG TERKUTUK,id,Godaan Setan yang Terkutuk,2025-05-21,44
GODAAN SETAN YANG TERKUTUK,id,Godaan Setan yang Terkutuk,2025-05-22,47
GODAAN SETAN YANG TERKUTUK,id,Godaan Setan yang Terkutuk,2025-05-23,43
GODAAN SETAN YANG TERKUTUK,id,Godaan Setan yang Terkutuk,2025-05-24,28
GODAAN SETAN YANG TERKUTUK,id,Godaan Setan yang Terkutuk,2025-05-25,29
GODAAN SETAN YANG TERKUTUK,id,Godaan Setan yang Terkutuk,2025-05-26,39
"GOOD LUCK, HAVE FUN, DONT DIE",en,"Good Luck, Have Fun, Don't Die",2026-01-30,6747
"GOOD LUCK, HAVE FUN, DONT DIE",en,"Good Luck, Have Fun, Don't Die",2026-01-31,6857
"GOOD LUCK, HAVE FUN, DONT DIE",en,"Good Luck, Have Fun, Don't Die",2026-02-01,6507
"GOOD LUCK, HAVE FUN, DONT DIE",en,"Good Luck, Have Fun, Don't Die",2026-02-02,6940
"GOOD LUCK, HAVE FUN, DONT DIE",en,"Good Luck, Have Fun, Don't Die",2026-02-03,6078
"GOOD LUCK, HAVE FUN, DONT DIE",en,"Good Luck, Have Fun, Don't Die",2026-02-04,5596
"GOOD LUCK, HAVE FUN, DONT DIE",en,"Good Luck, Have Fun, Don't Die",2026-02-05,6218
"GOOD LUCK, HAVE FUN, DONT DIE",en,"Good Luck, Have Fun, Don't Die",2026-02-06,8299
"GOOD LUCK, HAVE FUN, DONT DIE",en,"Good Luck, Have Fun, Don't Die",2026-02-07,7311
"GOOD LUCK, HAVE FUN, DONT DIE",en,"Good Luck, Have Fun, Don't Die",2026-02-08,6893
"GOOD LUCK, HAVE FUN, DONT DIE",en,"Good Luck, Have Fun, Don't Die",2026-02-09,7803
"GOOD LUCK, HAVE FUN, DONT DIE",en,"Good Luck, Have Fun, Don't Die",2026-02-10,12335
"GOOD LUCK, HAVE FUN, DONT DIE",en,"Good Luck, Have Fun, Don't Die",2026-02-11,17873
"GOOD LUCK, HAVE FUN, DONT DIE",en,"Good Luck, Have Fun, Don't Die",2026-02-12,19549
"GOOD LUCK, HAVE FUN, DONT DIE",en,"Good Luck, Have Fun, Don't Die",2026-02-13,32384
"GOOD LUCK, HAVE FUN, DONT DIE",en,"Good Luck, Have Fun, Don't Die",2026-02-14,35705
"GOOD LUCK, HAVE FUN, DONT DIE",en,"Good Luck, Have Fun, Don't Die",2026-02-15,33659
"GOOD LUCK, HAVE FUN, DONT DIE",en,"Good Luck, Have Fun, Don't Die",2026-02-16,29241
"GOOD LUCK, HAVE FUN, DONT DIE",en,"Good Luck, Have Fun, Don't Die",2026-02-17,22335
"GOOD LUCK, HAVE FUN, DONT DIE",en,"Good Luck, Have Fun, Don't Die",2026-02-18,17984
"GOOD LUCK, HAVE FUN, DONT DIE",en,"Good Luck, Have Fun, Don't Die",2026-02-19,17436
"GOOD LUCK, HAVE FUN, DONT DIE",en,"Good Luck, Have Fun, Don't Die",2026-02-20,18596
"GOOD LUCK, HAVE FUN, DONT DIE",en,"Good Luck, Have Fun, Don't Die",2026-02-21,20832
"GOOD LUCK, HAVE FUN, DONT DIE",en,"Good Luck, Have Fun, Don't Die",2026-02-22,19492
"GOOD LUCK, HAVE FUN, DONT DIE",en,"Good Luck, Have Fun, Don't Die",2026-02-23,14172
"GOOD LUCK, HAVE FUN, DONT DIE",en,"Good Luck, Have Fun, Don't Die",2026-02-24,11673
"GOOD LUCK, HAVE FUN, DONT DIE",en,"Good Luck, Have Fun, Don't Die",2026-02-25,11448
"GOOD LUCK, HAVE FUN, DONT DIE",en,"Good Luck, Have Fun, Don't Die",2026-02-26,10840
"GOOD LUCK, HAVE FUN, DONT DIE",en,"Good Luck, Have Fun, Don't Die",2026-02-27,10193
"GOOD LUCK, HAVE FUN, DONT DIE",en,"Good Luck, Have Fun, Don't Die",2026-02-28,10001
"GOOD LUCK, HAVE FUN, DONT DIE",en,"Good Luck, Have Fun, Don't Die",2026-03-01,9665
"GOOD LUCK, HAVE FUN, DONT DIE",en,"Good Luck, Have Fun, Don't Die",2026-03-02,8527
"GOOD LUCK, HAVE FUN, DONT DIE",en,"Good Luck, Have Fun, Don't Die",2026-03-03,7213
"GOOD LUCK, HAVE FUN, DONT DIE",en,"Good Luck, Have Fun, Don't Die",2026-03-04,6233
"GOOD LUCK, HAVE FUN, DONT DIE",en,"Good Luck, Have Fun, Don't Die",2026-03-05,5505
"GOOD LUCK, HAVE FUN, DONT DIE",en,"Good Luck, Have Fun, Don't Die",2026-03-06,5304
"GOOD LUCK, HAVE FUN, DONT DIE",en,"Good Luck, Have Fun, Don't Die",2026-03-07,5757
"GOOD LUCK, HAVE FUN, DONT DIE",en,"Good Luck, Have Fun, Don't Die",2026-03-08,6698
"GOOD LUCK, HAVE FUN, DONT DIE",en,"Good Luck, Have Fun, Don't Die",2026-03-09,5757
"GOOD LUCK, HAVE FUN, DONT DIE",en,"Good Luck, Have Fun, Don't Die",2026-03-10,13557
"GOOD LUCK, HAVE FUN, DONT DIE",en,"Good Luck, Have Fun, Don't Die",2026-03-11,20999
"GOOD LUCK, HAVE FUN, DONT DIE",en,"Good Luck, Have Fun, Don't Die",2026-03-12,22893
"GOOD LUCK, HAVE FUN, DONT DIE",en,"Good Luck, Have Fun, Don't Die",2026-03-13,24731
"GOOD LUCK, HAVE FUN, DONT DIE",en,"Good Luck, Have Fun, Don't Die",2026-03-14,33921
"GOOD LUCK, HAVE FUN, DONT DIE",en,"Good Luck, Have Fun, Don't Die",2026-03-15,31848
"GOOD LUCK, HAVE FUN, DONT DIE",en,"Good Luck, Have Fun, Don't Die",2026-03-16,22722
"GOOD LUCK, HAVE FUN, DONT DIE",en,"Good Luck, Have Fun, Don't Die",2026-03-17,16903
GOWOK KAMASUTRA JAWA,en,Gowok: Javanese Kamasutra,2025-04-21,17
GOWOK KAMASUTRA JAWA,en,Gowok: Javanese Kamasutra,2025-04-22,19
GOWOK KAMASUTRA JAWA,en,Gowok: Javanese Kamasutra,2025-04-23,13
GOWOK KAMASUTRA JAWA,en,Gowok: Javanese Kamasutra,2025-04-24,10
GOWOK KAMASUTRA JAWA,en,Gowok: Javanese Kamasutra,2025-04-25,10
GOWOK KAMASUTRA JAWA,en,Gowok: Javanese Kamasutra,2025-04-26,9
GOWOK KAMASUTRA JAWA,en,Gowok: Javanese Kamasutra,2025-04-27,9
GOWOK KAMASUTRA JAWA,en,Gowok: Javanese Kamasutra,2025-04-28,6
GOWOK KAMASUTRA JAWA,en,Gowok: Javanese Kamasutra,2025-04-29,9
GOWOK KAMASUTRA JAWA,en,Gowok: Javanese Kamasutra,2025-04-30,11
GOWOK KAMASUTRA JAWA,en,Gowok: Javanese Kamasutra,2025-05-01,9
GOWOK KAMASUTRA JAWA,en,Gowok: Javanese Kamasutra,2025-05-02,12
GOWOK KAMASUTRA JAWA,en,Gowok: Javanese Kamasutra,2025-05-03,9
GOWOK KAMASUTRA JAWA,en,Gowok: Javanese Kamasutra,2025-05-04,7
GOWOK KAMASUTRA JAWA,en,Gowok: Javanese Kamasutra,2025-05-05,8
GOWOK KAMASUTRA JAWA,en,Gowok: Javanese Kamasutra,2025-05-06,24
GOWOK KAMASUTRA JAWA,en,Gowok: Javanese Kamasutra,2025-05-07,21
GOWOK KAMASUTRA JAWA,en,Gowok: Javanese Kamasutra,2025-05-08,19
GOWOK KAMASUTRA JAWA,en,Gowok: Javanese Kamasutra,2025-05-09,23
GOWOK KAMASUTRA JAWA,en,Gowok: Javanese Kamasutra,2025-05-10,11
GOWOK KAMASUTRA JAWA,en,Gowok: Javanese Kamasutra,2025-05-11,16
GOWOK KAMASUTRA JAWA,en,Gowok: Javanese Kamasutra,2025-05-12,13
GOWOK KAMASUTRA JAWA,en,Gowok: Javanese Kamasutra,2025-05-13,12
GOWOK KAMASUTRA JAWA,en,Gowok: Javanese Kamasutra,2025-05-14,10
GOWOK KAMASUTRA JAWA,en,Gowok: Javanese Kamasutra,2025-05-15,9
GOWOK KAMASUTRA JAWA,en,Gowok: Javanese Kamasutra,2025-05-16,6
GOWOK KAMASUTRA JAWA,en,Gowok: Javanese Kamasutra,2025-05-17,17
GOWOK KAMASUTRA JAWA,en,Gowok: Javanese Kamasutra,2025-05-18,31
GOWOK KAMASUTRA JAWA,en,Gowok: Javanese Kamasutra,2025-05-19,32
GOWOK KAMASUTRA JAWA,en,Gowok: Javanese Kamasutra,2025-05-20,48
GOWOK KAMASUTRA JAWA,en,Gowok: Javanese Kamasutra,2025-05-21,49
GOWOK KAMASUTRA JAWA,en,Gowok: Javanese Kamasutra,2025-05-22,45
GOWOK KAMASUTRA JAWA,en,Gowok: Javanese Kamasutra,2025-05-23,80
GOWOK KAMASUTRA JAWA,en,Gowok: Javanese Kamasutra,2025-05-24,61
GOWOK KAMASUTRA JAWA,en,Gowok: Javanese Kamasutra,2025-05-25,91
GOWOK KAMASUTRA JAWA,en,Gowok: Javanese Kamasutra,2025-05-26,172
GOWOK KAMASUTRA JAWA,en,Gowok: Javanese Kamasutra,2025-05-27,89
GOWOK KAMASUTRA JAWA,en,Gowok: Javanese Kamasutra,2025-05-28,74
GOWOK KAMASUTRA JAWA,en,Gowok: Javanese Kamasutra,2025-05-29,71
GOWOK KAMASUTRA JAWA,en,Gowok: Javanese Kamasutra,2025-05-30,71
GOWOK KAMASUTRA JAWA,en,Gowok: Javanese Kamasutra,2025-05-31,84
GOWOK KAMASUTRA JAWA,en,Gowok: Javanese Kamasutra,2025-06-01,90
GOWOK KAMASUTRA JAWA,en,Gowok: Javanese Kamasutra,2025-06-02,96
GOWOK KAMASUTRA JAWA,en,Gowok: Javanese Kamasutra,2025-06-03,104
GOWOK KAMASUTRA JAWA,en,Gowok: Javanese Kamasutra,2025-06-04,148
GOWOK KAMASUTRA JAWA,en,Gowok: Javanese Kamasutra,2025-06-05,804
GOWOK KAMASUTRA JAWA,en,Gowok: Javanese Kamasutra,2025-06-06,1010
GOWOK KAMASUTRA JAWA,id,Gowok: Kamasutra Jawa,2025-06-05,108
GOWOK KAMASUTRA JAWA,id,Gowok: Kamasutra Jawa,2025-06-06,364
GOWOK KAMASUTRA JAWA UNCUT,en,Gowok: Javanese Kamasutra,2025-04-28,6
GOWOK KAMASUTRA JAWA UNCUT,en,Gowok: Javanese Kamasutra,2025-04-29,9
GOWOK KAMASUTRA JAWA UNCUT,en,Gowok: Javanese Kamasutra,2025-04-30,11
GOWOK KAMASUTRA JAWA UNCUT,en,Gowok: Javanese Kamasutra,2025-05-01,9
GOWOK KAMASUTRA JAWA UNCUT,en,Gowok: Javanese Kamasutra,2025-05-02,12
GOWOK KAMASUTRA JAWA UNCUT,en,Gowok: Javanese Kamasutra,2025-05-03,9
GOWOK KAMASUTRA JAWA UNCUT,en,Gowok: Javanese Kamasutra,2025-05-04,7
GOWOK KAMASUTRA JAWA UNCUT,en,Gowok: Javanese Kamasutra,2025-05-05,8
GOWOK KAMASUTRA JAWA UNCUT,en,Gowok: Javanese Kamasutra,2025-05-06,24
GOWOK KAMASUTRA JAWA UNCUT,en,Gowok: Javanese Kamasutra,2025-05-07,21
GOWOK KAMASUTRA JAWA UNCUT,en,Gowok: Javanese Kamasutra,2025-05-08,19
GOWOK KAMASUTRA JAWA UNCUT,en,Gowok: Javanese Kamasutra,2025-05-09,23
GOWOK KAMASUTRA JAWA UNCUT,en,Gowok: Javanese Kamasutra,2025-05-10,11
GOWOK KAMASUTRA JAWA UNCUT,en,Gowok: Javanese Kamasutra,2025-05-11,16
GOWOK KAMASUTRA JAWA UNCUT,en,Gowok: Javanese Kamasutra,2025-05-12,13
GOWOK KAMASUTRA JAWA UNCUT,en,Gowok: Javanese Kamasutra,2025-05-13,12
GOWOK KAMASUTRA JAWA UNCUT,en,Gowok: Javanese Kamasutra,2025-05-14,10
GOWOK KAMASUTRA JAWA UNCUT,en,Gowok: Javanese Kamasutra,2025-05-15,9
GOWOK KAMASUTRA JAWA UNCUT,en,Gowok: Javanese Kamasutra,2025-05-16,6
GOWOK KAMASUTRA JAWA UNCUT,en,Gowok: Javanese Kamasutra,2025-05-17,17
GOWOK KAMASUTRA JAWA UNCUT,en,Gowok: Javanese Kamasutra,2025-05-18,31
GOWOK KAMASUTRA JAWA UNCUT,en,Gowok: Javanese Kamasutra,2025-05-19,32
GOWOK KAMASUTRA JAWA UNCUT,en,Gowok: Javanese Kamasutra,2025-05-20,48
GOWOK KAMASUTRA JAWA UNCUT,en,Gowok: Javanese Kamasutra,2025-05-21,49
GOWOK KAMASUTRA JAWA UNCUT,en,Gowok: Javanese Kamasutra,2025-05-22,45
GOWOK KAMASUTRA JAWA UNCUT,en,Gowok: Javanese Kamasutra,2025-05-23,80
GOWOK KAMASUTRA JAWA UNCUT,en,Gowok: Javanese Kamasutra,2025-05-24,61
GOWOK KAMASUTRA JAWA UNCUT,en,Gowok: Javanese Kamasutra,2025-05-25,91
GOWOK KAMASUTRA JAWA UNCUT,en,Gowok: Javanese Kamasutra,2025-05-26,172
GOWOK KAMASUTRA JAWA UNCUT,en,Gowok: Javanese Kamasutra,2025-05-27,89
GOWOK KAMASUTRA JAWA UNCUT,en,Gowok: Javanese Kamasutra,2025-05-28,74
GOWOK KAMASUTRA JAWA UNCUT,en,Gowok: Javanese Kamasutra,2025-05-29,71
GOWOK KAMASUTRA JAWA UNCUT,en,Gowok: Javanese Kamasutra,2025-05-30,71
GOWOK KAMASUTRA JAWA UNCUT,en,Gowok: Javanese Kamasutra,2025-05-31,84
GOWOK KAMASUTRA JAWA UNCUT,en,Gowok: Javanese Kamasutra,2025-06-01,90
GOWOK KAMASUTRA JAWA UNCUT,en,Gowok: Javanese Kamasutra,2025-06-02,96
GOWOK KAMASUTRA JAWA UNCUT,en,Gowok: Javanese Kamasutra,2025-06-03,104
GOWOK KAMASUTRA JAWA UNCUT,en,Gowok: Javanese Kamasutra,2025-06-04,148
GOWOK KAMASUTRA JAWA UNCUT,en,Gowok: Javanese Kamasutra,2025-06-05,804
GOWOK KAMASUTRA JAWA UNCUT,en,Gowok: Javanese Kamasutra,2025-06-06,1010
GOWOK KAMASUTRA JAWA UNCUT,en,Gowok: Javanese Kamasutra,2025-06-07,1157
GOWOK KAMASUTRA JAWA UNCUT,en,Gowok: Javanese Kamasutra,2025-06-08,1323
GOWOK KAMASUTRA JAWA UNCUT,en,Gowok: Javanese Kamasutra,2025-06-09,1136
GOWOK KAMASUTRA JAWA UNCUT,en,Gowok: Javanese Kamasutra,2025-06-10,670
GOWOK KAMASUTRA JAWA UNCUT,en,Gowok: Javanese Kamasutra,2025-06-11,573
GOWOK KAMASUTRA JAWA UNCUT,en,Gowok: Javanese Kamasutra,2025-06-12,578
GOWOK KAMASUTRA JAWA UNCUT,en,Gowok: Javanese Kamasutra,2025-06-13,502
GOWOK KAMASUTRA JAWA UNCUT,id,Gowok: Kamasutra Jawa,2025-06-05,108
GOWOK KAMASUTRA JAWA UNCUT,id,Gowok: Kamasutra Jawa,2025-06-06,364
GOWOK KAMASUTRA JAWA UNCUT,id,Gowok: Kamasutra Jawa,2025-06-07,572
GOWOK KAMASUTRA JAWA UNCUT,id,Gowok: Kamasutra Jawa,2025-06-08,556
GOWOK KAMASUTRA JAWA UNCUT,id,Gowok: Kamasutra Jawa,2025-06-09,588
GOWOK KAMASUTRA JAWA UNCUT,id,Gowok: Kamasutra Jawa,2025-06-10,478
GOWOK KAMASUTRA JAWA UNCUT,id,Gowok: Kamasutra Jawa,2025-06-11,360
GOWOK KAMASUTRA JAWA UNCUT,id,Gowok: Kamasutra Jawa,2025-06-12,468
GOWOK KAMASUTRA JAWA UNCUT,id,Gowok: Kamasutra Jawa,2025-06-13,584
GREENLAND 2 : MIGRATION,en,Greenland 2: Migration,2025-12-03,1634
GREENLAND 2 : MIGRATION,en,Greenland 2: Migration,2025-12-04,1598
GREENLAND 2 : MIGRATION,en,Greenland 2: Migration,2025-12-05,1531
GREENLAND 2 : MIGRATION,en,Greenland 2: Migration,2025-12-06,1505
GREENLAND 2 : MIGRATION,en,Greenland 2: Migration,2025-12-07,1804
GREENLAND 2 : MIGRATION,en,Greenland 2: Migration,2025-12-08,1759
GREENLAND 2 : MIGRATION,en,Greenland 2: Migration,2025-12-09,1685
GREENLAND 2 : MIGRATION,en,Greenland 2: Migration,2025-12-10,2099
GREENLAND 2 : MIGRATION,en,Greenland 2: Migration,2025-12-11,1887
GREENLAND 2 : MIGRATION,en,Greenland 2: Migration,2025-12-12,1775
GREENLAND 2 : MIGRATION,en,Greenland 2: Migration,2025-12-13,2057
GREENLAND 2 : MIGRATION,en,Greenland 2: Migration,2025-12-14,2371
GREENLAND 2 : MIGRATION,en,Greenland 2: Migration,2025-12-15,2491
GREENLAND 2 : MIGRATION,en,Greenland 2: Migration,2025-12-16,2926
GREENLAND 2 : MIGRATION,en,Greenland 2: Migration,2025-12-17,4214
GREENLAND 2 : MIGRATION,en,Greenland 2: Migration,2025-12-18,4733
GREENLAND 2 : MIGRATION,en,Greenland 2: Migration,2025-12-19,3474
GREENLAND 2 : MIGRATION,en,Greenland 2: Migration,2025-12-20,3876
GREENLAND 2 : MIGRATION,en,Greenland 2: Migration,2025-12-21,3634
GREENLAND 2 : MIGRATION,en,Greenland 2: Migration,2025-12-22,3753
GREENLAND 2 : MIGRATION,en,Greenland 2: Migration,2025-12-23,3598
GREENLAND 2 : MIGRATION,en,Greenland 2: Migration,2025-12-24,3676
GREENLAND 2 : MIGRATION,en,Greenland 2: Migration,2025-12-25,6404
GREENLAND 2 : MIGRATION,en,Greenland 2: Migration,2025-12-26,8781
GREENLAND 2 : MIGRATION,en,Greenland 2: Migration,2025-12-27,6896
GREENLAND 2 : MIGRATION,en,Greenland 2: Migration,2025-12-28,7798
GREENLAND 2 : MIGRATION,en,Greenland 2: Migration,2025-12-29,14253
GREENLAND 2 : MIGRATION,en,Greenland 2: Migration,2025-12-30,8106
GREENLAND 2 : MIGRATION,en,Greenland 2: Migration,2025-12-31,6782
GREENLAND 2 : MIGRATION,en,Greenland 2: Migration,2026-01-01,10888
GREENLAND 2 : MIGRATION,en,Greenland 2: Migration,2026-01-02,9961
GREENLAND 2 : MIGRATION,en,Greenland 2: Migration,2026-01-03,10590
GREENLAND 2 : MIGRATION,en,Greenland 2: Migration,2026-01-04,15877
GREENLAND 2 : MIGRATION,en,Greenland 2: Migration,2026-01-05,15357
GREENLAND 2 : MIGRATION,en,Greenland 2: Migration,2026-01-06,15808
GREENLAND 2 : MIGRATION,en,Greenland 2: Migration,2026-01-07,17385
GREENLAND 2 : MIGRATION,en,Greenland 2: Migration,2026-01-08,21453
GREENLAND 2 : MIGRATION,en,Greenland 2: Migration,2026-01-09,37079
GREENLAND 2 : MIGRATION,en,Greenland 2: Migration,2026-01-10,42106
GREENLAND 2 : MIGRATION,en,Greenland 2: Migration,2026-01-11,37795
GREENLAND 2 : MIGRATION,en,Greenland 2: Migration,2026-01-12,27205
GREENLAND 2 : MIGRATION,en,Greenland 2: Migration,2026-01-13,19773
GREENLAND 2 : MIGRATION,en,Greenland 2: Migration,2026-01-14,19185
GREENLAND 2 : MIGRATION,en,Greenland 2: Migration,2026-01-15,16425
GREENLAND 2 : MIGRATION,en,Greenland 2: Migration,2026-01-16,15694
GREENLAND 2 : MIGRATION,en,Greenland 2: Migration,2026-01-17,17435
GREENLAND 2 : MIGRATION,en,Greenland 2: Migration,2026-01-18,17836
GUNDIK,id,Gundik (film),2025-05-21,8
GUNDIK,id,Gundik (film),2025-05-22,83
GUNDIK,id,Gundik (film),2025-05-23,191
GUNDIK,id,Gundik (film),2025-05-24,524
GUNDIK,id,Gundik (film),2025-05-25,687
GUNDIK,id,Gundik (film),2025-05-26,809
GUNDIK,id,Gundik (film),2025-05-27,663
HAMNET,en,Hamnet (film),2026-01-23,83389
HAMNET,en,Hamnet (film),2026-01-24,72914
HAMNET,en,Hamnet (film),2026-01-25,63189
HAMNET,en,Hamnet (film),2026-01-26,48457
HAMNET,en,Hamnet (film),2026-01-27,53833
HAMNET,en,Hamnet (film),2026-01-28,46885
HAMNET,en,Hamnet (film),2026-01-29,40291
HAMNET,en,Hamnet (film),2026-01-30,41131
HAMNET,en,Hamnet (film),2026-01-31,44333
HAMNET,en,Hamnet (film),2026-02-01,41852
HAMNET,en,Hamnet (film),2026-02-02,32404
HAMNET,en,Hamnet (film),2026-02-03,35283
HAMNET,en,Hamnet (film),2026-02-04,41950
HAMNET,en,Hamnet (film),2026-02-05,44606
HAMNET,en,Hamnet (film),2026-02-06,45859
HAMNET,en,Hamnet (film),2026-02-07,53418
HAMNET,en,Hamnet (film),2026-02-08,54848
HAMNET,en,Hamnet (film),2026-02-09,33029
HAMNET,en,Hamnet (film),2026-02-10,30164
HAMNET,en,Hamnet (film),2026-02-11,29234
HAMNET,en,Hamnet (film),2026-02-12,26398
HAMNET,en,Hamnet (film),2026-02-13,28853
HAMNET,en,Hamnet (film),2026-02-14,35761
HAMNET,en,Hamnet (film),2026-02-15,41154
HAMNET,en,Hamnet (film),2026-02-16,33658
HAMNET,en,Hamnet (film),2026-02-17,27508
HAMNET,en,Hamnet (film),2026-02-18,25286
HAMNET,en,Hamnet (film),2026-02-19,22794
HAMNET,en,Hamnet (film),2026-02-20,21496
HAMNET,en,Hamnet (film),2026-02-21,25846
HAMNET,en,Hamnet (film),2026-02-22,50467
HAMNET,en,Hamnet (film),2026-02-23,56970
HAMNET,en,Hamnet (film),2026-02-24,31222
HAMNET,en,Hamnet (film),2026-02-25,23691
HAMNET,en,Hamnet (film),2026-02-26,21429
HAMNET,en,Hamnet (film),2026-02-27,23170
HAMNET,en,Hamnet (film),2026-02-28,28546
HAMNET,en,Hamnet (film),2026-03-01,28609
HAMNET,en,Hamnet (film),2026-03-02,36293
HAMNET,en,Hamnet (film),2026-03-03,27381
HAMNET,en,Hamnet (film),2026-03-04,24589
HAMNET,en,Hamnet (film),2026-03-05,23893
HAMNET,en,Hamnet (film),2026-03-06,29656
HAMNET,en,Hamnet (film),2026-03-07,53357
HAMNET,en,Hamnet (film),2026-03-08,59275
HAMNET,en,Hamnet (film),2026-03-09,41511
HAMNET,en,Hamnet (film),2026-03-10,31937
HANYA NAMAMU DALAM DOAKU,id,Hanya Namamu dalam Doaku,2025-08-21,21
HANYA NAMAMU DALAM DOAKU,id,Hanya Namamu dalam Doaku,2025-08-22,17
HANYA NAMAMU DALAM DOAKU,id,Hanya Namamu dalam Doaku,2025-08-23,18
HANYA NAMAMU DALAM DOAKU,id,Hanya Namamu dalam Doaku,2025-08-24,36
HI-FIVE,en,Hi-Five (film),2025-06-11,613
HI-FIVE,en,Hi-Five (film),2025-06-12,1270
HI-FIVE,en,Hi-Five (film),2025-06-13,1777
HI-FIVE,en,Hi-Five (film),2025-06-14,2154
HI-FIVE,en,Hi-Five (film),2025-06-15,2181
HI-FIVE,en,Hi-Five (film),2025-06-16,2118
HI-FIVE,en,Hi-Five (film),2025-06-17,1941
HI-FIVE,en,Hi-Five (film),2025-06-18,1718
HI-FIVE,en,Hi-Five (film),2025-06-19,1361
HI-FIVE,en,Hi-Five (film),2025-06-20,1536
HI-FIVE,en,Hi-Five (film),2025-06-21,1621
HI-FIVE,en,Hi-Five (film),2025-06-22,1669
HI-FIVE,en,Hi-Five (film),2025-06-23,1259
HI-FIVE,en,Hi-Five (film),2025-06-24,1545
HI-FIVE,en,Hi-Five (film),2025-06-25,1586
HOLY NIGHT: DEMON HUNTERS,en,Holy Night: Demon Hunters,2025-04-02,427
HOLY NIGHT: DEMON HUNTERS,en,Holy Night: Demon Hunters,2025-04-03,766
HOLY NIGHT: DEMON HUNTERS,en,Holy Night: Demon Hunters,2025-04-04,500
HOLY NIGHT: DEMON HUNTERS,en,Holy Night: Demon Hunters,2025-04-05,352
HOLY NIGHT: DEMON HUNTERS,en,Holy Night: Demon Hunters,2025-04-06,381
HOLY NIGHT: DEMON HUNTERS,en,Holy Night: Demon Hunters,2025-04-07,323
HOLY NIGHT: DEMON HUNTERS,en,Holy Night: Demon Hunters,2025-04-08,323
HOLY NIGHT: DEMON HUNTERS,en,Holy Night: Demon Hunters,2025-04-09,313
HOLY NIGHT: DEMON HUNTERS,en,Holy Night: Demon Hunters,2025-04-10,474
HOLY NIGHT: DEMON HUNTERS,en,Holy Night: Demon Hunters,2025-04-11,586
HOLY NIGHT: DEMON HUNTERS,en,Holy Night: Demon Hunters,2025-04-12,465
HOLY NIGHT: DEMON HUNTERS,en,Holy Night: Demon Hunters,2025-04-13,470
HOLY NIGHT: DEMON HUNTERS,en,Holy Night: Demon Hunters,2025-04-14,422
HOLY NIGHT: DEMON HUNTERS,en,Holy Night: Demon Hunters,2025-04-15,381
HOLY NIGHT: DEMON HUNTERS,en,Holy Night: Demon Hunters,2025-04-16,510
HOLY NIGHT: DEMON HUNTERS,en,Holy Night: Demon Hunters,2025-04-17,608
HOLY NIGHT: DEMON HUNTERS,en,Holy Night: Demon Hunters,2025-04-18,502
HOLY NIGHT: DEMON HUNTERS,en,Holy Night: Demon Hunters,2025-04-19,564
HOLY NIGHT: DEMON HUNTERS,en,Holy Night: Demon Hunters,2025-04-20,500
HOLY NIGHT: DEMON HUNTERS,en,Holy Night: Demon Hunters,2025-04-21,1003
HOLY NIGHT: DEMON HUNTERS,en,Holy Night: Demon Hunters,2025-04-22,778
HOLY NIGHT: DEMON HUNTERS,en,Holy Night: Demon Hunters,2025-04-23,531
HOLY NIGHT: DEMON HUNTERS,en,Holy Night: Demon Hunters,2025-04-24,492
HOLY NIGHT: DEMON HUNTERS,en,Holy Night: Demon Hunters,2025-04-25,481
HOLY NIGHT: DEMON HUNTERS,en,Holy Night: Demon Hunters,2025-04-26,531
HOLY NIGHT: DEMON HUNTERS,en,Holy Night: Demon Hunters,2025-04-27,654
HOLY NIGHT: DEMON HUNTERS,en,Holy Night: Demon Hunters,2025-04-28,519
HOLY NIGHT: DEMON HUNTERS,en,Holy Night: Demon Hunters,2025-04-29,537
HOLY NIGHT: DEMON HUNTERS,en,Holy Night: Demon Hunters,2025-04-30,1156
HOLY NIGHT: DEMON HUNTERS,en,Holy Night: Demon Hunters,2025-05-01,1288
HOLY NIGHT: DEMON HUNTERS,en,Holy Night: Demon Hunters,2025-05-02,1774
HOLY NIGHT: DEMON HUNTERS,en,Holy Night: Demon Hunters,2025-05-03,2390
HOLY NIGHT: DEMON HUNTERS,en,Holy Night: Demon Hunters,2025-05-04,2855
HOLY NIGHT: DEMON HUNTERS,en,Holy Night: Demon Hunters,2025-05-05,2561
HOLY NIGHT: DEMON HUNTERS,en,Holy Night: Demon Hunters,2025-05-06,2352
HOLY NIGHT: DEMON HUNTERS,en,Holy Night: Demon Hunters,2025-05-07,2248
HOLY NIGHT: DEMON HUNTERS,en,Holy Night: Demon Hunters,2025-05-08,2506
HOLY NIGHT: DEMON HUNTERS,en,Holy Night: Demon Hunters,2025-05-09,2911
HOLY NIGHT: DEMON HUNTERS,en,Holy Night: Demon Hunters,2025-05-10,2644
HOLY NIGHT: DEMON HUNTERS,en,Holy Night: Demon Hunters,2025-05-11,1984
HOLY NIGHT: DEMON HUNTERS,en,Holy Night: Demon Hunters,2025-05-12,1473
HOLY NIGHT: DEMON HUNTERS,en,Holy Night: Demon Hunters,2025-05-13,1317
HOLY NIGHT: DEMON HUNTERS,en,Holy Night: Demon Hunters,2025-05-14,1143
HOLY NIGHT: DEMON HUNTERS,en,Holy Night: Demon Hunters,2025-05-15,926
HOLY NIGHT: DEMON HUNTERS,en,Holy Night: Demon Hunters,2025-05-16,960
HOLY NIGHT: DEMON HUNTERS,en,Holy Night: Demon Hunters,2025-05-17,1021
HOLY NIGHT: DEMON HUNTERS,en,Holy Night: Demon Hunters,2025-05-18,990
HOLY NIGHT: DEMON HUNTERS,id,Holy Night: Demon Hunters,2025-04-02,7
HOLY NIGHT: DEMON HUNTERS,id,Holy Night: Demon Hunters,2025-04-03,19
HOLY NIGHT: DEMON HUNTERS,id,Holy Night: Demon Hunters,2025-04-04,26
HOLY NIGHT: DEMON HUNTERS,id,Holy Night: Demon Hunters,2025-04-05,11
HOLY NIGHT: DEMON HUNTERS,id,Holy Night: Demon Hunters,2025-04-06,22
HOLY NIGHT: DEMON HUNTERS,id,Holy Night: Demon Hunters,2025-04-07,18
HOLY NIGHT: DEMON HUNTERS,id,Holy Night: Demon Hunters,2025-04-08,18
HOLY NIGHT: DEMON HUNTERS,id,Holy Night: Demon Hunters,2025-04-09,25
HOLY NIGHT: DEMON HUNTERS,id,Holy Night: Demon Hunters,2025-04-10,12
HOLY NIGHT: DEMON HUNTERS,id,Holy Night: Demon Hunters,2025-04-11,33
HOLY NIGHT: DEMON HUNTERS,id,Holy Night: Demon Hunters,2025-04-12,63
HOLY NIGHT: DEMON HUNTERS,id,Holy Night: Demon Hunters,2025-04-13,18
HOLY NIGHT: DEMON HUNTERS,id,Holy Night: Demon Hunters,2025-04-14,21
HOLY NIGHT: DEMON HUNTERS,id,Holy Night: Demon Hunters,2025-04-15,36
HOLY NIGHT: DEMON HUNTERS,id,Holy Night: Demon Hunters,2025-04-16,25
HOLY NIGHT: DEMON HUNTERS,id,Holy Night: Demon Hunters,2025-04-17,28
HOLY NIGHT: DEMON HUNTERS,id,Holy Night: Demon Hunters,2025-04-18,39
HOLY NIGHT: DEMON HUNTERS,id,Holy Night: Demon Hunters,2025-04-19,13
HOLY NIGHT: DEMON HUNTERS,id,Holy Night: Demon Hunters,2025-04-20,21
HOLY NIGHT: DEMON HUNTERS,id,Holy Night: Demon Hunters,2025-04-21,46
HOLY NIGHT: DEMON HUNTERS,id,Holy Night: Demon Hunters,2025-04-22,36
HOLY NIGHT: DEMON HUNTERS,id,Holy Night: Demon Hunters,2025-04-23,39
HOLY NIGHT: DEMON HUNTERS,id,Holy Night: Demon Hunters,2025-04-24,20
HOLY NIGHT: DEMON HUNTERS,id,Holy Night: Demon Hunters,2025-04-25,33
HOLY NIGHT: DEMON HUNTERS,id,Holy Night: Demon Hunters,2025-04-26,25
HOLY NIGHT: DEMON HUNTERS,id,Holy Night: Demon Hunters,2025-04-27,34
HOLY NIGHT: DEMON HUNTERS,id,Holy Night: Demon Hunters,2025-04-28,20
HOLY NIGHT: DEMON HUNTERS,id,Holy Night: Demon Hunters,2025-04-29,40
HOLY NIGHT: DEMON HUNTERS,id,Holy Night: Demon Hunters,2025-04-30,81
HOLY NIGHT: DEMON HUNTERS,id,Holy Night: Demon Hunters,2025-05-01,102
HOLY NIGHT: DEMON HUNTERS,id,Holy Night: Demon Hunters,2025-05-02,83
HOLY NIGHT: DEMON HUNTERS,id,Holy Night: Demon Hunters,2025-05-03,104
HOLY NIGHT: DEMON HUNTERS,id,Holy Night: Demon Hunters,2025-05-04,94
HOLY NIGHT: DEMON HUNTERS,id,Holy Night: Demon Hunters,2025-05-05,92
HOLY NIGHT: DEMON HUNTERS,id,Holy Night: Demon Hunters,2025-05-06,125
HOLY NIGHT: DEMON HUNTERS,id,Holy Night: Demon Hunters,2025-05-07,233
HOLY NIGHT: DEMON HUNTERS,id,Holy Night: Demon Hunters,2025-05-08,246
HOLY NIGHT: DEMON HUNTERS,id,Holy Night: Demon Hunters,2025-05-09,200
HOLY NIGHT: DEMON HUNTERS,id,Holy Night: Demon Hunters,2025-05-10,273
HOLY NIGHT: DEMON HUNTERS,id,Holy Night: Demon Hunters,2025-05-11,318
HOLY NIGHT: DEMON HUNTERS,id,Holy Night: Demon Hunters,2025-05-12,289
HOLY NIGHT: DEMON HUNTERS,id,Holy Night: Demon Hunters,2025-05-13,184
HOLY NIGHT: DEMON HUNTERS,id,Holy Night: Demon Hunters,2025-05-14,150
HOLY NIGHT: DEMON HUNTERS,id,Holy Night: Demon Hunters,2025-05-15,120
HOLY NIGHT: DEMON HUNTERS,id,Holy Night: Demon Hunters,2025-05-16,110
HOLY NIGHT: DEMON HUNTERS,id,Holy Night: Demon Hunters,2025-05-17,105
HOLY NIGHT: DEMON HUNTERS,id,Holy Night: Demon Hunters,2025-05-18,108
HOPPERS,en,Hoppers (film),2026-01-28,5299
HOPPERS,en,Hoppers (film),2026-01-29,6544
HOPPERS,en,Hoppers (film),2026-01-30,5897
HOPPERS,en,Hoppers (film),2026-01-31,6374
HOPPERS,en,Hoppers (film),2026-02-01,6236
HOPPERS,en,Hoppers (film),2026-02-02,5876
HOPPERS,en,Hoppers (film),2026-02-03,5685
HOPPERS,en,Hoppers (film),2026-02-04,5696
HOPPERS,en,Hoppers (film),2026-02-05,5570
HOPPERS,en,Hoppers (film),2026-02-06,7753
HOPPERS,en,Hoppers (film),2026-02-07,8409
HOPPERS,en,Hoppers (film),2026-02-08,9145
HOPPERS,en,Hoppers (film),2026-02-09,8723
HOPPERS,en,Hoppers (film),2026-02-10,7108
HOPPERS,en,Hoppers (film),2026-02-11,7223
HOPPERS,en,Hoppers (film),2026-02-12,7943
HOPPERS,en,Hoppers (film),2026-02-13,8244
HOPPERS,en,Hoppers (film),2026-02-14,8689
HOPPERS,en,Hoppers (film),2026-02-15,8150
HOPPERS,en,Hoppers (film),2026-02-16,7886
HOPPERS,en,Hoppers (film),2026-02-17,8165
HOPPERS,en,Hoppers (film),2026-02-18,8090
HOPPERS,en,Hoppers (film),2026-02-19,9456
HOPPERS,en,Hoppers (film),2026-02-20,11483
HOPPERS,en,Hoppers (film),2026-02-21,12015
HOPPERS,en,Hoppers (film),2026-02-22,12165
HOPPERS,en,Hoppers (film),2026-02-23,12412
HOPPERS,en,Hoppers (film),2026-02-24,14591
HOPPERS,en,Hoppers (film),2026-02-25,15945
HOPPERS,en,Hoppers (film),2026-02-26,16124
HOPPERS,en,Hoppers (film),2026-02-27,16350
HOPPERS,en,Hoppers (film),2026-02-28,22655
HOPPERS,en,Hoppers (film),2026-03-01,28580
HOPPERS,en,Hoppers (film),2026-03-02,31848
HOPPERS,en,Hoppers (film),2026-03-03,34070
HOPPERS,en,Hoppers (film),2026-03-04,35738
HOPPERS,en,Hoppers (film),2026-03-05,40724
HOPPERS,en,Hoppers (film),2026-03-06,75267
HOPPERS,en,Hoppers (film),2026-03-07,92329
HOPPERS,en,Hoppers (film),2026-03-08,93242
HOPPERS,en,Hoppers (film),2026-03-09,78017
HOPPERS,en,Hoppers (film),2026-03-10,54696
HOPPERS,en,Hoppers (film),2026-03-11,48102
HOPPERS,en,Hoppers (film),2026-03-12,43073
HOPPERS,en,Hoppers (film),2026-03-13,43574
HOPPERS,en,Hoppers (film),2026-03-14,52761
HOPPERS,en,Hoppers (film),2026-03-15,60567
HOPPERS (3D),en,Hoppers (film),2026-01-28,5299
HOPPERS (3D),en,Hoppers (film),2026-01-29,6544
HOPPERS (3D),en,Hoppers (film),2026-01-30,5897
HOPPERS (3D),en,Hoppers (film),2026-01-31,6374
HOPPERS (3D),en,Hoppers (film),2026-02-01,6236
HOPPERS (3D),en,Hoppers (film),2026-02-02,5876
HOPPERS (3D),en,Hoppers (film),2026-02-03,5685
HOPPERS (3D),en,Hoppers (film),2026-02-04,5696
HOPPERS (3D),en,Hoppers (film),2026-02-05,5570
HOPPERS (3D),en,Hoppers (film),2026-02-06,7753
HOPPERS (3D),en,Hoppers (film),2026-02-07,8409
HOPPERS (3D),en,Hoppers (film),2026-02-08,9145
HOPPERS (3D),en,Hoppers (film),2026-02-09,8723
HOPPERS (3D),en,Hoppers (film),2026-02-10,7108
HOPPERS (3D),en,Hoppers (film),2026-02-11,7223
HOPPERS (3D),en,Hoppers (film),2026-02-12,7943
HOPPERS (3D),en,Hoppers (film),2026-02-13,8244
HOPPERS (3D),en,Hoppers (film),2026-02-14,8689
HOPPERS (3D),en,Hoppers (film),2026-02-15,8150
HOPPERS (3D),en,Hoppers (film),2026-02-16,7886
HOPPERS (3D),en,Hoppers (film),2026-02-17,8165
HOPPERS (3D),en,Hoppers (film),2026-02-18,8090
HOPPERS (3D),en,Hoppers (film),2026-02-19,9456
HOPPERS (3D),en,Hoppers (film),2026-02-20,11483
HOPPERS (3D),en,Hoppers (film),2026-02-21,12015
HOPPERS (3D),en,Hoppers (film),2026-02-22,12165
HOPPERS (3D),en,Hoppers (film),2026-02-23,12412
HOPPERS (3D),en,Hoppers (film),2026-02-24,14591
HOPPERS (3D),en,Hoppers (film),2026-02-25,15945
HOPPERS (3D),en,Hoppers (film),2026-02-26,16124
HOPPERS (3D),en,Hoppers (film),2026-02-27,16350
HOPPERS (3D),en,Hoppers (film),2026-02-28,22655
HOPPERS (3D),en,Hoppers (film),2026-03-01,28580
HOPPERS (3D),en,Hoppers (film),2026-03-02,31848
HOPPERS (3D),en,Hoppers (film),2026-03-03,34070
HOPPERS (3D),en,Hoppers (film),2026-03-04,35738
HOPPERS (3D),en,Hoppers (film),2026-03-05,40724
HOPPERS (3D),en,Hoppers (film),2026-03-06,75267
HOPPERS (3D),en,Hoppers (film),2026-03-07,92329
HOPPERS (3D),en,Hoppers (film),2026-03-08,93242
HOPPERS (3D),en,Hoppers (film),2026-03-09,78017
HOPPERS (3D),en,Hoppers (film),2026-03-10,54696
HOPPERS (3D),en,Hoppers (film),2026-03-11,48102
HOPPERS (3D),en,Hoppers (film),2026-03-12,43073
HOPPERS (3D),en,Hoppers (film),2026-03-13,43574
HOPPERS (3D),en,Hoppers (film),2026-03-14,52761
HOPPERS (3D),en,Hoppers (film),2026-03-15,60567
HOPPERS (3D),id,Hoppers,2026-01-28,8
HOPPERS (3D),id,Hoppers,2026-01-29,7
HOPPERS (3D),id,Hoppers,2026-01-30,6
HOPPERS (3D),id,Hoppers,2026-01-31,6
HOPPERS (3D),id,Hoppers,2026-02-01,9
HOPPERS (3D),id,Hoppers,2026-02-02,21
HOPPERS (3D),id,Hoppers,2026-02-03,9
HOPPERS (3D),id,Hoppers,2026-02-04,28
HOPPERS (3D),id,Hoppers,2026-02-05,20
HOPPERS (3D),id,Hoppers,2026-02-06,11
HOPPERS (3D),id,Hoppers,2026-02-07,14
HOPPERS (3D),id,Hoppers,2026-02-08,12
HOPPERS (3D),id,Hoppers,2026-02-09,18
HOPPERS (3D),id,Hoppers,2026-02-10,10
HOPPERS (3D),id,Hoppers,2026-02-11,11
HOPPERS (3D),id,Hoppers,2026-02-12,6
HOPPERS (3D),id,Hoppers,2026-02-13,5
HOPPERS (3D),id,Hoppers,2026-02-14,18
HOPPERS (3D),id,Hoppers,2026-02-15,23
HOPPERS (3D),id,Hoppers,2026-02-16,14
HOPPERS (3D),id,Hoppers,2026-02-17,13
HOPPERS (3D),id,Hoppers,2026-02-18,20
HOPPERS (3D),id,Hoppers,2026-02-19,13
HOPPERS (3D),id,Hoppers,2026-02-20,30
HOPPERS (3D),id,Hoppers,2026-02-21,33
HOPPERS (3D),id,Hoppers,2026-02-22,36
HOPPERS (3D),id,Hoppers,2026-02-23,47
HOPPERS (3D),id,Hoppers,2026-02-24,64
HOPPERS (3D),id,Hoppers,2026-02-25,85
HOPPERS (3D),id,Hoppers,2026-02-26,75
HOPPERS (3D),id,Hoppers,2026-02-27,76
HOPPERS (3D),id,Hoppers,2026-02-28,59
HOPPERS (3D),id,Hoppers,2026-03-01,77
HOPPERS (3D),id,Hoppers,2026-03-02,72
HOPPERS (3D),id,Hoppers,2026-03-03,105
HOPPERS (3D),id,Hoppers,2026-03-04,291
HOPPERS (3D),id,Hoppers,2026-03-05,335
HOPPERS (3D),id,Hoppers,2026-03-06,387
HOPPERS (3D),id,Hoppers,2026-03-07,420
HOPPERS (3D),id,Hoppers,2026-03-08,423
HOPPERS (3D),id,Hoppers,2026-03-09,390
HOPPERS (3D),id,Hoppers,2026-03-10,343
HOPPERS (3D),id,Hoppers,2026-03-11,351
HOPPERS (3D),id,Hoppers,2026-03-12,327
HOPPERS (3D),id,Hoppers,2026-03-13,402
HOPPERS (3D),id,Hoppers,2026-03-14,601
HOPPERS (3D),id,Hoppers,2026-03-15,512
HOPPERS (IMAX 2D),en,Hoppers (film),2026-01-28,5299
HOPPERS (IMAX 2D),en,Hoppers (film),2026-01-29,6544
HOPPERS (IMAX 2D),en,Hoppers (film),2026-01-30,5897
HOPPERS (IMAX 2D),en,Hoppers (film),2026-01-31,6374
HOPPERS (IMAX 2D),en,Hoppers (film),2026-02-01,6236
HOPPERS (IMAX 2D),en,Hoppers (film),2026-02-02,5876
HOPPERS (IMAX 2D),en,Hoppers (film),2026-02-03,5685
HOPPERS (IMAX 2D),en,Hoppers (film),2026-02-04,5696
HOPPERS (IMAX 2D),en,Hoppers (film),2026-02-05,5570
HOPPERS (IMAX 2D),en,Hoppers (film),2026-02-06,7753
HOPPERS (IMAX 2D),en,Hoppers (film),2026-02-07,8409
HOPPERS (IMAX 2D),en,Hoppers (film),2026-02-08,9145
HOPPERS (IMAX 2D),en,Hoppers (film),2026-02-09,8723
HOPPERS (IMAX 2D),en,Hoppers (film),2026-02-10,7108
HOPPERS (IMAX 2D),en,Hoppers (film),2026-02-11,7223
HOPPERS (IMAX 2D),en,Hoppers (film),2026-02-12,7943
HOPPERS (IMAX 2D),en,Hoppers (film),2026-02-13,8244
HOPPERS (IMAX 2D),en,Hoppers (film),2026-02-14,8689
HOPPERS (IMAX 2D),en,Hoppers (film),2026-02-15,8150
HOPPERS (IMAX 2D),en,Hoppers (film),2026-02-16,7886
HOPPERS (IMAX 2D),en,Hoppers (film),2026-02-17,8165
HOPPERS (IMAX 2D),en,Hoppers (film),2026-02-18,8090
HOPPERS (IMAX 2D),en,Hoppers (film),2026-02-19,9456
HOPPERS (IMAX 2D),en,Hoppers (film),2026-02-20,11483
HOPPERS (IMAX 2D),en,Hoppers (film),2026-02-21,12015
HOPPERS (IMAX 2D),en,Hoppers (film),2026-02-22,12165
HOPPERS (IMAX 2D),en,Hoppers (film),2026-02-23,12412
HOPPERS (IMAX 2D),en,Hoppers (film),2026-02-24,14591
HOPPERS (IMAX 2D),en,Hoppers (film),2026-02-25,15945
HOPPERS (IMAX 2D),en,Hoppers (film),2026-02-26,16124
HOPPERS (IMAX 2D),en,Hoppers (film),2026-02-27,16350
HOPPERS (IMAX 2D),en,Hoppers (film),2026-02-28,22655
HOPPERS (IMAX 2D),en,Hoppers (film),2026-03-01,28580
HOPPERS (IMAX 2D),en,Hoppers (film),2026-03-02,31848
HOPPERS (IMAX 2D),en,Hoppers (film),2026-03-03,34070
HOPPERS (IMAX 2D),en,Hoppers (film),2026-03-04,35738
HOPPERS (IMAX 2D),en,Hoppers (film),2026-03-05,40724
HOPPERS (IMAX 2D),en,Hoppers (film),2026-03-06,75267
HOPPERS (IMAX 2D),en,Hoppers (film),2026-03-07,92329
HOPPERS (IMAX 2D),en,Hoppers (film),2026-03-08,93242
HOPPERS (IMAX 2D),en,Hoppers (film),2026-03-09,78017
HOPPERS (IMAX 2D),en,Hoppers (film),2026-03-10,54696
HOPPERS (IMAX 2D),en,Hoppers (film),2026-03-11,48102
HOPPERS (IMAX 2D),en,Hoppers (film),2026-03-12,43073
HOPPERS (IMAX 2D),en,Hoppers (film),2026-03-13,43574
HOPPERS (IMAX 2D),en,Hoppers (film),2026-03-14,52761
HOPPERS (IMAX 2D),en,Hoppers (film),2026-03-15,60567
HOPPERS (IMAX 2D),id,Hoppers,2026-01-28,8
HOPPERS (IMAX 2D),id,Hoppers,2026-01-29,7
HOPPERS (IMAX 2D),id,Hoppers,2026-01-30,6
HOPPERS (IMAX 2D),id,Hoppers,2026-01-31,6
HOPPERS (IMAX 2D),id,Hoppers,2026-02-01,9
HOPPERS (IMAX 2D),id,Hoppers,2026-02-02,21
HOPPERS (IMAX 2D),id,Hoppers,2026-02-03,9
HOPPERS (IMAX 2D),id,Hoppers,2026-02-04,28
HOPPERS (IMAX 2D),id,Hoppers,2026-02-05,20
HOPPERS (IMAX 2D),id,Hoppers,2026-02-06,11
HOPPERS (IMAX 2D),id,Hoppers,2026-02-07,14
HOPPERS (IMAX 2D),id,Hoppers,2026-02-08,12
HOPPERS (IMAX 2D),id,Hoppers,2026-02-09,18
HOPPERS (IMAX 2D),id,Hoppers,2026-02-10,10
HOPPERS (IMAX 2D),id,Hoppers,2026-02-11,11
HOPPERS (IMAX 2D),id,Hoppers,2026-02-12,6
HOPPERS (IMAX 2D),id,Hoppers,2026-02-13,5
HOPPERS (IMAX 2D),id,Hoppers,2026-02-14,18
HOPPERS (IMAX 2D),id,Hoppers,2026-02-15,23
HOPPERS (IMAX 2D),id,Hoppers,2026-02-16,14
HOPPERS (IMAX 2D),id,Hoppers,2026-02-17,13
HOPPERS (IMAX 2D),id,Hoppers,2026-02-18,20
HOPPERS (IMAX 2D),id,Hoppers,2026-02-19,13
HOPPERS (IMAX 2D),id,Hoppers,2026-02-20,30
HOPPERS (IMAX 2D),id,Hoppers,2026-02-21,33
HOPPERS (IMAX 2D),id,Hoppers,2026-02-22,36
HOPPERS (IMAX 2D),id,Hoppers,2026-02-23,47
HOPPERS (IMAX 2D),id,Hoppers,2026-02-24,64
HOPPERS (IMAX 2D),id,Hoppers,2026-02-25,85
HOPPERS (IMAX 2D),id,Hoppers,2026-02-26,75
HOPPERS (IMAX 2D),id,Hoppers,2026-02-27,76
HOPPERS (IMAX 2D),id,Hoppers,2026-02-28,59
HOPPERS (IMAX 2D),id,Hoppers,2026-03-01,77
HOPPERS (IMAX 2D),id,Hoppers,2026-03-02,72
HOPPERS (IMAX 2D),id,Hoppers,2026-03-03,105
HOPPERS (IMAX 2D),id,Hoppers,2026-03-04,291
HOPPERS (IMAX 2D),id,Hoppers,2026-03-05,335
HOPPERS (IMAX 2D),id,Hoppers,2026-03-06,387
HOPPERS (IMAX 2D),id,Hoppers,2026-03-07,420
HOPPERS (IMAX 2D),id,Hoppers,2026-03-08,423
HOPPERS (IMAX 2D),id,Hoppers,2026-03-09,390
HOPPERS (IMAX 2D),id,Hoppers,2026-03-10,343
HOPPERS (IMAX 2D),id,Hoppers,2026-03-11,351
HOPPERS (IMAX 2D),id,Hoppers,2026-03-12,327
HOPPERS (IMAX 2D),id,Hoppers,2026-03-13,402
HOPPERS (IMAX 2D),id,Hoppers,2026-03-14,601
HOPPERS (IMAX 2D),id,Hoppers,2026-03-15,512
HOTEL SAKURA,id,Hotel Sakura,2025-07-10,55
HOTEL SAKURA,id,Hotel Sakura,2025-07-11,171
HOTEL SAKURA,id,Hotel Sakura,2025-07-12,164
HOTEL SAKURA,id,Hotel Sakura,2025-07-13,144
HOTEL SAKURA,id,Hotel Sakura,2025-07-14,135
HOUSEFULL 5,en,Housefull 5,2025-05-03,24603
HOUSEFULL 5,en,Housefull 5,2025-05-04,25020
HOUSEFULL 5,en,Housefull 5,2025-05-05,20076
HOUSEFULL 5,en,Housefull 5,2025-05-06,14635
HOUSEFULL 5,en,Housefull 5,2025-05-07,9837
HOUSEFULL 5,en,Housefull 5,2025-05-08,8474
HOUSEFULL 5,en,Housefull 5,2025-05-09,8860
HOUSEFULL 5,en,Housefull 5,2025-05-10,8493
HOUSEFULL 5,en,Housefull 5,2025-05-11,8736
HOUSEFULL 5,en,Housefull 5,2025-05-12,7631
HOUSEFULL 5,en,Housefull 5,2025-05-13,7824
HOUSEFULL 5,en,Housefull 5,2025-05-14,11503
HOUSEFULL 5,en,Housefull 5,2025-05-15,13218
HOUSEFULL 5,en,Housefull 5,2025-05-16,10729
HOUSEFULL 5,en,Housefull 5,2025-05-17,9976
HOUSEFULL 5,en,Housefull 5,2025-05-18,9303
HOUSEFULL 5,en,Housefull 5,2025-05-19,9586
HOUSEFULL 5,en,Housefull 5,2025-05-20,9007
HOUSEFULL 5,en,Housefull 5,2025-05-21,10178
HOUSEFULL 5,en,Housefull 5,2025-05-22,9050
HOUSEFULL 5,en,Housefull 5,2025-05-23,9821
HOUSEFULL 5,en,Housefull 5,2025-05-24,12340
HOUSEFULL 5,en,Housefull 5,2025-05-25,10702
HOUSEFULL 5,en,Housefull 5,2025-05-26,10808
HOUSEFULL 5,en,Housefull 5,2025-05-27,40720
HOUSEFULL 5,en,Housefull 5,2025-05-28,40806
HOUSEFULL 5,en,Housefull 5,2025-05-29,27141
HOUSEFULL 5,en,Housefull 5,2025-05-30,22044
HOUSEFULL 5,en,Housefull 5,2025-05-31,22817
HOUSEFULL 5,en,Housefull 5,2025-06-01,24875
HOUSEFULL 5,en,Housefull 5,2025-06-02,25144
HOUSEFULL 5,en,Housefull 5,2025-06-03,23353
HOUSEFULL 5,en,Housefull 5,2025-06-04,22136
HOUSEFULL 5,en,Housefull 5,2025-06-05,34306
HOUSEFULL 5,en,Housefull 5,2025-06-06,169166
HOUSEFULL 5,en,Housefull 5,2025-06-07,228747
HOUSEFULL 5,en,Housefull 5,2025-06-08,229298
HOUSEFULL 5,en,Housefull 5,2025-06-09,193584
HOUSEFULL 5,en,Housefull 5,2025-06-10,148046
HOUSEFULL 5,en,Housefull 5,2025-06-11,120857
HOUSEFULL 5,en,Housefull 5,2025-06-12,102104
HOUSEFULL 5,en,Housefull 5,2025-06-13,90910
HOUSEFULL 5,en,Housefull 5,2025-06-14,92291
HOUSEFULL 5,en,Housefull 5,2025-06-15,85989
HOUSEFULL 5,en,Housefull 5,2025-06-16,75720
HOUSEFULL 5,en,Housefull 5,2025-06-17,71642
HOUSEFULL 5,en,Housefull 5,2025-06-18,62015
HOW TO TRAIN YOUR DRAGON,en,How to Train Your Dragon (2025 film),2025-05-07,7729
HOW TO TRAIN YOUR DRAGON,en,How to Train Your Dragon (2025 film),2025-05-08,7984
HOW TO TRAIN YOUR DRAGON,en,How to Train Your Dragon (2025 film),2025-05-09,7864
HOW TO TRAIN YOUR DRAGON,en,How to Train Your Dragon (2025 film),2025-05-10,8419
HOW TO TRAIN YOUR DRAGON,en,How to Train Your Dragon (2025 film),2025-05-11,8547
HOW TO TRAIN YOUR DRAGON,en,How to Train Your Dragon (2025 film),2025-05-12,7149
HOW TO TRAIN YOUR DRAGON,en,How to Train Your Dragon (2025 film),2025-05-13,6982
HOW TO TRAIN YOUR DRAGON,en,How to Train Your Dragon (2025 film),2025-05-14,7208
HOW TO TRAIN YOUR DRAGON,en,How to Train Your Dragon (2025 film),2025-05-15,6967
HOW TO TRAIN YOUR DRAGON,en,How to Train Your Dragon (2025 film),2025-05-16,7631
HOW TO TRAIN YOUR DRAGON,en,How to Train Your Dragon (2025 film),2025-05-17,8121
HOW TO TRAIN YOUR DRAGON,en,How to Train Your Dragon (2025 film),2025-05-18,9422
HOW TO TRAIN YOUR DRAGON,en,How to Train Your Dragon (2025 film),2025-05-19,9316
HOW TO TRAIN YOUR DRAGON,en,How to Train Your Dragon (2025 film),2025-05-20,9425
HOW TO TRAIN YOUR DRAGON,en,How to Train Your Dragon (2025 film),2025-05-21,12630
HOW TO TRAIN YOUR DRAGON,en,How to Train Your Dragon (2025 film),2025-05-22,12597
HOW TO TRAIN YOUR DRAGON,en,How to Train Your Dragon (2025 film),2025-05-23,11566
HOW TO TRAIN YOUR DRAGON,en,How to Train Your Dragon (2025 film),2025-05-24,13164
HOW TO TRAIN YOUR DRAGON,en,How to Train Your Dragon (2025 film),2025-05-25,14315
HOW TO TRAIN YOUR DRAGON,en,How to Train Your Dragon (2025 film),2025-05-26,13928
HOW TO TRAIN YOUR DRAGON,en,How to Train Your Dragon (2025 film),2025-05-27,13319
HOW TO TRAIN YOUR DRAGON,en,How to Train Your Dragon (2025 film),2025-05-28,13594
HOW TO TRAIN YOUR DRAGON,en,How to Train Your Dragon (2025 film),2025-05-29,13430
HOW TO TRAIN YOUR DRAGON,en,How to Train Your Dragon (2025 film),2025-05-30,13682
HOW TO TRAIN YOUR DRAGON,en,How to Train Your Dragon (2025 film),2025-05-31,16486
HOW TO TRAIN YOUR DRAGON,en,How to Train Your Dragon (2025 film),2025-06-01,16468
HOW TO TRAIN YOUR DRAGON,en,How to Train Your Dragon (2025 film),2025-06-02,18241
HOW TO TRAIN YOUR DRAGON,en,How to Train Your Dragon (2025 film),2025-06-03,18288
HOW TO TRAIN YOUR DRAGON,en,How to Train Your Dragon (2025 film),2025-06-04,21272
HOW TO TRAIN YOUR DRAGON,en,How to Train Your Dragon (2025 film),2025-06-05,20636
HOW TO TRAIN YOUR DRAGON,en,How to Train Your Dragon (2025 film),2025-06-06,24143
HOW TO TRAIN YOUR DRAGON,en,How to Train Your Dragon (2025 film),2025-06-07,39679
HOW TO TRAIN YOUR DRAGON,en,How to Train Your Dragon (2025 film),2025-06-08,49296
HOW TO TRAIN YOUR DRAGON,en,How to Train Your Dragon (2025 film),2025-06-09,55622
HOW TO TRAIN YOUR DRAGON,en,How to Train Your Dragon (2025 film),2025-06-10,57523
HOW TO TRAIN YOUR DRAGON,en,How to Train Your Dragon (2025 film),2025-06-11,62624
HOW TO TRAIN YOUR DRAGON,en,How to Train Your Dragon (2025 film),2025-06-12,78348
HOW TO TRAIN YOUR DRAGON,en,How to Train Your Dragon (2025 film),2025-06-13,120123
HOW TO TRAIN YOUR DRAGON,en,How to Train Your Dragon (2025 film),2025-06-14,147402
HOW TO TRAIN YOUR DRAGON,en,How to Train Your Dragon (2025 film),2025-06-15,153334
HOW TO TRAIN YOUR DRAGON,en,How to Train Your Dragon (2025 film),2025-06-16,115505
HOW TO TRAIN YOUR DRAGON,en,How to Train Your Dragon (2025 film),2025-06-17,88733
HOW TO TRAIN YOUR DRAGON,en,How to Train Your Dragon (2025 film),2025-06-18,82218
HOW TO TRAIN YOUR DRAGON,en,How to Train Your Dragon (2025 film),2025-06-19,69721
HOW TO TRAIN YOUR DRAGON,en,How to Train Your Dragon (2025 film),2025-06-20,64331
HOW TO TRAIN YOUR DRAGON,en,How to Train Your Dragon (2025 film),2025-06-21,74255
HOW TO TRAIN YOUR DRAGON,en,How to Train Your Dragon (2025 film),2025-06-22,83967
HOW TO TRAIN YOUR DRAGON (3D),en,How to Train Your Dragon (2025 film),2025-05-08,7984
HOW TO TRAIN YOUR DRAGON (3D),en,How to Train Your Dragon (2025 film),2025-05-09,7864
HOW TO TRAIN YOUR DRAGON (3D),en,How to Train Your Dragon (2025 film),2025-05-10,8419
HOW TO TRAIN YOUR DRAGON (3D),en,How to Train Your Dragon (2025 film),2025-05-11,8547
HOW TO TRAIN YOUR DRAGON (3D),en,How to Train Your Dragon (2025 film),2025-05-12,7149
HOW TO TRAIN YOUR DRAGON (3D),en,How to Train Your Dragon (2025 film),2025-05-13,6982
HOW TO TRAIN YOUR DRAGON (3D),en,How to Train Your Dragon (2025 film),2025-05-14,7208
HOW TO TRAIN YOUR DRAGON (3D),en,How to Train Your Dragon (2025 film),2025-05-15,6967
HOW TO TRAIN YOUR DRAGON (3D),en,How to Train Your Dragon (2025 film),2025-05-16,7631
HOW TO TRAIN YOUR DRAGON (3D),en,How to Train Your Dragon (2025 film),2025-05-17,8121
HOW TO TRAIN YOUR DRAGON (3D),en,How to Train Your Dragon (2025 film),2025-05-18,9422
HOW TO TRAIN YOUR DRAGON (3D),en,How to Train Your Dragon (2025 film),2025-05-19,9316
HOW TO TRAIN YOUR DRAGON (3D),en,How to Train Your Dragon (2025 film),2025-05-20,9425
HOW TO TRAIN YOUR DRAGON (3D),en,How to Train Your Dragon (2025 film),2025-05-21,12630
HOW TO TRAIN YOUR DRAGON (3D),en,How to Train Your Dragon (2025 film),2025-05-22,12597
HOW TO TRAIN YOUR DRAGON (3D),en,How to Train Your Dragon (2025 film),2025-05-23,11566
HOW TO TRAIN YOUR DRAGON (3D),en,How to Train Your Dragon (2025 film),2025-05-24,13164
HOW TO TRAIN YOUR DRAGON (3D),en,How to Train Your Dragon (2025 film),2025-05-25,14315
HOW TO TRAIN YOUR DRAGON (3D),en,How to Train Your Dragon (2025 film),2025-05-26,13928
HOW TO TRAIN YOUR DRAGON (3D),en,How to Train Your Dragon (2025 film),2025-05-27,13319
HOW TO TRAIN YOUR DRAGON (3D),en,How to Train Your Dragon (2025 film),2025-05-28,13594
HOW TO TRAIN YOUR DRAGON (3D),en,How to Train Your Dragon (2025 film),2025-05-29,13430
HOW TO TRAIN YOUR DRAGON (3D),en,How to Train Your Dragon (2025 film),2025-05-30,13682
HOW TO TRAIN YOUR DRAGON (3D),en,How to Train Your Dragon (2025 film),2025-05-31,16486
HOW TO TRAIN YOUR DRAGON (3D),en,How to Train Your Dragon (2025 film),2025-06-01,16468
HOW TO TRAIN YOUR DRAGON (3D),en,How to Train Your Dragon (2025 film),2025-06-02,18241
HOW TO TRAIN YOUR DRAGON (3D),en,How to Train Your Dragon (2025 film),2025-06-03,18288
HOW TO TRAIN YOUR DRAGON (3D),en,How to Train Your Dragon (2025 film),2025-06-04,21272
HOW TO TRAIN YOUR DRAGON (3D),en,How to Train Your Dragon (2025 film),2025-06-05,20636
HOW TO TRAIN YOUR DRAGON (3D),en,How to Train Your Dragon (2025 film),2025-06-06,24143
HOW TO TRAIN YOUR DRAGON (3D),en,How to Train Your Dragon (2025 film),2025-06-07,39679
HOW TO TRAIN YOUR DRAGON (3D),en,How to Train Your Dragon (2025 film),2025-06-08,49296
HOW TO TRAIN YOUR DRAGON (3D),en,How to Train Your Dragon (2025 film),2025-06-09,55622
HOW TO TRAIN YOUR DRAGON (3D),en,How to Train Your Dragon (2025 film),2025-06-10,57523
HOW TO TRAIN YOUR DRAGON (3D),en,How to Train Your Dragon (2025 film),2025-06-11,62624
HOW TO TRAIN YOUR DRAGON (3D),en,How to Train Your Dragon (2025 film),2025-06-12,78348
HOW TO TRAIN YOUR DRAGON (3D),en,How to Train Your Dragon (2025 film),2025-06-13,120123
HOW TO TRAIN YOUR DRAGON (3D),en,How to Train Your Dragon (2025 film),2025-06-14,147402
HOW TO TRAIN YOUR DRAGON (3D),en,How to Train Your Dragon (2025 film),2025-06-15,153334
HOW TO TRAIN YOUR DRAGON (3D),en,How to Train Your Dragon (2025 film),2025-06-16,115505
HOW TO TRAIN YOUR DRAGON (3D),en,How to Train Your Dragon (2025 film),2025-06-17,88733
HOW TO TRAIN YOUR DRAGON (3D),en,How to Train Your Dragon (2025 film),2025-06-18,82218
HOW TO TRAIN YOUR DRAGON (3D),en,How to Train Your Dragon (2025 film),2025-06-19,69721
HOW TO TRAIN YOUR DRAGON (3D),en,How to Train Your Dragon (2025 film),2025-06-20,64331
HOW TO TRAIN YOUR DRAGON (3D),en,How to Train Your Dragon (2025 film),2025-06-21,74255
HOW TO TRAIN YOUR DRAGON (3D),en,How to Train Your Dragon (2025 film),2025-06-22,83967
HOW TO TRAIN YOUR DRAGON (3D),en,How to Train Your Dragon (2025 film),2025-06-23,65364
HOW TO TRAIN YOUR DRAGON (IMAX 2D),en,How to Train Your Dragon (2025 film),2025-04-15,5228
HOW TO TRAIN YOUR DRAGON (IMAX 2D),en,How to Train Your Dragon (2025 film),2025-04-16,5238
HOW TO TRAIN YOUR DRAGON (IMAX 2D),en,How to Train Your Dragon (2025 film),2025-04-17,4696
HOW TO TRAIN YOUR DRAGON (IMAX 2D),en,How to Train Your Dragon (2025 film),2025-04-18,5021
HOW TO TRAIN YOUR DRAGON (IMAX 2D),en,How to Train Your Dragon (2025 film),2025-04-19,5000
HOW TO TRAIN YOUR DRAGON (IMAX 2D),en,How to Train Your Dragon (2025 film),2025-04-20,5719
HOW TO TRAIN YOUR DRAGON (IMAX 2D),en,How to Train Your Dragon (2025 film),2025-04-21,5408
HOW TO TRAIN YOUR DRAGON (IMAX 2D),en,How to Train Your Dragon (2025 film),2025-04-22,4605
HOW TO TRAIN YOUR DRAGON (IMAX 2D),en,How to Train Your Dragon (2025 film),2025-04-23,4287
HOW TO TRAIN YOUR DRAGON (IMAX 2D),en,How to Train Your Dragon (2025 film),2025-04-24,4317
HOW TO TRAIN YOUR DRAGON (IMAX 2D),en,How to Train Your Dragon (2025 film),2025-04-25,5153
HOW TO TRAIN YOUR DRAGON (IMAX 2D),en,How to Train Your Dragon (2025 film),2025-04-26,5422
HOW TO TRAIN YOUR DRAGON (IMAX 2D),en,How to Train Your Dragon (2025 film),2025-04-27,5777
HOW TO TRAIN YOUR DRAGON (IMAX 2D),en,How to Train Your Dragon (2025 film),2025-04-28,5041
HOW TO TRAIN YOUR DRAGON (IMAX 2D),en,How to Train Your Dragon (2025 film),2025-04-29,4421
HOW TO TRAIN YOUR DRAGON (IMAX 2D),en,How to Train Your Dragon (2025 film),2025-04-30,4503
HOW TO TRAIN YOUR DRAGON (IMAX 2D),en,How to Train Your Dragon (2025 film),2025-05-01,5803
HOW TO TRAIN YOUR DRAGON (IMAX 2D),en,How to Train Your Dragon (2025 film),2025-05-02,6406
HOW TO TRAIN YOUR DRAGON (IMAX 2D),en,How to Train Your Dragon (2025 film),2025-05-03,7486
HOW TO TRAIN YOUR DRAGON (IMAX 2D),en,How to Train Your Dragon (2025 film),2025-05-04,7253
HOW TO TRAIN YOUR DRAGON (IMAX 2D),en,How to Train Your Dragon (2025 film),2025-05-05,6104
HOW TO TRAIN YOUR DRAGON (IMAX 2D),en,How to Train Your Dragon (2025 film),2025-05-06,7819
HOW TO TRAIN YOUR DRAGON (IMAX 2D),en,How to Train Your Dragon (2025 film),2025-05-07,7729
HOW TO TRAIN YOUR DRAGON (IMAX 2D),en,How to Train Your Dragon (2025 film),2025-05-08,7984
HOW TO TRAIN YOUR DRAGON (IMAX 2D),en,How to Train Your Dragon (2025 film),2025-05-09,7864
HOW TO TRAIN YOUR DRAGON (IMAX 2D),en,How to Train Your Dragon (2025 film),2025-05-10,8419
HOW TO TRAIN YOUR DRAGON (IMAX 2D),en,How to Train Your Dragon (2025 film),2025-05-11,8547
HOW TO TRAIN YOUR DRAGON (IMAX 2D),en,How to Train Your Dragon (2025 film),2025-05-12,7149
HOW TO TRAIN YOUR DRAGON (IMAX 2D),en,How to Train Your Dragon (2025 film),2025-05-13,6982
HOW TO TRAIN YOUR DRAGON (IMAX 2D),en,How to Train Your Dragon (2025 film),2025-05-14,7208
HOW TO TRAIN YOUR DRAGON (IMAX 2D),en,How to Train Your Dragon (2025 film),2025-05-15,6967
HOW TO TRAIN YOUR DRAGON (IMAX 2D),en,How to Train Your Dragon (2025 film),2025-05-16,7631
HOW TO TRAIN YOUR DRAGON (IMAX 2D),en,How to Train Your Dragon (2025 film),2025-05-17,8121
HOW TO TRAIN YOUR DRAGON (IMAX 2D),en,How to Train Your Dragon (2025 film),2025-05-18,9422
HOW TO TRAIN YOUR DRAGON (IMAX 2D),en,How to Train Your Dragon (2025 film),2025-05-19,9316
HOW TO TRAIN YOUR DRAGON (IMAX 2D),en,How to Train Your Dragon (2025 film),2025-05-20,9425
HOW TO TRAIN YOUR DRAGON (IMAX 2D),en,How to Train Your Dragon (2025 film),2025-05-21,12630
HOW TO TRAIN YOUR DRAGON (IMAX 2D),en,How to Train Your Dragon (2025 film),2025-05-22,12597
HOW TO TRAIN YOUR DRAGON (IMAX 2D),en,How to Train Your Dragon (2025 film),2025-05-23,11566
HOW TO TRAIN YOUR DRAGON (IMAX 2D),en,How to Train Your Dragon (2025 film),2025-05-24,13164
HOW TO TRAIN YOUR DRAGON (IMAX 2D),en,How to Train Your Dragon (2025 film),2025-05-25,14315
HOW TO TRAIN YOUR DRAGON (IMAX 2D),en,How to Train Your Dragon (2025 film),2025-05-26,13928
HOW TO TRAIN YOUR DRAGON (IMAX 2D),en,How to Train Your Dragon (2025 film),2025-05-27,13319
HOW TO TRAIN YOUR DRAGON (IMAX 2D),en,How to Train Your Dragon (2025 film),2025-05-28,13594
HOW TO TRAIN YOUR DRAGON (IMAX 2D),en,How to Train Your Dragon (2025 film),2025-05-29,13430
HOW TO TRAIN YOUR DRAGON (IMAX 2D),en,How to Train Your Dragon (2025 film),2025-05-30,13682
HOW TO TRAIN YOUR DRAGON (IMAX 2D),en,How to Train Your Dragon (2025 film),2025-05-31,16486
I KNOW WHAT YOU DID LAST SUMMER,en,I Know What You Did Last Summer (2025 film),2025-06-10,2718
I KNOW WHAT YOU DID LAST SUMMER,en,I Know What You Did Last Summer (2025 film),2025-06-11,7890
I KNOW WHAT YOU DID LAST SUMMER,en,I Know What You Did Last Summer (2025 film),2025-06-12,6721
I KNOW WHAT YOU DID LAST SUMMER,en,I Know What You Did Last Summer (2025 film),2025-06-13,4690
I KNOW WHAT YOU DID LAST SUMMER,en,I Know What You Did Last Summer (2025 film),2025-06-14,4271
I KNOW WHAT YOU DID LAST SUMMER,en,I Know What You Did Last Summer (2025 film),2025-06-15,4350
I KNOW WHAT YOU DID LAST SUMMER,en,I Know What You Did Last Summer (2025 film),2025-06-16,4191
I KNOW WHAT YOU DID LAST SUMMER,en,I Know What You Did Last Summer (2025 film),2025-06-17,15938
I KNOW WHAT YOU DID LAST SUMMER,en,I Know What You Did Last Summer (2025 film),2025-06-18,12316
I KNOW WHAT YOU DID LAST SUMMER,en,I Know What You Did Last Summer (2025 film),2025-06-19,7282
I KNOW WHAT YOU DID LAST SUMMER,en,I Know What You Did Last Summer (2025 film),2025-06-20,8487
I KNOW WHAT YOU DID LAST SUMMER,en,I Know What You Did Last Summer (2025 film),2025-06-21,9623
I KNOW WHAT YOU DID LAST SUMMER,en,I Know What You Did Last Summer (2025 film),2025-06-22,10324
I KNOW WHAT YOU DID LAST SUMMER,en,I Know What You Did Last Summer (2025 film),2025-06-23,10559
I KNOW WHAT YOU DID LAST SUMMER,en,I Know What You Did Last Summer (2025 film),2025-06-24,8434
I KNOW WHAT YOU DID LAST SUMMER,en,I Know What You Did Last Summer (2025 film),2025-06-25,7235
I KNOW WHAT YOU DID LAST SUMMER,en,I Know What You Did Last Summer (2025 film),2025-06-26,6357
I KNOW WHAT YOU DID LAST SUMMER,en,I Know What You Did Last Summer (2025 film),2025-06-27,6549
I KNOW WHAT YOU DID LAST SUMMER,en,I Know What You Did Last Summer (2025 film),2025-06-28,7476
I KNOW WHAT YOU DID LAST SUMMER,en,I Know What You Did Last Summer (2025 film),2025-06-29,8034
I KNOW WHAT YOU DID LAST SUMMER,en,I Know What You Did Last Summer (2025 film),2025-06-30,8256
I KNOW WHAT YOU DID LAST SUMMER,en,I Know What You Did Last Summer (2025 film),2025-07-01,8069
I KNOW WHAT YOU DID LAST SUMMER,en,I Know What You Did Last Summer (2025 film),2025-07-02,7691
I KNOW WHAT YOU DID LAST SUMMER,en,I Know What You Did Last Summer (2025 film),2025-07-03,7307
I KNOW WHAT YOU DID LAST SUMMER,en,I Know What You Did Last Summer (2025 film),2025-07-04,8228
I KNOW WHAT YOU DID LAST SUMMER,en,I Know What You Did Last Summer (2025 film),2025-07-05,10488
I KNOW WHAT YOU DID LAST SUMMER,en,I Know What You Did Last Summer (2025 film),2025-07-06,11409
I KNOW WHAT YOU DID LAST SUMMER,en,I Know What You Did Last Summer (2025 film),2025-07-07,11382
I KNOW WHAT YOU DID LAST SUMMER,en,I Know What You Did Last Summer (2025 film),2025-07-08,11427
I KNOW WHAT YOU DID LAST SUMMER,en,I Know What You Did Last Summer (2025 film),2025-07-09,11229
I KNOW WHAT YOU DID LAST SUMMER,en,I Know What You Did Last Summer (2025 film),2025-07-10,12077
I KNOW WHAT YOU DID LAST SUMMER,en,I Know What You Did Last Summer (2025 film),2025-07-11,12853
I KNOW WHAT YOU DID LAST SUMMER,en,I Know What You Did Last Summer (2025 film),2025-07-12,13642
I KNOW WHAT YOU DID LAST SUMMER,en,I Know What You Did Last Summer (2025 film),2025-07-13,15572
I KNOW WHAT YOU DID LAST SUMMER,en,I Know What You Did Last Summer (2025 film),2025-07-14,19154
I KNOW WHAT YOU DID LAST SUMMER,en,I Know What You Did Last Summer (2025 film),2025-07-15,49299
I KNOW WHAT YOU DID LAST SUMMER,en,I Know What You Did Last Summer (2025 film),2025-07-16,80282
I KNOW WHAT YOU DID LAST SUMMER,en,I Know What You Did Last Summer (2025 film),2025-07-17,119072
I KNOW WHAT YOU DID LAST SUMMER,en,I Know What You Did Last Summer (2025 film),2025-07-18,190487
I KNOW WHAT YOU DID LAST SUMMER,en,I Know What You Did Last Summer (2025 film),2025-07-19,192679
I KNOW WHAT YOU DID LAST SUMMER,en,I Know What You Did Last Summer (2025 film),2025-07-20,169055
I KNOW WHAT YOU DID LAST SUMMER,en,I Know What You Did Last Summer (2025 film),2025-07-21,117729
I KNOW WHAT YOU DID LAST SUMMER,en,I Know What You Did Last Summer (2025 film),2025-07-22,87860
I KNOW WHAT YOU DID LAST SUMMER,en,I Know What You Did Last Summer (2025 film),2025-07-23,73904
I KNOW WHAT YOU DID LAST SUMMER,en,I Know What You Did Last Summer (2025 film),2025-07-24,57374
I KNOW WHAT YOU DID LAST SUMMER,en,I Know What You Did Last Summer (2025 film),2025-07-25,50248
I KNOW WHAT YOU DID LAST SUMMER,en,I Know What You Did Last Summer (2025 film),2025-07-26,50730
I KNOW WHAT YOU DID LAST SUMMER,id,I Know What You Did Last Summer (film 2025),2025-07-14,30
I KNOW WHAT YOU DID LAST SUMMER,id,I Know What You Did Last Summer (film 2025),2025-07-15,32
I KNOW WHAT YOU DID LAST SUMMER,id,I Know What You Did Last Summer (film 2025),2025-07-16,88
I KNOW WHAT YOU DID LAST SUMMER,id,I Know What You Did Last Summer (film 2025),2025-07-17,78
I KNOW WHAT YOU DID LAST SUMMER,id,I Know What You Did Last Summer (film 2025),2025-07-18,43
I KNOW WHAT YOU DID LAST SUMMER,id,I Know What You Did Last Summer (film 2025),2025-07-19,35
I KNOW WHAT YOU DID LAST SUMMER,id,I Know What You Did Last Summer (film 2025),2025-07-20,33
I KNOW WHAT YOU DID LAST SUMMER,id,I Know What You Did Last Summer (film 2025),2025-07-21,19
I KNOW WHAT YOU DID LAST SUMMER,id,I Know What You Did Last Summer (film 2025),2025-07-22,16
I KNOW WHAT YOU DID LAST SUMMER,id,I Know What You Did Last Summer (film 2025),2025-07-23,33
I KNOW WHAT YOU DID LAST SUMMER,id,I Know What You Did Last Summer (film 2025),2025-07-24,46
I KNOW WHAT YOU DID LAST SUMMER,id,I Know What You Did Last Summer (film 2025),2025-07-25,25
I KNOW WHAT YOU DID LAST SUMMER,id,I Know What You Did Last Summer (film 2025),2025-07-26,36
I WAS A STRANGER,en,I Was a Stranger,2025-12-31,686
I WAS A STRANGER,en,I Was a Stranger,2026-01-01,804
I WAS A STRANGER,en,I Was a Stranger,2026-01-02,1008
I WAS A STRANGER,en,I Was a Stranger,2026-01-03,1216
I WAS A STRANGER,en,I Was a Stranger,2026-01-04,1055
I WAS A STRANGER,en,I Was a Stranger,2026-01-05,1142
I WAS A STRANGER,en,I Was a Stranger,2026-01-06,1267
I WAS A STRANGER,en,I Was a Stranger,2026-01-07,1426
I WAS A STRANGER,en,I Was a Stranger,2026-01-08,1711
I WAS A STRANGER,en,I Was a Stranger,2026-01-09,2251
I WAS A STRANGER,en,I Was a Stranger,2026-01-10,2636
I WAS A STRANGER,en,I Was a Stranger,2026-01-11,2188
I WAS A STRANGER,en,I Was a Stranger,2026-01-12,1591
I WAS A STRANGER,en,I Was a Stranger,2026-01-13,1582
I WAS A STRANGER,en,I Was a Stranger,2026-01-14,1449
I WAS A STRANGER,en,I Was a Stranger,2026-01-15,1029
I WAS A STRANGER,en,I Was a Stranger,2026-01-16,772
I WAS A STRANGER,en,I Was a Stranger,2026-01-17,769
I WAS A STRANGER,en,I Was a Stranger,2026-01-18,817
I WAS A STRANGER,en,I Was a Stranger,2026-01-19,630
I WAS A STRANGER,en,I Was a Stranger,2026-01-20,494
I WAS A STRANGER,en,I Was a Stranger,2026-01-21,444
I WAS A STRANGER,en,I Was a Stranger,2026-01-22,354
I WAS A STRANGER,en,I Was a Stranger,2026-01-23,353
I WAS A STRANGER,en,I Was a Stranger,2026-01-24,349
I WAS A STRANGER,en,I Was a Stranger,2026-01-25,321
I WAS A STRANGER,en,I Was a Stranger,2026-01-26,391
I WAS A STRANGER,en,I Was a Stranger,2026-01-27,473
I WAS A STRANGER,en,I Was a Stranger,2026-01-28,495
I WAS A STRANGER,en,I Was a Stranger,2026-01-29,412
I WAS A STRANGER,en,I Was a Stranger,2026-01-30,365
I WAS A STRANGER,en,I Was a Stranger,2026-01-31,370
I WAS A STRANGER,en,I Was a Stranger,2026-02-01,434
I WAS A STRANGER,en,I Was a Stranger,2026-02-02,380
I WAS A STRANGER,en,I Was a Stranger,2026-02-03,331
I WAS A STRANGER,en,I Was a Stranger,2026-02-04,775
I WAS A STRANGER,en,I Was a Stranger,2026-02-05,695
I WAS A STRANGER,en,I Was a Stranger,2026-02-06,689
I WAS A STRANGER,en,I Was a Stranger,2026-02-07,669
I WAS A STRANGER,en,I Was a Stranger,2026-02-08,657
I WAS A STRANGER,en,I Was a Stranger,2026-02-09,443
I WAS A STRANGER,en,I Was a Stranger,2026-02-10,602
I WAS A STRANGER,en,I Was a Stranger,2026-02-11,1411
I WAS A STRANGER,en,I Was a Stranger,2026-02-12,1016
I WAS A STRANGER,en,I Was a Stranger,2026-02-13,1285
I WAS A STRANGER,en,I Was a Stranger,2026-02-14,1385
I WAS A STRANGER,en,I Was a Stranger,2026-02-15,1647
INSYA ALLAH BERKAH,id,Insya Allah Berkah,2025-05-21,8
INSYA ALLAH BERKAH,id,Insya Allah Berkah,2025-05-22,36
INSYA ALLAH BERKAH,id,Insya Allah Berkah,2025-05-23,30
INSYA ALLAH BERKAH,id,Insya Allah Berkah,2025-05-24,16
INSYA ALLAH BERKAH,id,Insya Allah Berkah,2025-05-25,25
INSYA ALLAH BERKAH,id,Insya Allah Berkah,2025-05-26,22
INSYA ALLAH BERKAH,id,Insya Allah Berkah,2025-05-27,33
INSYA ALLAH BERKAH,id,Insya Allah Berkah,2025-05-28,28
INSYA ALLAH BERKAH,id,Insya Allah Berkah,2025-05-29,34
INSYA ALLAH BERKAH,id,Insya Allah Berkah,2025-05-30,3
INSYA ALLAH BERKAH,id,Insya Allah Berkah,2025-05-31,7
INSYA ALLAH BERKAH,id,Insya Allah Berkah,2025-06-01,8
INSYA ALLAH BERKAH,id,Insya Allah Berkah,2025-06-02,5
JAAT,en,Jaat (film),2025-03-07,2085
JAAT,en,Jaat (film),2025-03-08,2170
JAAT,en,Jaat (film),2025-03-09,2234
JAAT,en,Jaat (film),2025-03-10,4813
JAAT,en,Jaat (film),2025-03-11,4410
JAAT,en,Jaat (film),2025-03-12,3780
JAAT,en,Jaat (film),2025-03-13,3905
JAAT,en,Jaat (film),2025-03-14,3180
JAAT,en,Jaat (film),2025-03-15,3026
JAAT,en,Jaat (film),2025-03-16,6308
JAAT,en,Jaat (film),2025-03-17,5548
JAAT,en,Jaat (film),2025-03-18,5038
JAAT,en,Jaat (film),2025-03-19,4620
JAAT,en,Jaat (film),2025-03-20,5409
JAAT,en,Jaat (film),2025-03-21,4930
JAAT,en,Jaat (film),2025-03-22,5203
JAAT,en,Jaat (film),2025-03-23,8154
JAAT,en,Jaat (film),2025-03-24,28516
JAAT,en,Jaat (film),2025-03-25,18995
JAAT,en,Jaat (film),2025-03-26,12186
JAAT,en,Jaat (film),2025-03-27,10425
JAAT,en,Jaat (film),2025-03-28,8410
JAAT,en,Jaat (film),2025-03-29,8081
JAAT,en,Jaat (film),2025-03-30,11340
JAAT,en,Jaat (film),2025-03-31,14433
JAAT,en,Jaat (film),2025-04-01,13363
JAAT,en,Jaat (film),2025-04-02,12627
JAAT,en,Jaat (film),2025-04-03,11627
JAAT,en,Jaat (film),2025-04-04,10917
JAAT,en,Jaat (film),2025-04-05,10110
JAAT,en,Jaat (film),2025-04-06,13813
JAAT,en,Jaat (film),2025-04-07,14404
JAAT,en,Jaat (film),2025-04-08,16910
JAAT,en,Jaat (film),2025-04-09,26616
JAAT,en,Jaat (film),2025-04-10,144863
JAAT,en,Jaat (film),2025-04-11,210556
JAAT,en,Jaat (film),2025-04-12,232885
JAAT,en,Jaat (film),2025-04-13,244975
JAAT,en,Jaat (film),2025-04-14,215238
JAAT,en,Jaat (film),2025-04-15,180763
JAAT,en,Jaat (film),2025-04-16,146494
JAAT,en,Jaat (film),2025-04-17,146053
JAAT,en,Jaat (film),2025-04-18,131070
JAAT,en,Jaat (film),2025-04-19,108064
JAAT,en,Jaat (film),2025-04-20,99732
JAAT,en,Jaat (film),2025-04-21,94753
JAAT,en,Jaat (film),2025-04-22,76317
JANGAN SEPERTI BAPAK,id,Jangan Seperti Bapak,2026-02-12,73
JANGAN SEPERTI BAPAK,id,Jangan Seperti Bapak,2026-02-13,127
JANGAN SEPERTI BAPAK,id,Jangan Seperti Bapak,2026-02-14,108
JANGAN SEPERTI BAPAK,id,Jangan Seperti Bapak,2026-02-15,156
JANGAN SEPERTI BAPAK,id,Jangan Seperti Bapak,2026-02-16,213
JANGAN SEPERTI BAPAK,id,Jangan Seperti Bapak,2026-02-17,195
JANGAN SEPERTI BAPAK,id,Jangan Seperti Bapak,2026-02-18,151
JANGAN SEPERTI BAPAK,id,Jangan Seperti Bapak,2026-02-19,74
JANGAN SEPERTI BAPAK,id,Jangan Seperti Bapak,2026-02-20,37
JANGAN SEPERTI BAPAK,id,Jangan Seperti Bapak,2026-02-21,23
JANGAN SEPERTI BAPAK,id,Jangan Seperti Bapak,2026-02-22,24
JANGAN SEPERTI BAPAK,id,Jangan Seperti Bapak,2026-02-23,19
JAWS (IMAX 2D),en,Jaws (film),2025-07-25,12268
JAWS (IMAX 2D),en,Jaws (film),2025-07-26,10264
JAWS (IMAX 2D),en,Jaws (film),2025-07-27,10043
JAWS (IMAX 2D),en,Jaws (film),2025-07-28,8735
JAWS (IMAX 2D),en,Jaws (film),2025-07-29,6976
JAWS (IMAX 2D),en,Jaws (film),2025-07-30,6172
JAWS (IMAX 2D),en,Jaws (film),2025-07-31,6268
JAWS (IMAX 2D),en,Jaws (film),2025-08-01,6244
JAWS (IMAX 2D),en,Jaws (film),2025-08-02,7770
JAWS (IMAX 2D),en,Jaws (film),2025-08-03,10797
JAWS (IMAX 2D),en,Jaws (film),2025-08-04,9940
JAWS (IMAX 2D),en,Jaws (film),2025-08-05,6217
JAWS (IMAX 2D),en,Jaws (film),2025-08-06,5562
JAWS (IMAX 2D),en,Jaws (film),2025-08-07,4973
JAWS (IMAX 2D),en,Jaws (film),2025-08-08,5207
JAWS (IMAX 2D),en,Jaws (film),2025-08-09,6056
JAWS (IMAX 2D),en,Jaws (film),2025-08-10,6555
JAWS (IMAX 2D),en,Jaws (film),2025-08-11,5673
JAWS (IMAX 2D),en,Jaws (film),2025-08-12,5002
JAWS (IMAX 2D),en,Jaws (film),2025-08-13,4972
JAWS (IMAX 2D),en,Jaws (film),2025-08-14,4483
JAWS (IMAX 2D),en,Jaws (film),2025-08-15,5468
JAWS (IMAX 2D),en,Jaws (film),2025-08-16,9684
JAWS (IMAX 2D),en,Jaws (film),2025-08-17,6443
JAWS (IMAX 2D),en,Jaws (film),2025-08-18,5273
JAWS (IMAX 2D),en,Jaws (film),2025-08-19,4771
JAWS (IMAX 2D),en,Jaws (film),2025-08-20,4572
JAWS (IMAX 2D),en,Jaws (film),2025-08-21,4301
JAWS (IMAX 2D),en,Jaws (film),2025-08-22,4395
JAWS (IMAX 2D),en,Jaws (film),2025-08-23,4915
JAWS (IMAX 2D),en,Jaws (film),2025-08-24,5815
JAWS (IMAX 2D),en,Jaws (film),2025-08-25,5125
JAWS (IMAX 2D),en,Jaws (film),2025-08-26,4925
JAWS (IMAX 2D),en,Jaws (film),2025-08-27,4600
JAWS (IMAX 2D),en,Jaws (film),2025-08-28,7221
JAWS (IMAX 2D),en,Jaws (film),2025-08-29,12482
JAWS (IMAX 2D),en,Jaws (film),2025-08-30,17315
JAWS (IMAX 2D),en,Jaws (film),2025-08-31,22782
JAWS (IMAX 2D),en,Jaws (film),2025-09-01,17257
JAWS (IMAX 2D),en,Jaws (film),2025-09-02,12460
JAWS (IMAX 2D),en,Jaws (film),2025-09-03,10276
JAWS (IMAX 2D),en,Jaws (film),2025-09-04,8259
JAWS (IMAX 2D),en,Jaws (film),2025-09-05,6920
JAWS (IMAX 2D),en,Jaws (film),2025-09-06,7562
JAWS (IMAX 2D),en,Jaws (film),2025-09-07,8264
JAWS (IMAX 2D),en,Jaws (film),2025-09-08,6313
JAWS (IMAX 2D),en,Jaws (film),2025-09-09,4882
JAWS (IMAX 2D),id,Jaws,2025-07-25,6
JAWS (IMAX 2D),id,Jaws,2025-07-26,10
JAWS (IMAX 2D),id,Jaws,2025-07-27,10
JAWS (IMAX 2D),id,Jaws,2025-07-28,1
JAWS (IMAX 2D),id,Jaws,2025-07-29,5
JAWS (IMAX 2D),id,Jaws,2025-07-30,9
JAWS (IMAX 2D),id,Jaws,2025-07-31,4
JAWS (IMAX 2D),id,Jaws,2025-08-01,3
JAWS (IMAX 2D),id,Jaws,2025-08-02,4
JAWS (IMAX 2D),id,Jaws,2025-08-03,3
JAWS (IMAX 2D),id,Jaws,2025-08-04,5
JAWS (IMAX 2D),id,Jaws,2025-08-05,1
JAWS (IMAX 2D),id,Jaws,2025-08-06,3
JAWS (IMAX 2D),id,Jaws,2025-08-07,9
JAWS (IMAX 2D),id,Jaws,2025-08-08,6
JAWS (IMAX 2D),id,Jaws,2025-08-09,14
JAWS (IMAX 2D),id,Jaws,2025-08-10,4
JAWS (IMAX 2D),id,Jaws,2025-08-11,17
JAWS (IMAX 2D),id,Jaws,2025-08-12,11
JAWS (IMAX 2D),id,Jaws,2025-08-13,10
JAWS (IMAX 2D),id,Jaws,2025-08-14,5
JAWS (IMAX 2D),id,Jaws,2025-08-15,7
JAWS (IMAX 2D),id,Jaws,2025-08-16,2
JAWS (IMAX 2D),id,Jaws,2025-08-17,11
JAWS (IMAX 2D),id,Jaws,2025-08-18,9
JAWS (IMAX 2D),id,Jaws,2025-08-19,9
JAWS (IMAX 2D),id,Jaws,2025-08-20,9
JAWS (IMAX 2D),id,Jaws,2025-08-21,10
JAWS (IMAX 2D),id,Jaws,2025-08-22,11
JAWS (IMAX 2D),id,Jaws,2025-08-23,11
JAWS (IMAX 2D),id,Jaws,2025-08-24,8
JAWS (IMAX 2D),id,Jaws,2025-08-25,6
JAWS (IMAX 2D),id,Jaws,2025-08-26,10
JAWS (IMAX 2D),id,Jaws,2025-08-27,7
JAWS (IMAX 2D),id,Jaws,2025-08-28,11
JAWS (IMAX 2D),id,Jaws,2025-08-29,15
JAWS (IMAX 2D),id,Jaws,2025-08-30,15
JAWS (IMAX 2D),id,Jaws,2025-08-31,9
JAWS (IMAX 2D),id,Jaws,2025-09-01,15
JAWS (IMAX 2D),id,Jaws,2025-09-02,15
JAWS (IMAX 2D),id,Jaws,2025-09-03,6
JAWS (IMAX 2D),id,Jaws,2025-09-04,3
JAWS (IMAX 2D),id,Jaws,2025-09-05,5
JAWS (IMAX 2D),id,Jaws,2025-09-06,11
JAWS (IMAX 2D),id,Jaws,2025-09-07,4
JAWS (IMAX 2D),id,Jaws,2025-09-08,6
JAWS (IMAX 2D),id,Jaws,2025-09-09,9
JODOH 3 BUJANG,id,Jodoh 3 Bujang,2025-06-25,8
JODOH 3 BUJANG,id,Jodoh 3 Bujang,2025-06-26,67
JOLLY LLB 3,en,Jolly LLB 3,2025-08-15,5201
JOLLY LLB 3,en,Jolly LLB 3,2025-08-16,5089
JOLLY LLB 3,en,Jolly LLB 3,2025-08-17,4798
JOLLY LLB 3,en,Jolly LLB 3,2025-08-18,4226
JOLLY LLB 3,en,Jolly LLB 3,2025-08-19,4478
JOLLY LLB 3,en,Jolly LLB 3,2025-08-20,4881
JOLLY LLB 3,en,Jolly LLB 3,2025-08-21,6002
JOLLY LLB 3,en,Jolly LLB 3,2025-08-22,4349
JOLLY LLB 3,en,Jolly LLB 3,2025-08-23,4972
JOLLY LLB 3,en,Jolly LLB 3,2025-08-24,4401
JOLLY LLB 3,en,Jolly LLB 3,2025-08-25,3671
JOLLY LLB 3,en,Jolly LLB 3,2025-08-26,3556
JOLLY LLB 3,en,Jolly LLB 3,2025-08-27,3413
JOLLY LLB 3,en,Jolly LLB 3,2025-08-28,3537
JOLLY LLB 3,en,Jolly LLB 3,2025-08-29,4240
JOLLY LLB 3,en,Jolly LLB 3,2025-08-30,5402
JOLLY LLB 3,en,Jolly LLB 3,2025-08-31,5248
JOLLY LLB 3,en,Jolly LLB 3,2025-09-01,4680
JOLLY LLB 3,en,Jolly LLB 3,2025-09-02,4549
JOLLY LLB 3,en,Jolly LLB 3,2025-09-03,4208
JOLLY LLB 3,en,Jolly LLB 3,2025-09-04,4740
JOLLY LLB 3,en,Jolly LLB 3,2025-09-05,4831
JOLLY LLB 3,en,Jolly LLB 3,2025-09-06,4994
JOLLY LLB 3,en,Jolly LLB 3,2025-09-07,5511
JOLLY LLB 3,en,Jolly LLB 3,2025-09-08,4732
JOLLY LLB 3,en,Jolly LLB 3,2025-09-09,4940
JOLLY LLB 3,en,Jolly LLB 3,2025-09-10,13731
JOLLY LLB 3,en,Jolly LLB 3,2025-09-11,10765
JOLLY LLB 3,en,Jolly LLB 3,2025-09-12,8938
JOLLY LLB 3,en,Jolly LLB 3,2025-09-13,9806
JOLLY LLB 3,en,Jolly LLB 3,2025-09-14,10634
JOLLY LLB 3,en,Jolly LLB 3,2025-09-15,9318
JOLLY LLB 3,en,Jolly LLB 3,2025-09-16,10310
JOLLY LLB 3,en,Jolly LLB 3,2025-09-17,11942
JOLLY LLB 3,en,Jolly LLB 3,2025-09-18,18582
JOLLY LLB 3,en,Jolly LLB 3,2025-09-19,80729
JOLLY LLB 3,en,Jolly LLB 3,2025-09-20,112241
JOLLY LLB 3,en,Jolly LLB 3,2025-09-21,107182
JOLLY LLB 3,en,Jolly LLB 3,2025-09-22,85399
JOLLY LLB 3,en,Jolly LLB 3,2025-09-23,73358
JOLLY LLB 3,en,Jolly LLB 3,2025-09-24,62022
JOLLY LLB 3,en,Jolly LLB 3,2025-09-25,52134
JOLLY LLB 3,en,Jolly LLB 3,2025-09-26,48173
JOLLY LLB 3,en,Jolly LLB 3,2025-09-27,48730
JOLLY LLB 3,en,Jolly LLB 3,2025-09-28,43930
JOLLY LLB 3,en,Jolly LLB 3,2025-09-29,35355
JOLLY LLB 3,en,Jolly LLB 3,2025-09-30,34489
JUMBO,en,Jumbo (2025 film),2025-02-25,72
JUMBO,en,Jumbo (2025 film),2025-02-26,66
JUMBO,en,Jumbo (2025 film),2025-02-27,82
JUMBO,en,Jumbo (2025 film),2025-02-28,62
JUMBO,en,Jumbo (2025 film),2025-03-01,82
JUMBO,en,Jumbo (2025 film),2025-03-02,64
JUMBO,en,Jumbo (2025 film),2025-03-03,104
JUMBO,en,Jumbo (2025 film),2025-03-04,86
JUMBO,en,Jumbo (2025 film),2025-03-05,72
JUMBO,en,Jumbo (2025 film),2025-03-06,97
JUMBO,en,Jumbo (2025 film),2025-03-07,78
JUMBO,en,Jumbo (2025 film),2025-03-08,88
JUMBO,en,Jumbo (2025 film),2025-03-09,92
JUMBO,en,Jumbo (2025 film),2025-03-10,98
JUMBO,en,Jumbo (2025 film),2025-03-11,86
JUMBO,en,Jumbo (2025 film),2025-03-12,78
JUMBO,en,Jumbo (2025 film),2025-03-13,158
JUMBO,en,Jumbo (2025 film),2025-03-14,141
JUMBO,en,Jumbo (2025 film),2025-03-15,156
JUMBO,en,Jumbo (2025 film),2025-03-16,143
JUMBO,en,Jumbo (2025 film),2025-03-17,150
JUMBO,en,Jumbo (2025 film),2025-03-18,150
JUMBO,en,Jumbo (2025 film),2025-03-19,128
JUMBO,en,Jumbo (2025 film),2025-03-20,138
JUMBO,en,Jumbo (2025 film),2025-03-21,131
JUMBO,en,Jumbo (2025 film),2025-03-22,133
JUMBO,en,Jumbo (2025 film),2025-03-23,143
JUMBO,en,Jumbo (2025 film),2025-03-24,112
JUMBO,en,Jumbo (2025 film),2025-03-25,123
JUMBO,en,Jumbo (2025 film),2025-03-26,97
JUMBO,en,Jumbo (2025 film),2025-03-27,153
JUMBO,en,Jumbo (2025 film),2025-03-28,150
JUMBO,en,Jumbo (2025 film),2025-03-29,199
JUMBO,en,Jumbo (2025 film),2025-03-30,237
JUMBO,en,Jumbo (2025 film),2025-03-31,602
JUMBO,en,Jumbo (2025 film),2025-04-01,950
JUMBO,en,Jumbo (2025 film),2025-04-02,1373
JUMBO,en,Jumbo (2025 film),2025-04-03,1679
JUMBO,en,Jumbo (2025 film),2025-04-04,1898
JUMBO,en,Jumbo (2025 film),2025-04-05,2285
JUMBO,en,Jumbo (2025 film),2025-04-06,2645
JUMBO,en,Jumbo (2025 film),2025-04-07,3447
JUMBO,en,Jumbo (2025 film),2025-04-08,3361
JUMBO,en,Jumbo (2025 film),2025-04-09,2734
JUMBO,en,Jumbo (2025 film),2025-04-10,2675
JUMBO,en,Jumbo (2025 film),2025-04-11,2675
JUMBO,en,Jumbo (2025 film),2025-04-12,3328
JUMBO,id,Jumbo (film 2025),2025-02-25,88
JUMBO,id,Jumbo (film 2025),2025-02-26,59
JUMBO,id,Jumbo (film 2025),2025-02-27,113
JUMBO,id,Jumbo (film 2025),2025-02-28,153
JUMBO,id,Jumbo (film 2025),2025-03-01,138
JUMBO,id,Jumbo (film 2025),2025-03-02,114
JUMBO,id,Jumbo (film 2025),2025-03-03,179
JUMBO,id,Jumbo (film 2025),2025-03-04,174
JUMBO,id,Jumbo (film 2025),2025-03-05,189
JUMBO,id,Jumbo (film 2025),2025-03-06,199
JUMBO,id,Jumbo (film 2025),2025-03-07,188
JUMBO,id,Jumbo (film 2025),2025-03-08,155
JUMBO,id,Jumbo (film 2025),2025-03-09,166
JUMBO,id,Jumbo (film 2025),2025-03-10,208
JUMBO,id,Jumbo (film 2025),2025-03-11,139
JUMBO,id,Jumbo (film 2025),2025-03-12,153
JUMBO,id,Jumbo (film 2025),2025-03-13,321
JUMBO,id,Jumbo (film 2025),2025-03-14,424
JUMBO,id,Jumbo (film 2025),2025-03-15,484
JUMBO,id,Jumbo (film 2025),2025-03-16,454
JUMBO,id,Jumbo (film 2025),2025-03-17,468
JUMBO,id,Jumbo (film 2025),2025-03-18,525
JUMBO,id,Jumbo (film 2025),2025-03-19,296
JUMBO,id,Jumbo (film 2025),2025-03-20,333
JUMBO,id,Jumbo (film 2025),2025-03-21,327
JUMBO,id,Jumbo (film 2025),2025-03-22,299
JUMBO,id,Jumbo (film 2025),2025-03-23,332
JUMBO,id,Jumbo (film 2025),2025-03-24,333
JUMBO,id,Jumbo (film 2025),2025-03-25,295
JUMBO,id,Jumbo (film 2025),2025-03-26,327
JUMBO,id,Jumbo (film 2025),2025-03-27,430
JUMBO,id,Jumbo (film 2025),2025-03-28,482
JUMBO,id,Jumbo (film 2025),2025-03-29,604
JUMBO,id,Jumbo (film 2025),2025-03-30,718
JUMBO,id,Jumbo (film 2025),2025-03-31,2306
JUMBO,id,Jumbo (film 2025),2025-04-01,4254
JUMBO,id,Jumbo (film 2025),2025-04-02,6505
JUMBO,id,Jumbo (film 2025),2025-04-03,9416
JUMBO,id,Jumbo (film 2025),2025-04-04,9971
JUMBO,id,Jumbo (film 2025),2025-04-05,11154
JUMBO,id,Jumbo (film 2025),2025-04-06,14004
JUMBO,id,Jumbo (film 2025),2025-04-07,20098
JUMBO,id,Jumbo (film 2025),2025-04-08,19459
JUMBO,id,Jumbo (film 2025),2025-04-09,18137
JUMBO,id,Jumbo (film 2025),2025-04-10,16534
JUMBO,id,Jumbo (film 2025),2025-04-11,16327
JUMBO,id,Jumbo (film 2025),2025-04-12,18551
JURASSIC WORLD: REBIRTH,id,Jurassic World Rebirth,2025-07-04,224
JURASSIC WORLD: REBIRTH,id,Jurassic World Rebirth,2025-07-05,438
JURASSIC WORLD: REBIRTH,id,Jurassic World Rebirth,2025-07-06,1196
JURASSIC WORLD: REBIRTH,id,Jurassic World Rebirth,2025-07-07,1243
JURASSIC WORLD: REBIRTH,id,Jurassic World Rebirth,2025-07-08,1135
JURASSIC WORLD: REBIRTH,id,Jurassic World Rebirth,2025-07-09,871
JURASSIC WORLD: REBIRTH,id,Jurassic World Rebirth,2025-07-10,758
JURASSIC WORLD: REBIRTH,id,Jurassic World Rebirth,2025-07-11,635
JURASSIC WORLD: REBIRTH,id,Jurassic World Rebirth,2025-07-12,811
JURASSIC WORLD: REBIRTH,id,Jurassic World Rebirth,2025-07-13,661
JURASSIC WORLD: REBIRTH (3D),en,Jurassic World Rebirth,2025-05-28,11721
JURASSIC WORLD: REBIRTH (3D),en,Jurassic World Rebirth,2025-05-29,12703
JURASSIC WORLD: REBIRTH (3D),en,Jurassic World Rebirth,2025-05-30,11940
JURASSIC WORLD: REBIRTH (3D),en,Jurassic World Rebirth,2025-05-31,14062
JURASSIC WORLD: REBIRTH (3D),en,Jurassic World Rebirth,2025-06-01,16142
JURASSIC WORLD: REBIRTH (3D),en,Jurassic World Rebirth,2025-06-02,15568
JURASSIC WORLD: REBIRTH (3D),en,Jurassic World Rebirth,2025-06-03,16160
JURASSIC WORLD: REBIRTH (3D),en,Jurassic World Rebirth,2025-06-04,15948
JURASSIC WORLD: REBIRTH (3D),en,Jurassic World Rebirth,2025-06-05,15742
JURASSIC WORLD: REBIRTH (3D),en,Jurassic World Rebirth,2025-06-06,15924
JURASSIC WORLD: REBIRTH (3D),en,Jurassic World Rebirth,2025-06-07,16784
JURASSIC WORLD: REBIRTH (3D),en,Jurassic World Rebirth,2025-06-08,17226
JURASSIC WORLD: REBIRTH (3D),en,Jurassic World Rebirth,2025-06-09,17388
JURASSIC WORLD: REBIRTH (3D),en,Jurassic World Rebirth,2025-06-10,14932
JURASSIC WORLD: REBIRTH (3D),en,Jurassic World Rebirth,2025-06-11,15571
JURASSIC WORLD: REBIRTH (3D),en,Jurassic World Rebirth,2025-06-12,15906
JURASSIC WORLD: REBIRTH (3D),en,Jurassic World Rebirth,2025-06-13,16841
JURASSIC WORLD: REBIRTH (3D),en,Jurassic World Rebirth,2025-06-14,19425
JURASSIC WORLD: REBIRTH (3D),en,Jurassic World Rebirth,2025-06-15,21141
JURASSIC WORLD: REBIRTH (3D),en,Jurassic World Rebirth,2025-06-16,20723
JURASSIC WORLD: REBIRTH (3D),en,Jurassic World Rebirth,2025-06-17,29407
JURASSIC WORLD: REBIRTH (3D),en,Jurassic World Rebirth,2025-06-18,38500
JURASSIC WORLD: REBIRTH (3D),en,Jurassic World Rebirth,2025-06-19,37386
JURASSIC WORLD: REBIRTH (3D),en,Jurassic World Rebirth,2025-06-20,35855
JURASSIC WORLD: REBIRTH (3D),en,Jurassic World Rebirth,2025-06-21,37340
JURASSIC WORLD: REBIRTH (3D),en,Jurassic World Rebirth,2025-06-22,37302
JURASSIC WORLD: REBIRTH (3D),en,Jurassic World Rebirth,2025-06-23,42255
JURASSIC WORLD: REBIRTH (3D),en,Jurassic World Rebirth,2025-06-24,65003
JURASSIC WORLD: REBIRTH (3D),en,Jurassic World Rebirth,2025-06-25,57987
JURASSIC WORLD: REBIRTH (3D),en,Jurassic World Rebirth,2025-06-26,51156
JURASSIC WORLD: REBIRTH (3D),en,Jurassic World Rebirth,2025-06-27,57304
JURASSIC WORLD: REBIRTH (3D),en,Jurassic World Rebirth,2025-06-28,65380
JURASSIC WORLD: REBIRTH (3D),en,Jurassic World Rebirth,2025-06-29,81555
JURASSIC WORLD: REBIRTH (3D),en,Jurassic World Rebirth,2025-06-30,107383
JURASSIC WORLD: REBIRTH (3D),en,Jurassic World Rebirth,2025-07-01,150727
JURASSIC WORLD: REBIRTH (3D),en,Jurassic World Rebirth,2025-07-02,285249
JURASSIC WORLD: REBIRTH (3D),en,Jurassic World Rebirth,2025-07-03,311071
JURASSIC WORLD: REBIRTH (3D),en,Jurassic World Rebirth,2025-07-04,318919
JURASSIC WORLD: REBIRTH (3D),en,Jurassic World Rebirth,2025-07-05,319339
JURASSIC WORLD: REBIRTH (3D),en,Jurassic World Rebirth,2025-07-06,349288
JURASSIC WORLD: REBIRTH (3D),en,Jurassic World Rebirth,2025-07-07,294227
JURASSIC WORLD: REBIRTH (3D),en,Jurassic World Rebirth,2025-07-08,207623
JURASSIC WORLD: REBIRTH (3D),en,Jurassic World Rebirth,2025-07-09,173491
JURASSIC WORLD: REBIRTH (3D),en,Jurassic World Rebirth,2025-07-10,146243
JURASSIC WORLD: REBIRTH (3D),en,Jurassic World Rebirth,2025-07-11,131741
JURASSIC WORLD: REBIRTH (3D),en,Jurassic World Rebirth,2025-07-12,118764
JURASSIC WORLD: REBIRTH (3D),en,Jurassic World Rebirth,2025-07-13,132081
JURASSIC WORLD: REBIRTH (3D),id,Jurassic World Rebirth,2025-07-04,224
JURASSIC WORLD: REBIRTH (3D),id,Jurassic World Rebirth,2025-07-05,438
JURASSIC WORLD: REBIRTH (3D),id,Jurassic World Rebirth,2025-07-06,1196
JURASSIC WORLD: REBIRTH (3D),id,Jurassic World Rebirth,2025-07-07,1243
JURASSIC WORLD: REBIRTH (3D),id,Jurassic World Rebirth,2025-07-08,1135
JURASSIC WORLD: REBIRTH (3D),id,Jurassic World Rebirth,2025-07-09,871
JURASSIC WORLD: REBIRTH (3D),id,Jurassic World Rebirth,2025-07-10,758
JURASSIC WORLD: REBIRTH (3D),id,Jurassic World Rebirth,2025-07-11,635
JURASSIC WORLD: REBIRTH (3D),id,Jurassic World Rebirth,2025-07-12,811
JURASSIC WORLD: REBIRTH (3D),id,Jurassic World Rebirth,2025-07-13,661
KANG SOLAH FROM KANG MAK X NENEK GAYUNG,id,Kang Solah from Kang Mak x Nenek Gayung,2025-09-28,326
KANG SOLAH FROM KANG MAK X NENEK GAYUNG,id,Kang Solah from Kang Mak x Nenek Gayung,2025-09-29,717
KANG SOLAH FROM KANG MAK X NENEK GAYUNG,id,Kang Solah from Kang Mak x Nenek Gayung,2025-09-30,605
KANG SOLAH FROM KANG MAK X NENEK GAYUNG,id,Kang Solah from Kang Mak x Nenek Gayung,2025-10-01,562
KARATE KID: LEGENDS,en,Karate Kid: Legends,2025-04-22,3491
KARATE KID: LEGENDS,en,Karate Kid: Legends,2025-04-23,3388
KARATE KID: LEGENDS,en,Karate Kid: Legends,2025-04-24,3341
KARATE KID: LEGENDS,en,Karate Kid: Legends,2025-04-25,3427
KARATE KID: LEGENDS,en,Karate Kid: Legends,2025-04-26,3530
KARATE KID: LEGENDS,en,Karate Kid: Legends,2025-04-27,3749
KARATE KID: LEGENDS,en,Karate Kid: Legends,2025-04-28,3930
KARATE KID: LEGENDS,en,Karate Kid: Legends,2025-04-29,5152
KARATE KID: LEGENDS,en,Karate Kid: Legends,2025-04-30,5059
KARATE KID: LEGENDS,en,Karate Kid: Legends,2025-05-01,4365
KARATE KID: LEGENDS,en,Karate Kid: Legends,2025-05-02,6077
KARATE KID: LEGENDS,en,Karate Kid: Legends,2025-05-03,9657
KARATE KID: LEGENDS,en,Karate Kid: Legends,2025-05-04,10085
KARATE KID: LEGENDS,en,Karate Kid: Legends,2025-05-05,8269
KARATE KID: LEGENDS,en,Karate Kid: Legends,2025-05-06,9055
KARATE KID: LEGENDS,en,Karate Kid: Legends,2025-05-07,8839
KARATE KID: LEGENDS,en,Karate Kid: Legends,2025-05-08,12061
KARATE KID: LEGENDS,en,Karate Kid: Legends,2025-05-09,14464
KARATE KID: LEGENDS,en,Karate Kid: Legends,2025-05-10,13786
KARATE KID: LEGENDS,en,Karate Kid: Legends,2025-05-11,17859
KARATE KID: LEGENDS,en,Karate Kid: Legends,2025-05-12,14935
KARATE KID: LEGENDS,en,Karate Kid: Legends,2025-05-13,14586
KARATE KID: LEGENDS,en,Karate Kid: Legends,2025-05-14,17109
KARATE KID: LEGENDS,en,Karate Kid: Legends,2025-05-15,14084
KARATE KID: LEGENDS,en,Karate Kid: Legends,2025-05-16,12888
KARATE KID: LEGENDS,en,Karate Kid: Legends,2025-05-17,12569
KARATE KID: LEGENDS,en,Karate Kid: Legends,2025-05-18,13083
KARATE KID: LEGENDS,en,Karate Kid: Legends,2025-05-19,13582
KARATE KID: LEGENDS,en,Karate Kid: Legends,2025-05-20,14834
KARATE KID: LEGENDS,en,Karate Kid: Legends,2025-05-21,14857
KARATE KID: LEGENDS,en,Karate Kid: Legends,2025-05-22,15792
KARATE KID: LEGENDS,en,Karate Kid: Legends,2025-05-23,16202
KARATE KID: LEGENDS,en,Karate Kid: Legends,2025-05-24,17363
KARATE KID: LEGENDS,en,Karate Kid: Legends,2025-05-25,17772
KARATE KID: LEGENDS,en,Karate Kid: Legends,2025-05-26,18940
KARATE KID: LEGENDS,en,Karate Kid: Legends,2025-05-27,20674
KARATE KID: LEGENDS,en,Karate Kid: Legends,2025-05-28,43437
KARATE KID: LEGENDS,en,Karate Kid: Legends,2025-05-29,53325
KARATE KID: LEGENDS,en,Karate Kid: Legends,2025-05-30,67454
KARATE KID: LEGENDS,en,Karate Kid: Legends,2025-05-31,68683
KARATE KID: LEGENDS,en,Karate Kid: Legends,2025-06-01,61336
KARATE KID: LEGENDS,en,Karate Kid: Legends,2025-06-02,47403
KARATE KID: LEGENDS,en,Karate Kid: Legends,2025-06-03,35753
KARATE KID: LEGENDS,en,Karate Kid: Legends,2025-06-04,32530
KARATE KID: LEGENDS,en,Karate Kid: Legends,2025-06-05,26296
KARATE KID: LEGENDS,en,Karate Kid: Legends,2025-06-06,24606
KARATE KID: LEGENDS,en,Karate Kid: Legends,2025-06-07,35719
KARATE KID: LEGENDS,id,Karate Kid: Legends,2025-04-22,61
KARATE KID: LEGENDS,id,Karate Kid: Legends,2025-04-23,51
KARATE KID: LEGENDS,id,Karate Kid: Legends,2025-04-24,38
KARATE KID: LEGENDS,id,Karate Kid: Legends,2025-04-25,48
KARATE KID: LEGENDS,id,Karate Kid: Legends,2025-04-26,52
KARATE KID: LEGENDS,id,Karate Kid: Legends,2025-04-27,46
KARATE KID: LEGENDS,id,Karate Kid: Legends,2025-04-28,58
KARATE KID: LEGENDS,id,Karate Kid: Legends,2025-04-29,42
KARATE KID: LEGENDS,id,Karate Kid: Legends,2025-04-30,50
KARATE KID: LEGENDS,id,Karate Kid: Legends,2025-05-01,62
KARATE KID: LEGENDS,id,Karate Kid: Legends,2025-05-02,49
KARATE KID: LEGENDS,id,Karate Kid: Legends,2025-05-03,73
KARATE KID: LEGENDS,id,Karate Kid: Legends,2025-05-04,66
KARATE KID: LEGENDS,id,Karate Kid: Legends,2025-05-05,58
KARATE KID: LEGENDS,id,Karate Kid: Legends,2025-05-06,45
KARATE KID: LEGENDS,id,Karate Kid: Legends,2025-05-07,96
KARATE KID: LEGENDS,id,Karate Kid: Legends,2025-05-08,77
KARATE KID: LEGENDS,id,Karate Kid: Legends,2025-05-09,128
KARATE KID: LEGENDS,id,Karate Kid: Legends,2025-05-10,1386
KARATE KID: LEGENDS,id,Karate Kid: Legends,2025-05-11,1181
KARATE KID: LEGENDS,id,Karate Kid: Legends,2025-05-12,144
KARATE KID: LEGENDS,id,Karate Kid: Legends,2025-05-13,146
KARATE KID: LEGENDS,id,Karate Kid: Legends,2025-05-14,230
KARATE KID: LEGENDS,id,Karate Kid: Legends,2025-05-15,156
KARATE KID: LEGENDS,id,Karate Kid: Legends,2025-05-16,113
KARATE KID: LEGENDS,id,Karate Kid: Legends,2025-05-17,147
KARATE KID: LEGENDS,id,Karate Kid: Legends,2025-05-18,145
KARATE KID: LEGENDS,id,Karate Kid: Legends,2025-05-19,113
KARATE KID: LEGENDS,id,Karate Kid: Legends,2025-05-20,117
KARATE KID: LEGENDS,id,Karate Kid: Legends,2025-05-21,126
KARATE KID: LEGENDS,id,Karate Kid: Legends,2025-05-22,202
KARATE KID: LEGENDS,id,Karate Kid: Legends,2025-05-23,233
KARATE KID: LEGENDS,id,Karate Kid: Legends,2025-05-24,207
KARATE KID: LEGENDS,id,Karate Kid: Legends,2025-05-25,231
KARATE KID: LEGENDS,id,Karate Kid: Legends,2025-05-26,205
KARATE KID: LEGENDS,id,Karate Kid: Legends,2025-05-27,253
KARATE KID: LEGENDS,id,Karate Kid: Legends,2025-05-28,653
KARATE KID: LEGENDS,id,Karate Kid: Legends,2025-05-29,863
KARATE KID: LEGENDS,id,Karate Kid: Legends,2025-05-30,827
KARATE KID: LEGENDS,id,Karate Kid: Legends,2025-05-31,697
KARATE KID: LEGENDS,id,Karate Kid: Legends,2025-06-01,504
KARATE KID: LEGENDS,id,Karate Kid: Legends,2025-06-02,427
KARATE KID: LEGENDS,id,Karate Kid: Legends,2025-06-03,349
KARATE KID: LEGENDS,id,Karate Kid: Legends,2025-06-04,328
KARATE KID: LEGENDS,id,Karate Kid: Legends,2025-06-05,215
KARATE KID: LEGENDS,id,Karate Kid: Legends,2025-06-06,284
KARATE KID: LEGENDS,id,Karate Kid: Legends,2025-06-07,263
KARUNRUNG 1995,id,Karunrung 1995,2025-07-10,12
KARUNRUNG 1995,id,Karunrung 1995,2025-07-11,22
KARUNRUNG 1995,id,Karunrung 1995,2025-07-12,5
KARUNRUNG 1995,id,Karunrung 1995,2025-07-13,5
KARUNRUNG 1995,id,Karunrung 1995,2025-07-14,5
KARUNRUNG 1995,id,Karunrung 1995,2025-07-15,10
KEAJAIBAN AIR MATA WANITA,id,Keajaiban Air Mata Wanita,2025-04-12,18
KEAJAIBAN AIR MATA WANITA,id,Keajaiban Air Mata Wanita,2025-04-13,10
KEAJAIBAN AIR MATA WANITA,id,Keajaiban Air Mata Wanita,2025-04-14,26
KEAJAIBAN AIR MATA WANITA,id,Keajaiban Air Mata Wanita,2025-04-15,26
KEAJAIBAN AIR MATA WANITA,id,Keajaiban Air Mata Wanita,2025-04-16,18
KEAJAIBAN AIR MATA WANITA,id,Keajaiban Air Mata Wanita,2025-04-17,18
KEAJAIBAN AIR MATA WANITA,id,Keajaiban Air Mata Wanita,2025-04-18,21
KEAJAIBAN AIR MATA WANITA,id,Keajaiban Air Mata Wanita,2025-04-19,17
KEAJAIBAN AIR MATA WANITA,id,Keajaiban Air Mata Wanita,2025-04-20,27
KEAJAIBAN AIR MATA WANITA,id,Keajaiban Air Mata Wanita,2025-04-21,18
KEAJAIBAN AIR MATA WANITA,id,Keajaiban Air Mata Wanita,2025-04-22,22
KEAJAIBAN AIR MATA WANITA,id,Keajaiban Air Mata Wanita,2025-04-23,18
KEAJAIBAN AIR MATA WANITA,id,Keajaiban Air Mata Wanita,2025-04-24,24
KEAJAIBAN AIR MATA WANITA,id,Keajaiban Air Mata Wanita,2025-04-25,18
KEAJAIBAN AIR MATA WANITA,id,Keajaiban Air Mata Wanita,2025-04-26,23
KEAJAIBAN AIR MATA WANITA,id,Keajaiban Air Mata Wanita,2025-04-27,27
KEAJAIBAN AIR MATA WANITA,id,Keajaiban Air Mata Wanita,2025-04-28,25
KEAJAIBAN AIR MATA WANITA,id,Keajaiban Air Mata Wanita,2025-04-29,20
KEAJAIBAN AIR MATA WANITA,id,Keajaiban Air Mata Wanita,2025-04-30,16
KEAJAIBAN AIR MATA WANITA,id,Keajaiban Air Mata Wanita,2025-05-01,22
KEAJAIBAN AIR MATA WANITA,id,Keajaiban Air Mata Wanita,2025-05-02,25
KEAJAIBAN AIR MATA WANITA,id,Keajaiban Air Mata Wanita,2025-05-03,25
KEAJAIBAN AIR MATA WANITA,id,Keajaiban Air Mata Wanita,2025-05-04,17
KEAJAIBAN AIR MATA WANITA,id,Keajaiban Air Mata Wanita,2025-05-05,18
KEAJAIBAN AIR MATA WANITA,id,Keajaiban Air Mata Wanita,2025-05-06,16
KEAJAIBAN AIR MATA WANITA,id,Keajaiban Air Mata Wanita,2025-05-07,23
KEAJAIBAN AIR MATA WANITA,id,Keajaiban Air Mata Wanita,2025-05-08,13
KEAJAIBAN AIR MATA WANITA,id,Keajaiban Air Mata Wanita,2025-05-09,16
KEAJAIBAN AIR MATA WANITA,id,Keajaiban Air Mata Wanita,2025-05-10,24
KEAJAIBAN AIR MATA WANITA,id,Keajaiban Air Mata Wanita,2025-05-11,18
KEAJAIBAN AIR MATA WANITA,id,Keajaiban Air Mata Wanita,2025-05-12,20
KEAJAIBAN AIR MATA WANITA,id,Keajaiban Air Mata Wanita,2025-05-13,22
KEAJAIBAN AIR MATA WANITA,id,Keajaiban Air Mata Wanita,2025-05-14,24
KEAJAIBAN AIR MATA WANITA,id,Keajaiban Air Mata Wanita,2025-05-15,6
KEAJAIBAN AIR MATA WANITA,id,Keajaiban Air Mata Wanita,2025-05-16,19
KEAJAIBAN AIR MATA WANITA,id,Keajaiban Air Mata Wanita,2025-05-17,11
KEAJAIBAN AIR MATA WANITA,id,Keajaiban Air Mata Wanita,2025-05-18,27
KEAJAIBAN AIR MATA WANITA,id,Keajaiban Air Mata Wanita,2025-05-19,16
KEAJAIBAN AIR MATA WANITA,id,Keajaiban Air Mata Wanita,2025-05-20,13
KEAJAIBAN AIR MATA WANITA,id,Keajaiban Air Mata Wanita,2025-05-21,7
KEAJAIBAN AIR MATA WANITA,id,Keajaiban Air Mata Wanita,2025-05-22,12
KEAJAIBAN AIR MATA WANITA,id,Keajaiban Air Mata Wanita,2025-05-23,20
KEAJAIBAN AIR MATA WANITA,id,Keajaiban Air Mata Wanita,2025-05-24,12
KEAJAIBAN AIR MATA WANITA,id,Keajaiban Air Mata Wanita,2025-05-25,16
KEAJAIBAN AIR MATA WANITA,id,Keajaiban Air Mata Wanita,2025-05-26,5
KEAJAIBAN AIR MATA WANITA,id,Keajaiban Air Mata Wanita,2025-05-27,16
KEAJAIBAN AIR MATA WANITA,id,Keajaiban Air Mata Wanita,2025-05-28,12
KELUARGA SUPER IRIT,id,Keluarga Super Irit,2025-06-12,55
KELUARGA SUPER IRIT,id,Keluarga Super Irit,2025-06-13,70
KELUARGA SUPER IRIT,id,Keluarga Super Irit,2025-06-14,70
KELUARGA SUPER IRIT,id,Keluarga Super Irit,2025-06-15,59
KELUARGA SUPER IRIT,id,Keluarga Super Irit,2025-06-16,56
KELUARGA SUPER IRIT,id,Keluarga Super Irit,2025-06-17,89
KELUARGA SUPER IRIT,id,Keluarga Super Irit,2025-06-18,99
KELUARGA SUPER IRIT,id,Keluarga Super Irit,2025-06-19,90
KELUARGA SUPER IRIT,id,Keluarga Super Irit,2025-06-20,114
KELUARGA SUPER IRIT,id,Keluarga Super Irit,2025-06-21,117
KESARI CHAPTER 2,en,Kesari Chapter 2,2025-04-03,19686
KESARI CHAPTER 2,en,Kesari Chapter 2,2025-04-04,20319
KESARI CHAPTER 2,en,Kesari Chapter 2,2025-04-05,13376
KESARI CHAPTER 2,en,Kesari Chapter 2,2025-04-06,11915
KESARI CHAPTER 2,en,Kesari Chapter 2,2025-04-07,8792
KESARI CHAPTER 2,en,Kesari Chapter 2,2025-04-08,7157
KESARI CHAPTER 2,en,Kesari Chapter 2,2025-04-09,7402
KESARI CHAPTER 2,en,Kesari Chapter 2,2025-04-10,8271
KESARI CHAPTER 2,en,Kesari Chapter 2,2025-04-11,10711
KESARI CHAPTER 2,en,Kesari Chapter 2,2025-04-12,14077
KESARI CHAPTER 2,en,Kesari Chapter 2,2025-04-13,16319
KESARI CHAPTER 2,en,Kesari Chapter 2,2025-04-14,15656
KESARI CHAPTER 2,en,Kesari Chapter 2,2025-04-15,19936
KESARI CHAPTER 2,en,Kesari Chapter 2,2025-04-16,23777
KESARI CHAPTER 2,en,Kesari Chapter 2,2025-04-17,32912
KESARI CHAPTER 2,en,Kesari Chapter 2,2025-04-18,127163
KESARI CHAPTER 2,en,Kesari Chapter 2,2025-04-19,150044
KESARI CHAPTER 2,en,Kesari Chapter 2,2025-04-20,143397
KESARI CHAPTER 2,en,Kesari Chapter 2,2025-04-21,114015
KESARI CHAPTER 2,en,Kesari Chapter 2,2025-04-22,94491
KESARI CHAPTER 2,en,Kesari Chapter 2,2025-04-23,72733
KESARI CHAPTER 2,en,Kesari Chapter 2,2025-04-24,62950
KESARI CHAPTER 2,en,Kesari Chapter 2,2025-04-25,62143
KESARI CHAPTER 2,en,Kesari Chapter 2,2025-04-26,63621
KESARI CHAPTER 2,en,Kesari Chapter 2,2025-04-27,60991
KESARI CHAPTER 2,en,Kesari Chapter 2,2025-04-28,50294
KESARI CHAPTER 2,en,Kesari Chapter 2,2025-04-29,41257
KITAB SIJJIN & ILLIYYIN,id,Kitab Sijjin & Illiyyin,2025-07-17,109
KOMANG,id,Komang (film),2025-03-11,1
KOMANG,id,Komang (film),2025-03-17,1
KOMANG,id,Komang (film),2025-03-19,1
KOMANG,id,Komang (film),2025-03-20,0
KOMANG,id,Komang (film),2025-03-30,1
KOMANG,id,Komang (film),2025-03-31,13
KOMANG,id,Komang (film),2025-04-01,52
KOMANG,id,Komang (film),2025-04-02,96
KOMANG,id,Komang (film),2025-04-03,165
KOMANG,id,Komang (film),2025-04-04,263
KOMANG,id,Komang (film),2025-04-05,329
KOMANG,id,Komang (film),2025-04-06,398
KOMANG,id,Komang (film),2025-04-07,419
KOMANG,id,Komang (film),2025-04-08,561
KOMANG,id,Komang (film),2025-04-09,931
KOMANG,id,Komang (film),2025-04-10,1418
KOMANG,id,Komang (film),2025-04-11,1914
KOMANG,id,Komang (film),2025-04-12,3022
KUYANK,id,Kuyank,2025-12-28,26
KUYANK,id,Kuyank,2025-12-29,37
KUYANK,id,Kuyank,2025-12-30,31
KUYANK,id,Kuyank,2025-12-31,38
KUYANK,id,Kuyank,2026-01-01,38
KUYANK,id,Kuyank,2026-01-02,37
KUYANK,id,Kuyank,2026-01-03,27
KUYANK,id,Kuyank,2026-01-04,25
KUYANK,id,Kuyank,2026-01-05,42
KUYANK,id,Kuyank,2026-01-06,39
KUYANK,id,Kuyank,2026-01-07,31
KUYANK,id,Kuyank,2026-01-08,40
KUYANK,id,Kuyank,2026-01-09,49
KUYANK,id,Kuyank,2026-01-10,22
KUYANK,id,Kuyank,2026-01-11,18
KUYANK,id,Kuyank,2026-01-12,30
KUYANK,id,Kuyank,2026-01-13,42
KUYANK,id,Kuyank,2026-01-14,37
KUYANK,id,Kuyank,2026-01-15,56
KUYANK,id,Kuyank,2026-01-16,36
KUYANK,id,Kuyank,2026-01-17,44
KUYANK,id,Kuyank,2026-01-18,29
KUYANK,id,Kuyank,2026-01-19,61
KUYANK,id,Kuyank,2026-01-20,56
KUYANK,id,Kuyank,2026-01-21,74
KUYANK,id,Kuyank,2026-01-22,60
KUYANK,id,Kuyank,2026-01-23,125
KUYANK,id,Kuyank,2026-01-24,137
KUYANK,id,Kuyank,2026-01-25,125
KUYANK,id,Kuyank,2026-01-26,168
KUYANK,id,Kuyank,2026-01-27,197
KUYANK,id,Kuyank,2026-01-28,171
KUYANK,id,Kuyank,2026-01-29,436
KUYANK,id,Kuyank,2026-01-30,510
KUYANK,id,Kuyank,2026-01-31,861
KUYANK,id,Kuyank,2026-02-01,947
KUYANK,id,Kuyank,2026-02-02,937
KUYANK,id,Kuyank,2026-02-03,1049
KUYANK,id,Kuyank,2026-02-04,1055
KUYANK,id,Kuyank,2026-02-05,977
KUYANK,id,Kuyank,2026-02-06,900
KUYANK,id,Kuyank,2026-02-07,1059
KUYANK,id,Kuyank,2026-02-08,899
KUYANK,id,Kuyank,2026-02-09,607
"LA TAHZAN: CINTA, DOSA, LUKA...",id,"La Tahzan: Cinta, Dosa, Luka...",2025-08-14,153
"LA TAHZAN: CINTA, DOSA, LUKA...",id,"La Tahzan: Cinta, Dosa, Luka...",2025-08-15,618
"LA TAHZAN: CINTA, DOSA, LUKA...",id,"La Tahzan: Cinta, Dosa, Luka...",2025-08-16,999
"LA TAHZAN: CINTA, DOSA, LUKA...",id,"La Tahzan: Cinta, Dosa, Luka...",2025-08-17,979
"LA TAHZAN: CINTA, DOSA, LUKA...",id,"La Tahzan: Cinta, Dosa, Luka...",2025-08-18,1235
LILO & STITCH,en,Lilo & Stitch (2025 film),2025-04-14,6452
LILO & STITCH,en,Lilo & Stitch (2025 film),2025-04-15,6192
LILO & STITCH,en,Lilo & Stitch (2025 film),2025-04-16,6046
LILO & STITCH,en,Lilo & Stitch (2025 film),2025-04-17,5813
LILO & STITCH,en,Lilo & Stitch (2025 film),2025-04-18,6448
LILO & STITCH,en,Lilo & Stitch (2025 film),2025-04-19,6410
LILO & STITCH,en,Lilo & Stitch (2025 film),2025-04-20,7097
LILO & STITCH,en,Lilo & Stitch (2025 film),2025-04-21,7011
LILO & STITCH,en,Lilo & Stitch (2025 film),2025-04-22,6329
LILO & STITCH,en,Lilo & Stitch (2025 film),2025-04-23,6438
LILO & STITCH,en,Lilo & Stitch (2025 film),2025-04-24,7373
LILO & STITCH,en,Lilo & Stitch (2025 film),2025-04-25,7538
LILO & STITCH,en,Lilo & Stitch (2025 film),2025-04-26,8119
LILO & STITCH,en,Lilo & Stitch (2025 film),2025-04-27,8526
LILO & STITCH,en,Lilo & Stitch (2025 film),2025-04-28,7501
LILO & STITCH,en,Lilo & Stitch (2025 film),2025-04-29,7926
LILO & STITCH,en,Lilo & Stitch (2025 film),2025-04-30,8100
LILO & STITCH,en,Lilo & Stitch (2025 film),2025-05-01,8990
LILO & STITCH,en,Lilo & Stitch (2025 film),2025-05-02,9911
LILO & STITCH,en,Lilo & Stitch (2025 film),2025-05-03,11207
LILO & STITCH,en,Lilo & Stitch (2025 film),2025-05-04,12131
LILO & STITCH,en,Lilo & Stitch (2025 film),2025-05-05,11521
LILO & STITCH,en,Lilo & Stitch (2025 film),2025-05-06,16041
LILO & STITCH,en,Lilo & Stitch (2025 film),2025-05-07,17043
LILO & STITCH,en,Lilo & Stitch (2025 film),2025-05-08,15694
LILO & STITCH,en,Lilo & Stitch (2025 film),2025-05-09,18304
LILO & STITCH,en,Lilo & Stitch (2025 film),2025-05-10,20974
LILO & STITCH,en,Lilo & Stitch (2025 film),2025-05-11,21108
LILO & STITCH,en,Lilo & Stitch (2025 film),2025-05-12,18810
LILO & STITCH,en,Lilo & Stitch (2025 film),2025-05-13,24227
LILO & STITCH,en,Lilo & Stitch (2025 film),2025-05-14,24829
LILO & STITCH,en,Lilo & Stitch (2025 film),2025-05-15,23802
LILO & STITCH,en,Lilo & Stitch (2025 film),2025-05-16,26974
LILO & STITCH,en,Lilo & Stitch (2025 film),2025-05-17,33633
LILO & STITCH,en,Lilo & Stitch (2025 film),2025-05-18,48130
LILO & STITCH,en,Lilo & Stitch (2025 film),2025-05-19,51457
LILO & STITCH,en,Lilo & Stitch (2025 film),2025-05-20,62531
LILO & STITCH,en,Lilo & Stitch (2025 film),2025-05-21,90256
LILO & STITCH,en,Lilo & Stitch (2025 film),2025-05-22,117988
LILO & STITCH,en,Lilo & Stitch (2025 film),2025-05-23,247831
LILO & STITCH,en,Lilo & Stitch (2025 film),2025-05-24,298661
LILO & STITCH,en,Lilo & Stitch (2025 film),2025-05-25,307604
LILO & STITCH,en,Lilo & Stitch (2025 film),2025-05-26,292285
LILO & STITCH,en,Lilo & Stitch (2025 film),2025-05-27,204185
LILO & STITCH,en,Lilo & Stitch (2025 film),2025-05-28,154661
LILO & STITCH,en,Lilo & Stitch (2025 film),2025-05-29,131683
LILO & STITCH,en,Lilo & Stitch (2025 film),2025-05-30,126328
LILO & STITCH,id,Lilo & Stitch (film 2025),2025-04-14,14
LILO & STITCH,id,Lilo & Stitch (film 2025),2025-04-15,11
LILO & STITCH,id,Lilo & Stitch (film 2025),2025-04-16,8
LILO & STITCH,id,Lilo & Stitch (film 2025),2025-04-17,8
LILO & STITCH,id,Lilo & Stitch (film 2025),2025-04-18,13
LILO & STITCH,id,Lilo & Stitch (film 2025),2025-04-19,11
LILO & STITCH,id,Lilo & Stitch (film 2025),2025-04-20,13
LILO & STITCH,id,Lilo & Stitch (film 2025),2025-04-21,14
LILO & STITCH,id,Lilo & Stitch (film 2025),2025-04-22,15
LILO & STITCH,id,Lilo & Stitch (film 2025),2025-04-23,11
LILO & STITCH,id,Lilo & Stitch (film 2025),2025-04-24,13
LILO & STITCH,id,Lilo & Stitch (film 2025),2025-04-25,9
LILO & STITCH,id,Lilo & Stitch (film 2025),2025-04-26,19
LILO & STITCH,id,Lilo & Stitch (film 2025),2025-04-27,12
LILO & STITCH,id,Lilo & Stitch (film 2025),2025-04-28,21
LILO & STITCH,id,Lilo & Stitch (film 2025),2025-04-29,11
LILO & STITCH,id,Lilo & Stitch (film 2025),2025-04-30,24
LILO & STITCH,id,Lilo & Stitch (film 2025),2025-05-01,20
LILO & STITCH,id,Lilo & Stitch (film 2025),2025-05-02,25
LILO & STITCH,id,Lilo & Stitch (film 2025),2025-05-03,18
LILO & STITCH,id,Lilo & Stitch (film 2025),2025-05-04,25
LILO & STITCH,id,Lilo & Stitch (film 2025),2025-05-05,29
LILO & STITCH,id,Lilo & Stitch (film 2025),2025-05-06,23
LILO & STITCH,id,Lilo & Stitch (film 2025),2025-05-07,40
LILO & STITCH,id,Lilo & Stitch (film 2025),2025-05-08,42
LILO & STITCH,id,Lilo & Stitch (film 2025),2025-05-09,55
LILO & STITCH,id,Lilo & Stitch (film 2025),2025-05-10,54
LILO & STITCH,id,Lilo & Stitch (film 2025),2025-05-11,48
LILO & STITCH,id,Lilo & Stitch (film 2025),2025-05-12,44
LILO & STITCH,id,Lilo & Stitch (film 2025),2025-05-13,50
LILO & STITCH,id,Lilo & Stitch (film 2025),2025-05-14,47
LILO & STITCH,id,Lilo & Stitch (film 2025),2025-05-15,80
LILO & STITCH,id,Lilo & Stitch (film 2025),2025-05-16,132
LILO & STITCH,id,Lilo & Stitch (film 2025),2025-05-17,140
LILO & STITCH,id,Lilo & Stitch (film 2025),2025-05-18,149
LILO & STITCH,id,Lilo & Stitch (film 2025),2025-05-19,177
LILO & STITCH,id,Lilo & Stitch (film 2025),2025-05-20,161
LILO & STITCH,id,Lilo & Stitch (film 2025),2025-05-21,467
LILO & STITCH,id,Lilo & Stitch (film 2025),2025-05-22,427
LILO & STITCH,id,Lilo & Stitch (film 2025),2025-05-23,411
LILO & STITCH,id,Lilo & Stitch (film 2025),2025-05-24,456
LILO & STITCH,id,Lilo & Stitch (film 2025),2025-05-25,451
LILO & STITCH,id,Lilo & Stitch (film 2025),2025-05-26,349
LILO & STITCH,id,Lilo & Stitch (film 2025),2025-05-27,310
LILO & STITCH,id,Lilo & Stitch (film 2025),2025-05-28,281
LILO & STITCH,id,Lilo & Stitch (film 2025),2025-05-29,385
LILO & STITCH,id,Lilo & Stitch (film 2025),2025-05-30,333
LILO & STITCH (3D),en,Lilo & Stitch (2025 film),2025-04-16,6046
LILO & STITCH (3D),en,Lilo & Stitch (2025 film),2025-04-17,5813
LILO & STITCH (3D),en,Lilo & Stitch (2025 film),2025-04-18,6448
LILO & STITCH (3D),en,Lilo & Stitch (2025 film),2025-04-19,6410
LILO & STITCH (3D),en,Lilo & Stitch (2025 film),2025-04-20,7097
LILO & STITCH (3D),en,Lilo & Stitch (2025 film),2025-04-21,7011
LILO & STITCH (3D),en,Lilo & Stitch (2025 film),2025-04-22,6329
LILO & STITCH (3D),en,Lilo & Stitch (2025 film),2025-04-23,6438
LILO & STITCH (3D),en,Lilo & Stitch (2025 film),2025-04-24,7373
LILO & STITCH (3D),en,Lilo & Stitch (2025 film),2025-04-25,7538
LILO & STITCH (3D),en,Lilo & Stitch (2025 film),2025-04-26,8119
LILO & STITCH (3D),en,Lilo & Stitch (2025 film),2025-04-27,8526
LILO & STITCH (3D),en,Lilo & Stitch (2025 film),2025-04-28,7501
LILO & STITCH (3D),en,Lilo & Stitch (2025 film),2025-04-29,7926
LILO & STITCH (3D),en,Lilo & Stitch (2025 film),2025-04-30,8100
LILO & STITCH (3D),en,Lilo & Stitch (2025 film),2025-05-01,8990
LILO & STITCH (3D),en,Lilo & Stitch (2025 film),2025-05-02,9911
LILO & STITCH (3D),en,Lilo & Stitch (2025 film),2025-05-03,11207
LILO & STITCH (3D),en,Lilo & Stitch (2025 film),2025-05-04,12131
LILO & STITCH (3D),en,Lilo & Stitch (2025 film),2025-05-05,11521
LILO & STITCH (3D),en,Lilo & Stitch (2025 film),2025-05-06,16041
LILO & STITCH (3D),en,Lilo & Stitch (2025 film),2025-05-07,17043
LILO & STITCH (3D),en,Lilo & Stitch (2025 film),2025-05-08,15694
LILO & STITCH (3D),en,Lilo & Stitch (2025 film),2025-05-09,18304
LILO & STITCH (3D),en,Lilo & Stitch (2025 film),2025-05-10,20974
LILO & STITCH (3D),en,Lilo & Stitch (2025 film),2025-05-11,21108
LILO & STITCH (3D),en,Lilo & Stitch (2025 film),2025-05-12,18810
LILO & STITCH (3D),en,Lilo & Stitch (2025 film),2025-05-13,24227
LILO & STITCH (3D),en,Lilo & Stitch (2025 film),2025-05-14,24829
LILO & STITCH (3D),en,Lilo & Stitch (2025 film),2025-05-15,23802
LILO & STITCH (3D),en,Lilo & Stitch (2025 film),2025-05-16,26974
LILO & STITCH (3D),en,Lilo & Stitch (2025 film),2025-05-17,33633
LILO & STITCH (3D),en,Lilo & Stitch (2025 film),2025-05-18,48130
LILO & STITCH (3D),en,Lilo & Stitch (2025 film),2025-05-19,51457
LILO & STITCH (3D),en,Lilo & Stitch (2025 film),2025-05-20,62531
LILO & STITCH (3D),en,Lilo & Stitch (2025 film),2025-05-21,90256
LILO & STITCH (3D),en,Lilo & Stitch (2025 film),2025-05-22,117988
LILO & STITCH (3D),en,Lilo & Stitch (2025 film),2025-05-23,247831
LILO & STITCH (3D),en,Lilo & Stitch (2025 film),2025-05-24,298661
LILO & STITCH (3D),en,Lilo & Stitch (2025 film),2025-05-25,307604
LILO & STITCH (3D),en,Lilo & Stitch (2025 film),2025-05-26,292285
LILO & STITCH (3D),en,Lilo & Stitch (2025 film),2025-05-27,204185
LILO & STITCH (3D),en,Lilo & Stitch (2025 film),2025-05-28,154661
LILO & STITCH (3D),en,Lilo & Stitch (2025 film),2025-05-29,131683
LILO & STITCH (3D),en,Lilo & Stitch (2025 film),2025-05-30,126328
LILO & STITCH (3D),en,Lilo & Stitch (2025 film),2025-05-31,148781
LILO & STITCH (3D),en,Lilo & Stitch (2025 film),2025-06-01,149355
LILO & STITCH (3D),id,Lilo & Stitch (film 2025),2025-04-16,8
LILO & STITCH (3D),id,Lilo & Stitch (film 2025),2025-04-17,8
LILO & STITCH (3D),id,Lilo & Stitch (film 2025),2025-04-18,13
LILO & STITCH (3D),id,Lilo & Stitch (film 2025),2025-04-19,11
LILO & STITCH (3D),id,Lilo & Stitch (film 2025),2025-04-20,13
LILO & STITCH (3D),id,Lilo & Stitch (film 2025),2025-04-21,14
LILO & STITCH (3D),id,Lilo & Stitch (film 2025),2025-04-22,15
LILO & STITCH (3D),id,Lilo & Stitch (film 2025),2025-04-23,11
LILO & STITCH (3D),id,Lilo & Stitch (film 2025),2025-04-24,13
LILO & STITCH (3D),id,Lilo & Stitch (film 2025),2025-04-25,9
LILO & STITCH (3D),id,Lilo & Stitch (film 2025),2025-04-26,19
LILO & STITCH (3D),id,Lilo & Stitch (film 2025),2025-04-27,12
LILO & STITCH (3D),id,Lilo & Stitch (film 2025),2025-04-28,21
LILO & STITCH (3D),id,Lilo & Stitch (film 2025),2025-04-29,11
LILO & STITCH (3D),id,Lilo & Stitch (film 2025),2025-04-30,24
LILO & STITCH (3D),id,Lilo & Stitch (film 2025),2025-05-01,20
LILO & STITCH (3D),id,Lilo & Stitch (film 2025),2025-05-02,25
LILO & STITCH (3D),id,Lilo & Stitch (film 2025),2025-05-03,18
LILO & STITCH (3D),id,Lilo & Stitch (film 2025),2025-05-04,25
LILO & STITCH (3D),id,Lilo & Stitch (film 2025),2025-05-05,29
LILO & STITCH (3D),id,Lilo & Stitch (film 2025),2025-05-06,23
LILO & STITCH (3D),id,Lilo & Stitch (film 2025),2025-05-07,40
LILO & STITCH (3D),id,Lilo & Stitch (film 2025),2025-05-08,42
LILO & STITCH (3D),id,Lilo & Stitch (film 2025),2025-05-09,55
LILO & STITCH (3D),id,Lilo & Stitch (film 2025),2025-05-10,54
LILO & STITCH (3D),id,Lilo & Stitch (film 2025),2025-05-11,48
LILO & STITCH (3D),id,Lilo & Stitch (film 2025),2025-05-12,44
LILO & STITCH (3D),id,Lilo & Stitch (film 2025),2025-05-13,50
LILO & STITCH (3D),id,Lilo & Stitch (film 2025),2025-05-14,47
LILO & STITCH (3D),id,Lilo & Stitch (film 2025),2025-05-15,80
LILO & STITCH (3D),id,Lilo & Stitch (film 2025),2025-05-16,132
LILO & STITCH (3D),id,Lilo & Stitch (film 2025),2025-05-17,140
LILO & STITCH (3D),id,Lilo & Stitch (film 2025),2025-05-18,149
LILO & STITCH (3D),id,Lilo & Stitch (film 2025),2025-05-19,177
LILO & STITCH (3D),id,Lilo & Stitch (film 2025),2025-05-20,161
LILO & STITCH (3D),id,Lilo & Stitch (film 2025),2025-05-21,467
LILO & STITCH (3D),id,Lilo & Stitch (film 2025),2025-05-22,427
LILO & STITCH (3D),id,Lilo & Stitch (film 2025),2025-05-23,411
LILO & STITCH (3D),id,Lilo & Stitch (film 2025),2025-05-24,456
LILO & STITCH (3D),id,Lilo & Stitch (film 2025),2025-05-25,451
LILO & STITCH (3D),id,Lilo & Stitch (film 2025),2025-05-26,349
LILO & STITCH (3D),id,Lilo & Stitch (film 2025),2025-05-27,310
LILO & STITCH (3D),id,Lilo & Stitch (film 2025),2025-05-28,281
LILO & STITCH (3D),id,Lilo & Stitch (film 2025),2025-05-29,385
LILO & STITCH (3D),id,Lilo & Stitch (film 2025),2025-05-30,333
LILO & STITCH (3D),id,Lilo & Stitch (film 2025),2025-05-31,311
LILO & STITCH (3D),id,Lilo & Stitch (film 2025),2025-06-01,277
LOCKED,en,Locked (film),2025-04-02,8335
LOCKED,en,Locked (film),2025-04-03,7650
LOCKED,en,Locked (film),2025-04-04,7880
LOCKED,en,Locked (film),2025-04-05,9834
LOCKED,en,Locked (film),2025-04-06,10901
LOCKED,en,Locked (film),2025-04-07,8334
LOCKED,en,Locked (film),2025-04-08,7902
LOCKED,en,Locked (film),2025-04-09,7504
LOCKED,en,Locked (film),2025-04-10,5617
LOCKED,en,Locked (film),2025-04-11,3777
LOCKED,en,Locked (film),2025-04-12,2496
LOCKED,en,Locked (film),2025-04-13,6939
LOCKED,en,Locked (film),2025-04-14,3040
LOCKED,en,Locked (film),2025-04-15,4787
LOCKED,en,Locked (film),2025-04-16,5850
LOCKED,en,Locked (film),2025-04-17,3223
LOCKED,en,Locked (film),2025-04-18,5346
LOCKED,en,Locked (film),2025-04-19,8307
LOCKED,en,Locked (film),2025-04-20,9130
LOCKED,en,Locked (film),2025-04-21,8321
LOCKED,en,Locked (film),2025-04-22,13920
LOCKED,en,Locked (film),2025-04-23,20054
LOCKED,en,Locked (film),2025-04-24,21229
LOCKED,en,Locked (film),2025-04-25,22535
LOCKED,en,Locked (film),2025-04-26,17269
LOCKED,en,Locked (film),2025-04-27,22018
LOCKED,en,Locked (film),2025-04-28,15613
LOCKED,en,Locked (film),2025-04-29,11078
LOCKED,en,Locked (film),2025-04-30,6793
LOCKED,en,Locked (film),2025-05-01,9878
LOCKED,en,Locked (film),2025-05-02,9443
LOCKED,en,Locked (film),2025-05-03,12893
LOCKED,en,Locked (film),2025-05-04,12820
LOCKED,en,Locked (film),2025-05-05,8932
LOCKED,en,Locked (film),2025-05-06,6961
LOCKED,en,Locked (film),2025-05-07,6231
LOCKED,en,Locked (film),2025-05-08,5679
LOCKED,en,Locked (film),2025-05-09,6011
LOCKED,en,Locked (film),2025-05-10,8142
LOCKED,en,Locked (film),2025-05-11,8958
LOCKED,en,Locked (film),2025-05-12,6278
LOCKED,en,Locked (film),2025-05-13,5171
LOCKED,en,Locked (film),2025-05-14,4527
LOCKED,en,Locked (film),2025-05-15,3704
LOCKED,en,Locked (film),2025-05-16,3479
LOCKED,en,Locked (film),2025-05-17,5430
LOCKED,en,Locked (film),2025-05-18,6396
LORONG KOST,id,Lorong Kost,2025-06-26,25
LORONG KOST,id,Lorong Kost,2025-06-27,11
LORONG KOST,id,Lorong Kost,2025-06-28,16
LORONG KOST,id,Lorong Kost,2025-06-29,15
LORONG KOST,id,Lorong Kost,2025-06-30,34
LORONG KOST,id,Lorong Kost,2025-07-01,20
LORONG KOST,id,Lorong Kost,2025-07-02,13
LORONG KOST,id,Lorong Kost,2025-07-03,15
LORONG KOST,id,Lorong Kost,2025-07-04,32
M3GAN 2.0,en,M3GAN 2.0,2025-05-19,2998
M3GAN 2.0,en,M3GAN 2.0,2025-05-20,2904
M3GAN 2.0,en,M3GAN 2.0,2025-05-21,3002
M3GAN 2.0,en,M3GAN 2.0,2025-05-22,3965
M3GAN 2.0,en,M3GAN 2.0,2025-05-23,2899
M3GAN 2.0,en,M3GAN 2.0,2025-05-24,3489
M3GAN 2.0,en,M3GAN 2.0,2025-05-25,3822
M3GAN 2.0,en,M3GAN 2.0,2025-05-26,3556
M3GAN 2.0,en,M3GAN 2.0,2025-05-27,3607
M3GAN 2.0,en,M3GAN 2.0,2025-05-28,3193
M3GAN 2.0,en,M3GAN 2.0,2025-05-29,4135
M3GAN 2.0,en,M3GAN 2.0,2025-05-30,4398
M3GAN 2.0,en,M3GAN 2.0,2025-05-31,4733
M3GAN 2.0,en,M3GAN 2.0,2025-06-01,5590
M3GAN 2.0,en,M3GAN 2.0,2025-06-02,11072
M3GAN 2.0,en,M3GAN 2.0,2025-06-03,10072
M3GAN 2.0,en,M3GAN 2.0,2025-06-04,7958
M3GAN 2.0,en,M3GAN 2.0,2025-06-05,7140
M3GAN 2.0,en,M3GAN 2.0,2025-06-06,6796
M3GAN 2.0,en,M3GAN 2.0,2025-06-07,7458
M3GAN 2.0,en,M3GAN 2.0,2025-06-08,8239
M3GAN 2.0,en,M3GAN 2.0,2025-06-09,7496
M3GAN 2.0,en,M3GAN 2.0,2025-06-10,6342
M3GAN 2.0,en,M3GAN 2.0,2025-06-11,6133
M3GAN 2.0,en,M3GAN 2.0,2025-06-12,6837
M3GAN 2.0,en,M3GAN 2.0,2025-06-13,8507
M3GAN 2.0,en,M3GAN 2.0,2025-06-14,11082
M3GAN 2.0,en,M3GAN 2.0,2025-06-15,9215
M3GAN 2.0,en,M3GAN 2.0,2025-06-16,8623
M3GAN 2.0,en,M3GAN 2.0,2025-06-17,8989
M3GAN 2.0,en,M3GAN 2.0,2025-06-18,10339
M3GAN 2.0,en,M3GAN 2.0,2025-06-19,11228
M3GAN 2.0,en,M3GAN 2.0,2025-06-20,12770
M3GAN 2.0,en,M3GAN 2.0,2025-06-21,13670
M3GAN 2.0,en,M3GAN 2.0,2025-06-22,15388
M3GAN 2.0,en,M3GAN 2.0,2025-06-23,17881
M3GAN 2.0,en,M3GAN 2.0,2025-06-24,20667
M3GAN 2.0,en,M3GAN 2.0,2025-06-25,41937
M3GAN 2.0,en,M3GAN 2.0,2025-06-26,62290
M3GAN 2.0,en,M3GAN 2.0,2025-06-27,104993
M3GAN 2.0,en,M3GAN 2.0,2025-06-28,106940
M3GAN 2.0,en,M3GAN 2.0,2025-06-29,93519
M3GAN 2.0,en,M3GAN 2.0,2025-06-30,71687
M3GAN 2.0,en,M3GAN 2.0,2025-07-01,53206
M3GAN 2.0,en,M3GAN 2.0,2025-07-02,47479
M3GAN 2.0,en,M3GAN 2.0,2025-07-03,51362
M3GAN 2.0,en,M3GAN 2.0,2025-07-04,43009
MAA,en,Maa (2025 film),2025-05-27,4
MAA,en,Maa (2025 film),2025-05-28,784
MAA,en,Maa (2025 film),2025-05-29,4736
MAA,en,Maa (2025 film),2025-05-30,3310
MAA,en,Maa (2025 film),2025-05-31,2531
MAA,en,Maa (2025 film),2025-06-01,1983
MAA,en,Maa (2025 film),2025-06-02,1506
MAA,en,Maa (2025 film),2025-06-03,1305
MAA,en,Maa (2025 film),2025-06-04,1484
MAA,en,Maa (2025 film),2025-06-05,1368
MAA,en,Maa (2025 film),2025-06-06,1291
MAA,en,Maa (2025 film),2025-06-07,1525
MAA,en,Maa (2025 film),2025-06-08,1420
MAA,en,Maa (2025 film),2025-06-09,1363
MAA,en,Maa (2025 film),2025-06-10,1442
MAA,en,Maa (2025 film),2025-06-11,1181
MAA,en,Maa (2025 film),2025-06-12,1364
MAA,en,Maa (2025 film),2025-06-13,1209
MAA,en,Maa (2025 film),2025-06-14,1249
MAA,en,Maa (2025 film),2025-06-15,1507
MAA,en,Maa (2025 film),2025-06-16,1312
MAA,en,Maa (2025 film),2025-06-17,1321
MAA,en,Maa (2025 film),2025-06-18,1362
MAA,en,Maa (2025 film),2025-06-19,1814
MAA,en,Maa (2025 film),2025-06-20,2018
MAA,en,Maa (2025 film),2025-06-21,1882
MAA,en,Maa (2025 film),2025-06-22,2030
MAA,en,Maa (2025 film),2025-06-23,1722
MAA,en,Maa (2025 film),2025-06-24,1714
MAA,en,Maa (2025 film),2025-06-25,2249
MAA,en,Maa (2025 film),2025-06-26,3223
MAA,en,Maa (2025 film),2025-06-27,9835
MAA,en,Maa (2025 film),2025-06-28,11260
MAA,en,Maa (2025 film),2025-06-29,10215
MAA,en,Maa (2025 film),2025-06-30,8298
MAA,en,Maa (2025 film),2025-07-01,6642
MAA,en,Maa (2025 film),2025-07-02,6276
MAA,en,Maa (2025 film),2025-07-03,12168
MAA,en,Maa (2025 film),2025-07-04,12111
MAA,en,Maa (2025 film),2025-07-05,11612
MAA,en,Maa (2025 film),2025-07-06,12371
MAA,en,Maa (2025 film),2025-07-07,9618
MAA,en,Maa (2025 film),2025-07-08,8166
MALAM 3 YASINAN,id,Malam 3 Yasinan,2026-01-08,48
MALAM 3 YASINAN,id,Malam 3 Yasinan,2026-01-09,70
MALAM 3 YASINAN,id,Malam 3 Yasinan,2026-01-10,121
MALAM 3 YASINAN,id,Malam 3 Yasinan,2026-01-11,119
MALAM 3 YASINAN,id,Malam 3 Yasinan,2026-01-12,69
MALAM 3 YASINAN,id,Malam 3 Yasinan,2026-01-13,58
MALAM 3 YASINAN,id,Malam 3 Yasinan,2026-01-14,42
MALAM 3 YASINAN,id,Malam 3 Yasinan,2026-01-15,31
MALAM 3 YASINAN,id,Malam 3 Yasinan,2026-01-16,43
MALAM 3 YASINAN,id,Malam 3 Yasinan,2026-01-17,28
MALAM 3 YASINAN,id,Malam 3 Yasinan,2026-01-18,36
MALAM 3 YASINAN,id,Malam 3 Yasinan,2026-01-19,28
MAMA: PESAN DARI NERAKA,id,Mama: Pesan dari Neraka,2025-09-10,1
MAMA: PESAN DARI NERAKA,id,Mama: Pesan dari Neraka,2025-09-11,76
MAMA: PESAN DARI NERAKA,id,Mama: Pesan dari Neraka,2025-09-12,111
MAMA: PESAN DARI NERAKA,id,Mama: Pesan dari Neraka,2025-09-13,102
MAMA: PESAN DARI NERAKA,id,Mama: Pesan dari Neraka,2025-09-14,109
MAMA: PESAN DARI NERAKA,id,Mama: Pesan dari Neraka,2025-09-15,84
MAMA: PESAN DARI NERAKA,id,Mama: Pesan dari Neraka,2025-09-16,50
MAMA: PESAN DARI NERAKA,id,Mama: Pesan dari Neraka,2025-09-17,38
MAMA: PESAN DARI NERAKA,id,Mama: Pesan dari Neraka,2025-09-18,33
MAMA: PESAN DARI NERAKA,id,Mama: Pesan dari Neraka,2025-09-19,19
MANGKU POCONG,id,Mangku Pocong,2025-04-24,56
MANGKU POCONG,id,Mangku Pocong,2025-04-25,54
MANGKU POCONG,id,Mangku Pocong,2025-04-26,91
MANGKU POCONG,id,Mangku Pocong,2025-04-27,114
MANGKU POCONG,id,Mangku Pocong,2025-04-28,85
MARIA,en,Maria (2024 film),2025-08-30,1064
MARIA,en,Maria (2024 film),2025-08-31,1225
MARIA,en,Maria (2024 film),2025-09-01,875
MARIA,en,Maria (2024 film),2025-09-02,959
MARIA,en,Maria (2024 film),2025-09-03,819
MARIA,en,Maria (2024 film),2025-09-04,941
MARIA,en,Maria (2024 film),2025-09-05,825
MARIA,en,Maria (2024 film),2025-09-06,1088
MARIA,en,Maria (2024 film),2025-09-07,1024
MARIA,en,Maria (2024 film),2025-09-08,866
MARIA,en,Maria (2024 film),2025-09-09,801
MARIA,en,Maria (2024 film),2025-09-10,769
MARIA,en,Maria (2024 film),2025-09-11,721
MARIA,en,Maria (2024 film),2025-09-12,807
MARIA,en,Maria (2024 film),2025-09-13,928
MARIA,en,Maria (2024 film),2025-09-14,1111
MARIA,en,Maria (2024 film),2025-09-15,825
MARIA,en,Maria (2024 film),2025-09-16,934
MARIA,en,Maria (2024 film),2025-09-17,801
MARIA,en,Maria (2024 film),2025-09-18,713
MARIA,en,Maria (2024 film),2025-09-19,799
MARIA,en,Maria (2024 film),2025-09-20,994
MARIA,en,Maria (2024 film),2025-09-21,950
MARIA,en,Maria (2024 film),2025-09-22,890
MARIA,en,Maria (2024 film),2025-09-23,887
MARIA,en,Maria (2024 film),2025-09-24,789
MARIA,en,Maria (2024 film),2025-09-25,810
MARIA,en,Maria (2024 film),2025-09-26,778
MARIA,en,Maria (2024 film),2025-09-27,981
MARIA,en,Maria (2024 film),2025-09-28,865
MARIA,en,Maria (2024 film),2025-09-29,751
MARIA,en,Maria (2024 film),2025-09-30,635
MARIA,en,Maria (2024 film),2025-10-01,750
MARIA,en,Maria (2024 film),2025-10-02,868
MARIA,en,Maria (2024 film),2025-10-03,813
MARIA,en,Maria (2024 film),2025-10-04,1283
MARIA,en,Maria (2024 film),2025-10-05,1177
MARIA,en,Maria (2024 film),2025-10-06,980
MARIA,en,Maria (2024 film),2025-10-07,910
MARIA,en,Maria (2024 film),2025-10-08,793
MARIA,en,Maria (2024 film),2025-10-09,791
MARIA,en,Maria (2024 film),2025-10-10,1255
MARIA,en,Maria (2024 film),2025-10-11,1269
MARIA,en,Maria (2024 film),2025-10-12,1274
MARIA,en,Maria (2024 film),2025-10-13,978
MARIA,en,Maria (2024 film),2025-10-14,943
MARIA,en,Maria (2024 film),2025-10-15,854
MARIA,id,Maria (film 2024),2025-08-30,6
MARIA,id,Maria (film 2024),2025-08-31,2
MARIA,id,Maria (film 2024),2025-09-01,2
MARIA,id,Maria (film 2024),2025-09-02,2
MARIA,id,Maria (film 2024),2025-09-03,2
MARIA,id,Maria (film 2024),2025-09-04,5
MARIA,id,Maria (film 2024),2025-09-05,1
MARIA,id,Maria (film 2024),2025-09-06,2
MARIA,id,Maria (film 2024),2025-09-07,3
MARIA,id,Maria (film 2024),2025-09-08,1
MARIA,id,Maria (film 2024),2025-09-09,4
MARIA,id,Maria (film 2024),2025-09-10,3
MARIA,id,Maria (film 2024),2025-09-11,2
MARIA,id,Maria (film 2024),2025-09-12,1
MARIA,id,Maria (film 2024),2025-09-13,0
MARIA,id,Maria (film 2024),2025-09-14,1
MARIA,id,Maria (film 2024),2025-09-15,2
MARIA,id,Maria (film 2024),2025-09-16,1
MARIA,id,Maria (film 2024),2025-09-17,0
MARIA,id,Maria (film 2024),2025-09-18,2
MARIA,id,Maria (film 2024),2025-09-19,1
MARIA,id,Maria (film 2024),2025-09-20,1
MARIA,id,Maria (film 2024),2025-09-21,1
MARIA,id,Maria (film 2024),2025-09-22,2
MARIA,id,Maria (film 2024),2025-09-23,1
MARIA,id,Maria (film 2024),2025-09-24,3
MARIA,id,Maria (film 2024),2025-09-25,4
MARIA,id,Maria (film 2024),2025-09-26,5
MARIA,id,Maria (film 2024),2025-09-27,3
MARIA,id,Maria (film 2024),2025-09-28,2
MARIA,id,Maria (film 2024),2025-09-29,2
MARIA,id,Maria (film 2024),2025-09-30,2
MARIA,id,Maria (film 2024),2025-10-01,2
MARIA,id,Maria (film 2024),2025-10-02,5
MARIA,id,Maria (film 2024),2025-10-03,16
MARIA,id,Maria (film 2024),2025-10-04,247
MARIA,id,Maria (film 2024),2025-10-05,101
MARIA,id,Maria (film 2024),2025-10-06,49
MARIA,id,Maria (film 2024),2025-10-07,58
MARIA,id,Maria (film 2024),2025-10-08,26
MARIA,id,Maria (film 2024),2025-10-09,20
MARIA,id,Maria (film 2024),2025-10-10,25
MARIA,id,Maria (film 2024),2025-10-11,110
MARIA,id,Maria (film 2024),2025-10-12,73
MARIA,id,Maria (film 2024),2025-10-13,49
MARIA,id,Maria (film 2024),2025-10-14,41
MARIA,id,Maria (film 2024),2025-10-15,22
MARTY SUPREME,en,Marty Supreme,2026-01-23,94029
MARTY SUPREME,en,Marty Supreme,2026-01-24,89045
MARTY SUPREME,en,Marty Supreme,2026-01-25,85993
MARTY SUPREME,en,Marty Supreme,2026-01-26,69706
MARTY SUPREME,en,Marty Supreme,2026-01-27,64807
MARTY SUPREME,en,Marty Supreme,2026-01-28,56149
MARTY SUPREME,en,Marty Supreme,2026-01-29,55909
MARTY SUPREME,en,Marty Supreme,2026-01-30,54281
MARTY SUPREME,en,Marty Supreme,2026-01-31,58698
MARTY SUPREME,en,Marty Supreme,2026-02-01,58847
MARTY SUPREME,en,Marty Supreme,2026-02-02,46670
MARTY SUPREME,en,Marty Supreme,2026-02-03,38134
MARTY SUPREME,en,Marty Supreme,2026-02-04,35949
MARTY SUPREME,en,Marty Supreme,2026-02-05,34086
MARTY SUPREME,en,Marty Supreme,2026-02-06,35628
MARTY SUPREME,en,Marty Supreme,2026-02-07,37698
MARTY SUPREME,en,Marty Supreme,2026-02-08,41178
MARTY SUPREME,en,Marty Supreme,2026-02-09,42136
MARTY SUPREME,en,Marty Supreme,2026-02-10,59107
MARTY SUPREME,en,Marty Supreme,2026-02-11,61366
MARTY SUPREME,en,Marty Supreme,2026-02-12,52163
MARTY SUPREME,en,Marty Supreme,2026-02-13,52470
MARTY SUPREME,en,Marty Supreme,2026-02-14,71096
MARTY SUPREME,en,Marty Supreme,2026-02-15,78779
MARTY SUPREME,en,Marty Supreme,2026-02-16,57734
MARTY SUPREME,en,Marty Supreme,2026-02-17,43535
MARTY SUPREME,en,Marty Supreme,2026-02-18,37886
MARTY SUPREME,en,Marty Supreme,2026-02-19,35747
MARTY SUPREME,en,Marty Supreme,2026-02-20,38390
MARTY SUPREME,en,Marty Supreme,2026-02-21,50526
MARTY SUPREME,en,Marty Supreme,2026-02-22,59289
MARTY SUPREME,en,Marty Supreme,2026-02-23,46831
MARTY SUPREME,en,Marty Supreme,2026-02-24,33299
MARTY SUPREME,en,Marty Supreme,2026-02-25,30101
MARTY SUPREME,en,Marty Supreme,2026-02-26,28298
MARTY SUPREME,en,Marty Supreme,2026-02-27,31164
MARTY SUPREME,en,Marty Supreme,2026-02-28,37609
MARTY SUPREME,en,Marty Supreme,2026-03-01,39351
MARTY SUPREME,en,Marty Supreme,2026-03-02,37350
MARTY SUPREME,en,Marty Supreme,2026-03-03,25584
MARTY SUPREME,en,Marty Supreme,2026-03-04,23407
MARTY SUPREME,en,Marty Supreme,2026-03-05,26846
MARTY SUPREME,en,Marty Supreme,2026-03-06,25769
MARTY SUPREME,en,Marty Supreme,2026-03-07,35107
MARTY SUPREME,en,Marty Supreme,2026-03-08,38444
MARTY SUPREME,en,Marty Supreme,2026-03-09,31860
MARTY SUPREME,en,Marty Supreme,2026-03-10,28662
MARTY SUPREME,id,Marty Supreme,2026-01-23,161
MARTY SUPREME,id,Marty Supreme,2026-01-24,104
MARTY SUPREME,id,Marty Supreme,2026-01-25,128
MARTY SUPREME,id,Marty Supreme,2026-01-26,119
MARTY SUPREME,id,Marty Supreme,2026-01-27,71
MARTY SUPREME,id,Marty Supreme,2026-01-28,72
MARTY SUPREME,id,Marty Supreme,2026-01-29,85
MARTY SUPREME,id,Marty Supreme,2026-01-30,56
MARTY SUPREME,id,Marty Supreme,2026-01-31,44
MARTY SUPREME,id,Marty Supreme,2026-02-01,41
MARTY SUPREME,id,Marty Supreme,2026-02-02,41
MARTY SUPREME,id,Marty Supreme,2026-02-03,28
MARTY SUPREME,id,Marty Supreme,2026-02-04,34
MARTY SUPREME,id,Marty Supreme,2026-02-05,35
MARTY SUPREME,id,Marty Supreme,2026-02-06,21
MARTY SUPREME,id,Marty Supreme,2026-02-07,32
MARTY SUPREME,id,Marty Supreme,2026-02-08,32
MARTY SUPREME,id,Marty Supreme,2026-02-09,79
MARTY SUPREME,id,Marty Supreme,2026-02-10,192
MARTY SUPREME,id,Marty Supreme,2026-02-11,206
MARTY SUPREME,id,Marty Supreme,2026-02-12,199
MARTY SUPREME,id,Marty Supreme,2026-02-13,204
MARTY SUPREME,id,Marty Supreme,2026-02-14,283
MARTY SUPREME,id,Marty Supreme,2026-02-15,287
MARTY SUPREME,id,Marty Supreme,2026-02-16,253
MARTY SUPREME,id,Marty Supreme,2026-02-17,224
MARTY SUPREME,id,Marty Supreme,2026-02-18,188
MARTY SUPREME,id,Marty Supreme,2026-02-19,258
MARTY SUPREME,id,Marty Supreme,2026-02-20,484
MARTY SUPREME,id,Marty Supreme,2026-02-21,653
MARTY SUPREME,id,Marty Supreme,2026-02-22,704
MARTY SUPREME,id,Marty Supreme,2026-02-23,468
MARTY SUPREME,id,Marty Supreme,2026-02-24,445
MARTY SUPREME,id,Marty Supreme,2026-02-25,614
MARTY SUPREME,id,Marty Supreme,2026-02-26,554
MARTY SUPREME,id,Marty Supreme,2026-02-27,594
MARTY SUPREME,id,Marty Supreme,2026-02-28,759
MARTY SUPREME,id,Marty Supreme,2026-03-01,583
MARTY SUPREME,id,Marty Supreme,2026-03-02,324
MARTY SUPREME,id,Marty Supreme,2026-03-03,301
MARTY SUPREME,id,Marty Supreme,2026-03-04,255
MARTY SUPREME,id,Marty Supreme,2026-03-05,240
MARTY SUPREME,id,Marty Supreme,2026-03-06,264
MARTY SUPREME,id,Marty Supreme,2026-03-07,283
MARTY SUPREME,id,Marty Supreme,2026-03-08,254
MARTY SUPREME,id,Marty Supreme,2026-03-09,197
MARTY SUPREME,id,Marty Supreme,2026-03-10,167
MATERIALISTS,id,Materialists (film),2025-08-05,23
MATERIALISTS,id,Materialists (film),2025-08-06,90
MATERIALISTS,id,Materialists (film),2025-08-07,100
MATERIALISTS,id,Materialists (film),2025-08-08,110
MATERIALISTS,id,Materialists (film),2025-08-09,119
MATERIALISTS,id,Materialists (film),2025-08-10,86
MATERIALISTS,id,Materialists (film),2025-08-11,94
MATERIALISTS,id,Materialists (film),2025-08-12,93
MATERIALISTS,id,Materialists (film),2025-08-13,95
MATERIALISTS,id,Materialists (film),2025-08-14,106
MATERIALISTS,id,Materialists (film),2025-08-15,104
MATERIALISTS,id,Materialists (film),2025-08-16,99
MATERIALISTS,id,Materialists (film),2025-08-17,98
MATERIALISTS,id,Materialists (film),2025-08-18,108
MATERIALISTS,id,Materialists (film),2025-08-19,119
MENDADAK DANGDUT,id,Mendadak Dangdut (film 2025),2025-04-12,5
MENDADAK DANGDUT,id,Mendadak Dangdut (film 2025),2025-04-13,18
MENDADAK DANGDUT,id,Mendadak Dangdut (film 2025),2025-04-14,19
MENDADAK DANGDUT,id,Mendadak Dangdut (film 2025),2025-04-20,2
MENDADAK DANGDUT,id,Mendadak Dangdut (film 2025),2025-04-30,266
MENGEJAR RESTU,id,Mengejar Restu,2025-12-11,5
MENGEJAR RESTU,id,Mengejar Restu,2025-12-12,18
MENGEJAR RESTU,id,Mengejar Restu,2025-12-13,13
MENGEJAR RESTU,id,Mengejar Restu,2025-12-14,17
MENGEJAR RESTU,id,Mengejar Restu,2025-12-15,14
MENGEJAR RESTU,id,Mengejar Restu,2025-12-16,12
MENGEJAR RESTU,id,Mengejar Restu,2025-12-17,17
MENGEJAR RESTU,id,Mengejar Restu,2025-12-18,8
MENGEJAR RESTU,id,Mengejar Restu,2025-12-19,2
MENGEJAR RESTU,id,Mengejar Restu,2025-12-20,7
MENGEJAR RESTU,id,Mengejar Restu,2025-12-21,13
MENGEJAR RESTU,id,Mengejar Restu,2025-12-22,7
MENJELANG MAGRIB 2: WANITA YANG DI RANTAI,id,Menjelang Magrib 2: Wanita yang Dirantai,2025-09-05,6
MENJELANG MAGRIB 2: WANITA YANG DI RANTAI,id,Menjelang Magrib 2: Wanita yang Dirantai,2025-09-06,16
MENJELANG MAGRIB 2: WANITA YANG DI RANTAI,id,Menjelang Magrib 2: Wanita yang Dirantai,2025-09-07,7
MENJELANG MAGRIB 2: WANITA YANG DI RANTAI,id,Menjelang Magrib 2: Wanita yang Dirantai,2025-09-08,23
MENJELANG MAGRIB 2: WANITA YANG DI RANTAI,id,Menjelang Magrib 2: Wanita yang Dirantai,2025-09-09,17
MENJELANG MAGRIB 2: WANITA YANG DI RANTAI,id,Menjelang Magrib 2: Wanita yang Dirantai,2025-09-10,19
MENUJU PELAMINAN - THE ROAD TO MARRIAGE,id,Menuju Pelaminan,2025-10-16,31
MENUJU PELAMINAN - THE ROAD TO MARRIAGE,id,Menuju Pelaminan,2025-10-17,27
MENUJU PELAMINAN - THE ROAD TO MARRIAGE,id,Menuju Pelaminan,2025-10-18,42
MENUJU PELAMINAN - THE ROAD TO MARRIAGE,id,Menuju Pelaminan,2025-10-19,29
MENUJU PELAMINAN - THE ROAD TO MARRIAGE,id,Menuju Pelaminan,2025-10-20,34
MENUJU PELAMINAN - THE ROAD TO MARRIAGE,id,Menuju Pelaminan,2025-10-21,24
MENUJU PELAMINAN - THE ROAD TO MARRIAGE,id,Menuju Pelaminan,2025-10-22,27
MENUJU PELAMINAN - THE ROAD TO MARRIAGE,id,Menuju Pelaminan,2025-10-23,23
MENUJU PELAMINAN - THE ROAD TO MARRIAGE,id,Menuju Pelaminan,2025-10-24,22
MENUJU PELAMINAN - THE ROAD TO MARRIAGE,id,Menuju Pelaminan,2025-10-25,8
MENUJU PELAMINAN - THE ROAD TO MARRIAGE,id,Menuju Pelaminan,2025-10-26,8
MENUJU PELAMINAN - THE ROAD TO MARRIAGE,id,Menuju Pelaminan,2025-10-27,11
MERAH PUTIH ONE FOR ALL,id,Merah Putih: One for All,2025-08-11,3252
MERAH PUTIH ONE FOR ALL,id,Merah Putih: One for All,2025-08-12,1107
MERAH PUTIH ONE FOR ALL,id,Merah Putih: One for All,2025-08-13,4081
MERAH PUTIH ONE FOR ALL,id,Merah Putih: One for All,2025-08-14,5728
MERAH PUTIH ONE FOR ALL,id,Merah Putih: One for All,2025-08-15,6271
MERAH PUTIH ONE FOR ALL,id,Merah Putih: One for All,2025-08-16,5430
MERAH PUTIH ONE FOR ALL,id,Merah Putih: One for All,2025-08-17,4183
MERAH PUTIH ONE FOR ALL,id,Merah Putih: One for All,2025-08-18,3650
MERAH PUTIH ONE FOR ALL,id,Merah Putih: One for All,2025-08-19,3531
MERAH PUTIH ONE FOR ALL,id,Merah Putih: One for All,2025-08-20,2768
MERAH PUTIH ONE FOR ALL,id,Merah Putih: One for All,2025-08-21,2227
MERAH PUTIH ONE FOR ALL,id,Merah Putih: One for All,2025-08-22,1811
MERAH PUTIH ONE FOR ALL,id,Merah Putih: One for All,2025-08-23,1183
MERAH PUTIH ONE FOR ALL,id,Merah Putih: One for All,2025-08-24,1376
MERAH PUTIH ONE FOR ALL,id,Merah Putih: One for All,2025-08-25,1428
MERCY,en,Mercy (2026 film),2025-12-17,1745
MERCY,en,Mercy (2026 film),2025-12-18,1946
MERCY,en,Mercy (2026 film),2025-12-19,3962
MERCY,en,Mercy (2026 film),2025-12-20,2639
MERCY,en,Mercy (2026 film),2025-12-21,2093
MERCY,en,Mercy (2026 film),2025-12-22,2166
MERCY,en,Mercy (2026 film),2025-12-23,1897
MERCY,en,Mercy (2026 film),2025-12-24,1918
MERCY,en,Mercy (2026 film),2025-12-25,5224
MERCY,en,Mercy (2026 film),2025-12-26,5574
MERCY,en,Mercy (2026 film),2025-12-27,5864
MERCY,en,Mercy (2026 film),2025-12-28,8211
MERCY,en,Mercy (2026 film),2025-12-29,4600
MERCY,en,Mercy (2026 film),2025-12-30,5650
MERCY,en,Mercy (2026 film),2025-12-31,6112
MERCY,en,Mercy (2026 film),2026-01-01,5513
MERCY,en,Mercy (2026 film),2026-01-02,4933
MERCY,en,Mercy (2026 film),2026-01-03,4358
MERCY,en,Mercy (2026 film),2026-01-04,4317
MERCY,en,Mercy (2026 film),2026-01-05,4852
MERCY,en,Mercy (2026 film),2026-01-06,5480
MERCY,en,Mercy (2026 film),2026-01-07,5881
MERCY,en,Mercy (2026 film),2026-01-08,7531
MERCY,en,Mercy (2026 film),2026-01-09,8859
MERCY,en,Mercy (2026 film),2026-01-10,8627
MERCY,en,Mercy (2026 film),2026-01-11,8316
MERCY,en,Mercy (2026 film),2026-01-12,7526
MERCY,en,Mercy (2026 film),2026-01-13,9109
MERCY,en,Mercy (2026 film),2026-01-14,7719
MERCY,en,Mercy (2026 film),2026-01-15,8375
MERCY,en,Mercy (2026 film),2026-01-16,10255
MERCY,en,Mercy (2026 film),2026-01-17,11429
MERCY,en,Mercy (2026 film),2026-01-18,13730
MERCY,en,Mercy (2026 film),2026-01-19,14135
MERCY,en,Mercy (2026 film),2026-01-20,29744
MERCY,en,Mercy (2026 film),2026-01-21,32084
MERCY,en,Mercy (2026 film),2026-01-22,41430
MERCY,en,Mercy (2026 film),2026-01-23,63827
MERCY,en,Mercy (2026 film),2026-01-24,63967
MERCY,en,Mercy (2026 film),2026-01-25,54687
MERCY,en,Mercy (2026 film),2026-01-26,49383
MERCY,en,Mercy (2026 film),2026-01-27,34358
MERCY,en,Mercy (2026 film),2026-01-28,26826
MERCY,en,Mercy (2026 film),2026-01-29,22070
MERCY,en,Mercy (2026 film),2026-01-30,20632
MERCY,en,Mercy (2026 film),2026-01-31,20136
MERCY,en,Mercy (2026 film),2026-02-01,19765
MERCY (IMAX 2D),en,Mercy (2026 film),2025-12-17,1745
MERCY (IMAX 2D),en,Mercy (2026 film),2025-12-18,1946
MERCY (IMAX 2D),en,Mercy (2026 film),2025-12-19,3962
MERCY (IMAX 2D),en,Mercy (2026 film),2025-12-20,2639
MERCY (IMAX 2D),en,Mercy (2026 film),2025-12-21,2093
MERCY (IMAX 2D),en,Mercy (2026 film),2025-12-22,2166
MERCY (IMAX 2D),en,Mercy (2026 film),2025-12-23,1897
MERCY (IMAX 2D),en,Mercy (2026 film),2025-12-24,1918
MERCY (IMAX 2D),en,Mercy (2026 film),2025-12-25,5224
MERCY (IMAX 2D),en,Mercy (2026 film),2025-12-26,5574
MERCY (IMAX 2D),en,Mercy (2026 film),2025-12-27,5864
MERCY (IMAX 2D),en,Mercy (2026 film),2025-12-28,8211
MERCY (IMAX 2D),en,Mercy (2026 film),2025-12-29,4600
MERCY (IMAX 2D),en,Mercy (2026 film),2025-12-30,5650
MERCY (IMAX 2D),en,Mercy (2026 film),2025-12-31,6112
MERCY (IMAX 2D),en,Mercy (2026 film),2026-01-01,5513
MERCY (IMAX 2D),en,Mercy (2026 film),2026-01-02,4933
MERCY (IMAX 2D),en,Mercy (2026 film),2026-01-03,4358
MERCY (IMAX 2D),en,Mercy (2026 film),2026-01-04,4317
MERCY (IMAX 2D),en,Mercy (2026 film),2026-01-05,4852
MERCY (IMAX 2D),en,Mercy (2026 film),2026-01-06,5480
MERCY (IMAX 2D),en,Mercy (2026 film),2026-01-07,5881
MERCY (IMAX 2D),en,Mercy (2026 film),2026-01-08,7531
MERCY (IMAX 2D),en,Mercy (2026 film),2026-01-09,8859
MERCY (IMAX 2D),en,Mercy (2026 film),2026-01-10,8627
MERCY (IMAX 2D),en,Mercy (2026 film),2026-01-11,8316
MERCY (IMAX 2D),en,Mercy (2026 film),2026-01-12,7526
MERCY (IMAX 2D),en,Mercy (2026 film),2026-01-13,9109
MERCY (IMAX 2D),en,Mercy (2026 film),2026-01-14,7719
MERCY (IMAX 2D),en,Mercy (2026 film),2026-01-15,8375
MERCY (IMAX 2D),en,Mercy (2026 film),2026-01-16,10255
MERCY (IMAX 2D),en,Mercy (2026 film),2026-01-17,11429
MERCY (IMAX 2D),en,Mercy (2026 film),2026-01-18,13730
MERCY (IMAX 2D),en,Mercy (2026 film),2026-01-19,14135
MERCY (IMAX 2D),en,Mercy (2026 film),2026-01-20,29744
MERCY (IMAX 2D),en,Mercy (2026 film),2026-01-21,32084
MERCY (IMAX 2D),en,Mercy (2026 film),2026-01-22,41430
MERCY (IMAX 2D),en,Mercy (2026 film),2026-01-23,63827
MERCY (IMAX 2D),en,Mercy (2026 film),2026-01-24,63967
MERCY (IMAX 2D),en,Mercy (2026 film),2026-01-25,54687
MERCY (IMAX 2D),en,Mercy (2026 film),2026-01-26,49383
MERCY (IMAX 2D),en,Mercy (2026 film),2026-01-27,34358
MERCY (IMAX 2D),en,Mercy (2026 film),2026-01-28,26826
MERCY (IMAX 2D),en,Mercy (2026 film),2026-01-29,22070
MERCY (IMAX 2D),en,Mercy (2026 film),2026-01-30,20632
MERCY (IMAX 2D),en,Mercy (2026 film),2026-01-31,20136
MERCY (IMAX 2D),en,Mercy (2026 film),2026-02-01,19765
MISSION: IMPOSSIBLE - THE FINAL RECKONING,en,Mission: Impossible – The Final Reckoning,2025-04-12,14686
MISSION: IMPOSSIBLE - THE FINAL RECKONING,en,Mission: Impossible – The Final Reckoning,2025-04-13,14798
MISSION: IMPOSSIBLE - THE FINAL RECKONING,en,Mission: Impossible – The Final Reckoning,2025-04-14,12248
MISSION: IMPOSSIBLE - THE FINAL RECKONING,en,Mission: Impossible – The Final Reckoning,2025-04-15,10830
MISSION: IMPOSSIBLE - THE FINAL RECKONING,en,Mission: Impossible – The Final Reckoning,2025-04-16,10903
MISSION: IMPOSSIBLE - THE FINAL RECKONING,en,Mission: Impossible – The Final Reckoning,2025-04-17,10578
MISSION: IMPOSSIBLE - THE FINAL RECKONING,en,Mission: Impossible – The Final Reckoning,2025-04-18,12751
MISSION: IMPOSSIBLE - THE FINAL RECKONING,en,Mission: Impossible – The Final Reckoning,2025-04-19,13132
MISSION: IMPOSSIBLE - THE FINAL RECKONING,en,Mission: Impossible – The Final Reckoning,2025-04-20,14000
MISSION: IMPOSSIBLE - THE FINAL RECKONING,en,Mission: Impossible – The Final Reckoning,2025-04-21,11852
MISSION: IMPOSSIBLE - THE FINAL RECKONING,en,Mission: Impossible – The Final Reckoning,2025-04-22,10757
MISSION: IMPOSSIBLE - THE FINAL RECKONING,en,Mission: Impossible – The Final Reckoning,2025-04-23,13435
MISSION: IMPOSSIBLE - THE FINAL RECKONING,en,Mission: Impossible – The Final Reckoning,2025-04-24,14694
MISSION: IMPOSSIBLE - THE FINAL RECKONING,en,Mission: Impossible – The Final Reckoning,2025-04-25,16671
MISSION: IMPOSSIBLE - THE FINAL RECKONING,en,Mission: Impossible – The Final Reckoning,2025-04-26,18448
MISSION: IMPOSSIBLE - THE FINAL RECKONING,en,Mission: Impossible – The Final Reckoning,2025-04-27,20135
MISSION: IMPOSSIBLE - THE FINAL RECKONING,en,Mission: Impossible – The Final Reckoning,2025-04-28,20415
MISSION: IMPOSSIBLE - THE FINAL RECKONING,en,Mission: Impossible – The Final Reckoning,2025-04-29,18690
MISSION: IMPOSSIBLE - THE FINAL RECKONING,en,Mission: Impossible – The Final Reckoning,2025-04-30,17905
MISSION: IMPOSSIBLE - THE FINAL RECKONING,en,Mission: Impossible – The Final Reckoning,2025-05-01,19129
MISSION: IMPOSSIBLE - THE FINAL RECKONING,en,Mission: Impossible – The Final Reckoning,2025-05-02,22249
MISSION: IMPOSSIBLE - THE FINAL RECKONING,en,Mission: Impossible – The Final Reckoning,2025-05-03,25562
MISSION: IMPOSSIBLE - THE FINAL RECKONING,en,Mission: Impossible – The Final Reckoning,2025-05-04,29888
MISSION: IMPOSSIBLE - THE FINAL RECKONING,en,Mission: Impossible – The Final Reckoning,2025-05-05,25509
MISSION: IMPOSSIBLE - THE FINAL RECKONING,en,Mission: Impossible – The Final Reckoning,2025-05-06,23474
MISSION: IMPOSSIBLE - THE FINAL RECKONING,en,Mission: Impossible – The Final Reckoning,2025-05-07,20231
MISSION: IMPOSSIBLE - THE FINAL RECKONING,en,Mission: Impossible – The Final Reckoning,2025-05-08,19197
MISSION: IMPOSSIBLE - THE FINAL RECKONING,en,Mission: Impossible – The Final Reckoning,2025-05-09,22477
MISSION: IMPOSSIBLE - THE FINAL RECKONING,en,Mission: Impossible – The Final Reckoning,2025-05-10,25424
MISSION: IMPOSSIBLE - THE FINAL RECKONING,en,Mission: Impossible – The Final Reckoning,2025-05-11,29952
MISSION: IMPOSSIBLE - THE FINAL RECKONING,en,Mission: Impossible – The Final Reckoning,2025-05-12,31330
MISSION: IMPOSSIBLE - THE FINAL RECKONING,en,Mission: Impossible – The Final Reckoning,2025-05-13,49706
MISSION: IMPOSSIBLE - THE FINAL RECKONING,en,Mission: Impossible – The Final Reckoning,2025-05-14,71175
MISSION: IMPOSSIBLE - THE FINAL RECKONING,en,Mission: Impossible – The Final Reckoning,2025-05-15,94652
MISSION: IMPOSSIBLE - THE FINAL RECKONING,en,Mission: Impossible – The Final Reckoning,2025-05-16,95992
MISSION: IMPOSSIBLE - THE FINAL RECKONING,en,Mission: Impossible – The Final Reckoning,2025-05-17,179364
MISSION: IMPOSSIBLE - THE FINAL RECKONING,en,Mission: Impossible – The Final Reckoning,2025-05-18,192152
MISSION: IMPOSSIBLE - THE FINAL RECKONING,en,Mission: Impossible – The Final Reckoning,2025-05-19,160054
MISSION: IMPOSSIBLE - THE FINAL RECKONING,en,Mission: Impossible – The Final Reckoning,2025-05-20,138419
MISSION: IMPOSSIBLE - THE FINAL RECKONING,en,Mission: Impossible – The Final Reckoning,2025-05-21,136441
MISSION: IMPOSSIBLE - THE FINAL RECKONING,en,Mission: Impossible – The Final Reckoning,2025-05-22,150953
MISSION: IMPOSSIBLE - THE FINAL RECKONING,en,Mission: Impossible – The Final Reckoning,2025-05-23,213885
MISSION: IMPOSSIBLE - THE FINAL RECKONING,en,Mission: Impossible – The Final Reckoning,2025-05-24,260545
MISSION: IMPOSSIBLE - THE FINAL RECKONING,en,Mission: Impossible – The Final Reckoning,2025-05-25,263564
MISSION: IMPOSSIBLE - THE FINAL RECKONING,en,Mission: Impossible – The Final Reckoning,2025-05-26,229754
MISSION: IMPOSSIBLE - THE FINAL RECKONING,en,Mission: Impossible – The Final Reckoning,2025-05-27,198803
MISSION: IMPOSSIBLE - THE FINAL RECKONING,en,Mission: Impossible – The Final Reckoning,2025-05-28,159582
MISSION: IMPOSSIBLE - THE FINAL RECKONING (IMAX 2D) ,en,Mission: Impossible – The Final Reckoning,2025-04-12,14686
MISSION: IMPOSSIBLE - THE FINAL RECKONING (IMAX 2D) ,en,Mission: Impossible – The Final Reckoning,2025-04-13,14798
MISSION: IMPOSSIBLE - THE FINAL RECKONING (IMAX 2D) ,en,Mission: Impossible – The Final Reckoning,2025-04-14,12248
MISSION: IMPOSSIBLE - THE FINAL RECKONING (IMAX 2D) ,en,Mission: Impossible – The Final Reckoning,2025-04-15,10830
MISSION: IMPOSSIBLE - THE FINAL RECKONING (IMAX 2D) ,en,Mission: Impossible – The Final Reckoning,2025-04-16,10903
MISSION: IMPOSSIBLE - THE FINAL RECKONING (IMAX 2D) ,en,Mission: Impossible – The Final Reckoning,2025-04-17,10578
MISSION: IMPOSSIBLE - THE FINAL RECKONING (IMAX 2D) ,en,Mission: Impossible – The Final Reckoning,2025-04-18,12751
MISSION: IMPOSSIBLE - THE FINAL RECKONING (IMAX 2D) ,en,Mission: Impossible – The Final Reckoning,2025-04-19,13132
MISSION: IMPOSSIBLE - THE FINAL RECKONING (IMAX 2D) ,en,Mission: Impossible – The Final Reckoning,2025-04-20,14000
MISSION: IMPOSSIBLE - THE FINAL RECKONING (IMAX 2D) ,en,Mission: Impossible – The Final Reckoning,2025-04-21,11852
MISSION: IMPOSSIBLE - THE FINAL RECKONING (IMAX 2D) ,en,Mission: Impossible – The Final Reckoning,2025-04-22,10757
MISSION: IMPOSSIBLE - THE FINAL RECKONING (IMAX 2D) ,en,Mission: Impossible – The Final Reckoning,2025-04-23,13435
MISSION: IMPOSSIBLE - THE FINAL RECKONING (IMAX 2D) ,en,Mission: Impossible – The Final Reckoning,2025-04-24,14694
MISSION: IMPOSSIBLE - THE FINAL RECKONING (IMAX 2D) ,en,Mission: Impossible – The Final Reckoning,2025-04-25,16671
MISSION: IMPOSSIBLE - THE FINAL RECKONING (IMAX 2D) ,en,Mission: Impossible – The Final Reckoning,2025-04-26,18448
MISSION: IMPOSSIBLE - THE FINAL RECKONING (IMAX 2D) ,en,Mission: Impossible – The Final Reckoning,2025-04-27,20135
MISSION: IMPOSSIBLE - THE FINAL RECKONING (IMAX 2D) ,en,Mission: Impossible – The Final Reckoning,2025-04-28,20415
MISSION: IMPOSSIBLE - THE FINAL RECKONING (IMAX 2D) ,en,Mission: Impossible – The Final Reckoning,2025-04-29,18690
MISSION: IMPOSSIBLE - THE FINAL RECKONING (IMAX 2D) ,en,Mission: Impossible – The Final Reckoning,2025-04-30,17905
MISSION: IMPOSSIBLE - THE FINAL RECKONING (IMAX 2D) ,en,Mission: Impossible – The Final Reckoning,2025-05-01,19129
MISSION: IMPOSSIBLE - THE FINAL RECKONING (IMAX 2D) ,en,Mission: Impossible – The Final Reckoning,2025-05-02,22249
MISSION: IMPOSSIBLE - THE FINAL RECKONING (IMAX 2D) ,en,Mission: Impossible – The Final Reckoning,2025-05-03,25562
MISSION: IMPOSSIBLE - THE FINAL RECKONING (IMAX 2D) ,en,Mission: Impossible – The Final Reckoning,2025-05-04,29888
MISSION: IMPOSSIBLE - THE FINAL RECKONING (IMAX 2D) ,en,Mission: Impossible – The Final Reckoning,2025-05-05,25509
MISSION: IMPOSSIBLE - THE FINAL RECKONING (IMAX 2D) ,en,Mission: Impossible – The Final Reckoning,2025-05-06,23474
MISSION: IMPOSSIBLE - THE FINAL RECKONING (IMAX 2D) ,en,Mission: Impossible – The Final Reckoning,2025-05-07,20231
MISSION: IMPOSSIBLE - THE FINAL RECKONING (IMAX 2D) ,en,Mission: Impossible – The Final Reckoning,2025-05-08,19197
MISSION: IMPOSSIBLE - THE FINAL RECKONING (IMAX 2D) ,en,Mission: Impossible – The Final Reckoning,2025-05-09,22477
MISSION: IMPOSSIBLE - THE FINAL RECKONING (IMAX 2D) ,en,Mission: Impossible – The Final Reckoning,2025-05-10,25424
MISSION: IMPOSSIBLE - THE FINAL RECKONING (IMAX 2D) ,en,Mission: Impossible – The Final Reckoning,2025-05-11,29952
MISSION: IMPOSSIBLE - THE FINAL RECKONING (IMAX 2D) ,en,Mission: Impossible – The Final Reckoning,2025-05-12,31330
MISSION: IMPOSSIBLE - THE FINAL RECKONING (IMAX 2D) ,en,Mission: Impossible – The Final Reckoning,2025-05-13,49706
MISSION: IMPOSSIBLE - THE FINAL RECKONING (IMAX 2D) ,en,Mission: Impossible – The Final Reckoning,2025-05-14,71175
MISSION: IMPOSSIBLE - THE FINAL RECKONING (IMAX 2D) ,en,Mission: Impossible – The Final Reckoning,2025-05-15,94652
MISSION: IMPOSSIBLE - THE FINAL RECKONING (IMAX 2D) ,en,Mission: Impossible – The Final Reckoning,2025-05-16,95992
MISSION: IMPOSSIBLE - THE FINAL RECKONING (IMAX 2D) ,en,Mission: Impossible – The Final Reckoning,2025-05-17,179364
MISSION: IMPOSSIBLE - THE FINAL RECKONING (IMAX 2D) ,en,Mission: Impossible – The Final Reckoning,2025-05-18,192152
MISSION: IMPOSSIBLE - THE FINAL RECKONING (IMAX 2D) ,en,Mission: Impossible – The Final Reckoning,2025-05-19,160054
MISSION: IMPOSSIBLE - THE FINAL RECKONING (IMAX 2D) ,en,Mission: Impossible – The Final Reckoning,2025-05-20,138419
MISSION: IMPOSSIBLE - THE FINAL RECKONING (IMAX 2D) ,en,Mission: Impossible – The Final Reckoning,2025-05-21,136441
MISSION: IMPOSSIBLE - THE FINAL RECKONING (IMAX 2D) ,en,Mission: Impossible – The Final Reckoning,2025-05-22,150953
MISSION: IMPOSSIBLE - THE FINAL RECKONING (IMAX 2D) ,en,Mission: Impossible – The Final Reckoning,2025-05-23,213885
MISSION: IMPOSSIBLE - THE FINAL RECKONING (IMAX 2D) ,en,Mission: Impossible – The Final Reckoning,2025-05-24,260545
MISSION: IMPOSSIBLE - THE FINAL RECKONING (IMAX 2D) ,en,Mission: Impossible – The Final Reckoning,2025-05-25,263564
MISSION: IMPOSSIBLE - THE FINAL RECKONING (IMAX 2D) ,en,Mission: Impossible – The Final Reckoning,2025-05-26,229754
MISSION: IMPOSSIBLE - THE FINAL RECKONING (IMAX 2D) ,en,Mission: Impossible – The Final Reckoning,2025-05-27,198803
MISSION: IMPOSSIBLE - THE FINAL RECKONING (IMAX 2D) ,en,Mission: Impossible – The Final Reckoning,2025-05-28,159582
MISSION: IMPOSSIBLE - THE FINAL RECKONING (IMAX 2D) ,id,Mission: Impossible – The Final Reckoning,2025-04-12,39
MISSION: IMPOSSIBLE - THE FINAL RECKONING (IMAX 2D) ,id,Mission: Impossible – The Final Reckoning,2025-04-13,44
MISSION: IMPOSSIBLE - THE FINAL RECKONING (IMAX 2D) ,id,Mission: Impossible – The Final Reckoning,2025-04-14,33
MISSION: IMPOSSIBLE - THE FINAL RECKONING (IMAX 2D) ,id,Mission: Impossible – The Final Reckoning,2025-04-15,31
MISSION: IMPOSSIBLE - THE FINAL RECKONING (IMAX 2D) ,id,Mission: Impossible – The Final Reckoning,2025-04-16,25
MISSION: IMPOSSIBLE - THE FINAL RECKONING (IMAX 2D) ,id,Mission: Impossible – The Final Reckoning,2025-04-17,27
MISSION: IMPOSSIBLE - THE FINAL RECKONING (IMAX 2D) ,id,Mission: Impossible – The Final Reckoning,2025-04-18,35
MISSION: IMPOSSIBLE - THE FINAL RECKONING (IMAX 2D) ,id,Mission: Impossible – The Final Reckoning,2025-04-19,45
MISSION: IMPOSSIBLE - THE FINAL RECKONING (IMAX 2D) ,id,Mission: Impossible – The Final Reckoning,2025-04-20,42
MISSION: IMPOSSIBLE - THE FINAL RECKONING (IMAX 2D) ,id,Mission: Impossible – The Final Reckoning,2025-04-21,37
MISSION: IMPOSSIBLE - THE FINAL RECKONING (IMAX 2D) ,id,Mission: Impossible – The Final Reckoning,2025-04-22,56
MISSION: IMPOSSIBLE - THE FINAL RECKONING (IMAX 2D) ,id,Mission: Impossible – The Final Reckoning,2025-04-23,50
MISSION: IMPOSSIBLE - THE FINAL RECKONING (IMAX 2D) ,id,Mission: Impossible – The Final Reckoning,2025-04-24,82
MISSION: IMPOSSIBLE - THE FINAL RECKONING (IMAX 2D) ,id,Mission: Impossible – The Final Reckoning,2025-04-25,102
MISSION: IMPOSSIBLE - THE FINAL RECKONING (IMAX 2D) ,id,Mission: Impossible – The Final Reckoning,2025-04-26,94
MISSION: IMPOSSIBLE - THE FINAL RECKONING (IMAX 2D) ,id,Mission: Impossible – The Final Reckoning,2025-04-27,84
MISSION: IMPOSSIBLE - THE FINAL RECKONING (IMAX 2D) ,id,Mission: Impossible – The Final Reckoning,2025-04-28,122
MISSION: IMPOSSIBLE - THE FINAL RECKONING (IMAX 2D) ,id,Mission: Impossible – The Final Reckoning,2025-04-29,65
MISSION: IMPOSSIBLE - THE FINAL RECKONING (IMAX 2D) ,id,Mission: Impossible – The Final Reckoning,2025-04-30,276
MISSION: IMPOSSIBLE - THE FINAL RECKONING (IMAX 2D) ,id,Mission: Impossible – The Final Reckoning,2025-05-01,235
MISSION: IMPOSSIBLE - THE FINAL RECKONING (IMAX 2D) ,id,Mission: Impossible – The Final Reckoning,2025-05-02,106
MISSION: IMPOSSIBLE - THE FINAL RECKONING (IMAX 2D) ,id,Mission: Impossible – The Final Reckoning,2025-05-03,88
MISSION: IMPOSSIBLE - THE FINAL RECKONING (IMAX 2D) ,id,Mission: Impossible – The Final Reckoning,2025-05-04,114
MISSION: IMPOSSIBLE - THE FINAL RECKONING (IMAX 2D) ,id,Mission: Impossible – The Final Reckoning,2025-05-05,134
MISSION: IMPOSSIBLE - THE FINAL RECKONING (IMAX 2D) ,id,Mission: Impossible – The Final Reckoning,2025-05-06,171
MISSION: IMPOSSIBLE - THE FINAL RECKONING (IMAX 2D) ,id,Mission: Impossible – The Final Reckoning,2025-05-07,128
MISSION: IMPOSSIBLE - THE FINAL RECKONING (IMAX 2D) ,id,Mission: Impossible – The Final Reckoning,2025-05-08,104
MISSION: IMPOSSIBLE - THE FINAL RECKONING (IMAX 2D) ,id,Mission: Impossible – The Final Reckoning,2025-05-09,127
MISSION: IMPOSSIBLE - THE FINAL RECKONING (IMAX 2D) ,id,Mission: Impossible – The Final Reckoning,2025-05-10,139
MISSION: IMPOSSIBLE - THE FINAL RECKONING (IMAX 2D) ,id,Mission: Impossible – The Final Reckoning,2025-05-11,143
MISSION: IMPOSSIBLE - THE FINAL RECKONING (IMAX 2D) ,id,Mission: Impossible – The Final Reckoning,2025-05-12,137
MISSION: IMPOSSIBLE - THE FINAL RECKONING (IMAX 2D) ,id,Mission: Impossible – The Final Reckoning,2025-05-13,164
MISSION: IMPOSSIBLE - THE FINAL RECKONING (IMAX 2D) ,id,Mission: Impossible – The Final Reckoning,2025-05-14,169
MISSION: IMPOSSIBLE - THE FINAL RECKONING (IMAX 2D) ,id,Mission: Impossible – The Final Reckoning,2025-05-15,173
MISSION: IMPOSSIBLE - THE FINAL RECKONING (IMAX 2D) ,id,Mission: Impossible – The Final Reckoning,2025-05-16,255
MISSION: IMPOSSIBLE - THE FINAL RECKONING (IMAX 2D) ,id,Mission: Impossible – The Final Reckoning,2025-05-17,758
MISSION: IMPOSSIBLE - THE FINAL RECKONING (IMAX 2D) ,id,Mission: Impossible – The Final Reckoning,2025-05-18,801
MISSION: IMPOSSIBLE - THE FINAL RECKONING (IMAX 2D) ,id,Mission: Impossible – The Final Reckoning,2025-05-19,641
MISSION: IMPOSSIBLE - THE FINAL RECKONING (IMAX 2D) ,id,Mission: Impossible – The Final Reckoning,2025-05-20,657
MISSION: IMPOSSIBLE - THE FINAL RECKONING (IMAX 2D) ,id,Mission: Impossible – The Final Reckoning,2025-05-21,1398
MISSION: IMPOSSIBLE - THE FINAL RECKONING (IMAX 2D) ,id,Mission: Impossible – The Final Reckoning,2025-05-22,1293
MISSION: IMPOSSIBLE - THE FINAL RECKONING (IMAX 2D) ,id,Mission: Impossible – The Final Reckoning,2025-05-23,1448
MISSION: IMPOSSIBLE - THE FINAL RECKONING (IMAX 2D) ,id,Mission: Impossible – The Final Reckoning,2025-05-24,2132
MISSION: IMPOSSIBLE - THE FINAL RECKONING (IMAX 2D) ,id,Mission: Impossible – The Final Reckoning,2025-05-25,1674
MISSION: IMPOSSIBLE - THE FINAL RECKONING (IMAX 2D) ,id,Mission: Impossible – The Final Reckoning,2025-05-26,1470
MISSION: IMPOSSIBLE - THE FINAL RECKONING (IMAX 2D) ,id,Mission: Impossible – The Final Reckoning,2025-05-27,1387
MISSION: IMPOSSIBLE - THE FINAL RECKONING (IMAX 2D) ,id,Mission: Impossible – The Final Reckoning,2025-05-28,1430
MODUAL NEKAD,id,Modual Nekad,2026-01-09,4
MODUAL NEKAD,id,Modual Nekad,2026-01-10,24
MODUAL NEKAD,id,Modual Nekad,2026-01-11,43
MUNGKIN KITA PERLU WAKTU,en,All We Need Is Time,2025-03-29,9
MUNGKIN KITA PERLU WAKTU,en,All We Need Is Time,2025-03-30,7
MUNGKIN KITA PERLU WAKTU,en,All We Need Is Time,2025-03-31,6
MUNGKIN KITA PERLU WAKTU,en,All We Need Is Time,2025-04-01,5
MUNGKIN KITA PERLU WAKTU,en,All We Need Is Time,2025-04-02,5
MUNGKIN KITA PERLU WAKTU,en,All We Need Is Time,2025-04-03,8
MUNGKIN KITA PERLU WAKTU,en,All We Need Is Time,2025-04-04,8
MUNGKIN KITA PERLU WAKTU,en,All We Need Is Time,2025-04-05,6
MUNGKIN KITA PERLU WAKTU,en,All We Need Is Time,2025-04-06,6
MUNGKIN KITA PERLU WAKTU,en,All We Need Is Time,2025-04-07,9
MUNGKIN KITA PERLU WAKTU,en,All We Need Is Time,2025-04-08,6
MUNGKIN KITA PERLU WAKTU,en,All We Need Is Time,2025-04-09,2
MUNGKIN KITA PERLU WAKTU,en,All We Need Is Time,2025-04-10,5
MUNGKIN KITA PERLU WAKTU,en,All We Need Is Time,2025-04-11,7
MUNGKIN KITA PERLU WAKTU,en,All We Need Is Time,2025-04-12,6
MUNGKIN KITA PERLU WAKTU,en,All We Need Is Time,2025-04-13,5
MUNGKIN KITA PERLU WAKTU,en,All We Need Is Time,2025-04-14,7
MUNGKIN KITA PERLU WAKTU,en,All We Need Is Time,2025-04-15,1
MUNGKIN KITA PERLU WAKTU,en,All We Need Is Time,2025-04-16,7
MUNGKIN KITA PERLU WAKTU,en,All We Need Is Time,2025-04-17,6
MUNGKIN KITA PERLU WAKTU,en,All We Need Is Time,2025-04-18,17
MUNGKIN KITA PERLU WAKTU,en,All We Need Is Time,2025-04-19,32
MUNGKIN KITA PERLU WAKTU,en,All We Need Is Time,2025-04-20,33
MUNGKIN KITA PERLU WAKTU,en,All We Need Is Time,2025-04-21,14
MUNGKIN KITA PERLU WAKTU,en,All We Need Is Time,2025-04-22,15
MUNGKIN KITA PERLU WAKTU,en,All We Need Is Time,2025-04-23,14
MUNGKIN KITA PERLU WAKTU,en,All We Need Is Time,2025-04-24,19
MUNGKIN KITA PERLU WAKTU,en,All We Need Is Time,2025-04-25,19
MUNGKIN KITA PERLU WAKTU,en,All We Need Is Time,2025-04-26,8
MUNGKIN KITA PERLU WAKTU,en,All We Need Is Time,2025-04-27,11
MUNGKIN KITA PERLU WAKTU,en,All We Need Is Time,2025-04-28,25
MUNGKIN KITA PERLU WAKTU,en,All We Need Is Time,2025-04-29,12
MUNGKIN KITA PERLU WAKTU,en,All We Need Is Time,2025-04-30,15
MUNGKIN KITA PERLU WAKTU,en,All We Need Is Time,2025-05-01,11
MUNGKIN KITA PERLU WAKTU,en,All We Need Is Time,2025-05-02,12
MUNGKIN KITA PERLU WAKTU,en,All We Need Is Time,2025-05-03,14
MUNGKIN KITA PERLU WAKTU,en,All We Need Is Time,2025-05-04,8
MUNGKIN KITA PERLU WAKTU,en,All We Need Is Time,2025-05-05,29
MUNGKIN KITA PERLU WAKTU,en,All We Need Is Time,2025-05-06,57
MUNGKIN KITA PERLU WAKTU,en,All We Need Is Time,2025-05-07,41
MUNGKIN KITA PERLU WAKTU,en,All We Need Is Time,2025-05-08,23
MUNGKIN KITA PERLU WAKTU,en,All We Need Is Time,2025-05-09,21
MUNGKIN KITA PERLU WAKTU,en,All We Need Is Time,2025-05-10,17
MUNGKIN KITA PERLU WAKTU,en,All We Need Is Time,2025-05-11,28
MUNGKIN KITA PERLU WAKTU,en,All We Need Is Time,2025-05-12,48
MUNGKIN KITA PERLU WAKTU,en,All We Need Is Time,2025-05-13,73
MUNGKIN KITA PERLU WAKTU,en,All We Need Is Time,2025-05-14,109
MUSLIHAT,id,Muslihat (film),2025-03-11,18
MY DAUGHTER IS A ZOMBIE,en,My Daughter Is a Zombie,2025-06-30,39
MY DAUGHTER IS A ZOMBIE,en,My Daughter Is a Zombie,2025-07-01,22
MY DAUGHTER IS A ZOMBIE,en,My Daughter Is a Zombie,2025-07-02,24
MY DAUGHTER IS A ZOMBIE,en,My Daughter Is a Zombie,2025-07-03,27
MY DAUGHTER IS A ZOMBIE,en,My Daughter Is a Zombie,2025-07-04,18
MY DAUGHTER IS A ZOMBIE,en,My Daughter Is a Zombie,2025-07-05,42
MY DAUGHTER IS A ZOMBIE,en,My Daughter Is a Zombie,2025-07-06,24
MY DAUGHTER IS A ZOMBIE,en,My Daughter Is a Zombie,2025-07-07,17
MY DAUGHTER IS A ZOMBIE,en,My Daughter Is a Zombie,2025-07-08,23
MY DAUGHTER IS A ZOMBIE,en,My Daughter Is a Zombie,2025-07-09,19
MY DAUGHTER IS A ZOMBIE,en,My Daughter Is a Zombie,2025-07-10,26
MY DAUGHTER IS A ZOMBIE,en,My Daughter Is a Zombie,2025-07-11,34
MY DAUGHTER IS A ZOMBIE,en,My Daughter Is a Zombie,2025-07-12,67
MY DAUGHTER IS A ZOMBIE,en,My Daughter Is a Zombie,2025-07-13,58
MY DAUGHTER IS A ZOMBIE,en,My Daughter Is a Zombie,2025-07-14,35
MY DAUGHTER IS A ZOMBIE,en,My Daughter Is a Zombie,2025-07-15,47
MY DAUGHTER IS A ZOMBIE,en,My Daughter Is a Zombie,2025-07-16,31
MY DAUGHTER IS A ZOMBIE,en,My Daughter Is a Zombie,2025-07-17,42
MY DAUGHTER IS A ZOMBIE,en,My Daughter Is a Zombie,2025-07-18,48
MY DAUGHTER IS A ZOMBIE,en,My Daughter Is a Zombie,2025-07-19,45
MY DAUGHTER IS A ZOMBIE,en,My Daughter Is a Zombie,2025-07-20,40
MY DAUGHTER IS A ZOMBIE,en,My Daughter Is a Zombie,2025-07-21,64
MY DAUGHTER IS A ZOMBIE,en,My Daughter Is a Zombie,2025-07-22,47
MY DAUGHTER IS A ZOMBIE,en,My Daughter Is a Zombie,2025-07-23,44
MY DAUGHTER IS A ZOMBIE,en,My Daughter Is a Zombie,2025-07-24,38
MY DAUGHTER IS A ZOMBIE,en,My Daughter Is a Zombie,2025-07-25,33
MY DAUGHTER IS A ZOMBIE,en,My Daughter Is a Zombie,2025-07-26,49
MY DAUGHTER IS A ZOMBIE,en,My Daughter Is a Zombie,2025-07-27,48
MY DAUGHTER IS A ZOMBIE,en,My Daughter Is a Zombie,2025-07-28,57
MY DAUGHTER IS A ZOMBIE,en,My Daughter Is a Zombie,2025-07-29,45
MY DAUGHTER IS A ZOMBIE,en,My Daughter Is a Zombie,2025-07-30,72
MY DAUGHTER IS A ZOMBIE,en,My Daughter Is a Zombie,2025-07-31,96
MY DAUGHTER IS A ZOMBIE,en,My Daughter Is a Zombie,2025-08-01,73
MY DAUGHTER IS A ZOMBIE,en,My Daughter Is a Zombie,2025-08-02,121
MY DAUGHTER IS A ZOMBIE,en,My Daughter Is a Zombie,2025-08-03,110
MY DAUGHTER IS A ZOMBIE,en,My Daughter Is a Zombie,2025-08-04,124
MY DAUGHTER IS A ZOMBIE,en,My Daughter Is a Zombie,2025-08-05,105
MY DAUGHTER IS A ZOMBIE,en,My Daughter Is a Zombie,2025-08-06,123
MY DAUGHTER IS A ZOMBIE,en,My Daughter Is a Zombie,2025-08-07,109
MY DAUGHTER IS A ZOMBIE,en,My Daughter Is a Zombie,2025-08-08,189
MY DAUGHTER IS A ZOMBIE,en,My Daughter Is a Zombie,2025-08-09,218
MY DAUGHTER IS A ZOMBIE,en,My Daughter Is a Zombie,2025-08-10,177
MY DAUGHTER IS A ZOMBIE,en,My Daughter Is a Zombie,2025-08-11,178
MY DAUGHTER IS A ZOMBIE,en,My Daughter Is a Zombie,2025-08-12,162
MY DAUGHTER IS A ZOMBIE,en,My Daughter Is a Zombie,2025-08-13,150
MY DAUGHTER IS A ZOMBIE,en,My Daughter Is a Zombie,2025-08-14,107
MY DAUGHTER IS A ZOMBIE,en,My Daughter Is a Zombie,2025-08-15,97
MY DAUGHTER IS A ZOMBIE,id,My Daughter is a Zombie,2025-08-09,18
MY DAUGHTER IS A ZOMBIE,id,My Daughter is a Zombie,2025-08-10,10
MY DAUGHTER IS A ZOMBIE,id,My Daughter is a Zombie,2025-08-11,6
MY DAUGHTER IS A ZOMBIE,id,My Daughter is a Zombie,2025-08-12,6
MY DAUGHTER IS A ZOMBIE,id,My Daughter is a Zombie,2025-08-13,6
MY DAUGHTER IS A ZOMBIE,id,My Daughter is a Zombie,2025-08-14,3
MY DAUGHTER IS A ZOMBIE,id,My Daughter is a Zombie,2025-08-15,2
NA WILLA,id,Na Willa,2026-02-19,11
NA WILLA,id,Na Willa,2026-02-20,24
NA WILLA,id,Na Willa,2026-02-21,25
NA WILLA,id,Na Willa,2026-02-22,35
NA WILLA,id,Na Willa,2026-02-23,43
NA WILLA,id,Na Willa,2026-02-24,78
NA WILLA,id,Na Willa,2026-02-25,59
NA WILLA,id,Na Willa,2026-02-26,66
NA WILLA,id,Na Willa,2026-02-27,93
NA WILLA,id,Na Willa,2026-02-28,66
NA WILLA,id,Na Willa,2026-03-01,67
NA WILLA,id,Na Willa,2026-03-02,106
NA WILLA,id,Na Willa,2026-03-03,72
NA WILLA,id,Na Willa,2026-03-04,125
NA WILLA,id,Na Willa,2026-03-05,122
NA WILLA,id,Na Willa,2026-03-06,170
NA WILLA,id,Na Willa,2026-03-07,164
NA WILLA,id,Na Willa,2026-03-08,122
NA WILLA,id,Na Willa,2026-03-09,184
NA WILLA,id,Na Willa,2026-03-10,193
NA WILLA,id,Na Willa,2026-03-11,283
NA WILLA,id,Na Willa,2026-03-12,296
NA WILLA,id,Na Willa,2026-03-13,308
NA WILLA,id,Na Willa,2026-03-14,470
NA WILLA,id,Na Willa,2026-03-15,548
NA WILLA,id,Na Willa,2026-03-16,906
NA WILLA,id,Na Willa,2026-03-17,1220
NA WILLA,id,Na Willa,2026-03-18,2196
NA WILLA,id,Na Willa,2026-03-19,1978
NA WILLA,id,Na Willa,2026-03-20,1824
NA WILLA,id,Na Willa,2026-03-21,1996
NA WILLA,id,Na Willa,2026-03-22,3791
NA WILLA,id,Na Willa,2026-03-23,4533
NA WILLA,id,Na Willa,2026-03-24,4719
NA WILLA,id,Na Willa,2026-03-25,4448
NA WILLA,id,Na Willa,2026-03-26,4688
NA WILLA,id,Na Willa,2026-03-27,4067
NA WILLA,id,Na Willa,2026-03-28,4226
NA WILLA,id,Na Willa,2026-03-29,3817
NARIK SUKMO,id,Narik Sukmo: Menari atau Mati,2025-07-03,15
NARIK SUKMO,id,Narik Sukmo: Menari atau Mati,2025-07-04,55
NARIK SUKMO,id,Narik Sukmo: Menari atau Mati,2025-07-05,85
NE ZHA 2,en,Ne Zha 2,2025-02-25,42408
NE ZHA 2,en,Ne Zha 2,2025-02-26,41384
NE ZHA 2,en,Ne Zha 2,2025-02-27,36968
NE ZHA 2,en,Ne Zha 2,2025-02-28,37822
NE ZHA 2,en,Ne Zha 2,2025-03-01,40890
NE ZHA 2,en,Ne Zha 2,2025-03-02,44961
NE ZHA 2,en,Ne Zha 2,2025-03-03,43123
NE ZHA 2,en,Ne Zha 2,2025-03-04,38344
NE ZHA 2,en,Ne Zha 2,2025-03-05,36503
NE ZHA 2,en,Ne Zha 2,2025-03-06,34441
NE ZHA 2,en,Ne Zha 2,2025-03-07,46853
NE ZHA 2,en,Ne Zha 2,2025-03-08,40735
NE ZHA 2,en,Ne Zha 2,2025-03-09,40915
NE ZHA 2,en,Ne Zha 2,2025-03-10,40044
NE ZHA 2,en,Ne Zha 2,2025-03-11,33301
NE ZHA 2,en,Ne Zha 2,2025-03-12,32154
NE ZHA 2,en,Ne Zha 2,2025-03-13,31915
NE ZHA 2,en,Ne Zha 2,2025-03-14,32443
NE ZHA 2,en,Ne Zha 2,2025-03-15,36042
NE ZHA 2,en,Ne Zha 2,2025-03-16,38503
NE ZHA 2,en,Ne Zha 2,2025-03-17,38480
NE ZHA 2,en,Ne Zha 2,2025-03-18,32056
NE ZHA 2,en,Ne Zha 2,2025-03-19,28816
NE ZHA 2,en,Ne Zha 2,2025-03-20,26716
NE ZHA 2,en,Ne Zha 2,2025-03-21,25603
NE ZHA 2,en,Ne Zha 2,2025-03-22,30372
NE ZHA 2,en,Ne Zha 2,2025-03-23,32506
NE ZHA 2,en,Ne Zha 2,2025-03-24,28318
NE ZHA 2,en,Ne Zha 2,2025-03-25,23972
NE ZHA 2,en,Ne Zha 2,2025-03-26,23961
NE ZHA 2,en,Ne Zha 2,2025-03-27,23202
NE ZHA 2,en,Ne Zha 2,2025-03-28,22010
NE ZHA 2,en,Ne Zha 2,2025-03-29,23369
NE ZHA 2,en,Ne Zha 2,2025-03-30,25645
NE ZHA 2,en,Ne Zha 2,2025-03-31,26492
NE ZHA 2,en,Ne Zha 2,2025-04-01,21078
NE ZHA 2,en,Ne Zha 2,2025-04-02,17785
NE ZHA 2,en,Ne Zha 2,2025-04-03,16281
NE ZHA 2,en,Ne Zha 2,2025-04-04,17547
NE ZHA 2,en,Ne Zha 2,2025-04-05,21967
NE ZHA 2,en,Ne Zha 2,2025-04-06,29413
NE ZHA 2,en,Ne Zha 2,2025-04-07,27830
NE ZHA 2,en,Ne Zha 2,2025-04-08,22430
NE ZHA 2,en,Ne Zha 2,2025-04-09,17293
NE ZHA 2,en,Ne Zha 2,2025-04-10,16602
NE ZHA 2,en,Ne Zha 2,2025-04-11,16114
NE ZHA 2,en,Ne Zha 2,2025-04-12,16736
NE ZHA 2 (IMAX 2D),en,Ne Zha 2,2025-03-03,43123
NE ZHA 2 (IMAX 2D),en,Ne Zha 2,2025-03-04,38344
NE ZHA 2 (IMAX 2D),en,Ne Zha 2,2025-03-05,36503
NE ZHA 2 (IMAX 2D),en,Ne Zha 2,2025-03-06,34441
NE ZHA 2 (IMAX 2D),en,Ne Zha 2,2025-03-07,46853
NE ZHA 2 (IMAX 2D),en,Ne Zha 2,2025-03-08,40735
NE ZHA 2 (IMAX 2D),en,Ne Zha 2,2025-03-09,40915
NE ZHA 2 (IMAX 2D),en,Ne Zha 2,2025-03-10,40044
NE ZHA 2 (IMAX 2D),en,Ne Zha 2,2025-03-11,33301
NE ZHA 2 (IMAX 2D),en,Ne Zha 2,2025-03-12,32154
NE ZHA 2 (IMAX 2D),en,Ne Zha 2,2025-03-13,31915
NE ZHA 2 (IMAX 2D),en,Ne Zha 2,2025-03-14,32443
NE ZHA 2 (IMAX 2D),en,Ne Zha 2,2025-03-15,36042
NE ZHA 2 (IMAX 2D),en,Ne Zha 2,2025-03-16,38503
NE ZHA 2 (IMAX 2D),en,Ne Zha 2,2025-03-17,38480
NE ZHA 2 (IMAX 2D),en,Ne Zha 2,2025-03-18,32056
NE ZHA 2 (IMAX 2D),en,Ne Zha 2,2025-03-19,28816
NE ZHA 2 (IMAX 2D),en,Ne Zha 2,2025-03-20,26716
NE ZHA 2 (IMAX 2D),en,Ne Zha 2,2025-03-21,25603
NE ZHA 2 (IMAX 2D),en,Ne Zha 2,2025-03-22,30372
NE ZHA 2 (IMAX 2D),en,Ne Zha 2,2025-03-23,32506
NE ZHA 2 (IMAX 2D),en,Ne Zha 2,2025-03-24,28318
NE ZHA 2 (IMAX 2D),en,Ne Zha 2,2025-03-25,23972
NE ZHA 2 (IMAX 2D),en,Ne Zha 2,2025-03-26,23961
NE ZHA 2 (IMAX 2D),en,Ne Zha 2,2025-03-27,23202
NE ZHA 2 (IMAX 2D),en,Ne Zha 2,2025-03-28,22010
NE ZHA 2 (IMAX 2D),en,Ne Zha 2,2025-03-29,23369
NE ZHA 2 (IMAX 2D),en,Ne Zha 2,2025-03-30,25645
NE ZHA 2 (IMAX 2D),en,Ne Zha 2,2025-03-31,26492
NE ZHA 2 (IMAX 2D),en,Ne Zha 2,2025-04-01,21078
NE ZHA 2 (IMAX 2D),en,Ne Zha 2,2025-04-02,17785
NE ZHA 2 (IMAX 2D),en,Ne Zha 2,2025-04-03,16281
NE ZHA 2 (IMAX 2D),en,Ne Zha 2,2025-04-04,17547
NE ZHA 2 (IMAX 2D),en,Ne Zha 2,2025-04-05,21967
NE ZHA 2 (IMAX 2D),en,Ne Zha 2,2025-04-06,29413
NE ZHA 2 (IMAX 2D),en,Ne Zha 2,2025-04-07,27830
NE ZHA 2 (IMAX 2D),en,Ne Zha 2,2025-04-08,22430
NE ZHA 2 (IMAX 2D),en,Ne Zha 2,2025-04-09,17293
NE ZHA 2 (IMAX 2D),en,Ne Zha 2,2025-04-10,16602
NE ZHA 2 (IMAX 2D),en,Ne Zha 2,2025-04-11,16114
NE ZHA 2 (IMAX 2D),en,Ne Zha 2,2025-04-12,16736
NE ZHA 2 (IMAX 2D),en,Ne Zha 2,2025-04-13,18762
NE ZHA 2 (IMAX 2D),en,Ne Zha 2,2025-04-14,18046
NE ZHA 2 (IMAX 2D),en,Ne Zha 2,2025-04-15,16149
NE ZHA 2 (IMAX 2D),en,Ne Zha 2,2025-04-16,14227
NE ZHA 2 (IMAX 2D),en,Ne Zha 2,2025-04-17,13167
NE ZHA 2 (IMAX 2D),en,Ne Zha 2,2025-04-18,13919
NE ZHA 2 (IMAX 2D),id,Ne Zha 2,2025-03-03,296
NE ZHA 2 (IMAX 2D),id,Ne Zha 2,2025-03-04,252
NE ZHA 2 (IMAX 2D),id,Ne Zha 2,2025-03-05,307
NE ZHA 2 (IMAX 2D),id,Ne Zha 2,2025-03-06,541
NE ZHA 2 (IMAX 2D),id,Ne Zha 2,2025-03-07,573
NE ZHA 2 (IMAX 2D),id,Ne Zha 2,2025-03-08,370
NE ZHA 2 (IMAX 2D),id,Ne Zha 2,2025-03-09,356
NE ZHA 2 (IMAX 2D),id,Ne Zha 2,2025-03-10,354
NE ZHA 2 (IMAX 2D),id,Ne Zha 2,2025-03-11,352
NE ZHA 2 (IMAX 2D),id,Ne Zha 2,2025-03-12,356
NE ZHA 2 (IMAX 2D),id,Ne Zha 2,2025-03-13,391
NE ZHA 2 (IMAX 2D),id,Ne Zha 2,2025-03-14,407
NE ZHA 2 (IMAX 2D),id,Ne Zha 2,2025-03-15,430
NE ZHA 2 (IMAX 2D),id,Ne Zha 2,2025-03-16,453
NE ZHA 2 (IMAX 2D),id,Ne Zha 2,2025-03-17,383
NE ZHA 2 (IMAX 2D),id,Ne Zha 2,2025-03-18,434
NE ZHA 2 (IMAX 2D),id,Ne Zha 2,2025-03-19,618
NE ZHA 2 (IMAX 2D),id,Ne Zha 2,2025-03-20,563
NE ZHA 2 (IMAX 2D),id,Ne Zha 2,2025-03-21,1104
NE ZHA 2 (IMAX 2D),id,Ne Zha 2,2025-03-22,1682
NE ZHA 2 (IMAX 2D),id,Ne Zha 2,2025-03-23,1742
NE ZHA 2 (IMAX 2D),id,Ne Zha 2,2025-03-24,1285
NE ZHA 2 (IMAX 2D),id,Ne Zha 2,2025-03-25,1091
NE ZHA 2 (IMAX 2D),id,Ne Zha 2,2025-03-26,1000
NE ZHA 2 (IMAX 2D),id,Ne Zha 2,2025-03-27,989
NE ZHA 2 (IMAX 2D),id,Ne Zha 2,2025-03-28,1092
NE ZHA 2 (IMAX 2D),id,Ne Zha 2,2025-03-29,1078
NE ZHA 2 (IMAX 2D),id,Ne Zha 2,2025-03-30,1018
NE ZHA 2 (IMAX 2D),id,Ne Zha 2,2025-03-31,746
NE ZHA 2 (IMAX 2D),id,Ne Zha 2,2025-04-01,799
NE ZHA 2 (IMAX 2D),id,Ne Zha 2,2025-04-02,857
NE ZHA 2 (IMAX 2D),id,Ne Zha 2,2025-04-03,841
NE ZHA 2 (IMAX 2D),id,Ne Zha 2,2025-04-04,709
NE ZHA 2 (IMAX 2D),id,Ne Zha 2,2025-04-05,747
NE ZHA 2 (IMAX 2D),id,Ne Zha 2,2025-04-06,631
NE ZHA 2 (IMAX 2D),id,Ne Zha 2,2025-04-07,605
NE ZHA 2 (IMAX 2D),id,Ne Zha 2,2025-04-08,506
NE ZHA 2 (IMAX 2D),id,Ne Zha 2,2025-04-09,416
NE ZHA 2 (IMAX 2D),id,Ne Zha 2,2025-04-10,353
NE ZHA 2 (IMAX 2D),id,Ne Zha 2,2025-04-11,357
NE ZHA 2 (IMAX 2D),id,Ne Zha 2,2025-04-12,383
NE ZHA 2 (IMAX 2D),id,Ne Zha 2,2025-04-13,391
NE ZHA 2 (IMAX 2D),id,Ne Zha 2,2025-04-14,292
NE ZHA 2 (IMAX 2D),id,Ne Zha 2,2025-04-15,244
NE ZHA 2 (IMAX 2D),id,Ne Zha 2,2025-04-16,269
NE ZHA 2 (IMAX 2D),id,Ne Zha 2,2025-04-17,244
NE ZHA 2 (IMAX 2D),id,Ne Zha 2,2025-04-18,297
NIA,id,Nia (film),2025-12-04,1
NIA,id,Nia (film),2025-12-05,0
NIA,id,Nia (film),2025-12-06,27
NIA,id,Nia (film),2025-12-07,20
NIA,id,Nia (film),2025-12-08,11
NIA,id,Nia (film),2025-12-09,10
NIA,id,Nia (film),2025-12-10,1
NIA,id,Nia (film),2025-12-11,8
NIA,id,Nia (film),2025-12-12,10
NIA,id,Nia (film),2025-12-13,4
NIA,id,Nia (film),2025-12-14,4
NIA,id,Nia (film),2025-12-15,7
NOBODY 2,en,Nobody 2,2025-07-09,2455
NOBODY 2,en,Nobody 2,2025-07-10,2158
NOBODY 2,en,Nobody 2,2025-07-11,2214
NOBODY 2,en,Nobody 2,2025-07-12,2464
NOBODY 2,en,Nobody 2,2025-07-13,2752
NOBODY 2,en,Nobody 2,2025-07-14,2731
NOBODY 2,en,Nobody 2,2025-07-15,2833
NOBODY 2,en,Nobody 2,2025-07-16,2890
NOBODY 2,en,Nobody 2,2025-07-17,3258
NOBODY 2,en,Nobody 2,2025-07-18,3642
NOBODY 2,en,Nobody 2,2025-07-19,4338
NOBODY 2,en,Nobody 2,2025-07-20,4886
NOBODY 2,en,Nobody 2,2025-07-21,4006
NOBODY 2,en,Nobody 2,2025-07-22,3646
NOBODY 2,en,Nobody 2,2025-07-23,3518
NOBODY 2,en,Nobody 2,2025-07-24,3697
NOBODY 2,en,Nobody 2,2025-07-25,4040
NOBODY 2,en,Nobody 2,2025-07-26,4749
NOBODY 2,en,Nobody 2,2025-07-27,5456
NOBODY 2,en,Nobody 2,2025-07-28,5047
NOBODY 2,en,Nobody 2,2025-07-29,4113
NOBODY 2,en,Nobody 2,2025-07-30,4336
NOBODY 2,en,Nobody 2,2025-07-31,4212
NOBODY 2,en,Nobody 2,2025-08-01,4728
NOBODY 2,en,Nobody 2,2025-08-02,5151
NOBODY 2,en,Nobody 2,2025-08-03,5533
NOBODY 2,en,Nobody 2,2025-08-04,6761
NOBODY 2,en,Nobody 2,2025-08-05,6191
NOBODY 2,en,Nobody 2,2025-08-06,6244
NOBODY 2,en,Nobody 2,2025-08-07,6070
NOBODY 2,en,Nobody 2,2025-08-08,6366
NOBODY 2,en,Nobody 2,2025-08-09,7090
NOBODY 2,en,Nobody 2,2025-08-10,9201
NOBODY 2,en,Nobody 2,2025-08-11,11648
NOBODY 2,en,Nobody 2,2025-08-12,16407
NOBODY 2,en,Nobody 2,2025-08-13,22903
NOBODY 2,en,Nobody 2,2025-08-14,31106
NOBODY 2,en,Nobody 2,2025-08-15,43732
NOBODY 2,en,Nobody 2,2025-08-16,42874
NOBODY 2,en,Nobody 2,2025-08-17,42574
NOBODY 2,en,Nobody 2,2025-08-18,34413
NOBODY 2,en,Nobody 2,2025-08-19,26311
NOBODY 2,en,Nobody 2,2025-08-20,19911
NOBODY 2,en,Nobody 2,2025-08-21,16898
NOBODY 2,en,Nobody 2,2025-08-22,18317
NOBODY 2,en,Nobody 2,2025-08-23,20402
NOBODY 2,en,Nobody 2,2025-08-24,18763
NOBODY 2,id,Nobody 2,2025-07-28,10
NOBODY 2,id,Nobody 2,2025-07-29,1
NOBODY 2,id,Nobody 2,2025-07-30,0
NOBODY 2,id,Nobody 2,2025-07-31,1
NOBODY 2,id,Nobody 2,2025-08-01,2
NOBODY 2,id,Nobody 2,2025-08-02,1
NOBODY 2,id,Nobody 2,2025-08-03,2
NOBODY 2,id,Nobody 2,2025-08-04,2
NOBODY 2,id,Nobody 2,2025-08-05,7
NOBODY 2,id,Nobody 2,2025-08-06,8
NOBODY 2,id,Nobody 2,2025-08-07,57
NOBODY 2,id,Nobody 2,2025-08-08,58
NOBODY 2,id,Nobody 2,2025-08-09,65
NOBODY 2,id,Nobody 2,2025-08-10,94
NOBODY 2,id,Nobody 2,2025-08-11,189
NOBODY 2,id,Nobody 2,2025-08-12,370
NOBODY 2,id,Nobody 2,2025-08-13,1165
NOBODY 2,id,Nobody 2,2025-08-14,1582
NOBODY 2,id,Nobody 2,2025-08-15,852
NOBODY 2,id,Nobody 2,2025-08-16,739
NOBODY 2,id,Nobody 2,2025-08-17,726
NOBODY 2,id,Nobody 2,2025-08-18,627
NOBODY 2,id,Nobody 2,2025-08-19,510
NOBODY 2,id,Nobody 2,2025-08-20,301
NOBODY 2,id,Nobody 2,2025-08-21,235
NOBODY 2,id,Nobody 2,2025-08-22,227
NOBODY 2,id,Nobody 2,2025-08-23,210
NOBODY 2,id,Nobody 2,2025-08-24,139
NORMA: ANTARA MERTUA DAN MENANTU,id,Norma: Antara Mertua dan Menantu,2025-03-11,7
NORMA: ANTARA MERTUA DAN MENANTU,id,Norma: Antara Mertua dan Menantu,2025-03-12,1
NORMA: ANTARA MERTUA DAN MENANTU,id,Norma: Antara Mertua dan Menantu,2025-03-13,2
NORMA: ANTARA MERTUA DAN MENANTU,id,Norma: Antara Mertua dan Menantu,2025-03-14,2
NORMA: ANTARA MERTUA DAN MENANTU,id,Norma: Antara Mertua dan Menantu,2025-03-15,2
NORMA: ANTARA MERTUA DAN MENANTU,id,Norma: Antara Mertua dan Menantu,2025-03-16,2
NORMA: ANTARA MERTUA DAN MENANTU,id,Norma: Antara Mertua dan Menantu,2025-03-17,4
NORMA: ANTARA MERTUA DAN MENANTU,id,Norma: Antara Mertua dan Menantu,2025-03-18,2
NORMA: ANTARA MERTUA DAN MENANTU,id,Norma: Antara Mertua dan Menantu,2025-03-20,4
NORMA: ANTARA MERTUA DAN MENANTU,id,Norma: Antara Mertua dan Menantu,2025-03-21,1
NORMA: ANTARA MERTUA DAN MENANTU,id,Norma: Antara Mertua dan Menantu,2025-03-22,3
NORMA: ANTARA MERTUA DAN MENANTU,id,Norma: Antara Mertua dan Menantu,2025-03-23,0
NORMA: ANTARA MERTUA DAN MENANTU,id,Norma: Antara Mertua dan Menantu,2025-03-24,6
NORMA: ANTARA MERTUA DAN MENANTU,id,Norma: Antara Mertua dan Menantu,2025-03-25,0
NORMA: ANTARA MERTUA DAN MENANTU,id,Norma: Antara Mertua dan Menantu,2025-03-26,3
NORMA: ANTARA MERTUA DAN MENANTU,id,Norma: Antara Mertua dan Menantu,2025-03-27,1
NORMA: ANTARA MERTUA DAN MENANTU,id,Norma: Antara Mertua dan Menantu,2025-03-28,0
NORMA: ANTARA MERTUA DAN MENANTU,id,Norma: Antara Mertua dan Menantu,2025-03-29,0
NORMA: ANTARA MERTUA DAN MENANTU,id,Norma: Antara Mertua dan Menantu,2025-03-30,1
NORMA: ANTARA MERTUA DAN MENANTU,id,Norma: Antara Mertua dan Menantu,2025-03-31,30
NORMA: ANTARA MERTUA DAN MENANTU,id,Norma: Antara Mertua dan Menantu,2025-04-01,264
NORMA: ANTARA MERTUA DAN MENANTU,id,Norma: Antara Mertua dan Menantu,2025-04-02,572
NORMA: ANTARA MERTUA DAN MENANTU,id,Norma: Antara Mertua dan Menantu,2025-04-03,748
NORMA: ANTARA MERTUA DAN MENANTU,id,Norma: Antara Mertua dan Menantu,2025-04-04,1126
NORMA: ANTARA MERTUA DAN MENANTU,id,Norma: Antara Mertua dan Menantu,2025-04-05,1436
NORMA: ANTARA MERTUA DAN MENANTU,id,Norma: Antara Mertua dan Menantu,2025-04-06,1746
NORMA: ANTARA MERTUA DAN MENANTU,id,Norma: Antara Mertua dan Menantu,2025-04-07,1731
NORMA: ANTARA MERTUA DAN MENANTU,id,Norma: Antara Mertua dan Menantu,2025-04-08,1186
NORMA: ANTARA MERTUA DAN MENANTU,id,Norma: Antara Mertua dan Menantu,2025-04-09,915
NORMA: ANTARA MERTUA DAN MENANTU,id,Norma: Antara Mertua dan Menantu,2025-04-10,753
NORMA: ANTARA MERTUA DAN MENANTU,id,Norma: Antara Mertua dan Menantu,2025-04-11,668
NORMA: ANTARA MERTUA DAN MENANTU,id,Norma: Antara Mertua dan Menantu,2025-04-12,543
NOW YOU SEE ME: NOW YOU DONT,en,Now You See Me: Now You Don't,2025-10-08,2960
NOW YOU SEE ME: NOW YOU DONT,en,Now You See Me: Now You Don't,2025-10-09,2401
NOW YOU SEE ME: NOW YOU DONT,en,Now You See Me: Now You Don't,2025-10-10,3479
NOW YOU SEE ME: NOW YOU DONT,en,Now You See Me: Now You Don't,2025-10-11,3650
NOW YOU SEE ME: NOW YOU DONT,en,Now You See Me: Now You Don't,2025-10-12,3564
NOW YOU SEE ME: NOW YOU DONT,en,Now You See Me: Now You Don't,2025-10-13,4095
NOW YOU SEE ME: NOW YOU DONT,en,Now You See Me: Now You Don't,2025-10-14,3107
NOW YOU SEE ME: NOW YOU DONT,en,Now You See Me: Now You Don't,2025-10-15,3005
NOW YOU SEE ME: NOW YOU DONT,en,Now You See Me: Now You Don't,2025-10-16,3849
NOW YOU SEE ME: NOW YOU DONT,en,Now You See Me: Now You Don't,2025-10-17,4014
NOW YOU SEE ME: NOW YOU DONT,en,Now You See Me: Now You Don't,2025-10-18,3418
NOW YOU SEE ME: NOW YOU DONT,en,Now You See Me: Now You Don't,2025-10-19,4630
NOW YOU SEE ME: NOW YOU DONT,en,Now You See Me: Now You Don't,2025-10-20,5043
NOW YOU SEE ME: NOW YOU DONT,en,Now You See Me: Now You Don't,2025-10-21,4883
NOW YOU SEE ME: NOW YOU DONT,en,Now You See Me: Now You Don't,2025-10-22,5774
NOW YOU SEE ME: NOW YOU DONT,en,Now You See Me: Now You Don't,2025-10-23,5471
NOW YOU SEE ME: NOW YOU DONT,en,Now You See Me: Now You Don't,2025-10-24,5512
NOW YOU SEE ME: NOW YOU DONT,en,Now You See Me: Now You Don't,2025-10-25,6554
NOW YOU SEE ME: NOW YOU DONT,en,Now You See Me: Now You Don't,2025-10-26,7877
NOW YOU SEE ME: NOW YOU DONT,en,Now You See Me: Now You Don't,2025-10-27,6732
NOW YOU SEE ME: NOW YOU DONT,en,Now You See Me: Now You Don't,2025-10-28,6400
NOW YOU SEE ME: NOW YOU DONT,en,Now You See Me: Now You Don't,2025-10-29,7033
NOW YOU SEE ME: NOW YOU DONT,en,Now You See Me: Now You Don't,2025-10-30,8441
NOW YOU SEE ME: NOW YOU DONT,en,Now You See Me: Now You Don't,2025-10-31,8084
NOW YOU SEE ME: NOW YOU DONT,en,Now You See Me: Now You Don't,2025-11-01,7103
NOW YOU SEE ME: NOW YOU DONT,en,Now You See Me: Now You Don't,2025-11-02,10888
NOW YOU SEE ME: NOW YOU DONT,en,Now You See Me: Now You Don't,2025-11-03,9219
NOW YOU SEE ME: NOW YOU DONT,en,Now You See Me: Now You Don't,2025-11-04,10183
NOW YOU SEE ME: NOW YOU DONT,en,Now You See Me: Now You Don't,2025-11-05,8775
NOW YOU SEE ME: NOW YOU DONT,en,Now You See Me: Now You Don't,2025-11-06,10626
NOW YOU SEE ME: NOW YOU DONT,en,Now You See Me: Now You Don't,2025-11-07,11158
NOW YOU SEE ME: NOW YOU DONT,en,Now You See Me: Now You Don't,2025-11-08,12035
NOW YOU SEE ME: NOW YOU DONT,en,Now You See Me: Now You Don't,2025-11-09,14345
NOW YOU SEE ME: NOW YOU DONT,en,Now You See Me: Now You Don't,2025-11-10,16120
NOW YOU SEE ME: NOW YOU DONT,en,Now You See Me: Now You Don't,2025-11-11,26117
NOW YOU SEE ME: NOW YOU DONT,en,Now You See Me: Now You Don't,2025-11-12,34562
NOW YOU SEE ME: NOW YOU DONT,en,Now You See Me: Now You Don't,2025-11-13,45266
NOW YOU SEE ME: NOW YOU DONT,en,Now You See Me: Now You Don't,2025-11-14,68275
NOW YOU SEE ME: NOW YOU DONT,en,Now You See Me: Now You Don't,2025-11-15,79218
NOW YOU SEE ME: NOW YOU DONT,en,Now You See Me: Now You Don't,2025-11-16,78945
NOW YOU SEE ME: NOW YOU DONT,en,Now You See Me: Now You Don't,2025-11-17,77467
NOW YOU SEE ME: NOW YOU DONT,en,Now You See Me: Now You Don't,2025-11-18,48741
NOW YOU SEE ME: NOW YOU DONT,en,Now You See Me: Now You Don't,2025-11-19,39559
NOW YOU SEE ME: NOW YOU DONT,en,Now You See Me: Now You Don't,2025-11-20,32359
NOW YOU SEE ME: NOW YOU DONT,en,Now You See Me: Now You Don't,2025-11-21,31428
NOW YOU SEE ME: NOW YOU DONT,en,Now You See Me: Now You Don't,2025-11-22,35858
NOW YOU SEE ME: NOW YOU DONT,en,Now You See Me: Now You Don't,2025-11-23,36164
NUMBER ONE,en,Number One (2026 film),2026-02-07,0
NUMBER ONE,en,Number One (2026 film),2026-02-27,40
NUMBER ONE,en,Number One (2026 film),2026-02-28,107
NUMBER ONE,en,Number One (2026 film),2026-03-01,175
NUMBER ONE,en,Number One (2026 film),2026-03-02,158
NUMBER ONE,en,Number One (2026 film),2026-03-03,150
NUMBER ONE,en,Number One (2026 film),2026-03-04,113
NUMBER ONE,en,Number One (2026 film),2026-03-05,116
NUMBER ONE,en,Number One (2026 film),2026-03-06,159
NUMBER ONE,en,Number One (2026 film),2026-03-07,265
NUMBER ONE,en,Number One (2026 film),2026-03-08,201
NUMBER ONE,en,Number One (2026 film),2026-03-09,193
NUMBER ONE,en,Number One (2026 film),2026-03-10,219
NUMBER ONE,en,Number One (2026 film),2026-03-11,400
NUMBER ONE,en,Number One (2026 film),2026-03-12,363
NUMBER ONE,en,Number One (2026 film),2026-03-13,398
NUMBER ONE,en,Number One (2026 film),2026-03-14,550
NUMBER ONE,en,Number One (2026 film),2026-03-15,525
NUMBER ONE,en,Number One (2026 film),2026-03-16,429
NUMBER ONE,en,Number One (2026 film),2026-03-17,626
NUMBER ONE,en,Number One (2026 film),2026-03-18,911
NUMBER ONE,en,Number One (2026 film),2026-03-19,612
NUMBER ONE,en,Number One (2026 film),2026-03-20,602
NUMBER ONE,en,Number One (2026 film),2026-03-21,556
NUMBER ONE,en,Number One (2026 film),2026-03-22,517
OMNISCIENT READER: THE PROPHECY,id,Omniscient Reader: The Prophet,2025-07-02,16
OMNISCIENT READER: THE PROPHECY,id,Omniscient Reader: The Prophet,2025-07-03,7
OMNISCIENT READER: THE PROPHECY,id,Omniscient Reader: The Prophet,2025-07-04,30
OMNISCIENT READER: THE PROPHECY,id,Omniscient Reader: The Prophet,2025-07-05,38
OMNISCIENT READER: THE PROPHECY,id,Omniscient Reader: The Prophet,2025-07-06,35
OMNISCIENT READER: THE PROPHECY,id,Omniscient Reader: The Prophet,2025-07-07,22
OMNISCIENT READER: THE PROPHECY,id,Omniscient Reader: The Prophet,2025-07-08,26
OMNISCIENT READER: THE PROPHECY,id,Omniscient Reader: The Prophet,2025-07-09,37
OMNISCIENT READER: THE PROPHECY,id,Omniscient Reader: The Prophet,2025-07-10,60
OMNISCIENT READER: THE PROPHECY,id,Omniscient Reader: The Prophet,2025-07-11,39
OMNISCIENT READER: THE PROPHECY,id,Omniscient Reader: The Prophet,2025-07-12,32
OMNISCIENT READER: THE PROPHECY,id,Omniscient Reader: The Prophet,2025-07-13,24
OMNISCIENT READER: THE PROPHECY,id,Omniscient Reader: The Prophet,2025-07-14,27
OMNISCIENT READER: THE PROPHECY,id,Omniscient Reader: The Prophet,2025-07-15,35
OMNISCIENT READER: THE PROPHECY,id,Omniscient Reader: The Prophet,2025-07-16,54
OMNISCIENT READER: THE PROPHECY,id,Omniscient Reader: The Prophet,2025-07-17,63
OMNISCIENT READER: THE PROPHECY,id,Omniscient Reader: The Prophet,2025-07-18,64
OMNISCIENT READER: THE PROPHECY,id,Omniscient Reader: The Prophet,2025-07-19,81
OMNISCIENT READER: THE PROPHECY,id,Omniscient Reader: The Prophet,2025-07-20,93
OMNISCIENT READER: THE PROPHECY,id,Omniscient Reader: The Prophet,2025-07-21,102
OMNISCIENT READER: THE PROPHECY,id,Omniscient Reader: The Prophet,2025-07-22,73
OMNISCIENT READER: THE PROPHECY,id,Omniscient Reader: The Prophet,2025-07-23,97
OMNISCIENT READER: THE PROPHECY,id,Omniscient Reader: The Prophet,2025-07-24,241
OMNISCIENT READER: THE PROPHECY,id,Omniscient Reader: The Prophet,2025-07-25,261
OMNISCIENT READER: THE PROPHECY,id,Omniscient Reader: The Prophet,2025-07-26,337
OMNISCIENT READER: THE PROPHECY,id,Omniscient Reader: The Prophet,2025-07-27,335
OMNISCIENT READER: THE PROPHECY,id,Omniscient Reader: The Prophet,2025-07-28,275
OMNISCIENT READER: THE PROPHECY,id,Omniscient Reader: The Prophet,2025-07-29,238
OMNISCIENT READER: THE PROPHECY,id,Omniscient Reader: The Prophet,2025-07-30,360
OMNISCIENT READER: THE PROPHECY,id,Omniscient Reader: The Prophet,2025-07-31,250
OMNISCIENT READER: THE PROPHECY,id,Omniscient Reader: The Prophet,2025-08-01,233
OMNISCIENT READER: THE PROPHECY,id,Omniscient Reader: The Prophet,2025-08-02,494
OMNISCIENT READER: THE PROPHECY,id,Omniscient Reader: The Prophet,2025-08-03,449
OMNISCIENT READER: THE PROPHECY,id,Omniscient Reader: The Prophet,2025-08-04,256
OMNISCIENT READER: THE PROPHECY,id,Omniscient Reader: The Prophet,2025-08-05,271
OMNISCIENT READER: THE PROPHECY,id,Omniscient Reader: The Prophet,2025-08-06,324
ONCE WE WERE US,en,Once We Were Us,2026-01-16,1040
ONCE WE WERE US,en,Once We Were Us,2026-01-17,1592
ONCE WE WERE US,en,Once We Were Us,2026-01-18,1364
ONCE WE WERE US,en,Once We Were Us,2026-01-19,1142
ONCE WE WERE US,en,Once We Were Us,2026-01-20,1091
ONCE WE WERE US,en,Once We Were Us,2026-01-21,783
ONCE WE WERE US,en,Once We Were Us,2026-01-22,621
ONCE WE WERE US,en,Once We Were Us,2026-01-23,751
ONCE WE WERE US,en,Once We Were Us,2026-01-24,760
ONCE WE WERE US,en,Once We Were Us,2026-01-25,903
ONCE WE WERE US,en,Once We Were Us,2026-01-26,937
ONCE WE WERE US,en,Once We Were Us,2026-01-27,664
ONCE WE WERE US,en,Once We Were Us,2026-01-28,562
ONCE WE WERE US,en,Once We Were Us,2026-01-29,439
ONCE WE WERE US,en,Once We Were Us,2026-01-30,525
ONCE WE WERE US,en,Once We Were Us,2026-01-31,756
ONCE WE WERE US,en,Once We Were Us,2026-02-01,686
ONCE WE WERE US,en,Once We Were Us,2026-02-02,624
ONCE WE WERE US,en,Once We Were Us,2026-02-03,663
ONCE WE WERE US,en,Once We Were Us,2026-02-04,676
ONCE WE WERE US,en,Once We Were Us,2026-02-05,697
ONCE WE WERE US,en,Once We Were Us,2026-02-06,515
ONCE WE WERE US,en,Once We Were Us,2026-02-07,534
ONCE WE WERE US,en,Once We Were Us,2026-02-08,550
ONCE WE WERE US,en,Once We Were Us,2026-02-09,431
ONCE WE WERE US,en,Once We Were Us,2026-02-10,386
ONCE WE WERE US,en,Once We Were Us,2026-02-11,382
ONCE WE WERE US,en,Once We Were Us,2026-02-12,330
ONCE WE WERE US,en,Once We Were Us,2026-02-13,338
ONCE WE WERE US,en,Once We Were Us,2026-02-14,314
ONCE WE WERE US,en,Once We Were Us,2026-02-15,319
ONCE WE WERE US,en,Once We Were Us,2026-02-16,317
ONCE WE WERE US,en,Once We Were Us,2026-02-17,342
ONCE WE WERE US,en,Once We Were Us,2026-02-18,292
ONCE WE WERE US,en,Once We Were Us,2026-02-19,314
ONCE WE WERE US,en,Once We Were Us,2026-02-20,551
ONCE WE WERE US,en,Once We Were Us,2026-02-21,533
ONCE WE WERE US,en,Once We Were Us,2026-02-22,505
ONCE WE WERE US,en,Once We Were Us,2026-02-23,454
ONCE WE WERE US,en,Once We Were Us,2026-02-24,473
ONCE WE WERE US,en,Once We Were Us,2026-02-25,406
ONCE WE WERE US,en,Once We Were Us,2026-02-26,1376
ONCE WE WERE US,en,Once We Were Us,2026-02-27,2329
ONCE WE WERE US,en,Once We Were Us,2026-02-28,4112
ONCE WE WERE US,en,Once We Were Us,2026-03-01,7933
ONCE WE WERE US,en,Once We Were Us,2026-03-02,7144
ONCE WE WERE US,en,Once We Were Us,2026-03-03,7454
ONE BATTLE AFTER ANOTHER,en,One Battle After Another,2025-08-20,11837
ONE BATTLE AFTER ANOTHER,en,One Battle After Another,2025-08-21,8270
ONE BATTLE AFTER ANOTHER,en,One Battle After Another,2025-08-22,7163
ONE BATTLE AFTER ANOTHER,en,One Battle After Another,2025-08-23,9336
ONE BATTLE AFTER ANOTHER,en,One Battle After Another,2025-08-24,9644
ONE BATTLE AFTER ANOTHER,en,One Battle After Another,2025-08-25,10880
ONE BATTLE AFTER ANOTHER,en,One Battle After Another,2025-08-26,10072
ONE BATTLE AFTER ANOTHER,en,One Battle After Another,2025-08-27,11244
ONE BATTLE AFTER ANOTHER,en,One Battle After Another,2025-08-28,9468
ONE BATTLE AFTER ANOTHER,en,One Battle After Another,2025-08-29,9872
ONE BATTLE AFTER ANOTHER,en,One Battle After Another,2025-08-30,13565
ONE BATTLE AFTER ANOTHER,en,One Battle After Another,2025-08-31,13977
ONE BATTLE AFTER ANOTHER,en,One Battle After Another,2025-09-01,12426
ONE BATTLE AFTER ANOTHER,en,One Battle After Another,2025-09-02,14895
ONE BATTLE AFTER ANOTHER,en,One Battle After Another,2025-09-03,15467
ONE BATTLE AFTER ANOTHER,en,One Battle After Another,2025-09-04,14019
ONE BATTLE AFTER ANOTHER,en,One Battle After Another,2025-09-05,15218
ONE BATTLE AFTER ANOTHER,en,One Battle After Another,2025-09-06,18413
ONE BATTLE AFTER ANOTHER,en,One Battle After Another,2025-09-07,15830
ONE BATTLE AFTER ANOTHER,en,One Battle After Another,2025-09-08,20685
ONE BATTLE AFTER ANOTHER,en,One Battle After Another,2025-09-09,54556
ONE BATTLE AFTER ANOTHER,en,One Battle After Another,2025-09-10,51943
ONE BATTLE AFTER ANOTHER,en,One Battle After Another,2025-09-11,30545
ONE BATTLE AFTER ANOTHER,en,One Battle After Another,2025-09-12,41781
ONE BATTLE AFTER ANOTHER,en,One Battle After Another,2025-09-13,32897
ONE BATTLE AFTER ANOTHER,en,One Battle After Another,2025-09-14,50028
ONE BATTLE AFTER ANOTHER,en,One Battle After Another,2025-09-15,33983
ONE BATTLE AFTER ANOTHER,en,One Battle After Another,2025-09-16,43021
ONE BATTLE AFTER ANOTHER,en,One Battle After Another,2025-09-17,80588
ONE BATTLE AFTER ANOTHER,en,One Battle After Another,2025-09-18,98502
ONE BATTLE AFTER ANOTHER,en,One Battle After Another,2025-09-19,67466
ONE BATTLE AFTER ANOTHER,en,One Battle After Another,2025-09-20,56321
ONE BATTLE AFTER ANOTHER,en,One Battle After Another,2025-09-21,55615
ONE BATTLE AFTER ANOTHER,en,One Battle After Another,2025-09-22,58158
ONE BATTLE AFTER ANOTHER,en,One Battle After Another,2025-09-23,69584
ONE BATTLE AFTER ANOTHER,en,One Battle After Another,2025-09-24,102371
ONE BATTLE AFTER ANOTHER,en,One Battle After Another,2025-09-25,151324
ONE BATTLE AFTER ANOTHER,en,One Battle After Another,2025-09-26,262879
ONE BATTLE AFTER ANOTHER,en,One Battle After Another,2025-09-27,310418
ONE BATTLE AFTER ANOTHER,en,One Battle After Another,2025-09-28,312969
ONE BATTLE AFTER ANOTHER,en,One Battle After Another,2025-09-29,263009
ONE BATTLE AFTER ANOTHER,en,One Battle After Another,2025-09-30,195347
ONE BATTLE AFTER ANOTHER,en,One Battle After Another,2025-10-01,169092
ONE BATTLE AFTER ANOTHER,en,One Battle After Another,2025-10-02,143054
ONE BATTLE AFTER ANOTHER,en,One Battle After Another,2025-10-03,138977
ONE BATTLE AFTER ANOTHER,en,One Battle After Another,2025-10-04,160060
ONE BATTLE AFTER ANOTHER,en,One Battle After Another,2025-10-05,168092
ONE BATTLE AFTER ANOTHER,id,One Battle After Another,2025-08-20,11
ONE BATTLE AFTER ANOTHER,id,One Battle After Another,2025-08-21,9
ONE BATTLE AFTER ANOTHER,id,One Battle After Another,2025-08-22,7
ONE BATTLE AFTER ANOTHER,id,One Battle After Another,2025-08-23,6
ONE BATTLE AFTER ANOTHER,id,One Battle After Another,2025-08-24,9
ONE BATTLE AFTER ANOTHER,id,One Battle After Another,2025-08-25,2
ONE BATTLE AFTER ANOTHER,id,One Battle After Another,2025-08-26,11
ONE BATTLE AFTER ANOTHER,id,One Battle After Another,2025-08-27,10
ONE BATTLE AFTER ANOTHER,id,One Battle After Another,2025-08-28,6
ONE BATTLE AFTER ANOTHER,id,One Battle After Another,2025-08-29,4
ONE BATTLE AFTER ANOTHER,id,One Battle After Another,2025-08-30,5
ONE BATTLE AFTER ANOTHER,id,One Battle After Another,2025-08-31,5
ONE BATTLE AFTER ANOTHER,id,One Battle After Another,2025-09-01,6
ONE BATTLE AFTER ANOTHER,id,One Battle After Another,2025-09-02,3
ONE BATTLE AFTER ANOTHER,id,One Battle After Another,2025-09-03,6
ONE BATTLE AFTER ANOTHER,id,One Battle After Another,2025-09-04,6
ONE BATTLE AFTER ANOTHER,id,One Battle After Another,2025-09-05,7
ONE BATTLE AFTER ANOTHER,id,One Battle After Another,2025-09-06,16
ONE BATTLE AFTER ANOTHER,id,One Battle After Another,2025-09-07,10
ONE BATTLE AFTER ANOTHER,id,One Battle After Another,2025-09-08,17
ONE BATTLE AFTER ANOTHER,id,One Battle After Another,2025-09-09,12
ONE BATTLE AFTER ANOTHER,id,One Battle After Another,2025-09-10,28
ONE BATTLE AFTER ANOTHER,id,One Battle After Another,2025-09-11,14
ONE BATTLE AFTER ANOTHER,id,One Battle After Another,2025-09-12,33
ONE BATTLE AFTER ANOTHER,id,One Battle After Another,2025-09-13,37
ONE BATTLE AFTER ANOTHER,id,One Battle After Another,2025-09-14,31
ONE BATTLE AFTER ANOTHER,id,One Battle After Another,2025-09-15,35
ONE BATTLE AFTER ANOTHER,id,One Battle After Another,2025-09-16,31
ONE BATTLE AFTER ANOTHER,id,One Battle After Another,2025-09-17,54
ONE BATTLE AFTER ANOTHER,id,One Battle After Another,2025-09-18,75
ONE BATTLE AFTER ANOTHER,id,One Battle After Another,2025-09-19,73
ONE BATTLE AFTER ANOTHER,id,One Battle After Another,2025-09-20,82
ONE BATTLE AFTER ANOTHER,id,One Battle After Another,2025-09-21,79
ONE BATTLE AFTER ANOTHER,id,One Battle After Another,2025-09-22,130
ONE BATTLE AFTER ANOTHER,id,One Battle After Another,2025-09-23,193
ONE BATTLE AFTER ANOTHER,id,One Battle After Another,2025-09-24,1457
ONE BATTLE AFTER ANOTHER,id,One Battle After Another,2025-09-25,846
ONE BATTLE AFTER ANOTHER,id,One Battle After Another,2025-09-26,689
ONE BATTLE AFTER ANOTHER,id,One Battle After Another,2025-09-27,1102
ONE BATTLE AFTER ANOTHER,id,One Battle After Another,2025-09-28,1044
ONE BATTLE AFTER ANOTHER,id,One Battle After Another,2025-09-29,686
ONE BATTLE AFTER ANOTHER,id,One Battle After Another,2025-09-30,522
ONE BATTLE AFTER ANOTHER,id,One Battle After Another,2025-10-01,390
ONE BATTLE AFTER ANOTHER,id,One Battle After Another,2025-10-02,404
ONE BATTLE AFTER ANOTHER,id,One Battle After Another,2025-10-03,390
ONE BATTLE AFTER ANOTHER,id,One Battle After Another,2025-10-04,494
ONE BATTLE AFTER ANOTHER,id,One Battle After Another,2025-10-05,442
ONE BATTLE AFTER ANOTHER (IMAX 2D),en,One Battle After Another,2025-08-15,7344
ONE BATTLE AFTER ANOTHER (IMAX 2D),en,One Battle After Another,2025-08-16,6634
ONE BATTLE AFTER ANOTHER (IMAX 2D),en,One Battle After Another,2025-08-17,7227
ONE BATTLE AFTER ANOTHER (IMAX 2D),en,One Battle After Another,2025-08-18,7076
ONE BATTLE AFTER ANOTHER (IMAX 2D),en,One Battle After Another,2025-08-19,9731
ONE BATTLE AFTER ANOTHER (IMAX 2D),en,One Battle After Another,2025-08-20,11837
ONE BATTLE AFTER ANOTHER (IMAX 2D),en,One Battle After Another,2025-08-21,8270
ONE BATTLE AFTER ANOTHER (IMAX 2D),en,One Battle After Another,2025-08-22,7163
ONE BATTLE AFTER ANOTHER (IMAX 2D),en,One Battle After Another,2025-08-23,9336
ONE BATTLE AFTER ANOTHER (IMAX 2D),en,One Battle After Another,2025-08-24,9644
ONE BATTLE AFTER ANOTHER (IMAX 2D),en,One Battle After Another,2025-08-25,10880
ONE BATTLE AFTER ANOTHER (IMAX 2D),en,One Battle After Another,2025-08-26,10072
ONE BATTLE AFTER ANOTHER (IMAX 2D),en,One Battle After Another,2025-08-27,11244
ONE BATTLE AFTER ANOTHER (IMAX 2D),en,One Battle After Another,2025-08-28,9468
ONE BATTLE AFTER ANOTHER (IMAX 2D),en,One Battle After Another,2025-08-29,9872
ONE BATTLE AFTER ANOTHER (IMAX 2D),en,One Battle After Another,2025-08-30,13565
ONE BATTLE AFTER ANOTHER (IMAX 2D),en,One Battle After Another,2025-08-31,13977
ONE BATTLE AFTER ANOTHER (IMAX 2D),en,One Battle After Another,2025-09-01,12426
ONE BATTLE AFTER ANOTHER (IMAX 2D),en,One Battle After Another,2025-09-02,14895
ONE BATTLE AFTER ANOTHER (IMAX 2D),en,One Battle After Another,2025-09-03,15467
ONE BATTLE AFTER ANOTHER (IMAX 2D),en,One Battle After Another,2025-09-04,14019
ONE BATTLE AFTER ANOTHER (IMAX 2D),en,One Battle After Another,2025-09-05,15218
ONE BATTLE AFTER ANOTHER (IMAX 2D),en,One Battle After Another,2025-09-06,18413
ONE BATTLE AFTER ANOTHER (IMAX 2D),en,One Battle After Another,2025-09-07,15830
ONE BATTLE AFTER ANOTHER (IMAX 2D),en,One Battle After Another,2025-09-08,20685
ONE BATTLE AFTER ANOTHER (IMAX 2D),en,One Battle After Another,2025-09-09,54556
ONE BATTLE AFTER ANOTHER (IMAX 2D),en,One Battle After Another,2025-09-10,51943
ONE BATTLE AFTER ANOTHER (IMAX 2D),en,One Battle After Another,2025-09-11,30545
ONE BATTLE AFTER ANOTHER (IMAX 2D),en,One Battle After Another,2025-09-12,41781
ONE BATTLE AFTER ANOTHER (IMAX 2D),en,One Battle After Another,2025-09-13,32897
ONE BATTLE AFTER ANOTHER (IMAX 2D),en,One Battle After Another,2025-09-14,50028
ONE BATTLE AFTER ANOTHER (IMAX 2D),en,One Battle After Another,2025-09-15,33983
ONE BATTLE AFTER ANOTHER (IMAX 2D),en,One Battle After Another,2025-09-16,43021
ONE BATTLE AFTER ANOTHER (IMAX 2D),en,One Battle After Another,2025-09-17,80588
ONE BATTLE AFTER ANOTHER (IMAX 2D),en,One Battle After Another,2025-09-18,98502
ONE BATTLE AFTER ANOTHER (IMAX 2D),en,One Battle After Another,2025-09-19,67466
ONE BATTLE AFTER ANOTHER (IMAX 2D),en,One Battle After Another,2025-09-20,56321
ONE BATTLE AFTER ANOTHER (IMAX 2D),en,One Battle After Another,2025-09-21,55615
ONE BATTLE AFTER ANOTHER (IMAX 2D),en,One Battle After Another,2025-09-22,58158
ONE BATTLE AFTER ANOTHER (IMAX 2D),en,One Battle After Another,2025-09-23,69584
ONE BATTLE AFTER ANOTHER (IMAX 2D),en,One Battle After Another,2025-09-24,102371
ONE BATTLE AFTER ANOTHER (IMAX 2D),en,One Battle After Another,2025-09-25,151324
ONE BATTLE AFTER ANOTHER (IMAX 2D),en,One Battle After Another,2025-09-26,262879
ONE BATTLE AFTER ANOTHER (IMAX 2D),en,One Battle After Another,2025-09-27,310418
ONE BATTLE AFTER ANOTHER (IMAX 2D),en,One Battle After Another,2025-09-28,312969
ONE BATTLE AFTER ANOTHER (IMAX 2D),en,One Battle After Another,2025-09-29,263009
ONE BATTLE AFTER ANOTHER (IMAX 2D),en,One Battle After Another,2025-09-30,195347
ONE BATTLE AFTER ANOTHER (IMAX 2D),id,One Battle After Another,2025-08-15,1
ONE BATTLE AFTER ANOTHER (IMAX 2D),id,One Battle After Another,2025-08-16,2
ONE BATTLE AFTER ANOTHER (IMAX 2D),id,One Battle After Another,2025-08-17,6
ONE BATTLE AFTER ANOTHER (IMAX 2D),id,One Battle After Another,2025-08-18,6
ONE BATTLE AFTER ANOTHER (IMAX 2D),id,One Battle After Another,2025-08-19,5
ONE BATTLE AFTER ANOTHER (IMAX 2D),id,One Battle After Another,2025-08-20,11
ONE BATTLE AFTER ANOTHER (IMAX 2D),id,One Battle After Another,2025-08-21,9
ONE BATTLE AFTER ANOTHER (IMAX 2D),id,One Battle After Another,2025-08-22,7
ONE BATTLE AFTER ANOTHER (IMAX 2D),id,One Battle After Another,2025-08-23,6
ONE BATTLE AFTER ANOTHER (IMAX 2D),id,One Battle After Another,2025-08-24,9
ONE BATTLE AFTER ANOTHER (IMAX 2D),id,One Battle After Another,2025-08-25,2
ONE BATTLE AFTER ANOTHER (IMAX 2D),id,One Battle After Another,2025-08-26,11
ONE BATTLE AFTER ANOTHER (IMAX 2D),id,One Battle After Another,2025-08-27,10
ONE BATTLE AFTER ANOTHER (IMAX 2D),id,One Battle After Another,2025-08-28,6
ONE BATTLE AFTER ANOTHER (IMAX 2D),id,One Battle After Another,2025-08-29,4
ONE BATTLE AFTER ANOTHER (IMAX 2D),id,One Battle After Another,2025-08-30,5
ONE BATTLE AFTER ANOTHER (IMAX 2D),id,One Battle After Another,2025-08-31,5
ONE BATTLE AFTER ANOTHER (IMAX 2D),id,One Battle After Another,2025-09-01,6
ONE BATTLE AFTER ANOTHER (IMAX 2D),id,One Battle After Another,2025-09-02,3
ONE BATTLE AFTER ANOTHER (IMAX 2D),id,One Battle After Another,2025-09-03,6
ONE BATTLE AFTER ANOTHER (IMAX 2D),id,One Battle After Another,2025-09-04,6
ONE BATTLE AFTER ANOTHER (IMAX 2D),id,One Battle After Another,2025-09-05,7
ONE BATTLE AFTER ANOTHER (IMAX 2D),id,One Battle After Another,2025-09-06,16
ONE BATTLE AFTER ANOTHER (IMAX 2D),id,One Battle After Another,2025-09-07,10
ONE BATTLE AFTER ANOTHER (IMAX 2D),id,One Battle After Another,2025-09-08,17
ONE BATTLE AFTER ANOTHER (IMAX 2D),id,One Battle After Another,2025-09-09,12
ONE BATTLE AFTER ANOTHER (IMAX 2D),id,One Battle After Another,2025-09-10,28
ONE BATTLE AFTER ANOTHER (IMAX 2D),id,One Battle After Another,2025-09-11,14
ONE BATTLE AFTER ANOTHER (IMAX 2D),id,One Battle After Another,2025-09-12,33
ONE BATTLE AFTER ANOTHER (IMAX 2D),id,One Battle After Another,2025-09-13,37
ONE BATTLE AFTER ANOTHER (IMAX 2D),id,One Battle After Another,2025-09-14,31
ONE BATTLE AFTER ANOTHER (IMAX 2D),id,One Battle After Another,2025-09-15,35
ONE BATTLE AFTER ANOTHER (IMAX 2D),id,One Battle After Another,2025-09-16,31
ONE BATTLE AFTER ANOTHER (IMAX 2D),id,One Battle After Another,2025-09-17,54
ONE BATTLE AFTER ANOTHER (IMAX 2D),id,One Battle After Another,2025-09-18,75
ONE BATTLE AFTER ANOTHER (IMAX 2D),id,One Battle After Another,2025-09-19,73
ONE BATTLE AFTER ANOTHER (IMAX 2D),id,One Battle After Another,2025-09-20,82
ONE BATTLE AFTER ANOTHER (IMAX 2D),id,One Battle After Another,2025-09-21,79
ONE BATTLE AFTER ANOTHER (IMAX 2D),id,One Battle After Another,2025-09-22,130
ONE BATTLE AFTER ANOTHER (IMAX 2D),id,One Battle After Another,2025-09-23,193
ONE BATTLE AFTER ANOTHER (IMAX 2D),id,One Battle After Another,2025-09-24,1457
ONE BATTLE AFTER ANOTHER (IMAX 2D),id,One Battle After Another,2025-09-25,846
ONE BATTLE AFTER ANOTHER (IMAX 2D),id,One Battle After Another,2025-09-26,689
ONE BATTLE AFTER ANOTHER (IMAX 2D),id,One Battle After Another,2025-09-27,1102
ONE BATTLE AFTER ANOTHER (IMAX 2D),id,One Battle After Another,2025-09-28,1044
ONE BATTLE AFTER ANOTHER (IMAX 2D),id,One Battle After Another,2025-09-29,686
ONE BATTLE AFTER ANOTHER (IMAX 2D),id,One Battle After Another,2025-09-30,522
OZORA: PENGANIAYAAN BRUTAL PENGUASA JAKSEL,id,Ozora: Penganiayaan Brutal Penguasa Jaksel,2025-12-04,1
OZORA: PENGANIAYAAN BRUTAL PENGUASA JAKSEL,id,Ozora: Penganiayaan Brutal Penguasa Jaksel,2025-12-05,23
OZORA: PENGANIAYAAN BRUTAL PENGUASA JAKSEL,id,Ozora: Penganiayaan Brutal Penguasa Jaksel,2025-12-06,89
OZORA: PENGANIAYAAN BRUTAL PENGUASA JAKSEL,id,Ozora: Penganiayaan Brutal Penguasa Jaksel,2025-12-07,91
OZORA: PENGANIAYAAN BRUTAL PENGUASA JAKSEL,id,Ozora: Penganiayaan Brutal Penguasa Jaksel,2025-12-08,84
OZORA: PENGANIAYAAN BRUTAL PENGUASA JAKSEL,id,Ozora: Penganiayaan Brutal Penguasa Jaksel,2025-12-09,61
OZORA: PENGANIAYAAN BRUTAL PENGUASA JAKSEL,id,Ozora: Penganiayaan Brutal Penguasa Jaksel,2025-12-10,53
OZORA: PENGANIAYAAN BRUTAL PENGUASA JAKSEL,id,Ozora: Penganiayaan Brutal Penguasa Jaksel,2025-12-11,30
OZORA: PENGANIAYAAN BRUTAL PENGUASA JAKSEL,id,Ozora: Penganiayaan Brutal Penguasa Jaksel,2025-12-12,16
OZORA: PENGANIAYAAN BRUTAL PENGUASA JAKSEL,id,Ozora: Penganiayaan Brutal Penguasa Jaksel,2025-12-13,32
OZORA: PENGANIAYAAN BRUTAL PENGUASA JAKSEL,id,Ozora: Penganiayaan Brutal Penguasa Jaksel,2025-12-14,27
OZORA: PENGANIAYAAN BRUTAL PENGUASA JAKSEL,id,Ozora: Penganiayaan Brutal Penguasa Jaksel,2025-12-15,19
PABRIK GULA,id,Pabrik Gula (film),2025-03-11,16
PABRIK GULA,id,Pabrik Gula (film),2025-03-12,7
PABRIK GULA,id,Pabrik Gula (film),2025-03-13,10
PABRIK GULA,id,Pabrik Gula (film),2025-03-14,14
PABRIK GULA,id,Pabrik Gula (film),2025-03-15,11
PABRIK GULA,id,Pabrik Gula (film),2025-03-16,4
PABRIK GULA,id,Pabrik Gula (film),2025-03-17,11
PABRIK GULA,id,Pabrik Gula (film),2025-03-18,13
PABRIK GULA,id,Pabrik Gula (film),2025-03-19,14
PABRIK GULA,id,Pabrik Gula (film),2025-03-20,10
PABRIK GULA,id,Pabrik Gula (film),2025-03-21,8
PABRIK GULA,id,Pabrik Gula (film),2025-03-22,15
PABRIK GULA,id,Pabrik Gula (film),2025-03-23,17
PABRIK GULA,id,Pabrik Gula (film),2025-03-24,16
PABRIK GULA,id,Pabrik Gula (film),2025-03-25,15
PABRIK GULA,id,Pabrik Gula (film),2025-03-26,8
PABRIK GULA,id,Pabrik Gula (film),2025-03-27,14
PABRIK GULA,id,Pabrik Gula (film),2025-03-28,19
PABRIK GULA,id,Pabrik Gula (film),2025-03-29,14
PABRIK GULA,id,Pabrik Gula (film),2025-03-30,23
PABRIK GULA,id,Pabrik Gula (film),2025-03-31,120
PABRIK GULA,id,Pabrik Gula (film),2025-04-01,1128
PABRIK GULA,id,Pabrik Gula (film),2025-04-02,4169
PABRIK GULA,id,Pabrik Gula (film),2025-04-03,5573
PABRIK GULA,id,Pabrik Gula (film),2025-04-04,5623
PABRIK GULA,id,Pabrik Gula (film),2025-04-05,5946
PABRIK GULA,id,Pabrik Gula (film),2025-04-06,7139
PABRIK GULA,id,Pabrik Gula (film),2025-04-07,7794
PABRIK GULA,id,Pabrik Gula (film),2025-04-08,5625
PABRIK GULA,id,Pabrik Gula (film),2025-04-09,8776
PABRIK GULA,id,Pabrik Gula (film),2025-04-10,6831
PABRIK GULA,id,Pabrik Gula (film),2025-04-11,6300
PABRIK GULA,id,Pabrik Gula (film),2025-04-12,5089
PABRIK GULA (IMAX 2D),id,Pabrik Gula (film),2025-03-11,16
PABRIK GULA (IMAX 2D),id,Pabrik Gula (film),2025-03-12,7
PABRIK GULA (IMAX 2D),id,Pabrik Gula (film),2025-03-13,10
PABRIK GULA (IMAX 2D),id,Pabrik Gula (film),2025-03-14,14
PABRIK GULA (IMAX 2D),id,Pabrik Gula (film),2025-03-15,11
PABRIK GULA (IMAX 2D),id,Pabrik Gula (film),2025-03-16,4
PABRIK GULA (IMAX 2D),id,Pabrik Gula (film),2025-03-17,11
PABRIK GULA (IMAX 2D),id,Pabrik Gula (film),2025-03-18,13
PABRIK GULA (IMAX 2D),id,Pabrik Gula (film),2025-03-19,14
PABRIK GULA (IMAX 2D),id,Pabrik Gula (film),2025-03-20,10
PABRIK GULA (IMAX 2D),id,Pabrik Gula (film),2025-03-21,8
PABRIK GULA (IMAX 2D),id,Pabrik Gula (film),2025-03-22,15
PABRIK GULA (IMAX 2D),id,Pabrik Gula (film),2025-03-23,17
PABRIK GULA (IMAX 2D),id,Pabrik Gula (film),2025-03-24,16
PABRIK GULA (IMAX 2D),id,Pabrik Gula (film),2025-03-25,15
PABRIK GULA (IMAX 2D),id,Pabrik Gula (film),2025-03-26,8
PABRIK GULA (IMAX 2D),id,Pabrik Gula (film),2025-03-27,14
PABRIK GULA (IMAX 2D),id,Pabrik Gula (film),2025-03-28,19
PABRIK GULA (IMAX 2D),id,Pabrik Gula (film),2025-03-29,14
PABRIK GULA (IMAX 2D),id,Pabrik Gula (film),2025-03-30,23
PABRIK GULA (IMAX 2D),id,Pabrik Gula (film),2025-03-31,120
PABRIK GULA (IMAX 2D),id,Pabrik Gula (film),2025-04-01,1128
PABRIK GULA (IMAX 2D),id,Pabrik Gula (film),2025-04-02,4169
PABRIK GULA (IMAX 2D),id,Pabrik Gula (film),2025-04-03,5573
PABRIK GULA (IMAX 2D),id,Pabrik Gula (film),2025-04-04,5623
PABRIK GULA (IMAX 2D),id,Pabrik Gula (film),2025-04-05,5946
PABRIK GULA (IMAX 2D),id,Pabrik Gula (film),2025-04-06,7139
PABRIK GULA (IMAX 2D),id,Pabrik Gula (film),2025-04-07,7794
PABRIK GULA (IMAX 2D),id,Pabrik Gula (film),2025-04-08,5625
PABRIK GULA (IMAX 2D),id,Pabrik Gula (film),2025-04-09,8776
PABRIK GULA (IMAX 2D),id,Pabrik Gula (film),2025-04-10,6831
PABRIK GULA (IMAX 2D),id,Pabrik Gula (film),2025-04-11,6300
PABRIK GULA (IMAX 2D),id,Pabrik Gula (film),2025-04-12,5089
PABRIK GULA UNCUT,id,Pabrik Gula (film),2025-03-11,16
PABRIK GULA UNCUT,id,Pabrik Gula (film),2025-03-12,7
PABRIK GULA UNCUT,id,Pabrik Gula (film),2025-03-13,10
PABRIK GULA UNCUT,id,Pabrik Gula (film),2025-03-14,14
PABRIK GULA UNCUT,id,Pabrik Gula (film),2025-03-15,11
PABRIK GULA UNCUT,id,Pabrik Gula (film),2025-03-16,4
PABRIK GULA UNCUT,id,Pabrik Gula (film),2025-03-17,11
PABRIK GULA UNCUT,id,Pabrik Gula (film),2025-03-18,13
PABRIK GULA UNCUT,id,Pabrik Gula (film),2025-03-19,14
PABRIK GULA UNCUT,id,Pabrik Gula (film),2025-03-20,10
PABRIK GULA UNCUT,id,Pabrik Gula (film),2025-03-21,8
PABRIK GULA UNCUT,id,Pabrik Gula (film),2025-03-22,15
PABRIK GULA UNCUT,id,Pabrik Gula (film),2025-03-23,17
PABRIK GULA UNCUT,id,Pabrik Gula (film),2025-03-24,16
PABRIK GULA UNCUT,id,Pabrik Gula (film),2025-03-25,15
PABRIK GULA UNCUT,id,Pabrik Gula (film),2025-03-26,8
PABRIK GULA UNCUT,id,Pabrik Gula (film),2025-03-27,14
PABRIK GULA UNCUT,id,Pabrik Gula (film),2025-03-28,19
PABRIK GULA UNCUT,id,Pabrik Gula (film),2025-03-29,14
PABRIK GULA UNCUT,id,Pabrik Gula (film),2025-03-30,23
PABRIK GULA UNCUT,id,Pabrik Gula (film),2025-03-31,120
PABRIK GULA UNCUT,id,Pabrik Gula (film),2025-04-01,1128
PABRIK GULA UNCUT,id,Pabrik Gula (film),2025-04-02,4169
PABRIK GULA UNCUT,id,Pabrik Gula (film),2025-04-03,5573
PABRIK GULA UNCUT,id,Pabrik Gula (film),2025-04-04,5623
PABRIK GULA UNCUT,id,Pabrik Gula (film),2025-04-05,5946
PABRIK GULA UNCUT,id,Pabrik Gula (film),2025-04-06,7139
PABRIK GULA UNCUT,id,Pabrik Gula (film),2025-04-07,7794
PABRIK GULA UNCUT,id,Pabrik Gula (film),2025-04-08,5625
PABRIK GULA UNCUT,id,Pabrik Gula (film),2025-04-09,8776
PABRIK GULA UNCUT,id,Pabrik Gula (film),2025-04-10,6831
PABRIK GULA UNCUT,id,Pabrik Gula (film),2025-04-11,6300
PABRIK GULA UNCUT,id,Pabrik Gula (film),2025-04-12,5089
PABRIK GULA UNCUT (IMAX 2D),id,Pabrik Gula (film),2025-03-11,16
PABRIK GULA UNCUT (IMAX 2D),id,Pabrik Gula (film),2025-03-12,7
PABRIK GULA UNCUT (IMAX 2D),id,Pabrik Gula (film),2025-03-13,10
PABRIK GULA UNCUT (IMAX 2D),id,Pabrik Gula (film),2025-03-14,14
PABRIK GULA UNCUT (IMAX 2D),id,Pabrik Gula (film),2025-03-15,11
PABRIK GULA UNCUT (IMAX 2D),id,Pabrik Gula (film),2025-03-16,4
PABRIK GULA UNCUT (IMAX 2D),id,Pabrik Gula (film),2025-03-17,11
PABRIK GULA UNCUT (IMAX 2D),id,Pabrik Gula (film),2025-03-18,13
PABRIK GULA UNCUT (IMAX 2D),id,Pabrik Gula (film),2025-03-19,14
PABRIK GULA UNCUT (IMAX 2D),id,Pabrik Gula (film),2025-03-20,10
PABRIK GULA UNCUT (IMAX 2D),id,Pabrik Gula (film),2025-03-21,8
PABRIK GULA UNCUT (IMAX 2D),id,Pabrik Gula (film),2025-03-22,15
PABRIK GULA UNCUT (IMAX 2D),id,Pabrik Gula (film),2025-03-23,17
PABRIK GULA UNCUT (IMAX 2D),id,Pabrik Gula (film),2025-03-24,16
PABRIK GULA UNCUT (IMAX 2D),id,Pabrik Gula (film),2025-03-25,15
PABRIK GULA UNCUT (IMAX 2D),id,Pabrik Gula (film),2025-03-26,8
PABRIK GULA UNCUT (IMAX 2D),id,Pabrik Gula (film),2025-03-27,14
PABRIK GULA UNCUT (IMAX 2D),id,Pabrik Gula (film),2025-03-28,19
PABRIK GULA UNCUT (IMAX 2D),id,Pabrik Gula (film),2025-03-29,14
PABRIK GULA UNCUT (IMAX 2D),id,Pabrik Gula (film),2025-03-30,23
PABRIK GULA UNCUT (IMAX 2D),id,Pabrik Gula (film),2025-03-31,120
PABRIK GULA UNCUT (IMAX 2D),id,Pabrik Gula (film),2025-04-01,1128
PABRIK GULA UNCUT (IMAX 2D),id,Pabrik Gula (film),2025-04-02,4169
PABRIK GULA UNCUT (IMAX 2D),id,Pabrik Gula (film),2025-04-03,5573
PABRIK GULA UNCUT (IMAX 2D),id,Pabrik Gula (film),2025-04-04,5623
PABRIK GULA UNCUT (IMAX 2D),id,Pabrik Gula (film),2025-04-05,5946
PABRIK GULA UNCUT (IMAX 2D),id,Pabrik Gula (film),2025-04-06,7139
PABRIK GULA UNCUT (IMAX 2D),id,Pabrik Gula (film),2025-04-07,7794
PABRIK GULA UNCUT (IMAX 2D),id,Pabrik Gula (film),2025-04-08,5625
PABRIK GULA UNCUT (IMAX 2D),id,Pabrik Gula (film),2025-04-09,8776
PABRIK GULA UNCUT (IMAX 2D),id,Pabrik Gula (film),2025-04-10,6831
PABRIK GULA UNCUT (IMAX 2D),id,Pabrik Gula (film),2025-04-11,6300
PABRIK GULA UNCUT (IMAX 2D),id,Pabrik Gula (film),2025-04-12,5089
PANGGILAN DARI KUBUR,id,Panggilan dari Kubur,2025-08-14,44
PANGGILAN DARI KUBUR,id,Panggilan dari Kubur,2025-08-15,114
PANGGILAN DARI KUBUR,id,Panggilan dari Kubur,2025-08-16,61
PANGGILAN DARI KUBUR,id,Panggilan dari Kubur,2025-08-17,88
PANGGILAN DARI KUBUR,id,Panggilan dari Kubur,2025-08-18,47
PANGGILAN DARI KUBUR,id,Panggilan dari Kubur,2025-08-19,31
PANGGILAN DARI KUBUR,id,Panggilan dari Kubur,2025-08-20,19
PANGGILAN DARI KUBUR,id,Panggilan dari Kubur,2025-08-21,12
PANGGILAN DARI KUBUR,id,Panggilan dari Kubur,2025-08-22,17
PANGKU,id,Pangku (film),2025-10-23,151
PANGKU,id,Pangku (film),2025-10-24,197
PANGKU,id,Pangku (film),2025-10-25,718
PANGKU,id,Pangku (film),2025-10-26,559
PANGKU,id,Pangku (film),2025-10-27,707
PANGKU,id,Pangku (film),2025-10-28,785
PANGKU,id,Pangku (film),2025-10-29,1030
PANGKU,id,Pangku (film),2025-10-30,1045
PANGKU,id,Pangku (film),2025-10-31,752
PANGKU,id,Pangku (film),2025-11-01,687
PANGKU,id,Pangku (film),2025-11-02,622
PANGKU,id,Pangku (film),2025-11-03,608
PANGKU,id,Pangku (film),2025-11-04,679
PANGKU,id,Pangku (film),2025-11-05,623
PANGKU,id,Pangku (film),2025-11-06,1795
PANGKU,id,Pangku (film),2025-11-07,2722
PANGKU,id,Pangku (film),2025-11-08,3313
PANGKU,id,Pangku (film),2025-11-09,3616
PANGKU,id,Pangku (film),2025-11-10,3356
PANGKU,id,Pangku (film),2025-11-11,3123
PANGKU,id,Pangku (film),2025-11-12,3294
PANGKU,id,Pangku (film),2025-11-13,3083
PANGKU,id,Pangku (film),2025-11-14,2874
PANGKU,id,Pangku (film),2025-11-15,2456
PANGKU,id,Pangku (film),2025-11-16,2174
PANGKU,id,Pangku (film),2025-11-17,1778
PANJI TENGKORAK,id,Panji Tengkorak (film 2025),2025-08-11,241
PANJI TENGKORAK,id,Panji Tengkorak (film 2025),2025-08-12,141
PANJI TENGKORAK,id,Panji Tengkorak (film 2025),2025-08-13,428
PANJI TENGKORAK,id,Panji Tengkorak (film 2025),2025-08-14,501
PANJI TENGKORAK,id,Panji Tengkorak (film 2025),2025-08-15,467
PANJI TENGKORAK,id,Panji Tengkorak (film 2025),2025-08-16,403
PANJI TENGKORAK,id,Panji Tengkorak (film 2025),2025-08-17,296
PANJI TENGKORAK,id,Panji Tengkorak (film 2025),2025-08-18,339
PANJI TENGKORAK,id,Panji Tengkorak (film 2025),2025-08-19,425
PANJI TENGKORAK,id,Panji Tengkorak (film 2025),2025-08-20,462
PANJI TENGKORAK,id,Panji Tengkorak (film 2025),2025-08-21,324
PANJI TENGKORAK,id,Panji Tengkorak (film 2025),2025-08-22,398
PANJI TENGKORAK,id,Panji Tengkorak (film 2025),2025-08-23,476
PANJI TENGKORAK,id,Panji Tengkorak (film 2025),2025-08-24,404
PANJI TENGKORAK,id,Panji Tengkorak (film 2025),2025-08-25,280
PANJI TENGKORAK,id,Panji Tengkorak (film 2025),2025-08-26,285
PANJI TENGKORAK,id,Panji Tengkorak (film 2025),2025-08-27,302
PANJI TENGKORAK,id,Panji Tengkorak (film 2025),2025-08-28,651
PANJI TENGKORAK,id,Panji Tengkorak (film 2025),2025-08-29,450
PANJI TENGKORAK,id,Panji Tengkorak (film 2025),2025-08-30,462
PANJI TENGKORAK,id,Panji Tengkorak (film 2025),2025-08-31,351
PANJI TENGKORAK,id,Panji Tengkorak (film 2025),2025-09-01,297
PANJI TENGKORAK,id,Panji Tengkorak (film 2025),2025-09-02,298
PAPA ZOLA THE MOVIE,en,Papa Zola The Movie,2025-12-19,1184
PAPA ZOLA THE MOVIE,en,Papa Zola The Movie,2025-12-20,1319
PAPA ZOLA THE MOVIE,en,Papa Zola The Movie,2025-12-21,1378
PAPA ZOLA THE MOVIE,en,Papa Zola The Movie,2025-12-22,1594
PAPA ZOLA THE MOVIE,en,Papa Zola The Movie,2025-12-23,1386
PAPA ZOLA THE MOVIE,en,Papa Zola The Movie,2025-12-24,1422
PAPA ZOLA THE MOVIE,en,Papa Zola The Movie,2025-12-25,1428
PAPA ZOLA THE MOVIE,en,Papa Zola The Movie,2025-12-26,1396
PAPA ZOLA THE MOVIE,en,Papa Zola The Movie,2025-12-27,1187
PAPA ZOLA THE MOVIE,en,Papa Zola The Movie,2025-12-28,1117
PAPA ZOLA THE MOVIE,en,Papa Zola The Movie,2025-12-29,1463
PAPA ZOLA THE MOVIE,en,Papa Zola The Movie,2025-12-30,1334
PAPA ZOLA THE MOVIE,en,Papa Zola The Movie,2025-12-31,1340
PAPA ZOLA THE MOVIE,en,Papa Zola The Movie,2026-01-01,1245
PAPA ZOLA THE MOVIE,en,Papa Zola The Movie,2026-01-02,1514
PAPA ZOLA THE MOVIE,en,Papa Zola The Movie,2026-01-03,1244
PAPA ZOLA THE MOVIE,en,Papa Zola The Movie,2026-01-04,1100
PAPA ZOLA THE MOVIE,en,Papa Zola The Movie,2026-01-05,1036
PAPA ZOLA THE MOVIE,en,Papa Zola The Movie,2026-01-06,880
PAPA ZOLA THE MOVIE,en,Papa Zola The Movie,2026-01-07,1121
PAPA ZOLA THE MOVIE,en,Papa Zola The Movie,2026-01-08,859
PAPA ZOLA THE MOVIE,en,Papa Zola The Movie,2026-01-09,847
PAPA ZOLA THE MOVIE,en,Papa Zola The Movie,2026-01-10,780
PAPA ZOLA THE MOVIE,en,Papa Zola The Movie,2026-01-11,673
PAPA ZOLA THE MOVIE,en,Papa Zola The Movie,2026-01-12,626
PAPA ZOLA THE MOVIE,en,Papa Zola The Movie,2026-01-13,613
PAPA ZOLA THE MOVIE,en,Papa Zola The Movie,2026-01-14,519
PAPA ZOLA THE MOVIE,en,Papa Zola The Movie,2026-01-15,861
PAPA ZOLA THE MOVIE,en,Papa Zola The Movie,2026-01-16,933
PAPA ZOLA THE MOVIE,en,Papa Zola The Movie,2026-01-17,854
PAPA ZOLA THE MOVIE,en,Papa Zola The Movie,2026-01-18,608
PAPA ZOLA THE MOVIE,en,Papa Zola The Movie,2026-01-19,480
PAPA ZOLA THE MOVIE,en,Papa Zola The Movie,2026-01-20,602
PAPA ZOLA THE MOVIE,en,Papa Zola The Movie,2026-01-21,707
PAPA ZOLA THE MOVIE,en,Papa Zola The Movie,2026-01-22,610
PAPA ZOLA THE MOVIE,en,Papa Zola The Movie,2026-01-23,622
PAPA ZOLA THE MOVIE,en,Papa Zola The Movie,2026-01-24,660
PAPA ZOLA THE MOVIE,en,Papa Zola The Movie,2026-01-25,573
PAPA ZOLA THE MOVIE,en,Papa Zola The Movie,2026-01-26,487
PAPA ZOLA THE MOVIE,en,Papa Zola The Movie,2026-01-27,558
PAPA ZOLA THE MOVIE,en,Papa Zola The Movie,2026-01-28,512
PAPA ZOLA THE MOVIE,en,Papa Zola The Movie,2026-01-29,428
PAPA ZOLA THE MOVIE,en,Papa Zola The Movie,2026-01-30,578
PAPA ZOLA THE MOVIE,en,Papa Zola The Movie,2026-01-31,595
PAPA ZOLA THE MOVIE,en,Papa Zola The Movie,2026-02-01,441
PAPA ZOLA THE MOVIE,en,Papa Zola The Movie,2026-02-02,359
PAPA ZOLA THE MOVIE,en,Papa Zola The Movie,2026-02-03,301
PARAM SUNDARI,en,Param Sundari (film),2025-07-25,3417
PARAM SUNDARI,en,Param Sundari (film),2025-07-26,3349
PARAM SUNDARI,en,Param Sundari (film),2025-07-27,2755
PARAM SUNDARI,en,Param Sundari (film),2025-07-28,2493
PARAM SUNDARI,en,Param Sundari (film),2025-07-29,2103
PARAM SUNDARI,en,Param Sundari (film),2025-07-30,9539
PARAM SUNDARI,en,Param Sundari (film),2025-07-31,9095
PARAM SUNDARI,en,Param Sundari (film),2025-08-01,6874
PARAM SUNDARI,en,Param Sundari (film),2025-08-02,6306
PARAM SUNDARI,en,Param Sundari (film),2025-08-03,5830
PARAM SUNDARI,en,Param Sundari (film),2025-08-04,5412
PARAM SUNDARI,en,Param Sundari (film),2025-08-05,5127
PARAM SUNDARI,en,Param Sundari (film),2025-08-06,5157
PARAM SUNDARI,en,Param Sundari (film),2025-08-07,4771
PARAM SUNDARI,en,Param Sundari (film),2025-08-08,6460
PARAM SUNDARI,en,Param Sundari (film),2025-08-09,6344
PARAM SUNDARI,en,Param Sundari (film),2025-08-10,6481
PARAM SUNDARI,en,Param Sundari (film),2025-08-11,5940
PARAM SUNDARI,en,Param Sundari (film),2025-08-12,11857
PARAM SUNDARI,en,Param Sundari (film),2025-08-13,14385
PARAM SUNDARI,en,Param Sundari (film),2025-08-14,11898
PARAM SUNDARI,en,Param Sundari (film),2025-08-15,11182
PARAM SUNDARI,en,Param Sundari (film),2025-08-16,11468
PARAM SUNDARI,en,Param Sundari (film),2025-08-17,10845
PARAM SUNDARI,en,Param Sundari (film),2025-08-18,10140
PARAM SUNDARI,en,Param Sundari (film),2025-08-19,9745
PARAM SUNDARI,en,Param Sundari (film),2025-08-20,8222
PARAM SUNDARI,en,Param Sundari (film),2025-08-21,8484
PARAM SUNDARI,en,Param Sundari (film),2025-08-22,9104
PARAM SUNDARI,en,Param Sundari (film),2025-08-23,9721
PARAM SUNDARI,en,Param Sundari (film),2025-08-24,10662
PARAM SUNDARI,en,Param Sundari (film),2025-08-25,10499
PARAM SUNDARI,en,Param Sundari (film),2025-08-26,11401
PARAM SUNDARI,en,Param Sundari (film),2025-08-27,13735
PARAM SUNDARI,en,Param Sundari (film),2025-08-28,19622
PARAM SUNDARI,en,Param Sundari (film),2025-08-29,66269
PARAM SUNDARI,en,Param Sundari (film),2025-08-30,93838
PARAM SUNDARI,en,Param Sundari (film),2025-08-31,91851
PARAM SUNDARI,en,Param Sundari (film),2025-09-01,73114
PARAM SUNDARI,en,Param Sundari (film),2025-09-02,62388
PARAM SUNDARI,en,Param Sundari (film),2025-09-03,52465
PARAM SUNDARI,en,Param Sundari (film),2025-09-04,44247
PARAM SUNDARI,en,Param Sundari (film),2025-09-05,38092
PARAM SUNDARI,en,Param Sundari (film),2025-09-06,35510
PARAM SUNDARI,en,Param Sundari (film),2025-09-07,32655
PARAM SUNDARI,en,Param Sundari (film),2025-09-08,25775
PARAM SUNDARI,en,Param Sundari (film),2025-09-09,21968
PELANGI DI MARS,id,Pelangi di Mars,2026-02-11,43
PELANGI DI MARS,id,Pelangi di Mars,2026-02-12,45
PELANGI DI MARS,id,Pelangi di Mars,2026-02-13,240
PELANGI DI MARS,id,Pelangi di Mars,2026-02-14,236
PELANGI DI MARS,id,Pelangi di Mars,2026-02-15,282
PELANGI DI MARS,id,Pelangi di Mars,2026-02-16,226
PELANGI DI MARS,id,Pelangi di Mars,2026-02-17,208
PELANGI DI MARS,id,Pelangi di Mars,2026-02-18,166
PELANGI DI MARS,id,Pelangi di Mars,2026-02-19,179
PELANGI DI MARS,id,Pelangi di Mars,2026-02-20,153
PELANGI DI MARS,id,Pelangi di Mars,2026-02-21,84
PELANGI DI MARS,id,Pelangi di Mars,2026-02-22,104
PELANGI DI MARS,id,Pelangi di Mars,2026-02-23,95
PELANGI DI MARS,id,Pelangi di Mars,2026-02-24,68
PELANGI DI MARS,id,Pelangi di Mars,2026-02-25,108
PELANGI DI MARS,id,Pelangi di Mars,2026-02-26,91
PELANGI DI MARS,id,Pelangi di Mars,2026-02-27,97
PELANGI DI MARS,id,Pelangi di Mars,2026-02-28,63
PELANGI DI MARS,id,Pelangi di Mars,2026-03-01,56
PELANGI DI MARS,id,Pelangi di Mars,2026-03-02,71
PELANGI DI MARS,id,Pelangi di Mars,2026-03-03,121
PELANGI DI MARS,id,Pelangi di Mars,2026-03-04,102
PELANGI DI MARS,id,Pelangi di Mars,2026-03-05,125
PELANGI DI MARS,id,Pelangi di Mars,2026-03-06,145
PELANGI DI MARS,id,Pelangi di Mars,2026-03-07,121
PELANGI DI MARS,id,Pelangi di Mars,2026-03-08,132
PELANGI DI MARS,id,Pelangi di Mars,2026-03-09,146
PELANGI DI MARS,id,Pelangi di Mars,2026-03-10,156
PELANGI DI MARS,id,Pelangi di Mars,2026-03-11,208
PELANGI DI MARS,id,Pelangi di Mars,2026-03-12,284
PELANGI DI MARS,id,Pelangi di Mars,2026-03-13,392
PELANGI DI MARS,id,Pelangi di Mars,2026-03-14,678
PELANGI DI MARS,id,Pelangi di Mars,2026-03-15,708
PELANGI DI MARS,id,Pelangi di Mars,2026-03-16,617
PELANGI DI MARS,id,Pelangi di Mars,2026-03-17,830
PELANGI DI MARS,id,Pelangi di Mars,2026-03-18,1449
PELANGI DI MARS,id,Pelangi di Mars,2026-03-19,1354
PELANGI DI MARS,id,Pelangi di Mars,2026-03-20,1291
PELANGI DI MARS,id,Pelangi di Mars,2026-03-21,1229
PELANGI DI MARS,id,Pelangi di Mars,2026-03-22,1644
PELANGI DI MARS,id,Pelangi di Mars,2026-03-23,1957
PELANGI DI MARS,id,Pelangi di Mars,2026-03-24,1700
PELANGI DI MARS,id,Pelangi di Mars,2026-03-25,1554
PELANGI DI MARS,id,Pelangi di Mars,2026-03-26,1349
PELANGI DI MARS,id,Pelangi di Mars,2026-03-27,1368
PELANGI DI MARS,id,Pelangi di Mars,2026-03-28,2094
PELANGI DI MARS,id,Pelangi di Mars,2026-03-29,1971
PEMBANTAIAN DUKUN SANTET,id,Pembantaian Dukun Santet,2025-05-08,92
PEMBANTAIAN DUKUN SANTET,id,Pembantaian Dukun Santet,2025-05-09,157
PEMBANTAIAN DUKUN SANTET,id,Pembantaian Dukun Santet,2025-05-10,404
PEMBANTAIAN DUKUN SANTET,id,Pembantaian Dukun Santet,2025-05-11,518
PEMBANTAIAN DUKUN SANTET,id,Pembantaian Dukun Santet,2025-05-12,826
PEMBANTAIAN DUKUN SANTET,id,Pembantaian Dukun Santet,2025-05-13,330
PEMBANTAIAN DUKUN SANTET,id,Pembantaian Dukun Santet,2025-05-14,309
PEMBANTAIAN DUKUN SANTET,id,Pembantaian Dukun Santet,2025-05-15,259
PEMBANTAIAN DUKUN SANTET,id,Pembantaian Dukun Santet,2025-05-16,228
PENGEPUNGAN DI BUKIT DURI,id,Pengepungan di Bukit Duri,2025-03-11,4
PENGEPUNGAN DI BUKIT DURI,id,Pengepungan di Bukit Duri,2025-03-12,1
PENGEPUNGAN DI BUKIT DURI,id,Pengepungan di Bukit Duri,2025-03-14,1
PENGEPUNGAN DI BUKIT DURI,id,Pengepungan di Bukit Duri,2025-03-15,2
PENGEPUNGAN DI BUKIT DURI,id,Pengepungan di Bukit Duri,2025-03-17,2
PENGEPUNGAN DI BUKIT DURI,id,Pengepungan di Bukit Duri,2025-03-21,1
PENGEPUNGAN DI BUKIT DURI,id,Pengepungan di Bukit Duri,2025-03-24,1
PENGEPUNGAN DI BUKIT DURI,id,Pengepungan di Bukit Duri,2025-03-25,0
PENGEPUNGAN DI BUKIT DURI,id,Pengepungan di Bukit Duri,2025-03-28,0
PENGEPUNGAN DI BUKIT DURI,id,Pengepungan di Bukit Duri,2025-03-29,1
PENGEPUNGAN DI BUKIT DURI,id,Pengepungan di Bukit Duri,2025-03-30,2
PENGEPUNGAN DI BUKIT DURI,id,Pengepungan di Bukit Duri,2025-03-31,1
PENGEPUNGAN DI BUKIT DURI,id,Pengepungan di Bukit Duri,2025-04-01,0
PENGEPUNGAN DI BUKIT DURI,id,Pengepungan di Bukit Duri,2025-04-04,1
PENGEPUNGAN DI BUKIT DURI,id,Pengepungan di Bukit Duri,2025-04-08,0
PENGEPUNGAN DI BUKIT DURI,id,Pengepungan di Bukit Duri,2025-04-09,1
PENGEPUNGAN DI BUKIT DURI,id,Pengepungan di Bukit Duri,2025-04-10,0
PENGEPUNGAN DI BUKIT DURI,id,Pengepungan di Bukit Duri,2025-04-11,1
PENGEPUNGAN DI BUKIT DURI,id,Pengepungan di Bukit Duri,2025-04-14,20
PENGEPUNGAN DI BUKIT DURI,id,Pengepungan di Bukit Duri,2025-04-15,38
PENGEPUNGAN DI BUKIT DURI,id,Pengepungan di Bukit Duri,2025-04-16,29
PENGEPUNGAN DI BUKIT DURI,id,Pengepungan di Bukit Duri,2025-04-17,191
PENGEPUNGAN DI BUKIT DURI,id,Pengepungan di Bukit Duri,2025-04-18,563
PENGEPUNGAN DI BUKIT DURI,id,Pengepungan di Bukit Duri,2025-04-19,553
PENGEPUNGAN DI BUKIT DURI,id,Pengepungan di Bukit Duri,2025-04-20,917
PENGEPUNGAN DI BUKIT DURI,id,Pengepungan di Bukit Duri,2025-04-21,1189
PENJAGAL IBLIS DOSA TURUNAN,id,Penjagal Iblis: Dosa Turunan,2025-04-30,70
PENJAGAL IBLIS DOSA TURUNAN,id,Penjagal Iblis: Dosa Turunan,2025-05-01,98
PENJAGAL IBLIS DOSA TURUNAN,id,Penjagal Iblis: Dosa Turunan,2025-05-02,106
PENJAGAL IBLIS DOSA TURUNAN,id,Penjagal Iblis: Dosa Turunan,2025-05-03,238
PENJAGAL IBLIS DOSA TURUNAN,id,Penjagal Iblis: Dosa Turunan,2025-05-04,303
PENJAGAL IBLIS DOSA TURUNAN,id,Penjagal Iblis: Dosa Turunan,2025-05-05,233
PENJAGAL IBLIS DOSA TURUNAN,id,Penjagal Iblis: Dosa Turunan,2025-05-06,176
PENUNGGU RUMAH: BUTO IJO,id,Penunggu Rumah: Buto Ijo,2025-12-11,8
PENUNGGU RUMAH: BUTO IJO,id,Penunggu Rumah: Buto Ijo,2025-12-12,2
PENUNGGU RUMAH: BUTO IJO,id,Penunggu Rumah: Buto Ijo,2025-12-13,7
PENUNGGU RUMAH: BUTO IJO,id,Penunggu Rumah: Buto Ijo,2025-12-14,5
PENUNGGU RUMAH: BUTO IJO,id,Penunggu Rumah: Buto Ijo,2025-12-15,4
PENUNGGU RUMAH: BUTO IJO,id,Penunggu Rumah: Buto Ijo,2025-12-16,9
PENUNGGU RUMAH: BUTO IJO,id,Penunggu Rumah: Buto Ijo,2025-12-17,22
PENUNGGU RUMAH: BUTO IJO,id,Penunggu Rumah: Buto Ijo,2025-12-18,12
PENUNGGU RUMAH: BUTO IJO,id,Penunggu Rumah: Buto Ijo,2025-12-19,8
PENUNGGU RUMAH: BUTO IJO,id,Penunggu Rumah: Buto Ijo,2025-12-20,10
PENUNGGU RUMAH: BUTO IJO,id,Penunggu Rumah: Buto Ijo,2025-12-21,12
PENUNGGU RUMAH: BUTO IJO,id,Penunggu Rumah: Buto Ijo,2025-12-22,9
PENUNGGU RUMAH: BUTO IJO,id,Penunggu Rumah: Buto Ijo,2025-12-23,3
PENUNGGU RUMAH: BUTO IJO,id,Penunggu Rumah: Buto Ijo,2025-12-24,16
PENUNGGU RUMAH: BUTO IJO,id,Penunggu Rumah: Buto Ijo,2025-12-25,5
PENUNGGU RUMAH: BUTO IJO,id,Penunggu Rumah: Buto Ijo,2025-12-26,18
PENUNGGU RUMAH: BUTO IJO,id,Penunggu Rumah: Buto Ijo,2025-12-27,10
PENUNGGU RUMAH: BUTO IJO,id,Penunggu Rumah: Buto Ijo,2025-12-28,7
PENUNGGU RUMAH: BUTO IJO,id,Penunggu Rumah: Buto Ijo,2025-12-29,9
PENUNGGU RUMAH: BUTO IJO,id,Penunggu Rumah: Buto Ijo,2025-12-30,24
PENUNGGU RUMAH: BUTO IJO,id,Penunggu Rumah: Buto Ijo,2025-12-31,24
PENUNGGU RUMAH: BUTO IJO,id,Penunggu Rumah: Buto Ijo,2026-01-01,23
PENUNGGU RUMAH: BUTO IJO,id,Penunggu Rumah: Buto Ijo,2026-01-02,34
PENUNGGU RUMAH: BUTO IJO,id,Penunggu Rumah: Buto Ijo,2026-01-03,35
PENUNGGU RUMAH: BUTO IJO,id,Penunggu Rumah: Buto Ijo,2026-01-04,29
PENUNGGU RUMAH: BUTO IJO,id,Penunggu Rumah: Buto Ijo,2026-01-05,77
PENUNGGU RUMAH: BUTO IJO,id,Penunggu Rumah: Buto Ijo,2026-01-06,53
PENUNGGU RUMAH: BUTO IJO,id,Penunggu Rumah: Buto Ijo,2026-01-07,48
PENUNGGU RUMAH: BUTO IJO,id,Penunggu Rumah: Buto Ijo,2026-01-08,171
PENUNGGU RUMAH: BUTO IJO,id,Penunggu Rumah: Buto Ijo,2026-01-09,149
PENUNGGU RUMAH: BUTO IJO,id,Penunggu Rumah: Buto Ijo,2026-01-10,98
PENUNGGU RUMAH: BUTO IJO,id,Penunggu Rumah: Buto Ijo,2026-01-11,63
PENUNGGU RUMAH: BUTO IJO,id,Penunggu Rumah: Buto Ijo,2026-01-12,89
PENUNGGU RUMAH: BUTO IJO,id,Penunggu Rumah: Buto Ijo,2026-01-13,69
PENUNGGU RUMAH: BUTO IJO,id,Penunggu Rumah: Buto Ijo,2026-01-14,79
PENUNGGU RUMAH: BUTO IJO,id,Penunggu Rumah: Buto Ijo,2026-01-15,193
PENUNGGU RUMAH: BUTO IJO,id,Penunggu Rumah: Buto Ijo,2026-01-16,178
PENUNGGU RUMAH: BUTO IJO,id,Penunggu Rumah: Buto Ijo,2026-01-17,101
PENUNGGU RUMAH: BUTO IJO,id,Penunggu Rumah: Buto Ijo,2026-01-18,94
PENUNGGU RUMAH: BUTO IJO,id,Penunggu Rumah: Buto Ijo,2026-01-19,74
PENUNGGU RUMAH: BUTO IJO,id,Penunggu Rumah: Buto Ijo,2026-01-20,83
PENUNGGU RUMAH: BUTO IJO,id,Penunggu Rumah: Buto Ijo,2026-01-21,67
PENUNGGU RUMAH: BUTO IJO,id,Penunggu Rumah: Buto Ijo,2026-01-22,65
PENUNGGU RUMAH: BUTO IJO,id,Penunggu Rumah: Buto Ijo,2026-01-23,33
PENUNGGU RUMAH: BUTO IJO,id,Penunggu Rumah: Buto Ijo,2026-01-24,31
PENUNGGU RUMAH: BUTO IJO,id,Penunggu Rumah: Buto Ijo,2026-01-25,35
PENUNGGU RUMAH: BUTO IJO,id,Penunggu Rumah: Buto Ijo,2026-01-26,33
PERANG KOTA,en,This City Is a Battlefield,2025-03-17,18
PERANG KOTA,en,This City Is a Battlefield,2025-03-18,15
PERANG KOTA,en,This City Is a Battlefield,2025-03-19,19
PERANG KOTA,en,This City Is a Battlefield,2025-03-20,31
PERANG KOTA,en,This City Is a Battlefield,2025-03-21,24
PERANG KOTA,en,This City Is a Battlefield,2025-03-22,30
PERANG KOTA,en,This City Is a Battlefield,2025-03-23,33
PERANG KOTA,en,This City Is a Battlefield,2025-03-24,63
PERANG KOTA,en,This City Is a Battlefield,2025-03-25,52
PERANG KOTA,en,This City Is a Battlefield,2025-03-26,35
PERANG KOTA,en,This City Is a Battlefield,2025-03-27,50
PERANG KOTA,en,This City Is a Battlefield,2025-03-28,32
PERANG KOTA,en,This City Is a Battlefield,2025-03-29,34
PERANG KOTA,en,This City Is a Battlefield,2025-03-30,32
PERANG KOTA,en,This City Is a Battlefield,2025-03-31,30
PERANG KOTA,en,This City Is a Battlefield,2025-04-01,40
PERANG KOTA,en,This City Is a Battlefield,2025-04-02,26
PERANG KOTA,en,This City Is a Battlefield,2025-04-03,43
PERANG KOTA,en,This City Is a Battlefield,2025-04-04,34
PERANG KOTA,en,This City Is a Battlefield,2025-04-05,28
PERANG KOTA,en,This City Is a Battlefield,2025-04-06,30
PERANG KOTA,en,This City Is a Battlefield,2025-04-07,23
PERANG KOTA,en,This City Is a Battlefield,2025-04-08,36
PERANG KOTA,en,This City Is a Battlefield,2025-04-09,38
PERANG KOTA,en,This City Is a Battlefield,2025-04-10,32
PERANG KOTA,en,This City Is a Battlefield,2025-04-11,38
PERANG KOTA,en,This City Is a Battlefield,2025-04-12,45
PERANG KOTA,en,This City Is a Battlefield,2025-04-13,67
PERANG KOTA,en,This City Is a Battlefield,2025-04-14,45
PERANG KOTA,en,This City Is a Battlefield,2025-04-15,61
PERANG KOTA,en,This City Is a Battlefield,2025-04-16,80
PERANG KOTA,en,This City Is a Battlefield,2025-04-17,80
PERANG KOTA,en,This City Is a Battlefield,2025-04-18,138
PERANG KOTA,en,This City Is a Battlefield,2025-04-19,100
PERANG KOTA,en,This City Is a Battlefield,2025-04-20,150
PERANG KOTA,en,This City Is a Battlefield,2025-04-21,206
PERANG KOTA,en,This City Is a Battlefield,2025-04-22,149
PERANG KOTA,en,This City Is a Battlefield,2025-04-23,96
PERANG KOTA,en,This City Is a Battlefield,2025-04-24,163
PERANG KOTA,en,This City Is a Battlefield,2025-04-25,116
PERANG KOTA,en,This City Is a Battlefield,2025-04-26,112
PERANG KOTA,en,This City Is a Battlefield,2025-04-27,105
PERANG KOTA,en,This City Is a Battlefield,2025-04-28,114
PERANG KOTA,en,This City Is a Battlefield,2025-04-29,120
PERANG KOTA,en,This City Is a Battlefield,2025-04-30,285
PERANG KOTA,en,This City Is a Battlefield,2025-05-01,289
PERANG KOTA,en,This City Is a Battlefield,2025-05-02,238
PERANG KOTA,id,Perang Kota,2025-04-30,67
PERANG KOTA,id,Perang Kota,2025-05-01,75
PERANG KOTA,id,Perang Kota,2025-05-02,89
PEREMPUAN PEMBAWA SIAL,id,Perempuan Pembawa Sial,2025-08-06,23
PEREMPUAN PEMBAWA SIAL,id,Perempuan Pembawa Sial,2025-08-07,16
PEREMPUAN PEMBAWA SIAL,id,Perempuan Pembawa Sial,2025-08-08,25
PEREMPUAN PEMBAWA SIAL,id,Perempuan Pembawa Sial,2025-08-09,12
PEREMPUAN PEMBAWA SIAL,id,Perempuan Pembawa Sial,2025-08-10,11
PEREMPUAN PEMBAWA SIAL,id,Perempuan Pembawa Sial,2025-08-11,30
PEREMPUAN PEMBAWA SIAL,id,Perempuan Pembawa Sial,2025-08-12,13
PEREMPUAN PEMBAWA SIAL,id,Perempuan Pembawa Sial,2025-08-13,12
PEREMPUAN PEMBAWA SIAL,id,Perempuan Pembawa Sial,2025-08-14,19
PEREMPUAN PEMBAWA SIAL,id,Perempuan Pembawa Sial,2025-08-15,22
PEREMPUAN PEMBAWA SIAL,id,Perempuan Pembawa Sial,2025-08-16,22
PEREMPUAN PEMBAWA SIAL,id,Perempuan Pembawa Sial,2025-08-17,23
PEREMPUAN PEMBAWA SIAL,id,Perempuan Pembawa Sial,2025-08-18,31
PEREMPUAN PEMBAWA SIAL,id,Perempuan Pembawa Sial,2025-08-19,25
PEREMPUAN PEMBAWA SIAL,id,Perempuan Pembawa Sial,2025-08-20,65
PEREMPUAN PEMBAWA SIAL,id,Perempuan Pembawa Sial,2025-08-21,78
PEREMPUAN PEMBAWA SIAL,id,Perempuan Pembawa Sial,2025-08-22,90
PEREMPUAN PEMBAWA SIAL,id,Perempuan Pembawa Sial,2025-08-23,74
PEREMPUAN PEMBAWA SIAL,id,Perempuan Pembawa Sial,2025-08-24,57
PEREMPUAN PEMBAWA SIAL,id,Perempuan Pembawa Sial,2025-08-25,73
PEREMPUAN PEMBAWA SIAL,id,Perempuan Pembawa Sial,2025-08-26,70
PEREMPUAN PEMBAWA SIAL,id,Perempuan Pembawa Sial,2025-08-27,83
PEREMPUAN PEMBAWA SIAL,id,Perempuan Pembawa Sial,2025-08-28,112
PEREMPUAN PEMBAWA SIAL,id,Perempuan Pembawa Sial,2025-08-29,69
PEREMPUAN PEMBAWA SIAL,id,Perempuan Pembawa Sial,2025-08-30,84
PEREMPUAN PEMBAWA SIAL,id,Perempuan Pembawa Sial,2025-08-31,78
PEREMPUAN PEMBAWA SIAL,id,Perempuan Pembawa Sial,2025-09-01,98
PEREMPUAN PEMBAWA SIAL,id,Perempuan Pembawa Sial,2025-09-02,118
PEREMPUAN PEMBAWA SIAL,id,Perempuan Pembawa Sial,2025-09-03,105
PEREMPUAN PEMBAWA SIAL,id,Perempuan Pembawa Sial,2025-09-04,113
PEREMPUAN PEMBAWA SIAL,id,Perempuan Pembawa Sial,2025-09-05,94
PEREMPUAN PEMBAWA SIAL,id,Perempuan Pembawa Sial,2025-09-06,74
PEREMPUAN PEMBAWA SIAL,id,Perempuan Pembawa Sial,2025-09-07,87
PEREMPUAN PEMBAWA SIAL,id,Perempuan Pembawa Sial,2025-09-08,110
PEREMPUAN PEMBAWA SIAL,id,Perempuan Pembawa Sial,2025-09-09,85
PEREMPUAN PEMBAWA SIAL,id,Perempuan Pembawa Sial,2025-09-10,122
PEREMPUAN PEMBAWA SIAL,id,Perempuan Pembawa Sial,2025-09-11,151
PEREMPUAN PEMBAWA SIAL,id,Perempuan Pembawa Sial,2025-09-12,158
PEREMPUAN PEMBAWA SIAL,id,Perempuan Pembawa Sial,2025-09-13,177
PEREMPUAN PEMBAWA SIAL,id,Perempuan Pembawa Sial,2025-09-14,163
PEREMPUAN PEMBAWA SIAL,id,Perempuan Pembawa Sial,2025-09-15,172
PEREMPUAN PEMBAWA SIAL,id,Perempuan Pembawa Sial,2025-09-16,233
PEREMPUAN PEMBAWA SIAL,id,Perempuan Pembawa Sial,2025-09-17,276
PEREMPUAN PEMBAWA SIAL,id,Perempuan Pembawa Sial,2025-09-18,692
PEREMPUAN PEMBAWA SIAL,id,Perempuan Pembawa Sial,2025-09-19,643
PEREMPUAN PEMBAWA SIAL,id,Perempuan Pembawa Sial,2025-09-20,667
PEREMPUAN PEMBAWA SIAL,id,Perempuan Pembawa Sial,2025-09-21,566
PETAKA GUNUNG GEDE,id,Petaka Gunung Gede,2025-02-25,1428
PETAKA GUNUNG GEDE,id,Petaka Gunung Gede,2025-02-26,1643
PETAKA GUNUNG GEDE,id,Petaka Gunung Gede,2025-02-27,1799
PETAKA GUNUNG GEDE,id,Petaka Gunung Gede,2025-02-28,1615
PETAKA GUNUNG GEDE,id,Petaka Gunung Gede,2025-03-01,1372
PETAKA GUNUNG GEDE,id,Petaka Gunung Gede,2025-03-02,1557
PETAKA GUNUNG GEDE,id,Petaka Gunung Gede,2025-03-03,1277
PETAKA GUNUNG GEDE,id,Petaka Gunung Gede,2025-03-04,1094
PETAKA GUNUNG GEDE,id,Petaka Gunung Gede,2025-03-05,1041
PETAKA GUNUNG GEDE,id,Petaka Gunung Gede,2025-03-06,1349
PETAKA GUNUNG GEDE,id,Petaka Gunung Gede,2025-03-07,1065
PETAKA GUNUNG GEDE,id,Petaka Gunung Gede,2025-03-08,1137
PETAKA GUNUNG GEDE,id,Petaka Gunung Gede,2025-03-09,1044
PETAKA GUNUNG GEDE,id,Petaka Gunung Gede,2025-03-10,810
PETAKA GUNUNG GEDE,id,Petaka Gunung Gede,2025-03-11,766
PETAKA GUNUNG GEDE,id,Petaka Gunung Gede,2025-03-12,634
PETAKA GUNUNG GEDE,id,Petaka Gunung Gede,2025-03-13,547
PETAKA GUNUNG GEDE,id,Petaka Gunung Gede,2025-03-14,596
PETAKA GUNUNG GEDE,id,Petaka Gunung Gede,2025-03-15,739
PETAKA GUNUNG GEDE,id,Petaka Gunung Gede,2025-03-16,851
PETAKA GUNUNG GEDE,id,Petaka Gunung Gede,2025-03-17,649
PETAKA GUNUNG GEDE,id,Petaka Gunung Gede,2025-03-18,655
PETAKA GUNUNG GEDE,id,Petaka Gunung Gede,2025-03-19,643
PETAKA GUNUNG GEDE,id,Petaka Gunung Gede,2025-03-20,545
PETAKA GUNUNG GEDE,id,Petaka Gunung Gede,2025-03-21,672
PETAKA GUNUNG GEDE,id,Petaka Gunung Gede,2025-03-22,689
PETAKA GUNUNG GEDE,id,Petaka Gunung Gede,2025-03-23,880
PETAKA GUNUNG GEDE,id,Petaka Gunung Gede,2025-03-24,821
PETAKA GUNUNG GEDE,id,Petaka Gunung Gede,2025-03-25,765
PETAKA GUNUNG GEDE,id,Petaka Gunung Gede,2025-03-26,759
PETAKA GUNUNG GEDE,id,Petaka Gunung Gede,2025-03-27,974
PETAKA GUNUNG GEDE,id,Petaka Gunung Gede,2025-03-28,1079
PETAKA GUNUNG GEDE,id,Petaka Gunung Gede,2025-03-29,1089
PETAKA GUNUNG GEDE,id,Petaka Gunung Gede,2025-03-30,1067
PETAKA GUNUNG GEDE,id,Petaka Gunung Gede,2025-03-31,785
PETAKA GUNUNG GEDE,id,Petaka Gunung Gede,2025-04-01,822
PETAKA GUNUNG GEDE,id,Petaka Gunung Gede,2025-04-02,765
PETAKA GUNUNG GEDE,id,Petaka Gunung Gede,2025-04-03,805
PETAKA GUNUNG GEDE,id,Petaka Gunung Gede,2025-04-04,756
PETAKA GUNUNG GEDE,id,Petaka Gunung Gede,2025-04-05,660
PETAKA GUNUNG GEDE,id,Petaka Gunung Gede,2025-04-06,604
PETAKA GUNUNG GEDE,id,Petaka Gunung Gede,2025-04-07,617
PETAKA GUNUNG GEDE,id,Petaka Gunung Gede,2025-04-08,558
PETAKA GUNUNG GEDE,id,Petaka Gunung Gede,2025-04-09,558
PETAKA GUNUNG GEDE,id,Petaka Gunung Gede,2025-04-10,450
PETAKA GUNUNG GEDE,id,Petaka Gunung Gede,2025-04-11,465
PETAKA GUNUNG GEDE,id,Petaka Gunung Gede,2025-04-12,486
PINJAM 100 THE MOVIE,id,Pinjam 100 the Movie,2025-03-17,1
PINJAM 100 THE MOVIE,id,Pinjam 100 the Movie,2025-03-18,0
PINJAM 100 THE MOVIE,id,Pinjam 100 the Movie,2025-03-19,1
PINJAM 100 THE MOVIE,id,Pinjam 100 the Movie,2025-03-20,1
PINJAM 100 THE MOVIE,id,Pinjam 100 the Movie,2025-03-22,1
PINJAM 100 THE MOVIE,id,Pinjam 100 the Movie,2025-03-27,0
PINJAM 100 THE MOVIE,id,Pinjam 100 the Movie,2025-03-30,0
PINJAM 100 THE MOVIE,id,Pinjam 100 the Movie,2025-04-01,0
PINJAM 100 THE MOVIE,id,Pinjam 100 the Movie,2025-04-08,0
PINJAM 100 THE MOVIE,id,Pinjam 100 the Movie,2025-04-12,4
PINJAM 100 THE MOVIE,id,Pinjam 100 the Movie,2025-04-13,1
PREDATOR: BADLANDS,en,Predator: Badlands,2025-10-01,4255
PREDATOR: BADLANDS,en,Predator: Badlands,2025-10-02,4367
PREDATOR: BADLANDS,en,Predator: Badlands,2025-10-03,4430
PREDATOR: BADLANDS,en,Predator: Badlands,2025-10-04,4888
PREDATOR: BADLANDS,en,Predator: Badlands,2025-10-05,5635
PREDATOR: BADLANDS,en,Predator: Badlands,2025-10-06,12319
PREDATOR: BADLANDS,en,Predator: Badlands,2025-10-07,18433
PREDATOR: BADLANDS,en,Predator: Badlands,2025-10-08,12185
PREDATOR: BADLANDS,en,Predator: Badlands,2025-10-09,9183
PREDATOR: BADLANDS,en,Predator: Badlands,2025-10-10,7922
PREDATOR: BADLANDS,en,Predator: Badlands,2025-10-11,8439
PREDATOR: BADLANDS,en,Predator: Badlands,2025-10-12,11400
PREDATOR: BADLANDS,en,Predator: Badlands,2025-10-13,14910
PREDATOR: BADLANDS,en,Predator: Badlands,2025-10-14,15900
PREDATOR: BADLANDS,en,Predator: Badlands,2025-10-15,10176
PREDATOR: BADLANDS,en,Predator: Badlands,2025-10-16,8967
PREDATOR: BADLANDS,en,Predator: Badlands,2025-10-17,8968
PREDATOR: BADLANDS,en,Predator: Badlands,2025-10-18,8922
PREDATOR: BADLANDS,en,Predator: Badlands,2025-10-19,10227
PREDATOR: BADLANDS,en,Predator: Badlands,2025-10-20,10304
PREDATOR: BADLANDS,en,Predator: Badlands,2025-10-21,10041
PREDATOR: BADLANDS,en,Predator: Badlands,2025-10-22,12392
PREDATOR: BADLANDS,en,Predator: Badlands,2025-10-23,12813
PREDATOR: BADLANDS,en,Predator: Badlands,2025-10-24,11894
PREDATOR: BADLANDS,en,Predator: Badlands,2025-10-25,12858
PREDATOR: BADLANDS,en,Predator: Badlands,2025-10-26,15163
PREDATOR: BADLANDS,en,Predator: Badlands,2025-10-27,16681
PREDATOR: BADLANDS,en,Predator: Badlands,2025-10-28,21912
PREDATOR: BADLANDS,en,Predator: Badlands,2025-10-29,24415
PREDATOR: BADLANDS,en,Predator: Badlands,2025-10-30,23456
PREDATOR: BADLANDS,en,Predator: Badlands,2025-10-31,22611
PREDATOR: BADLANDS,en,Predator: Badlands,2025-11-01,27094
PREDATOR: BADLANDS,en,Predator: Badlands,2025-11-02,29274
PREDATOR: BADLANDS,en,Predator: Badlands,2025-11-03,33784
PREDATOR: BADLANDS,en,Predator: Badlands,2025-11-04,63676
PREDATOR: BADLANDS,en,Predator: Badlands,2025-11-05,88996
PREDATOR: BADLANDS,en,Predator: Badlands,2025-11-06,112820
PREDATOR: BADLANDS,en,Predator: Badlands,2025-11-07,168905
PREDATOR: BADLANDS,en,Predator: Badlands,2025-11-08,183896
PREDATOR: BADLANDS,en,Predator: Badlands,2025-11-09,179211
PREDATOR: BADLANDS,en,Predator: Badlands,2025-11-10,158148
PREDATOR: BADLANDS,en,Predator: Badlands,2025-11-11,115834
PREDATOR: BADLANDS,en,Predator: Badlands,2025-11-12,95788
PREDATOR: BADLANDS,en,Predator: Badlands,2025-11-13,69497
PREDATOR: BADLANDS,en,Predator: Badlands,2025-11-14,62275
PREDATOR: BADLANDS,en,Predator: Badlands,2025-11-15,65428
PREDATOR: BADLANDS,en,Predator: Badlands,2025-11-16,68137
PREDATOR: BADLANDS (3D),en,Predator: Badlands,2025-10-01,4255
PREDATOR: BADLANDS (3D),en,Predator: Badlands,2025-10-02,4367
PREDATOR: BADLANDS (3D),en,Predator: Badlands,2025-10-03,4430
PREDATOR: BADLANDS (3D),en,Predator: Badlands,2025-10-04,4888
PREDATOR: BADLANDS (3D),en,Predator: Badlands,2025-10-05,5635
PREDATOR: BADLANDS (3D),en,Predator: Badlands,2025-10-06,12319
PREDATOR: BADLANDS (3D),en,Predator: Badlands,2025-10-07,18433
PREDATOR: BADLANDS (3D),en,Predator: Badlands,2025-10-08,12185
PREDATOR: BADLANDS (3D),en,Predator: Badlands,2025-10-09,9183
PREDATOR: BADLANDS (3D),en,Predator: Badlands,2025-10-10,7922
PREDATOR: BADLANDS (3D),en,Predator: Badlands,2025-10-11,8439
PREDATOR: BADLANDS (3D),en,Predator: Badlands,2025-10-12,11400
PREDATOR: BADLANDS (3D),en,Predator: Badlands,2025-10-13,14910
PREDATOR: BADLANDS (3D),en,Predator: Badlands,2025-10-14,15900
PREDATOR: BADLANDS (3D),en,Predator: Badlands,2025-10-15,10176
PREDATOR: BADLANDS (3D),en,Predator: Badlands,2025-10-16,8967
PREDATOR: BADLANDS (3D),en,Predator: Badlands,2025-10-17,8968
PREDATOR: BADLANDS (3D),en,Predator: Badlands,2025-10-18,8922
PREDATOR: BADLANDS (3D),en,Predator: Badlands,2025-10-19,10227
PREDATOR: BADLANDS (3D),en,Predator: Badlands,2025-10-20,10304
PREDATOR: BADLANDS (3D),en,Predator: Badlands,2025-10-21,10041
PREDATOR: BADLANDS (3D),en,Predator: Badlands,2025-10-22,12392
PREDATOR: BADLANDS (3D),en,Predator: Badlands,2025-10-23,12813
PREDATOR: BADLANDS (3D),en,Predator: Badlands,2025-10-24,11894
PREDATOR: BADLANDS (3D),en,Predator: Badlands,2025-10-25,12858
PREDATOR: BADLANDS (3D),en,Predator: Badlands,2025-10-26,15163
PREDATOR: BADLANDS (3D),en,Predator: Badlands,2025-10-27,16681
PREDATOR: BADLANDS (3D),en,Predator: Badlands,2025-10-28,21912
PREDATOR: BADLANDS (3D),en,Predator: Badlands,2025-10-29,24415
PREDATOR: BADLANDS (3D),en,Predator: Badlands,2025-10-30,23456
PREDATOR: BADLANDS (3D),en,Predator: Badlands,2025-10-31,22611
PREDATOR: BADLANDS (3D),en,Predator: Badlands,2025-11-01,27094
PREDATOR: BADLANDS (3D),en,Predator: Badlands,2025-11-02,29274
PREDATOR: BADLANDS (3D),en,Predator: Badlands,2025-11-03,33784
PREDATOR: BADLANDS (3D),en,Predator: Badlands,2025-11-04,63676
PREDATOR: BADLANDS (3D),en,Predator: Badlands,2025-11-05,88996
PREDATOR: BADLANDS (3D),en,Predator: Badlands,2025-11-06,112820
PREDATOR: BADLANDS (3D),en,Predator: Badlands,2025-11-07,168905
PREDATOR: BADLANDS (3D),en,Predator: Badlands,2025-11-08,183896
PREDATOR: BADLANDS (3D),en,Predator: Badlands,2025-11-09,179211
PREDATOR: BADLANDS (3D),en,Predator: Badlands,2025-11-10,158148
PREDATOR: BADLANDS (3D),en,Predator: Badlands,2025-11-11,115834
PREDATOR: BADLANDS (3D),en,Predator: Badlands,2025-11-12,95788
PREDATOR: BADLANDS (3D),en,Predator: Badlands,2025-11-13,69497
PREDATOR: BADLANDS (3D),en,Predator: Badlands,2025-11-14,62275
PREDATOR: BADLANDS (3D),en,Predator: Badlands,2025-11-15,65428
PREDATOR: BADLANDS (3D),en,Predator: Badlands,2025-11-16,68137
PREDATOR: BADLANDS (IMAX 2D),en,Predator: Badlands,2025-10-01,4255
PREDATOR: BADLANDS (IMAX 2D),en,Predator: Badlands,2025-10-02,4367
PREDATOR: BADLANDS (IMAX 2D),en,Predator: Badlands,2025-10-03,4430
PREDATOR: BADLANDS (IMAX 2D),en,Predator: Badlands,2025-10-04,4888
PREDATOR: BADLANDS (IMAX 2D),en,Predator: Badlands,2025-10-05,5635
PREDATOR: BADLANDS (IMAX 2D),en,Predator: Badlands,2025-10-06,12319
PREDATOR: BADLANDS (IMAX 2D),en,Predator: Badlands,2025-10-07,18433
PREDATOR: BADLANDS (IMAX 2D),en,Predator: Badlands,2025-10-08,12185
PREDATOR: BADLANDS (IMAX 2D),en,Predator: Badlands,2025-10-09,9183
PREDATOR: BADLANDS (IMAX 2D),en,Predator: Badlands,2025-10-10,7922
PREDATOR: BADLANDS (IMAX 2D),en,Predator: Badlands,2025-10-11,8439
PREDATOR: BADLANDS (IMAX 2D),en,Predator: Badlands,2025-10-12,11400
PREDATOR: BADLANDS (IMAX 2D),en,Predator: Badlands,2025-10-13,14910
PREDATOR: BADLANDS (IMAX 2D),en,Predator: Badlands,2025-10-14,15900
PREDATOR: BADLANDS (IMAX 2D),en,Predator: Badlands,2025-10-15,10176
PREDATOR: BADLANDS (IMAX 2D),en,Predator: Badlands,2025-10-16,8967
PREDATOR: BADLANDS (IMAX 2D),en,Predator: Badlands,2025-10-17,8968
PREDATOR: BADLANDS (IMAX 2D),en,Predator: Badlands,2025-10-18,8922
PREDATOR: BADLANDS (IMAX 2D),en,Predator: Badlands,2025-10-19,10227
PREDATOR: BADLANDS (IMAX 2D),en,Predator: Badlands,2025-10-20,10304
PREDATOR: BADLANDS (IMAX 2D),en,Predator: Badlands,2025-10-21,10041
PREDATOR: BADLANDS (IMAX 2D),en,Predator: Badlands,2025-10-22,12392
PREDATOR: BADLANDS (IMAX 2D),en,Predator: Badlands,2025-10-23,12813
PREDATOR: BADLANDS (IMAX 2D),en,Predator: Badlands,2025-10-24,11894
PREDATOR: BADLANDS (IMAX 2D),en,Predator: Badlands,2025-10-25,12858
PREDATOR: BADLANDS (IMAX 2D),en,Predator: Badlands,2025-10-26,15163
PREDATOR: BADLANDS (IMAX 2D),en,Predator: Badlands,2025-10-27,16681
PREDATOR: BADLANDS (IMAX 2D),en,Predator: Badlands,2025-10-28,21912
PREDATOR: BADLANDS (IMAX 2D),en,Predator: Badlands,2025-10-29,24415
PREDATOR: BADLANDS (IMAX 2D),en,Predator: Badlands,2025-10-30,23456
PREDATOR: BADLANDS (IMAX 2D),en,Predator: Badlands,2025-10-31,22611
PREDATOR: BADLANDS (IMAX 2D),en,Predator: Badlands,2025-11-01,27094
PREDATOR: BADLANDS (IMAX 2D),en,Predator: Badlands,2025-11-02,29274
PREDATOR: BADLANDS (IMAX 2D),en,Predator: Badlands,2025-11-03,33784
PREDATOR: BADLANDS (IMAX 2D),en,Predator: Badlands,2025-11-04,63676
PREDATOR: BADLANDS (IMAX 2D),en,Predator: Badlands,2025-11-05,88996
PREDATOR: BADLANDS (IMAX 2D),en,Predator: Badlands,2025-11-06,112820
PREDATOR: BADLANDS (IMAX 2D),en,Predator: Badlands,2025-11-07,168905
PREDATOR: BADLANDS (IMAX 2D),en,Predator: Badlands,2025-11-08,183896
PREDATOR: BADLANDS (IMAX 2D),en,Predator: Badlands,2025-11-09,179211
PREDATOR: BADLANDS (IMAX 2D),en,Predator: Badlands,2025-11-10,158148
PREDATOR: BADLANDS (IMAX 2D),en,Predator: Badlands,2025-11-11,115834
PREDATOR: BADLANDS (IMAX 2D),en,Predator: Badlands,2025-11-12,95788
PREDATOR: BADLANDS (IMAX 2D),en,Predator: Badlands,2025-11-13,69497
PREDATOR: BADLANDS (IMAX 2D),en,Predator: Badlands,2025-11-14,62275
PREDATOR: BADLANDS (IMAX 2D),en,Predator: Badlands,2025-11-15,65428
PREDATOR: BADLANDS (IMAX 2D),en,Predator: Badlands,2025-11-16,68137
PREDATOR: BADLANDS (IMAX 2D),id,Predator: Badlands,2025-10-01,8
PREDATOR: BADLANDS (IMAX 2D),id,Predator: Badlands,2025-10-02,12
PREDATOR: BADLANDS (IMAX 2D),id,Predator: Badlands,2025-10-03,11
PREDATOR: BADLANDS (IMAX 2D),id,Predator: Badlands,2025-10-04,13
PREDATOR: BADLANDS (IMAX 2D),id,Predator: Badlands,2025-10-05,15
PREDATOR: BADLANDS (IMAX 2D),id,Predator: Badlands,2025-10-06,9
PREDATOR: BADLANDS (IMAX 2D),id,Predator: Badlands,2025-10-07,41
PREDATOR: BADLANDS (IMAX 2D),id,Predator: Badlands,2025-10-08,36
PREDATOR: BADLANDS (IMAX 2D),id,Predator: Badlands,2025-10-09,34
PREDATOR: BADLANDS (IMAX 2D),id,Predator: Badlands,2025-10-10,33
PREDATOR: BADLANDS (IMAX 2D),id,Predator: Badlands,2025-10-11,27
PREDATOR: BADLANDS (IMAX 2D),id,Predator: Badlands,2025-10-12,47
PREDATOR: BADLANDS (IMAX 2D),id,Predator: Badlands,2025-10-13,28
PREDATOR: BADLANDS (IMAX 2D),id,Predator: Badlands,2025-10-14,33
PREDATOR: BADLANDS (IMAX 2D),id,Predator: Badlands,2025-10-15,23
PREDATOR: BADLANDS (IMAX 2D),id,Predator: Badlands,2025-10-16,22
PREDATOR: BADLANDS (IMAX 2D),id,Predator: Badlands,2025-10-17,13
PREDATOR: BADLANDS (IMAX 2D),id,Predator: Badlands,2025-10-18,25
PREDATOR: BADLANDS (IMAX 2D),id,Predator: Badlands,2025-10-19,22
PREDATOR: BADLANDS (IMAX 2D),id,Predator: Badlands,2025-10-20,28
PREDATOR: BADLANDS (IMAX 2D),id,Predator: Badlands,2025-10-21,15
PREDATOR: BADLANDS (IMAX 2D),id,Predator: Badlands,2025-10-22,18
PREDATOR: BADLANDS (IMAX 2D),id,Predator: Badlands,2025-10-23,35
PREDATOR: BADLANDS (IMAX 2D),id,Predator: Badlands,2025-10-24,31
PREDATOR: BADLANDS (IMAX 2D),id,Predator: Badlands,2025-10-25,23
PREDATOR: BADLANDS (IMAX 2D),id,Predator: Badlands,2025-10-26,34
PREDATOR: BADLANDS (IMAX 2D),id,Predator: Badlands,2025-10-27,26
PREDATOR: BADLANDS (IMAX 2D),id,Predator: Badlands,2025-10-28,48
PREDATOR: BADLANDS (IMAX 2D),id,Predator: Badlands,2025-10-29,55
PREDATOR: BADLANDS (IMAX 2D),id,Predator: Badlands,2025-10-30,99
PREDATOR: BADLANDS (IMAX 2D),id,Predator: Badlands,2025-10-31,109
PREDATOR: BADLANDS (IMAX 2D),id,Predator: Badlands,2025-11-01,116
PREDATOR: BADLANDS (IMAX 2D),id,Predator: Badlands,2025-11-02,93
PREDATOR: BADLANDS (IMAX 2D),id,Predator: Badlands,2025-11-03,123
PREDATOR: BADLANDS (IMAX 2D),id,Predator: Badlands,2025-11-04,177
PREDATOR: BADLANDS (IMAX 2D),id,Predator: Badlands,2025-11-05,1000
PREDATOR: BADLANDS (IMAX 2D),id,Predator: Badlands,2025-11-06,572
PREDATOR: BADLANDS (IMAX 2D),id,Predator: Badlands,2025-11-07,548
PREDATOR: BADLANDS (IMAX 2D),id,Predator: Badlands,2025-11-08,705
PREDATOR: BADLANDS (IMAX 2D),id,Predator: Badlands,2025-11-09,692
PREDATOR: BADLANDS (IMAX 2D),id,Predator: Badlands,2025-11-10,468
PREDATOR: BADLANDS (IMAX 2D),id,Predator: Badlands,2025-11-11,437
PREDATOR: BADLANDS (IMAX 2D),id,Predator: Badlands,2025-11-12,335
PREDATOR: BADLANDS (IMAX 2D),id,Predator: Badlands,2025-11-13,259
PREDATOR: BADLANDS (IMAX 2D),id,Predator: Badlands,2025-11-14,218
PREDATOR: BADLANDS (IMAX 2D),id,Predator: Badlands,2025-11-15,330
PREDATOR: BADLANDS (IMAX 2D),id,Predator: Badlands,2025-11-16,249
PRETTY CRAZY,en,Pretty Crazy,2025-07-16,165
PRETTY CRAZY,en,Pretty Crazy,2025-07-17,262
PRETTY CRAZY,en,Pretty Crazy,2025-07-18,207
PRETTY CRAZY,en,Pretty Crazy,2025-07-19,233
PRETTY CRAZY,en,Pretty Crazy,2025-07-20,199
PRETTY CRAZY,en,Pretty Crazy,2025-07-21,187
PRETTY CRAZY,en,Pretty Crazy,2025-07-22,215
PRETTY CRAZY,en,Pretty Crazy,2025-07-23,237
PRETTY CRAZY,en,Pretty Crazy,2025-07-24,258
PRETTY CRAZY,en,Pretty Crazy,2025-07-25,232
PRETTY CRAZY,en,Pretty Crazy,2025-07-26,324
PRETTY CRAZY,en,Pretty Crazy,2025-07-27,272
PRETTY CRAZY,en,Pretty Crazy,2025-07-28,319
PRETTY CRAZY,en,Pretty Crazy,2025-07-29,303
PRETTY CRAZY,en,Pretty Crazy,2025-07-30,366
PRETTY CRAZY,en,Pretty Crazy,2025-07-31,465
PRETTY CRAZY,en,Pretty Crazy,2025-08-01,437
PRETTY CRAZY,en,Pretty Crazy,2025-08-02,516
PRETTY CRAZY,en,Pretty Crazy,2025-08-03,474
PRETTY CRAZY,en,Pretty Crazy,2025-08-04,561
PRETTY CRAZY,en,Pretty Crazy,2025-08-05,502
PRETTY CRAZY,en,Pretty Crazy,2025-08-06,575
PRETTY CRAZY,en,Pretty Crazy,2025-08-07,791
PRETTY CRAZY,en,Pretty Crazy,2025-08-08,958
PRETTY CRAZY,en,Pretty Crazy,2025-08-09,817
PRETTY CRAZY,en,Pretty Crazy,2025-08-10,839
PRETTY CRAZY,en,Pretty Crazy,2025-08-11,672
PRETTY CRAZY,en,Pretty Crazy,2025-08-12,683
PRETTY CRAZY,en,Pretty Crazy,2025-08-13,1016
PRETTY CRAZY,en,Pretty Crazy,2025-08-14,1059
PRETTY CRAZY,en,Pretty Crazy,2025-08-15,1137
PRETTY CRAZY,en,Pretty Crazy,2025-08-16,1167
PRETTY CRAZY,en,Pretty Crazy,2025-08-17,1171
PRETTY CRAZY,en,Pretty Crazy,2025-08-18,1153
PRETTY CRAZY,en,Pretty Crazy,2025-08-19,967
PRETTY CRAZY,en,Pretty Crazy,2025-08-20,927
PRETTY CRAZY,en,Pretty Crazy,2025-08-21,1066
PRETTY CRAZY,en,Pretty Crazy,2025-08-22,1039
PRETTY CRAZY,en,Pretty Crazy,2025-08-23,1460
PRETTY CRAZY,en,Pretty Crazy,2025-08-24,1712
PRETTY CRAZY,en,Pretty Crazy,2025-08-25,1818
PRETTY CRAZY,en,Pretty Crazy,2025-08-26,1589
PRETTY CRAZY,en,Pretty Crazy,2025-08-27,1347
PRETTY CRAZY,en,Pretty Crazy,2025-08-28,1108
PRETTY CRAZY,en,Pretty Crazy,2025-08-29,1119
PRETTY CRAZY,en,Pretty Crazy,2025-08-30,1126
PRETTY CRAZY,en,Pretty Crazy,2025-08-31,1269
PRINCESS MONONOKE (IMAX 2D),en,Princess Mononoke,2025-07-23,1847
PRINCESS MONONOKE (IMAX 2D),en,Princess Mononoke,2025-07-24,1834
PRINCESS MONONOKE (IMAX 2D),en,Princess Mononoke,2025-07-25,1831
PRINCESS MONONOKE (IMAX 2D),en,Princess Mononoke,2025-07-26,2099
PRINCESS MONONOKE (IMAX 2D),en,Princess Mononoke,2025-07-27,2298
PRINCESS MONONOKE (IMAX 2D),en,Princess Mononoke,2025-07-28,2048
PRINCESS MONONOKE (IMAX 2D),en,Princess Mononoke,2025-07-29,1823
PRINCESS MONONOKE (IMAX 2D),en,Princess Mononoke,2025-07-30,1926
PRINCESS MONONOKE (IMAX 2D),en,Princess Mononoke,2025-07-31,1970
PRINCESS MONONOKE (IMAX 2D),en,Princess Mononoke,2025-08-01,2056
PRINCESS MONONOKE (IMAX 2D),en,Princess Mononoke,2025-08-02,2268
PRINCESS MONONOKE (IMAX 2D),en,Princess Mononoke,2025-08-03,2479
PRINCESS MONONOKE (IMAX 2D),en,Princess Mononoke,2025-08-04,2150
PRINCESS MONONOKE (IMAX 2D),en,Princess Mononoke,2025-08-05,2117
PRINCESS MONONOKE (IMAX 2D),en,Princess Mononoke,2025-08-06,2057
PRINCESS MONONOKE (IMAX 2D),en,Princess Mononoke,2025-08-07,2050
PRINCESS MONONOKE (IMAX 2D),en,Princess Mononoke,2025-08-08,2185
PRINCESS MONONOKE (IMAX 2D),en,Princess Mononoke,2025-08-09,2275
PRINCESS MONONOKE (IMAX 2D),en,Princess Mononoke,2025-08-10,2521
PRINCESS MONONOKE (IMAX 2D),en,Princess Mononoke,2025-08-11,2365
PRINCESS MONONOKE (IMAX 2D),en,Princess Mononoke,2025-08-12,2219
PRINCESS MONONOKE (IMAX 2D),en,Princess Mononoke,2025-08-13,2238
PRINCESS MONONOKE (IMAX 2D),en,Princess Mononoke,2025-08-14,2495
PRINCESS MONONOKE (IMAX 2D),en,Princess Mononoke,2025-08-15,2867
PRINCESS MONONOKE (IMAX 2D),en,Princess Mononoke,2025-08-16,3620
PRINCESS MONONOKE (IMAX 2D),en,Princess Mononoke,2025-08-17,3435
PRINCESS MONONOKE (IMAX 2D),en,Princess Mononoke,2025-08-18,2802
PRINCESS MONONOKE (IMAX 2D),en,Princess Mononoke,2025-08-19,2638
PRINCESS MONONOKE (IMAX 2D),en,Princess Mononoke,2025-08-20,2472
PRINCESS MONONOKE (IMAX 2D),en,Princess Mononoke,2025-08-21,2569
PRINCESS MONONOKE (IMAX 2D),en,Princess Mononoke,2025-08-22,2714
PRINCESS MONONOKE (IMAX 2D),en,Princess Mononoke,2025-08-23,3052
PRINCESS MONONOKE (IMAX 2D),en,Princess Mononoke,2025-08-24,3222
PRINCESS MONONOKE (IMAX 2D),en,Princess Mononoke,2025-08-25,2852
PRINCESS MONONOKE (IMAX 2D),en,Princess Mononoke,2025-08-26,2632
PRINCESS MONONOKE (IMAX 2D),en,Princess Mononoke,2025-08-27,2653
PRINCESS MONONOKE (IMAX 2D),en,Princess Mononoke,2025-08-28,2532
PRINCESS MONONOKE (IMAX 2D),en,Princess Mononoke,2025-08-29,3186
PRINCESS MONONOKE (IMAX 2D),en,Princess Mononoke,2025-08-30,3122
PRINCESS MONONOKE (IMAX 2D),en,Princess Mononoke,2025-08-31,2989
PRINCESS MONONOKE (IMAX 2D),en,Princess Mononoke,2025-09-01,2580
PRINCESS MONONOKE (IMAX 2D),en,Princess Mononoke,2025-09-02,2372
PRINCESS MONONOKE (IMAX 2D),en,Princess Mononoke,2025-09-03,2199
PRINCESS MONONOKE (IMAX 2D),en,Princess Mononoke,2025-09-04,2049
PRINCESS MONONOKE (IMAX 2D),en,Princess Mononoke,2025-09-05,1956
PRINCESS MONONOKE (IMAX 2D),en,Princess Mononoke,2025-09-06,2319
PRINCESS MONONOKE (IMAX 2D),en,Princess Mononoke,2025-09-07,2554
PRINCESS MONONOKE (IMAX 2D),id,Mononoke Hime,2025-07-23,7
PRINCESS MONONOKE (IMAX 2D),id,Mononoke Hime,2025-07-24,3
PRINCESS MONONOKE (IMAX 2D),id,Mononoke Hime,2025-07-25,8
PRINCESS MONONOKE (IMAX 2D),id,Mononoke Hime,2025-07-26,11
PRINCESS MONONOKE (IMAX 2D),id,Mononoke Hime,2025-07-27,2
PRINCESS MONONOKE (IMAX 2D),id,Mononoke Hime,2025-07-28,1
PRINCESS MONONOKE (IMAX 2D),id,Mononoke Hime,2025-07-29,6
PRINCESS MONONOKE (IMAX 2D),id,Mononoke Hime,2025-07-30,4
PRINCESS MONONOKE (IMAX 2D),id,Mononoke Hime,2025-07-31,3
PRINCESS MONONOKE (IMAX 2D),id,Mononoke Hime,2025-08-01,6
PRINCESS MONONOKE (IMAX 2D),id,Mononoke Hime,2025-08-02,6
PRINCESS MONONOKE (IMAX 2D),id,Mononoke Hime,2025-08-03,5
PRINCESS MONONOKE (IMAX 2D),id,Mononoke Hime,2025-08-04,6
PRINCESS MONONOKE (IMAX 2D),id,Mononoke Hime,2025-08-05,5
PRINCESS MONONOKE (IMAX 2D),id,Mononoke Hime,2025-08-06,4
PRINCESS MONONOKE (IMAX 2D),id,Mononoke Hime,2025-08-07,5
PRINCESS MONONOKE (IMAX 2D),id,Mononoke Hime,2025-08-08,11
PRINCESS MONONOKE (IMAX 2D),id,Mononoke Hime,2025-08-09,21
PRINCESS MONONOKE (IMAX 2D),id,Mononoke Hime,2025-08-10,5
PRINCESS MONONOKE (IMAX 2D),id,Mononoke Hime,2025-08-11,8
PRINCESS MONONOKE (IMAX 2D),id,Mononoke Hime,2025-08-12,11
PRINCESS MONONOKE (IMAX 2D),id,Mononoke Hime,2025-08-13,11
PRINCESS MONONOKE (IMAX 2D),id,Mononoke Hime,2025-08-14,16
PRINCESS MONONOKE (IMAX 2D),id,Mononoke Hime,2025-08-15,10
PRINCESS MONONOKE (IMAX 2D),id,Mononoke Hime,2025-08-16,9
PRINCESS MONONOKE (IMAX 2D),id,Mononoke Hime,2025-08-17,10
PRINCESS MONONOKE (IMAX 2D),id,Mononoke Hime,2025-08-18,9
PRINCESS MONONOKE (IMAX 2D),id,Mononoke Hime,2025-08-19,14
PRINCESS MONONOKE (IMAX 2D),id,Mononoke Hime,2025-08-20,14
PRINCESS MONONOKE (IMAX 2D),id,Mononoke Hime,2025-08-21,16
PRINCESS MONONOKE (IMAX 2D),id,Mononoke Hime,2025-08-22,25
PRINCESS MONONOKE (IMAX 2D),id,Mononoke Hime,2025-08-23,17
PRINCESS MONONOKE (IMAX 2D),id,Mononoke Hime,2025-08-24,17
PRINCESS MONONOKE (IMAX 2D),id,Mononoke Hime,2025-08-25,33
PRINCESS MONONOKE (IMAX 2D),id,Mononoke Hime,2025-08-26,26
PRINCESS MONONOKE (IMAX 2D),id,Mononoke Hime,2025-08-27,76
PRINCESS MONONOKE (IMAX 2D),id,Mononoke Hime,2025-08-28,35
PRINCESS MONONOKE (IMAX 2D),id,Mononoke Hime,2025-08-29,31
PRINCESS MONONOKE (IMAX 2D),id,Mononoke Hime,2025-08-30,33
PRINCESS MONONOKE (IMAX 2D),id,Mononoke Hime,2025-08-31,25
PRINCESS MONONOKE (IMAX 2D),id,Mononoke Hime,2025-09-01,29
PRINCESS MONONOKE (IMAX 2D),id,Mononoke Hime,2025-09-02,18
PRINCESS MONONOKE (IMAX 2D),id,Mononoke Hime,2025-09-03,22
PRINCESS MONONOKE (IMAX 2D),id,Mononoke Hime,2025-09-04,17
PRINCESS MONONOKE (IMAX 2D),id,Mononoke Hime,2025-09-05,11
PRINCESS MONONOKE (IMAX 2D),id,Mononoke Hime,2025-09-06,10
PRINCESS MONONOKE (IMAX 2D),id,Mononoke Hime,2025-09-07,11
PROJECT Y,en,Project Y (film),2026-01-30,842
PROJECT Y,en,Project Y (film),2026-01-31,858
PROJECT Y,en,Project Y (film),2026-02-01,768
PROJECT Y,en,Project Y (film),2026-02-02,646
PROJECT Y,en,Project Y (film),2026-02-03,541
PROJECT Y,en,Project Y (film),2026-02-04,534
PROJECT Y,en,Project Y (film),2026-02-05,509
PROJECT Y,en,Project Y (film),2026-02-06,869
PROJECT Y,en,Project Y (film),2026-02-07,1733
PROJECT Y,en,Project Y (film),2026-02-08,1616
PROJECT Y,en,Project Y (film),2026-02-09,2027
PROJECT Y,en,Project Y (film),2026-02-10,2277
PROJECT Y,en,Project Y (film),2026-02-11,2156
PROJECT Y,en,Project Y (film),2026-02-12,1967
PROJECT Y,en,Project Y (film),2026-02-13,1644
PROJECT Y,en,Project Y (film),2026-02-14,1611
PROJECT Y,en,Project Y (film),2026-02-15,1458
PROJECT Y,en,Project Y (film),2026-02-16,1366
PROJECT Y,en,Project Y (film),2026-02-17,1363
PROJECT Y,en,Project Y (film),2026-02-18,1207
PROJECT Y,en,Project Y (film),2026-02-19,1134
PROJECT Y,en,Project Y (film),2026-02-20,944
PROJECT Y,en,Project Y (film),2026-02-21,886
PROJECT Y,en,Project Y (film),2026-02-22,816
PROJECT Y,en,Project Y (film),2026-02-23,1102
PROJECT Y,en,Project Y (film),2026-02-24,1096
PROJECT Y,en,Project Y (film),2026-02-25,973
PROJECT Y,en,Project Y (film),2026-02-26,965
PROJECT Y,en,Project Y (film),2026-02-27,858
PROJECT Y,en,Project Y (film),2026-02-28,916
PROJECT Y,en,Project Y (film),2026-03-01,961
PROJECT Y,en,Project Y (film),2026-03-02,709
PROJECT Y,en,Project Y (film),2026-03-03,615
PROJECT Y,en,Project Y (film),2026-03-04,603
PROJECT Y,en,Project Y (film),2026-03-05,722
PROJECT Y,en,Project Y (film),2026-03-06,902
PROJECT Y,en,Project Y (film),2026-03-07,973
PROJECT Y,en,Project Y (film),2026-03-08,890
PROJECT Y,en,Project Y (film),2026-03-09,834
PROJECT Y,en,Project Y (film),2026-03-10,714
PROJECT Y,en,Project Y (film),2026-03-11,628
PROJECT Y,en,Project Y (film),2026-03-12,558
PROJECT Y,en,Project Y (film),2026-03-13,666
PROJECT Y,en,Project Y (film),2026-03-14,929
PROJECT Y,en,Project Y (film),2026-03-15,753
PROJECT Y,en,Project Y (film),2026-03-16,590
PROJECT Y,en,Project Y (film),2026-03-17,605
RABI JIWO,id,Rabi Jiwo,2025-06-26,52
RABI JIWO,id,Rabi Jiwo,2025-06-27,33
RABI JIWO,id,Rabi Jiwo,2025-06-28,24
RABI JIWO,id,Rabi Jiwo,2025-06-29,24
RAID 2,en,Raid 2 (film),2025-03-27,2588
RAID 2,en,Raid 2 (film),2025-03-28,8435
RAID 2,en,Raid 2 (film),2025-03-29,4280
RAID 2,en,Raid 2 (film),2025-03-30,3771
RAID 2,en,Raid 2 (film),2025-03-31,3943
RAID 2,en,Raid 2 (film),2025-04-01,3735
RAID 2,en,Raid 2 (film),2025-04-02,3425
RAID 2,en,Raid 2 (film),2025-04-03,2854
RAID 2,en,Raid 2 (film),2025-04-04,2396
RAID 2,en,Raid 2 (film),2025-04-05,2101
RAID 2,en,Raid 2 (film),2025-04-06,2428
RAID 2,en,Raid 2 (film),2025-04-07,2299
RAID 2,en,Raid 2 (film),2025-04-08,13336
RAID 2,en,Raid 2 (film),2025-04-09,10632
RAID 2,en,Raid 2 (film),2025-04-10,6923
RAID 2,en,Raid 2 (film),2025-04-11,7585
RAID 2,en,Raid 2 (film),2025-04-12,6555
RAID 2,en,Raid 2 (film),2025-04-13,6082
RAID 2,en,Raid 2 (film),2025-04-14,5428
RAID 2,en,Raid 2 (film),2025-04-15,5073
RAID 2,en,Raid 2 (film),2025-04-16,5365
RAID 2,en,Raid 2 (film),2025-04-17,5482
RAID 2,en,Raid 2 (film),2025-04-18,5989
RAID 2,en,Raid 2 (film),2025-04-19,6137
RAID 2,en,Raid 2 (film),2025-04-20,5621
RAID 2,en,Raid 2 (film),2025-04-21,5151
RAID 2,en,Raid 2 (film),2025-04-22,5632
RAID 2,en,Raid 2 (film),2025-04-23,5014
RAID 2,en,Raid 2 (film),2025-04-24,4946
RAID 2,en,Raid 2 (film),2025-04-25,5086
RAID 2,en,Raid 2 (film),2025-04-26,5773
RAID 2,en,Raid 2 (film),2025-04-27,6660
RAID 2,en,Raid 2 (film),2025-04-28,7727
RAID 2,en,Raid 2 (film),2025-04-29,8884
RAID 2,en,Raid 2 (film),2025-04-30,16211
RAID 2,en,Raid 2 (film),2025-05-01,80886
RAID 2,en,Raid 2 (film),2025-05-02,108957
RAID 2,en,Raid 2 (film),2025-05-03,106601
RAID 2,en,Raid 2 (film),2025-05-04,111051
RAID 2,en,Raid 2 (film),2025-05-05,86932
RAID 2,en,Raid 2 (film),2025-05-06,68530
RAID 2,en,Raid 2 (film),2025-05-07,49000
RAID 2,en,Raid 2 (film),2025-05-08,39565
RAID 2,en,Raid 2 (film),2025-05-09,34352
RAID 2,en,Raid 2 (film),2025-05-10,37647
RAID 2,en,Raid 2 (film),2025-05-11,41691
RAID 2,en,Raid 2 (film),2025-05-12,35143
RANGGA & CINTA,en,Rangga & Cinta,2025-08-30,9
RANGGA & CINTA,en,Rangga & Cinta,2025-08-31,15
RANGGA & CINTA,en,Rangga & Cinta,2025-09-01,8
RANGGA & CINTA,en,Rangga & Cinta,2025-09-02,9
RANGGA & CINTA,en,Rangga & Cinta,2025-09-03,26
RANGGA & CINTA,en,Rangga & Cinta,2025-09-04,2
RANGGA & CINTA,en,Rangga & Cinta,2025-09-05,16
RANGGA & CINTA,en,Rangga & Cinta,2025-09-06,28
RANGGA & CINTA,en,Rangga & Cinta,2025-09-07,36
RANGGA & CINTA,en,Rangga & Cinta,2025-09-08,18
RANGGA & CINTA,en,Rangga & Cinta,2025-09-09,43
RANGGA & CINTA,en,Rangga & Cinta,2025-09-10,22
RANGGA & CINTA,en,Rangga & Cinta,2025-09-11,26
RANGGA & CINTA,en,Rangga & Cinta,2025-09-12,29
RANGGA & CINTA,en,Rangga & Cinta,2025-09-13,22
RANGGA & CINTA,en,Rangga & Cinta,2025-09-14,21
RANGGA & CINTA,en,Rangga & Cinta,2025-09-15,29
RANGGA & CINTA,en,Rangga & Cinta,2025-09-16,27
RANGGA & CINTA,en,Rangga & Cinta,2025-09-17,40
RANGGA & CINTA,en,Rangga & Cinta,2025-09-18,51
RANGGA & CINTA,en,Rangga & Cinta,2025-09-19,46
RANGGA & CINTA,en,Rangga & Cinta,2025-09-20,58
RANGGA & CINTA,en,Rangga & Cinta,2025-09-21,54
RANGGA & CINTA,en,Rangga & Cinta,2025-09-22,49
RANGGA & CINTA,en,Rangga & Cinta,2025-09-23,44
RANGGA & CINTA,en,Rangga & Cinta,2025-09-24,23
RANGGA & CINTA,en,Rangga & Cinta,2025-09-25,45
RANGGA & CINTA,en,Rangga & Cinta,2025-09-26,42
RANGGA & CINTA,en,Rangga & Cinta,2025-09-27,42
RANGGA & CINTA,en,Rangga & Cinta,2025-09-28,36
RANGGA & CINTA,en,Rangga & Cinta,2025-09-29,100
RANGGA & CINTA,en,Rangga & Cinta,2025-09-30,168
RANGGA & CINTA,en,Rangga & Cinta,2025-10-01,202
RANGGA & CINTA,en,Rangga & Cinta,2025-10-02,311
RANGGA & CINTA,en,Rangga & Cinta,2025-10-03,333
RANGGA & CINTA,en,Rangga & Cinta,2025-10-04,351
RANGGA & CINTA,id,Rangga & Cinta,2025-08-19,65
RANGGA & CINTA,id,Rangga & Cinta,2025-08-20,85
RANGGA & CINTA,id,Rangga & Cinta,2025-08-21,97
RANGGA & CINTA,id,Rangga & Cinta,2025-08-22,107
RANGGA & CINTA,id,Rangga & Cinta,2025-08-23,65
RANGGA & CINTA,id,Rangga & Cinta,2025-08-24,77
RANGGA & CINTA,id,Rangga & Cinta,2025-08-25,83
RANGGA & CINTA,id,Rangga & Cinta,2025-08-26,96
RANGGA & CINTA,id,Rangga & Cinta,2025-08-27,101
RANGGA & CINTA,id,Rangga & Cinta,2025-08-28,69
RANGGA & CINTA,id,Rangga & Cinta,2025-08-29,35
RANGGA & CINTA,id,Rangga & Cinta,2025-08-30,50
RANGGA & CINTA,id,Rangga & Cinta,2025-08-31,34
RANGGA & CINTA,id,Rangga & Cinta,2025-09-01,44
RANGGA & CINTA,id,Rangga & Cinta,2025-09-02,46
RANGGA & CINTA,id,Rangga & Cinta,2025-09-03,59
RANGGA & CINTA,id,Rangga & Cinta,2025-09-04,76
RANGGA & CINTA,id,Rangga & Cinta,2025-09-05,88
RANGGA & CINTA,id,Rangga & Cinta,2025-09-06,79
RANGGA & CINTA,id,Rangga & Cinta,2025-09-07,76
RANGGA & CINTA,id,Rangga & Cinta,2025-09-08,108
RANGGA & CINTA,id,Rangga & Cinta,2025-09-09,129
RANGGA & CINTA,id,Rangga & Cinta,2025-09-10,132
RANGGA & CINTA,id,Rangga & Cinta,2025-09-11,103
RANGGA & CINTA,id,Rangga & Cinta,2025-09-12,129
RANGGA & CINTA,id,Rangga & Cinta,2025-09-13,150
RANGGA & CINTA,id,Rangga & Cinta,2025-09-14,129
RANGGA & CINTA,id,Rangga & Cinta,2025-09-15,122
RANGGA & CINTA,id,Rangga & Cinta,2025-09-16,134
RANGGA & CINTA,id,Rangga & Cinta,2025-09-17,134
RANGGA & CINTA,id,Rangga & Cinta,2025-09-18,282
RANGGA & CINTA,id,Rangga & Cinta,2025-09-19,229
RANGGA & CINTA,id,Rangga & Cinta,2025-09-20,189
RANGGA & CINTA,id,Rangga & Cinta,2025-09-21,199
RANGGA & CINTA,id,Rangga & Cinta,2025-09-22,258
RANGGA & CINTA,id,Rangga & Cinta,2025-09-23,227
RANGGA & CINTA,id,Rangga & Cinta,2025-09-24,241
RANGGA & CINTA,id,Rangga & Cinta,2025-09-25,236
RANGGA & CINTA,id,Rangga & Cinta,2025-09-26,216
RANGGA & CINTA,id,Rangga & Cinta,2025-09-27,263
RANGGA & CINTA,id,Rangga & Cinta,2025-09-28,288
RANGGA & CINTA,id,Rangga & Cinta,2025-09-29,428
RANGGA & CINTA,id,Rangga & Cinta,2025-09-30,715
RANGGA & CINTA,id,Rangga & Cinta,2025-10-01,703
RANGGA & CINTA,id,Rangga & Cinta,2025-10-02,1319
RANGGA & CINTA,id,Rangga & Cinta,2025-10-03,1631
RANGGA & CINTA,id,Rangga & Cinta,2025-10-04,1816
RED SONJA,en,Red Sonja (2025 film),2025-07-18,2019
RED SONJA,en,Red Sonja (2025 film),2025-07-19,1808
RED SONJA,en,Red Sonja (2025 film),2025-07-20,1902
RED SONJA,en,Red Sonja (2025 film),2025-07-21,1826
RED SONJA,en,Red Sonja (2025 film),2025-07-22,1607
RED SONJA,en,Red Sonja (2025 film),2025-07-23,1627
RED SONJA,en,Red Sonja (2025 film),2025-07-24,1493
RED SONJA,en,Red Sonja (2025 film),2025-07-25,1732
RED SONJA,en,Red Sonja (2025 film),2025-07-26,2008
RED SONJA,en,Red Sonja (2025 film),2025-07-27,2251
RED SONJA,en,Red Sonja (2025 film),2025-07-28,2035
RED SONJA,en,Red Sonja (2025 film),2025-07-29,1882
RED SONJA,en,Red Sonja (2025 film),2025-07-30,2077
RED SONJA,en,Red Sonja (2025 film),2025-07-31,2684
RED SONJA,en,Red Sonja (2025 film),2025-08-01,2843
RED SONJA,en,Red Sonja (2025 film),2025-08-02,2248
RED SONJA,en,Red Sonja (2025 film),2025-08-03,1981
RED SONJA,en,Red Sonja (2025 film),2025-08-04,3273
RED SONJA,en,Red Sonja (2025 film),2025-08-05,2721
RED SONJA,en,Red Sonja (2025 film),2025-08-06,2209
RED SONJA,en,Red Sonja (2025 film),2025-08-07,3579
RED SONJA,en,Red Sonja (2025 film),2025-08-08,2682
RED SONJA,en,Red Sonja (2025 film),2025-08-09,3451
RED SONJA,en,Red Sonja (2025 film),2025-08-10,3529
RED SONJA,en,Red Sonja (2025 film),2025-08-11,3520
RED SONJA,en,Red Sonja (2025 film),2025-08-12,3428
RED SONJA,en,Red Sonja (2025 film),2025-08-13,8693
RED SONJA,en,Red Sonja (2025 film),2025-08-14,8139
RED SONJA,en,Red Sonja (2025 film),2025-08-15,7564
RED SONJA,en,Red Sonja (2025 film),2025-08-16,4636
RED SONJA,en,Red Sonja (2025 film),2025-08-17,4516
RED SONJA,en,Red Sonja (2025 film),2025-08-18,4329
RED SONJA,en,Red Sonja (2025 film),2025-08-19,3051
RED SONJA,en,Red Sonja (2025 film),2025-08-20,2805
RED SONJA,en,Red Sonja (2025 film),2025-08-21,2569
RED SONJA,en,Red Sonja (2025 film),2025-08-22,2354
RED SONJA,en,Red Sonja (2025 film),2025-08-23,2649
RED SONJA,en,Red Sonja (2025 film),2025-08-24,4769
RED SONJA,en,Red Sonja (2025 film),2025-08-25,13646
RED SONJA,en,Red Sonja (2025 film),2025-08-26,10549
RED SONJA,en,Red Sonja (2025 film),2025-08-27,7813
RED SONJA,en,Red Sonja (2025 film),2025-08-28,6844
RED SONJA,en,Red Sonja (2025 film),2025-08-29,14022
RED SONJA,en,Red Sonja (2025 film),2025-08-30,13950
RED SONJA,en,Red Sonja (2025 film),2025-08-31,10092
RED SONJA,en,Red Sonja (2025 film),2025-09-01,8582
RED SONJA,en,Red Sonja (2025 film),2025-09-02,6325
REGO NYOWO,id,Rego Nyowo,2025-07-30,20
REGO NYOWO,id,Rego Nyowo,2025-07-31,431
REGO NYOWO,id,Rego Nyowo,2025-08-01,533
REGO NYOWO,id,Rego Nyowo,2025-08-02,650
REGO NYOWO,id,Rego Nyowo,2025-08-03,485
REGO NYOWO,id,Rego Nyowo,2025-08-04,316
REGO NYOWO,id,Rego Nyowo,2025-08-05,267
REGRETTING YOU,en,Regretting You,2025-09-26,142
REGRETTING YOU,en,Regretting You,2025-09-27,182
REGRETTING YOU,en,Regretting You,2025-09-28,163
REGRETTING YOU,en,Regretting You,2025-09-29,419
REGRETTING YOU,en,Regretting You,2025-09-30,1085
REGRETTING YOU,en,Regretting You,2025-10-01,977
REGRETTING YOU,en,Regretting You,2025-10-02,610
REGRETTING YOU,en,Regretting You,2025-10-03,676
REGRETTING YOU,en,Regretting You,2025-10-04,519
REGRETTING YOU,en,Regretting You,2025-10-05,478
REGRETTING YOU,en,Regretting You,2025-10-06,321
REGRETTING YOU,en,Regretting You,2025-10-07,362
REGRETTING YOU,en,Regretting You,2025-10-08,329
REGRETTING YOU,en,Regretting You,2025-10-09,328
REGRETTING YOU,en,Regretting You,2025-10-10,279
REGRETTING YOU,en,Regretting You,2025-10-11,253
REGRETTING YOU,en,Regretting You,2025-10-12,306
REGRETTING YOU,en,Regretting You,2025-10-13,326
REGRETTING YOU,en,Regretting You,2025-10-14,314
REGRETTING YOU,en,Regretting You,2025-10-15,314
REGRETTING YOU,en,Regretting You,2025-10-16,290
REGRETTING YOU,en,Regretting You,2025-10-17,297
REGRETTING YOU,en,Regretting You,2025-10-18,356
REGRETTING YOU,en,Regretting You,2025-10-19,347
REGRETTING YOU,en,Regretting You,2025-10-20,483
REGRETTING YOU,en,Regretting You,2025-10-21,582
REGRETTING YOU,en,Regretting You,2025-10-22,790
REGRETTING YOU,en,Regretting You,2025-10-23,1374
REGRETTING YOU,en,Regretting You,2025-10-24,1561
REGRETTING YOU,en,Regretting You,2025-10-25,1347
REGRETTING YOU,en,Regretting You,2025-10-26,1302
REGRETTING YOU,en,Regretting You,2025-10-27,885
REGRETTING YOU,en,Regretting You,2025-10-28,898
REGRETTING YOU,en,Regretting You,2025-10-29,848
REGRETTING YOU,en,Regretting You,2025-10-30,622
REGRETTING YOU,en,Regretting You,2025-10-31,387
REGRETTING YOU,en,Regretting You,2025-11-01,1857
REGRETTING YOU,en,Regretting You,2025-11-02,6667
REGRETTING YOU,en,Regretting You,2025-11-03,8204
REGRETTING YOU,en,Regretting You,2025-11-04,11163
REGRETTING YOU,en,Regretting You,2025-11-05,13772
REGRETTING YOU,en,Regretting You,2025-11-06,12735
REGRETTING YOU,en,Regretting You,2025-11-07,9949
REGRETTING YOU,en,Regretting You,2025-11-08,11348
REGRETTING YOU,en,Regretting You,2025-11-09,11794
REGRETTING YOU,en,Regretting You,2025-11-10,10623
REGRETTING YOU,en,Regretting You,2025-11-11,11027
REGRETTING YOU,id,Regretting You (film),2025-10-20,4
REGRETTING YOU,id,Regretting You (film),2025-10-21,9
REGRETTING YOU,id,Regretting You (film),2025-10-22,4
REGRETTING YOU,id,Regretting You (film),2025-10-23,27
REGRETTING YOU,id,Regretting You (film),2025-10-24,43
REGRETTING YOU,id,Regretting You (film),2025-10-25,38
REGRETTING YOU,id,Regretting You (film),2025-10-26,33
REGRETTING YOU,id,Regretting You (film),2025-10-27,41
REGRETTING YOU,id,Regretting You (film),2025-10-28,39
REGRETTING YOU,id,Regretting You (film),2025-10-29,49
REGRETTING YOU,id,Regretting You (film),2025-10-30,65
REGRETTING YOU,id,Regretting You (film),2025-10-31,127
REGRETTING YOU,id,Regretting You (film),2025-11-01,99
REGRETTING YOU,id,Regretting You (film),2025-11-02,76
REGRETTING YOU,id,Regretting You (film),2025-11-03,69
REGRETTING YOU,id,Regretting You (film),2025-11-04,57
REGRETTING YOU,id,Regretting You (film),2025-11-05,30
REGRETTING YOU,id,Regretting You (film),2025-11-06,34
REGRETTING YOU,id,Regretting You (film),2025-11-07,22
REGRETTING YOU,id,Regretting You (film),2025-11-08,28
REGRETTING YOU,id,Regretting You (film),2025-11-09,32
REGRETTING YOU,id,Regretting You (film),2025-11-10,27
REGRETTING YOU,id,Regretting You (film),2025-11-11,26
RELAY,en,Relay (film),2025-07-21,559
RELAY,en,Relay (film),2025-07-22,548
RELAY,en,Relay (film),2025-07-23,509
RELAY,en,Relay (film),2025-07-24,542
RELAY,en,Relay (film),2025-07-25,543
RELAY,en,Relay (film),2025-07-26,561
RELAY,en,Relay (film),2025-07-27,700
RELAY,en,Relay (film),2025-07-28,921
RELAY,en,Relay (film),2025-07-29,1190
RELAY,en,Relay (film),2025-07-30,922
RELAY,en,Relay (film),2025-07-31,943
RELAY,en,Relay (film),2025-08-01,889
RELAY,en,Relay (film),2025-08-02,767
RELAY,en,Relay (film),2025-08-03,857
RELAY,en,Relay (film),2025-08-04,1003
RELAY,en,Relay (film),2025-08-05,1376
RELAY,en,Relay (film),2025-08-06,1422
RELAY,en,Relay (film),2025-08-07,1395
RELAY,en,Relay (film),2025-08-08,1378
RELAY,en,Relay (film),2025-08-09,1504
RELAY,en,Relay (film),2025-08-10,1834
RELAY,en,Relay (film),2025-08-11,5094
RELAY,en,Relay (film),2025-08-12,10028
RELAY,en,Relay (film),2025-08-13,2294
RELAY,en,Relay (film),2025-08-14,2146
RELAY,en,Relay (film),2025-08-15,1855
RELAY,en,Relay (film),2025-08-16,1692
RELAY,en,Relay (film),2025-08-17,1809
RELAY,en,Relay (film),2025-08-18,2533
RELAY,en,Relay (film),2025-08-19,4543
RELAY,en,Relay (film),2025-08-20,4224
RELAY,en,Relay (film),2025-08-21,5836
RELAY,en,Relay (film),2025-08-22,9806
RELAY,en,Relay (film),2025-08-23,11061
RELAY,en,Relay (film),2025-08-24,9659
RELAY,en,Relay (film),2025-08-25,7851
RELAY,en,Relay (film),2025-08-26,6468
RELAY,en,Relay (film),2025-08-27,6299
RELAY,en,Relay (film),2025-08-28,4599
RELAY,en,Relay (film),2025-08-29,3818
RELAY,en,Relay (film),2025-08-30,4047
RELAY,en,Relay (film),2025-08-31,3853
RELAY,en,Relay (film),2025-09-01,3914
RELAY,en,Relay (film),2025-09-02,3145
RELAY,en,Relay (film),2025-09-03,2653
RELAY,en,Relay (film),2025-09-04,2289
RELAY,en,Relay (film),2025-09-05,1807
REST AREA,id,Rest Area (film),2025-10-02,132
REST AREA,id,Rest Area (film),2025-10-03,146
REST AREA,id,Rest Area (film),2025-10-04,422
ROSARIO,en,Rosario (2025 film),2025-09-26,171
ROSARIO,en,Rosario (2025 film),2025-09-27,144
ROSARIO,en,Rosario (2025 film),2025-09-28,166
ROSARIO,en,Rosario (2025 film),2025-09-29,177
ROSARIO,en,Rosario (2025 film),2025-09-30,223
ROSARIO,en,Rosario (2025 film),2025-10-01,222
ROSARIO,en,Rosario (2025 film),2025-10-02,217
ROSARIO,en,Rosario (2025 film),2025-10-03,204
ROSARIO,en,Rosario (2025 film),2025-10-04,218
ROSARIO,en,Rosario (2025 film),2025-10-05,239
ROSARIO,en,Rosario (2025 film),2025-10-06,202
ROSARIO,en,Rosario (2025 film),2025-10-07,159
ROSARIO,en,Rosario (2025 film),2025-10-08,162
ROSARIO,en,Rosario (2025 film),2025-10-09,221
ROSARIO,en,Rosario (2025 film),2025-10-10,165
ROSARIO,en,Rosario (2025 film),2025-10-11,156
ROSARIO,en,Rosario (2025 film),2025-10-12,219
ROSARIO,en,Rosario (2025 film),2025-10-13,172
ROSARIO,en,Rosario (2025 film),2025-10-14,150
ROSARIO,en,Rosario (2025 film),2025-10-15,158
ROSARIO,en,Rosario (2025 film),2025-10-16,129
ROSARIO,en,Rosario (2025 film),2025-10-17,216
ROSARIO,en,Rosario (2025 film),2025-10-18,286
ROSARIO,en,Rosario (2025 film),2025-10-19,398
ROSARIO,en,Rosario (2025 film),2025-10-20,264
ROSARIO,en,Rosario (2025 film),2025-10-21,198
ROSARIO,en,Rosario (2025 film),2025-10-22,327
ROSARIO,en,Rosario (2025 film),2025-10-23,301
ROSARIO,en,Rosario (2025 film),2025-10-24,288
ROSARIO,en,Rosario (2025 film),2025-10-25,270
ROSARIO,en,Rosario (2025 film),2025-10-26,323
ROSARIO,en,Rosario (2025 film),2025-10-27,316
ROSARIO,en,Rosario (2025 film),2025-10-28,307
ROSARIO,en,Rosario (2025 film),2025-10-29,321
ROSARIO,en,Rosario (2025 film),2025-10-30,284
ROSARIO,en,Rosario (2025 film),2025-10-31,587
ROSARIO,en,Rosario (2025 film),2025-11-01,705
ROSARIO,en,Rosario (2025 film),2025-11-02,597
ROSARIO,en,Rosario (2025 film),2025-11-03,394
ROSARIO,en,Rosario (2025 film),2025-11-04,386
ROSARIO,en,Rosario (2025 film),2025-11-05,287
ROSARIO,en,Rosario (2025 film),2025-11-06,222
ROSARIO,en,Rosario (2025 film),2025-11-07,201
ROSARIO,en,Rosario (2025 film),2025-11-08,210
ROSARIO,en,Rosario (2025 film),2025-11-09,201
ROSARIO,en,Rosario (2025 film),2025-11-10,169
ROSARIO,en,Rosario (2025 film),2025-11-11,173
RUMAH UNTUK ALIE,id,Rumah untuk Alie,2025-03-17,6
RUMAH UNTUK ALIE,id,Rumah untuk Alie,2025-03-18,1
RUMAH UNTUK ALIE,id,Rumah untuk Alie,2025-03-20,0
RUMAH UNTUK ALIE,id,Rumah untuk Alie,2025-03-22,1
RUMAH UNTUK ALIE,id,Rumah untuk Alie,2025-03-27,1
RUMAH UNTUK ALIE,id,Rumah untuk Alie,2025-03-29,1
RUMAH UNTUK ALIE,id,Rumah untuk Alie,2025-03-30,0
RUMAH UNTUK ALIE,id,Rumah untuk Alie,2025-03-31,0
RUMAH UNTUK ALIE,id,Rumah untuk Alie,2025-04-04,1
RUMAH UNTUK ALIE,id,Rumah untuk Alie,2025-04-05,1
RUMAH UNTUK ALIE,id,Rumah untuk Alie,2025-04-08,0
RUMAH UNTUK ALIE,id,Rumah untuk Alie,2025-04-10,1
RUMAH UNTUK ALIE,id,Rumah untuk Alie,2025-04-13,2
RUMAH UNTUK ALIE,id,Rumah untuk Alie,2025-04-14,1
RUMAH UNTUK ALIE,id,Rumah untuk Alie,2025-04-16,9
RUMAH UNTUK ALIE,id,Rumah untuk Alie,2025-04-17,5
RUMAH UNTUK ALIE,id,Rumah untuk Alie,2025-04-18,24
RUMAH UNTUK ALIE,id,Rumah untuk Alie,2025-04-19,149
RUMAH UNTUK ALIE,id,Rumah untuk Alie,2025-04-20,151
RUMAH UNTUK ALIE,id,Rumah untuk Alie,2025-04-21,196
RUMAH UNTUK ALIE,id,Rumah untuk Alie,2025-04-22,204
SADALI,id,Sadali (film),2026-02-05,22
SADALI,id,Sadali (film),2026-02-06,60
SADALI,id,Sadali (film),2026-02-07,102
SADALI,id,Sadali (film),2026-02-08,76
SADALI,id,Sadali (film),2026-02-09,48
SADALI,id,Sadali (film),2026-02-10,62
SADALI,id,Sadali (film),2026-02-11,50
SADALI,id,Sadali (film),2026-02-12,19
SADALI,id,Sadali (film),2026-02-13,17
SADALI,id,Sadali (film),2026-02-14,16
SADALI,id,Sadali (film),2026-02-15,26
SADALI,id,Sadali (film),2026-02-16,18
SAH! KATANYA...,id,Sah! Katanya...,2025-04-24,57
SAH! KATANYA...,id,Sah! Katanya...,2025-04-25,69
SAH! KATANYA...,id,Sah! Katanya...,2025-04-26,54
SAH! KATANYA...,id,Sah! Katanya...,2025-04-27,60
"SAMPAI JUMPA, SELAMAT TINGGAL",en,"Goodbye, Farewell",2025-04-28,3
"SAMPAI JUMPA, SELAMAT TINGGAL",en,"Goodbye, Farewell",2025-04-29,2
"SAMPAI JUMPA, SELAMAT TINGGAL",en,"Goodbye, Farewell",2025-04-30,11
"SAMPAI JUMPA, SELAMAT TINGGAL",en,"Goodbye, Farewell",2025-05-01,7
"SAMPAI JUMPA, SELAMAT TINGGAL",en,"Goodbye, Farewell",2025-05-02,5
"SAMPAI JUMPA, SELAMAT TINGGAL",en,"Goodbye, Farewell",2025-05-03,3
"SAMPAI JUMPA, SELAMAT TINGGAL",en,"Goodbye, Farewell",2025-05-04,4
"SAMPAI JUMPA, SELAMAT TINGGAL",en,"Goodbye, Farewell",2025-05-05,4
"SAMPAI JUMPA, SELAMAT TINGGAL",en,"Goodbye, Farewell",2025-05-06,4
"SAMPAI JUMPA, SELAMAT TINGGAL",en,"Goodbye, Farewell",2025-05-07,8
"SAMPAI JUMPA, SELAMAT TINGGAL",en,"Goodbye, Farewell",2025-05-08,7
"SAMPAI JUMPA, SELAMAT TINGGAL",en,"Goodbye, Farewell",2025-05-09,11
"SAMPAI JUMPA, SELAMAT TINGGAL",en,"Goodbye, Farewell",2025-05-10,8
"SAMPAI JUMPA, SELAMAT TINGGAL",en,"Goodbye, Farewell",2025-05-11,6
"SAMPAI JUMPA, SELAMAT TINGGAL",en,"Goodbye, Farewell",2025-05-12,17
"SAMPAI JUMPA, SELAMAT TINGGAL",en,"Goodbye, Farewell",2025-05-13,6
"SAMPAI JUMPA, SELAMAT TINGGAL",en,"Goodbye, Farewell",2025-05-14,8
"SAMPAI JUMPA, SELAMAT TINGGAL",en,"Goodbye, Farewell",2025-05-15,3
"SAMPAI JUMPA, SELAMAT TINGGAL",en,"Goodbye, Farewell",2025-05-16,7
"SAMPAI JUMPA, SELAMAT TINGGAL",en,"Goodbye, Farewell",2025-05-17,9
"SAMPAI JUMPA, SELAMAT TINGGAL",en,"Goodbye, Farewell",2025-05-18,7
"SAMPAI JUMPA, SELAMAT TINGGAL",en,"Goodbye, Farewell",2025-05-19,2
"SAMPAI JUMPA, SELAMAT TINGGAL",en,"Goodbye, Farewell",2025-05-20,8
"SAMPAI JUMPA, SELAMAT TINGGAL",en,"Goodbye, Farewell",2025-05-21,1
"SAMPAI JUMPA, SELAMAT TINGGAL",en,"Goodbye, Farewell",2025-05-22,8
"SAMPAI JUMPA, SELAMAT TINGGAL",en,"Goodbye, Farewell",2025-05-23,2
"SAMPAI JUMPA, SELAMAT TINGGAL",en,"Goodbye, Farewell",2025-05-24,7
"SAMPAI JUMPA, SELAMAT TINGGAL",en,"Goodbye, Farewell",2025-05-25,7
"SAMPAI JUMPA, SELAMAT TINGGAL",en,"Goodbye, Farewell",2025-05-26,4
"SAMPAI JUMPA, SELAMAT TINGGAL",en,"Goodbye, Farewell",2025-05-27,8
"SAMPAI JUMPA, SELAMAT TINGGAL",en,"Goodbye, Farewell",2025-05-28,10
"SAMPAI JUMPA, SELAMAT TINGGAL",en,"Goodbye, Farewell",2025-05-29,3
"SAMPAI JUMPA, SELAMAT TINGGAL",en,"Goodbye, Farewell",2025-05-30,6
"SAMPAI JUMPA, SELAMAT TINGGAL",en,"Goodbye, Farewell",2025-05-31,4
"SAMPAI JUMPA, SELAMAT TINGGAL",en,"Goodbye, Farewell",2025-06-01,8
"SAMPAI JUMPA, SELAMAT TINGGAL",en,"Goodbye, Farewell",2025-06-02,24
"SAMPAI JUMPA, SELAMAT TINGGAL",en,"Goodbye, Farewell",2025-06-03,11
"SAMPAI JUMPA, SELAMAT TINGGAL",en,"Goodbye, Farewell",2025-06-04,9
"SAMPAI JUMPA, SELAMAT TINGGAL",en,"Goodbye, Farewell",2025-06-05,18
"SAMPAI JUMPA, SELAMAT TINGGAL",en,"Goodbye, Farewell",2025-06-06,10
"SAMPAI JUMPA, SELAMAT TINGGAL",en,"Goodbye, Farewell",2025-06-07,14
"SAMPAI JUMPA, SELAMAT TINGGAL",en,"Goodbye, Farewell",2025-06-08,15
"SAMPAI JUMPA, SELAMAT TINGGAL",en,"Goodbye, Farewell",2025-06-09,9
"SAMPAI JUMPA, SELAMAT TINGGAL",en,"Goodbye, Farewell",2025-06-10,5
"SAMPAI JUMPA, SELAMAT TINGGAL",en,"Goodbye, Farewell",2025-06-11,5
"SAMPAI JUMPA, SELAMAT TINGGAL",en,"Goodbye, Farewell",2025-06-12,8
"SAMPAI JUMPA, SELAMAT TINGGAL",en,"Goodbye, Farewell",2025-06-13,3
"SAMPAI JUMPA, SELAMAT TINGGAL",id,Sampai Jumpa Selamat Tinggal,2025-06-05,14
"SAMPAI JUMPA, SELAMAT TINGGAL",id,Sampai Jumpa Selamat Tinggal,2025-06-06,19
"SAMPAI JUMPA, SELAMAT TINGGAL",id,Sampai Jumpa Selamat Tinggal,2025-06-07,35
"SAMPAI JUMPA, SELAMAT TINGGAL",id,Sampai Jumpa Selamat Tinggal,2025-06-08,94
"SAMPAI JUMPA, SELAMAT TINGGAL",id,Sampai Jumpa Selamat Tinggal,2025-06-09,49
"SAMPAI JUMPA, SELAMAT TINGGAL",id,Sampai Jumpa Selamat Tinggal,2025-06-10,40
"SAMPAI JUMPA, SELAMAT TINGGAL",id,Sampai Jumpa Selamat Tinggal,2025-06-11,54
"SAMPAI JUMPA, SELAMAT TINGGAL",id,Sampai Jumpa Selamat Tinggal,2025-06-12,43
"SAMPAI JUMPA, SELAMAT TINGGAL",id,Sampai Jumpa Selamat Tinggal,2025-06-13,33
SCREAM 7 (IMAX 2D),en,Scream 7,2026-01-21,6570
SCREAM 7 (IMAX 2D),en,Scream 7,2026-01-22,5614
SCREAM 7 (IMAX 2D),en,Scream 7,2026-01-23,5200
SCREAM 7 (IMAX 2D),en,Scream 7,2026-01-24,5415
SCREAM 7 (IMAX 2D),en,Scream 7,2026-01-25,7939
SCREAM 7 (IMAX 2D),en,Scream 7,2026-01-26,6344
SCREAM 7 (IMAX 2D),en,Scream 7,2026-01-27,6116
SCREAM 7 (IMAX 2D),en,Scream 7,2026-01-28,6515
SCREAM 7 (IMAX 2D),en,Scream 7,2026-01-29,7032
SCREAM 7 (IMAX 2D),en,Scream 7,2026-01-30,6248
SCREAM 7 (IMAX 2D),en,Scream 7,2026-01-31,6717
SCREAM 7 (IMAX 2D),en,Scream 7,2026-02-01,8641
SCREAM 7 (IMAX 2D),en,Scream 7,2026-02-02,12213
SCREAM 7 (IMAX 2D),en,Scream 7,2026-02-03,13447
SCREAM 7 (IMAX 2D),en,Scream 7,2026-02-04,10968
SCREAM 7 (IMAX 2D),en,Scream 7,2026-02-05,11130
SCREAM 7 (IMAX 2D),en,Scream 7,2026-02-06,13200
SCREAM 7 (IMAX 2D),en,Scream 7,2026-02-07,12547
SCREAM 7 (IMAX 2D),en,Scream 7,2026-02-08,14359
SCREAM 7 (IMAX 2D),en,Scream 7,2026-02-09,15601
SCREAM 7 (IMAX 2D),en,Scream 7,2026-02-10,15083
SCREAM 7 (IMAX 2D),en,Scream 7,2026-02-11,14319
SCREAM 7 (IMAX 2D),en,Scream 7,2026-02-12,12779
SCREAM 7 (IMAX 2D),en,Scream 7,2026-02-13,13342
SCREAM 7 (IMAX 2D),en,Scream 7,2026-02-14,14595
SCREAM 7 (IMAX 2D),en,Scream 7,2026-02-15,14864
SCREAM 7 (IMAX 2D),en,Scream 7,2026-02-16,14833
SCREAM 7 (IMAX 2D),en,Scream 7,2026-02-17,15233
SCREAM 7 (IMAX 2D),en,Scream 7,2026-02-18,15686
SCREAM 7 (IMAX 2D),en,Scream 7,2026-02-19,18700
SCREAM 7 (IMAX 2D),en,Scream 7,2026-02-20,19773
SCREAM 7 (IMAX 2D),en,Scream 7,2026-02-21,23327
SCREAM 7 (IMAX 2D),en,Scream 7,2026-02-22,24752
SCREAM 7 (IMAX 2D),en,Scream 7,2026-02-23,28963
SCREAM 7 (IMAX 2D),en,Scream 7,2026-02-24,38348
SCREAM 7 (IMAX 2D),en,Scream 7,2026-02-25,65734
SCREAM 7 (IMAX 2D),en,Scream 7,2026-02-26,168370
SCREAM 7 (IMAX 2D),en,Scream 7,2026-02-27,217986
SCREAM 7 (IMAX 2D),en,Scream 7,2026-02-28,178360
SCREAM 7 (IMAX 2D),en,Scream 7,2026-03-01,153304
SCREAM 7 (IMAX 2D),en,Scream 7,2026-03-02,122188
SCREAM 7 (IMAX 2D),en,Scream 7,2026-03-03,81943
SCREAM 7 (IMAX 2D),en,Scream 7,2026-03-04,67841
SCREAM 7 (IMAX 2D),en,Scream 7,2026-03-05,52942
SCREAM 7 (IMAX 2D),en,Scream 7,2026-03-06,45373
SCREAM 7 (IMAX 2D),en,Scream 7,2026-03-07,48909
SCREAM 7 (IMAX 2D),en,Scream 7,2026-03-08,56406
SELEPAS TAHLIL,id,Selepas Tahlil,2025-07-10,26
SELEPAS TAHLIL,id,Selepas Tahlil,2025-07-11,41
SELEPAS TAHLIL,id,Selepas Tahlil,2025-07-12,31
SELEPAS TAHLIL,id,Selepas Tahlil,2025-07-13,33
SELEPAS TAHLIL,id,Selepas Tahlil,2025-07-14,43
SELEPAS TAHLIL,id,Selepas Tahlil,2025-07-15,52
SEND HELP,en,Send Help,2025-12-20,3089
SEND HELP,en,Send Help,2025-12-21,2948
SEND HELP,en,Send Help,2025-12-22,3374
SEND HELP,en,Send Help,2025-12-23,3166
SEND HELP,en,Send Help,2025-12-24,2648
SEND HELP,en,Send Help,2025-12-25,2611
SEND HELP,en,Send Help,2025-12-26,3186
SEND HELP,en,Send Help,2025-12-27,3119
SEND HELP,en,Send Help,2025-12-28,3249
SEND HELP,en,Send Help,2025-12-29,3077
SEND HELP,en,Send Help,2025-12-30,2998
SEND HELP,en,Send Help,2025-12-31,2983
SEND HELP,en,Send Help,2026-01-01,3675
SEND HELP,en,Send Help,2026-01-02,5719
SEND HELP,en,Send Help,2026-01-03,8025
SEND HELP,en,Send Help,2026-01-04,13241
SEND HELP,en,Send Help,2026-01-05,19729
SEND HELP,en,Send Help,2026-01-06,13689
SEND HELP,en,Send Help,2026-01-07,16068
SEND HELP,en,Send Help,2026-01-08,12763
SEND HELP,en,Send Help,2026-01-09,13039
SEND HELP,en,Send Help,2026-01-10,18351
SEND HELP,en,Send Help,2026-01-11,33242
SEND HELP,en,Send Help,2026-01-12,19956
SEND HELP,en,Send Help,2026-01-13,25667
SEND HELP,en,Send Help,2026-01-14,13943
SEND HELP,en,Send Help,2026-01-15,17556
SEND HELP,en,Send Help,2026-01-16,14820
SEND HELP,en,Send Help,2026-01-17,20949
SEND HELP,en,Send Help,2026-01-18,39105
SEND HELP,en,Send Help,2026-01-19,24995
SEND HELP,en,Send Help,2026-01-20,36538
SEND HELP,en,Send Help,2026-01-21,29556
SEND HELP,en,Send Help,2026-01-22,26485
SEND HELP,en,Send Help,2026-01-23,29698
SEND HELP,en,Send Help,2026-01-24,30637
SEND HELP,en,Send Help,2026-01-25,40642
SEND HELP,en,Send Help,2026-01-26,57778
SEND HELP,en,Send Help,2026-01-27,65917
SEND HELP,en,Send Help,2026-01-28,64931
SEND HELP,en,Send Help,2026-01-29,99706
SEND HELP,en,Send Help,2026-01-30,155264
SEND HELP,en,Send Help,2026-01-31,150679
SEND HELP,en,Send Help,2026-02-01,147814
SEND HELP,en,Send Help,2026-02-02,134759
SEND HELP,en,Send Help,2026-02-03,93355
SEND HELP,en,Send Help,2026-02-04,73686
SEND HELP,id,Send Help,2026-02-01,9
SEND HELP,id,Send Help,2026-02-02,9
SEND HELP,id,Send Help,2026-02-03,18
SEND HELP,id,Send Help,2026-02-04,13
SENGKOLO PETAKA SATU SURO,id,Sengkolo: Petaka Satu Suro,2026-01-27,6
SENGKOLO PETAKA SATU SURO,id,Sengkolo: Petaka Satu Suro,2026-01-28,6
SENGKOLO PETAKA SATU SURO,id,Sengkolo: Petaka Satu Suro,2026-01-29,5
SENGKOLO PETAKA SATU SURO,id,Sengkolo: Petaka Satu Suro,2026-01-30,1
SENGKOLO PETAKA SATU SURO,id,Sengkolo: Petaka Satu Suro,2026-01-31,2
SENGKOLO PETAKA SATU SURO,id,Sengkolo: Petaka Satu Suro,2026-02-01,1
SENGKOLO PETAKA SATU SURO,id,Sengkolo: Petaka Satu Suro,2026-02-02,1
SENYUM MANIES LOVE STORY,id,Senyum Manies Love Story,2025-04-18,21
SENYUM MANIES LOVE STORY,id,Senyum Manies Love Story,2025-04-19,23
SENYUM MANIES LOVE STORY,id,Senyum Manies Love Story,2025-04-20,15
SENYUM MANIES LOVE STORY,id,Senyum Manies Love Story,2025-04-21,41
SENYUM MANIES LOVE STORY,id,Senyum Manies Love Story,2025-04-22,46
SENYUM MANIES LOVE STORY,id,Senyum Manies Love Story,2025-04-23,47
SENYUM MANIES LOVE STORY,id,Senyum Manies Love Story,2025-04-24,37
SENYUM MANIES LOVE STORY,id,Senyum Manies Love Story,2025-04-25,33
SENYUM MANIES LOVE STORY,id,Senyum Manies Love Story,2025-04-26,44
SENYUM MANIES LOVE STORY,id,Senyum Manies Love Story,2025-04-27,67
SENYUM MANIES LOVE STORY,id,Senyum Manies Love Story,2025-04-28,33
SENYUM MANIES LOVE STORY,id,Senyum Manies Love Story,2025-04-29,19
SENYUM MANIES LOVE STORY,id,Senyum Manies Love Story,2025-04-30,15
SENYUM MANIES LOVE STORY,id,Senyum Manies Love Story,2025-05-01,17
SENYUM MANIES LOVE STORY,id,Senyum Manies Love Story,2025-05-02,39
SENYUM MANIES LOVE STORY,id,Senyum Manies Love Story,2025-05-03,50
SENYUM MANIES LOVE STORY,id,Senyum Manies Love Story,2025-05-04,32
SENYUM MANIES LOVE STORY,id,Senyum Manies Love Story,2025-05-05,29
SENYUM MANIES LOVE STORY,id,Senyum Manies Love Story,2025-05-06,29
SENYUM MANIES LOVE STORY,id,Senyum Manies Love Story,2025-05-07,19
SENYUM MANIES LOVE STORY,id,Senyum Manies Love Story,2025-05-08,16
SENYUM MANIES LOVE STORY,id,Senyum Manies Love Story,2025-05-09,16
SENYUM MANIES LOVE STORY,id,Senyum Manies Love Story,2025-05-10,25
SENYUM MANIES LOVE STORY,id,Senyum Manies Love Story,2025-05-11,33
SENYUM MANIES LOVE STORY,id,Senyum Manies Love Story,2025-05-12,37
SENYUM MANIES LOVE STORY,id,Senyum Manies Love Story,2025-05-13,32
SENYUM MANIES LOVE STORY,id,Senyum Manies Love Story,2025-05-14,31
SENYUM MANIES LOVE STORY,id,Senyum Manies Love Story,2025-05-15,31
SENYUM MANIES LOVE STORY,id,Senyum Manies Love Story,2025-05-16,27
SENYUM MANIES LOVE STORY,id,Senyum Manies Love Story,2025-05-17,29
SENYUM MANIES LOVE STORY,id,Senyum Manies Love Story,2025-05-18,27
SENYUM MANIES LOVE STORY,id,Senyum Manies Love Story,2025-05-19,11
SENYUM MANIES LOVE STORY,id,Senyum Manies Love Story,2025-05-20,17
SENYUM MANIES LOVE STORY,id,Senyum Manies Love Story,2025-05-21,19
SENYUM MANIES LOVE STORY,id,Senyum Manies Love Story,2025-05-22,27
SENYUM MANIES LOVE STORY,id,Senyum Manies Love Story,2025-05-23,29
SENYUM MANIES LOVE STORY,id,Senyum Manies Love Story,2025-05-24,25
SENYUM MANIES LOVE STORY,id,Senyum Manies Love Story,2025-05-25,29
SENYUM MANIES LOVE STORY,id,Senyum Manies Love Story,2025-05-26,20
SENYUM MANIES LOVE STORY,id,Senyum Manies Love Story,2025-05-27,17
SENYUM MANIES LOVE STORY,id,Senyum Manies Love Story,2025-05-28,18
SENYUM MANIES LOVE STORY,id,Senyum Manies Love Story,2025-05-29,17
SENYUM MANIES LOVE STORY,id,Senyum Manies Love Story,2025-05-30,19
SENYUM MANIES LOVE STORY,id,Senyum Manies Love Story,2025-05-31,19
SENYUM MANIES LOVE STORY,id,Senyum Manies Love Story,2025-06-01,30
SENYUM MANIES LOVE STORY,id,Senyum Manies Love Story,2025-06-02,22
SENYUM MANIES LOVE STORY,id,Senyum Manies Love Story,2025-06-03,21
SERIBU BAYANG PURNAMA,id,Seribu Bayang Purnama,2025-07-03,27
SERIBU BAYANG PURNAMA,id,Seribu Bayang Purnama,2025-07-04,33
SERIBU BAYANG PURNAMA,id,Seribu Bayang Purnama,2025-07-05,65
SERIBU BAYANG PURNAMA,id,Seribu Bayang Purnama,2025-07-06,52
SERIBU BAYANG PURNAMA,id,Seribu Bayang Purnama,2025-07-07,38
SHELTER,en,Shelter (2026 film),2025-12-24,1418
SHELTER,en,Shelter (2026 film),2025-12-25,1436
SHELTER,en,Shelter (2026 film),2025-12-26,1629
SHELTER,en,Shelter (2026 film),2025-12-27,1674
SHELTER,en,Shelter (2026 film),2025-12-28,1821
SHELTER,en,Shelter (2026 film),2025-12-29,1777
SHELTER,en,Shelter (2026 film),2025-12-30,1672
SHELTER,en,Shelter (2026 film),2025-12-31,1587
SHELTER,en,Shelter (2026 film),2026-01-01,3962
SHELTER,en,Shelter (2026 film),2026-01-02,2788
SHELTER,en,Shelter (2026 film),2026-01-03,2482
SHELTER,en,Shelter (2026 film),2026-01-04,2561
SHELTER,en,Shelter (2026 film),2026-01-05,2420
SHELTER,en,Shelter (2026 film),2026-01-06,2931
SHELTER,en,Shelter (2026 film),2026-01-07,2538
SHELTER,en,Shelter (2026 film),2026-01-08,2187
SHELTER,en,Shelter (2026 film),2026-01-09,2269
SHELTER,en,Shelter (2026 film),2026-01-10,3572
SHELTER,en,Shelter (2026 film),2026-01-11,2755
SHELTER,en,Shelter (2026 film),2026-01-12,3089
SHELTER,en,Shelter (2026 film),2026-01-13,4959
SHELTER,en,Shelter (2026 film),2026-01-14,3412
SHELTER,en,Shelter (2026 film),2026-01-15,3308
SHELTER,en,Shelter (2026 film),2026-01-16,3369
SHELTER,en,Shelter (2026 film),2026-01-17,3574
SHELTER,en,Shelter (2026 film),2026-01-18,4284
SHELTER,en,Shelter (2026 film),2026-01-19,3843
SHELTER,en,Shelter (2026 film),2026-01-20,4447
SHELTER,en,Shelter (2026 film),2026-01-21,5137
SHELTER,en,Shelter (2026 film),2026-01-22,5153
SHELTER,en,Shelter (2026 film),2026-01-23,5008
SHELTER,en,Shelter (2026 film),2026-01-24,5092
SHELTER,en,Shelter (2026 film),2026-01-25,8184
SHELTER,en,Shelter (2026 film),2026-01-26,6184
SHELTER,en,Shelter (2026 film),2026-01-27,6884
SHELTER,en,Shelter (2026 film),2026-01-28,9603
SHELTER,en,Shelter (2026 film),2026-01-29,15521
SHELTER,en,Shelter (2026 film),2026-01-30,24459
SHELTER,en,Shelter (2026 film),2026-01-31,27430
SHELTER,en,Shelter (2026 film),2026-02-01,27165
SHELTER,en,Shelter (2026 film),2026-02-02,22430
SHELTER,en,Shelter (2026 film),2026-02-03,20057
SHELTER,en,Shelter (2026 film),2026-02-04,18262
SHELTER,en,Shelter (2026 film),2026-02-05,15839
SHELTER,en,Shelter (2026 film),2026-02-06,15081
SHELTER,en,Shelter (2026 film),2026-02-07,16314
SHELTER,en,Shelter (2026 film),2026-02-08,15074
SHUTTER,id,Shutter (film 2025),2025-10-30,23
SHUTTER,id,Shutter (film 2025),2025-10-31,183
SHUTTER,id,Shutter (film 2025),2025-11-01,532
SHUTTER,id,Shutter (film 2025),2025-11-02,670
SHUTTER,id,Shutter (film 2025),2025-11-03,413
SHUTTER,id,Shutter (film 2025),2025-11-04,290
SHUTTER,id,Shutter (film 2025),2025-11-05,233
SHUTTER,id,Shutter (film 2025),2025-11-06,110
SHUTTER,id,Shutter (film 2025),2025-11-07,65
SHUTTER,id,Shutter (film 2025),2025-11-08,79
SHUTTER,id,Shutter (film 2025),2025-11-09,50
SHUTTER,id,Shutter (film 2025),2025-11-10,54
SIAPA DIA,id,Siapa Dia,2025-08-28,7
SIAPA DIA,id,Siapa Dia,2025-08-29,5
SIHIR PELAKOR,id,Sihir Pelakor,2025-07-30,27
SIHIR PELAKOR,id,Sihir Pelakor,2025-07-31,225
SIHIR PELAKOR,id,Sihir Pelakor,2025-08-01,809
SIHIR PELAKOR,id,Sihir Pelakor,2025-08-02,929
SIHIR PELAKOR,id,Sihir Pelakor,2025-08-03,759
SIHIR PELAKOR,id,Sihir Pelakor,2025-08-04,617
SIKANDAR,en,Sikandar (2025 film),2025-02-25,10455
SIKANDAR,en,Sikandar (2025 film),2025-02-26,9553
SIKANDAR,en,Sikandar (2025 film),2025-02-27,33117
SIKANDAR,en,Sikandar (2025 film),2025-02-28,21777
SIKANDAR,en,Sikandar (2025 film),2025-03-01,14630
SIKANDAR,en,Sikandar (2025 film),2025-03-02,12581
SIKANDAR,en,Sikandar (2025 film),2025-03-03,13184
SIKANDAR,en,Sikandar (2025 film),2025-03-04,16497
SIKANDAR,en,Sikandar (2025 film),2025-03-05,17262
SIKANDAR,en,Sikandar (2025 film),2025-03-06,14715
SIKANDAR,en,Sikandar (2025 film),2025-03-07,16434
SIKANDAR,en,Sikandar (2025 film),2025-03-08,16386
SIKANDAR,en,Sikandar (2025 film),2025-03-09,15599
SIKANDAR,en,Sikandar (2025 film),2025-03-10,14496
SIKANDAR,en,Sikandar (2025 film),2025-03-11,18237
SIKANDAR,en,Sikandar (2025 film),2025-03-12,16964
SIKANDAR,en,Sikandar (2025 film),2025-03-13,16348
SIKANDAR,en,Sikandar (2025 film),2025-03-14,16286
SIKANDAR,en,Sikandar (2025 film),2025-03-15,16329
SIKANDAR,en,Sikandar (2025 film),2025-03-16,16353
SIKANDAR,en,Sikandar (2025 film),2025-03-17,18181
SIKANDAR,en,Sikandar (2025 film),2025-03-18,20473
SIKANDAR,en,Sikandar (2025 film),2025-03-19,24267
SIKANDAR,en,Sikandar (2025 film),2025-03-20,24924
SIKANDAR,en,Sikandar (2025 film),2025-03-21,22898
SIKANDAR,en,Sikandar (2025 film),2025-03-22,22413
SIKANDAR,en,Sikandar (2025 film),2025-03-23,49716
SIKANDAR,en,Sikandar (2025 film),2025-03-24,52133
SIKANDAR,en,Sikandar (2025 film),2025-03-25,38678
SIKANDAR,en,Sikandar (2025 film),2025-03-26,37092
SIKANDAR,en,Sikandar (2025 film),2025-03-27,39856
SIKANDAR,en,Sikandar (2025 film),2025-03-28,40976
SIKANDAR,en,Sikandar (2025 film),2025-03-29,60319
SIKANDAR,en,Sikandar (2025 film),2025-03-30,287012
SIKANDAR,en,Sikandar (2025 film),2025-03-31,371036
SIKANDAR,en,Sikandar (2025 film),2025-04-01,338891
SIKANDAR,en,Sikandar (2025 film),2025-04-02,279531
SIKANDAR,en,Sikandar (2025 film),2025-04-03,229164
SIKANDAR,en,Sikandar (2025 film),2025-04-04,190693
SIKANDAR,en,Sikandar (2025 film),2025-04-05,157946
SIKANDAR,en,Sikandar (2025 film),2025-04-06,140333
SIKANDAR,en,Sikandar (2025 film),2025-04-07,114761
SIKANDAR,en,Sikandar (2025 film),2025-04-08,98796
SIKANDAR,en,Sikandar (2025 film),2025-04-09,90009
SIKANDAR,en,Sikandar (2025 film),2025-04-10,84364
SIKANDAR,en,Sikandar (2025 film),2025-04-11,78286
SIKANDAR,en,Sikandar (2025 film),2025-04-12,72099
SINNERS,en,Sinners (2025 film),2025-03-12,7843
SINNERS,en,Sinners (2025 film),2025-03-13,6987
SINNERS,en,Sinners (2025 film),2025-03-14,7022
SINNERS,en,Sinners (2025 film),2025-03-15,7212
SINNERS,en,Sinners (2025 film),2025-03-16,6042
SINNERS,en,Sinners (2025 film),2025-03-17,5752
SINNERS,en,Sinners (2025 film),2025-03-18,6891
SINNERS,en,Sinners (2025 film),2025-03-19,6636
SINNERS,en,Sinners (2025 film),2025-03-20,6893
SINNERS,en,Sinners (2025 film),2025-03-21,10225
SINNERS,en,Sinners (2025 film),2025-03-22,10282
SINNERS,en,Sinners (2025 film),2025-03-23,10599
SINNERS,en,Sinners (2025 film),2025-03-24,11373
SINNERS,en,Sinners (2025 film),2025-03-25,11430
SINNERS,en,Sinners (2025 film),2025-03-26,13831
SINNERS,en,Sinners (2025 film),2025-03-27,14950
SINNERS,en,Sinners (2025 film),2025-03-28,12953
SINNERS,en,Sinners (2025 film),2025-03-29,13357
SINNERS,en,Sinners (2025 film),2025-03-30,20372
SINNERS,en,Sinners (2025 film),2025-03-31,16108
SINNERS,en,Sinners (2025 film),2025-04-01,18010
SINNERS,en,Sinners (2025 film),2025-04-02,17301
SINNERS,en,Sinners (2025 film),2025-04-03,18681
SINNERS,en,Sinners (2025 film),2025-04-04,30721
SINNERS,en,Sinners (2025 film),2025-04-05,30977
SINNERS,en,Sinners (2025 film),2025-04-06,30360
SINNERS,en,Sinners (2025 film),2025-04-07,29024
SINNERS,en,Sinners (2025 film),2025-04-08,38833
SINNERS,en,Sinners (2025 film),2025-04-09,30846
SINNERS,en,Sinners (2025 film),2025-04-10,54369
SINNERS,en,Sinners (2025 film),2025-04-11,80636
SINNERS,en,Sinners (2025 film),2025-04-12,64073
SINNERS,en,Sinners (2025 film),2025-04-13,69244
SINNERS,en,Sinners (2025 film),2025-04-14,69317
SINNERS,en,Sinners (2025 film),2025-04-15,84915
SINNERS,en,Sinners (2025 film),2025-04-16,124511
SINNERS,en,Sinners (2025 film),2025-04-17,182719
SINNERS,en,Sinners (2025 film),2025-04-18,367721
SINNERS,en,Sinners (2025 film),2025-04-19,491324
SINNERS,en,Sinners (2025 film),2025-04-20,594380
SINNERS,en,Sinners (2025 film),2025-04-21,531929
SINNERS,en,Sinners (2025 film),2025-04-22,428052
SINNERS,en,Sinners (2025 film),2025-04-23,387389
SINNERS,en,Sinners (2025 film),2025-04-24,359804
SINNERS,en,Sinners (2025 film),2025-04-25,341938
SINNERS,en,Sinners (2025 film),2025-04-26,402046
SINNERS,en,Sinners (2025 film),2025-04-27,446786
SINNERS,id,Sinners (film 2025),2025-04-18,22
SINNERS,id,Sinners (film 2025),2025-04-19,31
SINNERS,id,Sinners (film 2025),2025-04-20,32
SINNERS,id,Sinners (film 2025),2025-04-21,52
SINNERS,id,Sinners (film 2025),2025-04-22,284
SINNERS,id,Sinners (film 2025),2025-04-23,386
SINNERS,id,Sinners (film 2025),2025-04-24,303
SINNERS,id,Sinners (film 2025),2025-04-25,287
SINNERS,id,Sinners (film 2025),2025-04-26,302
SINNERS,id,Sinners (film 2025),2025-04-27,290
SINNERS (IMAX 2D),en,Sinners (2025 film),2025-03-11,5727
SINNERS (IMAX 2D),en,Sinners (2025 film),2025-03-12,7843
SINNERS (IMAX 2D),en,Sinners (2025 film),2025-03-13,6987
SINNERS (IMAX 2D),en,Sinners (2025 film),2025-03-14,7022
SINNERS (IMAX 2D),en,Sinners (2025 film),2025-03-15,7212
SINNERS (IMAX 2D),en,Sinners (2025 film),2025-03-16,6042
SINNERS (IMAX 2D),en,Sinners (2025 film),2025-03-17,5752
SINNERS (IMAX 2D),en,Sinners (2025 film),2025-03-18,6891
SINNERS (IMAX 2D),en,Sinners (2025 film),2025-03-19,6636
SINNERS (IMAX 2D),en,Sinners (2025 film),2025-03-20,6893
SINNERS (IMAX 2D),en,Sinners (2025 film),2025-03-21,10225
SINNERS (IMAX 2D),en,Sinners (2025 film),2025-03-22,10282
SINNERS (IMAX 2D),en,Sinners (2025 film),2025-03-23,10599
SINNERS (IMAX 2D),en,Sinners (2025 film),2025-03-24,11373
SINNERS (IMAX 2D),en,Sinners (2025 film),2025-03-25,11430
SINNERS (IMAX 2D),en,Sinners (2025 film),2025-03-26,13831
SINNERS (IMAX 2D),en,Sinners (2025 film),2025-03-27,14950
SINNERS (IMAX 2D),en,Sinners (2025 film),2025-03-28,12953
SINNERS (IMAX 2D),en,Sinners (2025 film),2025-03-29,13357
SINNERS (IMAX 2D),en,Sinners (2025 film),2025-03-30,20372
SINNERS (IMAX 2D),en,Sinners (2025 film),2025-03-31,16108
SINNERS (IMAX 2D),en,Sinners (2025 film),2025-04-01,18010
SINNERS (IMAX 2D),en,Sinners (2025 film),2025-04-02,17301
SINNERS (IMAX 2D),en,Sinners (2025 film),2025-04-03,18681
SINNERS (IMAX 2D),en,Sinners (2025 film),2025-04-04,30721
SINNERS (IMAX 2D),en,Sinners (2025 film),2025-04-05,30977
SINNERS (IMAX 2D),en,Sinners (2025 film),2025-04-06,30360
SINNERS (IMAX 2D),en,Sinners (2025 film),2025-04-07,29024
SINNERS (IMAX 2D),en,Sinners (2025 film),2025-04-08,38833
SINNERS (IMAX 2D),en,Sinners (2025 film),2025-04-09,30846
SINNERS (IMAX 2D),en,Sinners (2025 film),2025-04-10,54369
SINNERS (IMAX 2D),en,Sinners (2025 film),2025-04-11,80636
SINNERS (IMAX 2D),en,Sinners (2025 film),2025-04-12,64073
SINNERS (IMAX 2D),en,Sinners (2025 film),2025-04-13,69244
SINNERS (IMAX 2D),en,Sinners (2025 film),2025-04-14,69317
SINNERS (IMAX 2D),en,Sinners (2025 film),2025-04-15,84915
SINNERS (IMAX 2D),en,Sinners (2025 film),2025-04-16,124511
SINNERS (IMAX 2D),en,Sinners (2025 film),2025-04-17,182719
SINNERS (IMAX 2D),en,Sinners (2025 film),2025-04-18,367721
SINNERS (IMAX 2D),en,Sinners (2025 film),2025-04-19,491324
SINNERS (IMAX 2D),en,Sinners (2025 film),2025-04-20,594380
SINNERS (IMAX 2D),en,Sinners (2025 film),2025-04-21,531929
SINNERS (IMAX 2D),en,Sinners (2025 film),2025-04-22,428052
SINNERS (IMAX 2D),en,Sinners (2025 film),2025-04-23,387389
SINNERS (IMAX 2D),en,Sinners (2025 film),2025-04-24,359804
SINNERS (IMAX 2D),en,Sinners (2025 film),2025-04-25,341938
SINNERS (IMAX 2D),en,Sinners (2025 film),2025-04-26,402046
SINNERS (IMAX 2D),id,Sinners (film 2025),2025-04-18,22
SINNERS (IMAX 2D),id,Sinners (film 2025),2025-04-19,31
SINNERS (IMAX 2D),id,Sinners (film 2025),2025-04-20,32
SINNERS (IMAX 2D),id,Sinners (film 2025),2025-04-21,52
SINNERS (IMAX 2D),id,Sinners (film 2025),2025-04-22,284
SINNERS (IMAX 2D),id,Sinners (film 2025),2025-04-23,386
SINNERS (IMAX 2D),id,Sinners (film 2025),2025-04-24,303
SINNERS (IMAX 2D),id,Sinners (film 2025),2025-04-25,287
SINNERS (IMAX 2D),id,Sinners (film 2025),2025-04-26,302
SISU: ROAD TO REVENGE,en,Sisu: Road to Revenge,2025-10-31,1843
SISU: ROAD TO REVENGE,en,Sisu: Road to Revenge,2025-11-01,2253
SISU: ROAD TO REVENGE,en,Sisu: Road to Revenge,2025-11-02,2473
SISU: ROAD TO REVENGE,en,Sisu: Road to Revenge,2025-11-03,2397
SISU: ROAD TO REVENGE,en,Sisu: Road to Revenge,2025-11-04,2398
SISU: ROAD TO REVENGE,en,Sisu: Road to Revenge,2025-11-05,4429
SISU: ROAD TO REVENGE,en,Sisu: Road to Revenge,2025-11-06,5897
SISU: ROAD TO REVENGE,en,Sisu: Road to Revenge,2025-11-07,5552
SISU: ROAD TO REVENGE,en,Sisu: Road to Revenge,2025-11-08,5584
SISU: ROAD TO REVENGE,en,Sisu: Road to Revenge,2025-11-09,5048
SISU: ROAD TO REVENGE,en,Sisu: Road to Revenge,2025-11-10,4698
SISU: ROAD TO REVENGE,en,Sisu: Road to Revenge,2025-11-11,5741
SISU: ROAD TO REVENGE,en,Sisu: Road to Revenge,2025-11-12,5363
SISU: ROAD TO REVENGE,en,Sisu: Road to Revenge,2025-11-13,5741
SISU: ROAD TO REVENGE,en,Sisu: Road to Revenge,2025-11-14,5246
SISU: ROAD TO REVENGE,en,Sisu: Road to Revenge,2025-11-15,8489
SISU: ROAD TO REVENGE,en,Sisu: Road to Revenge,2025-11-16,12331
SISU: ROAD TO REVENGE,en,Sisu: Road to Revenge,2025-11-17,9370
SISU: ROAD TO REVENGE,en,Sisu: Road to Revenge,2025-11-18,11620
SISU: ROAD TO REVENGE,en,Sisu: Road to Revenge,2025-11-19,11377
SISU: ROAD TO REVENGE,en,Sisu: Road to Revenge,2025-11-20,15481
SISU: ROAD TO REVENGE,en,Sisu: Road to Revenge,2025-11-21,27093
SISU: ROAD TO REVENGE,en,Sisu: Road to Revenge,2025-11-22,28730
SISU: ROAD TO REVENGE,en,Sisu: Road to Revenge,2025-11-23,24874
SISU: ROAD TO REVENGE,en,Sisu: Road to Revenge,2025-11-24,20339
SISU: ROAD TO REVENGE,en,Sisu: Road to Revenge,2025-11-25,15542
SISU: ROAD TO REVENGE,en,Sisu: Road to Revenge,2025-11-26,12985
SISU: ROAD TO REVENGE,en,Sisu: Road to Revenge,2025-11-27,10578
SISU: ROAD TO REVENGE,en,Sisu: Road to Revenge,2025-11-28,9086
SISU: ROAD TO REVENGE,en,Sisu: Road to Revenge,2025-11-29,8967
SISU: ROAD TO REVENGE,en,Sisu: Road to Revenge,2025-11-30,8698
SISU: ROAD TO REVENGE,en,Sisu: Road to Revenge,2025-12-01,7659
SISU: ROAD TO REVENGE,en,Sisu: Road to Revenge,2025-12-02,5857
SISU: ROAD TO REVENGE,en,Sisu: Road to Revenge,2025-12-03,5484
SISU: ROAD TO REVENGE,en,Sisu: Road to Revenge,2025-12-04,4945
SISU: ROAD TO REVENGE,en,Sisu: Road to Revenge,2025-12-05,4535
SISU: ROAD TO REVENGE,en,Sisu: Road to Revenge,2025-12-06,5783
SISU: ROAD TO REVENGE,en,Sisu: Road to Revenge,2025-12-07,4573
SISU: ROAD TO REVENGE,en,Sisu: Road to Revenge,2025-12-08,3790
SISU: ROAD TO REVENGE,en,Sisu: Road to Revenge,2025-12-09,3512
SISU: ROAD TO REVENGE,en,Sisu: Road to Revenge,2025-12-10,3278
SISU: ROAD TO REVENGE,en,Sisu: Road to Revenge,2025-12-11,3170
SISU: ROAD TO REVENGE,en,Sisu: Road to Revenge,2025-12-12,2877
SISU: ROAD TO REVENGE,en,Sisu: Road to Revenge,2025-12-13,2875
SISU: ROAD TO REVENGE,en,Sisu: Road to Revenge,2025-12-14,2894
SISU: ROAD TO REVENGE,en,Sisu: Road to Revenge,2025-12-15,2535
SISU: ROAD TO REVENGE,en,Sisu: Road to Revenge,2025-12-16,14519
SITAARE ZAMEEN PAR,en,Sitaare Zameen Par,2025-05-18,45
SITAARE ZAMEEN PAR,en,Sitaare Zameen Par,2025-05-19,35
SITAARE ZAMEEN PAR,en,Sitaare Zameen Par,2025-05-20,26
SITAARE ZAMEEN PAR,en,Sitaare Zameen Par,2025-05-21,695
SITAARE ZAMEEN PAR,en,Sitaare Zameen Par,2025-05-22,3649
SITAARE ZAMEEN PAR,en,Sitaare Zameen Par,2025-05-23,4201
SITAARE ZAMEEN PAR,en,Sitaare Zameen Par,2025-05-24,4016
SITAARE ZAMEEN PAR,en,Sitaare Zameen Par,2025-05-25,3361
SITAARE ZAMEEN PAR,en,Sitaare Zameen Par,2025-05-26,4179
SITAARE ZAMEEN PAR,en,Sitaare Zameen Par,2025-05-27,4799
SITAARE ZAMEEN PAR,en,Sitaare Zameen Par,2025-05-28,5068
SITAARE ZAMEEN PAR,en,Sitaare Zameen Par,2025-05-29,6506
SITAARE ZAMEEN PAR,en,Sitaare Zameen Par,2025-05-30,5967
SITAARE ZAMEEN PAR,en,Sitaare Zameen Par,2025-05-31,6296
SITAARE ZAMEEN PAR,en,Sitaare Zameen Par,2025-06-01,10230
SITAARE ZAMEEN PAR,en,Sitaare Zameen Par,2025-06-02,7538
SITAARE ZAMEEN PAR,en,Sitaare Zameen Par,2025-06-03,9134
SITAARE ZAMEEN PAR,en,Sitaare Zameen Par,2025-06-04,5646
SITAARE ZAMEEN PAR,en,Sitaare Zameen Par,2025-06-05,5828
SITAARE ZAMEEN PAR,en,Sitaare Zameen Par,2025-06-06,5202
SITAARE ZAMEEN PAR,en,Sitaare Zameen Par,2025-06-07,8258
SITAARE ZAMEEN PAR,en,Sitaare Zameen Par,2025-06-08,9076
SITAARE ZAMEEN PAR,en,Sitaare Zameen Par,2025-06-09,8031
SITAARE ZAMEEN PAR,en,Sitaare Zameen Par,2025-06-10,10086
SITAARE ZAMEEN PAR,en,Sitaare Zameen Par,2025-06-11,11282
SITAARE ZAMEEN PAR,en,Sitaare Zameen Par,2025-06-12,10132
SITAARE ZAMEEN PAR,en,Sitaare Zameen Par,2025-06-13,7943
SITAARE ZAMEEN PAR,en,Sitaare Zameen Par,2025-06-14,8729
SITAARE ZAMEEN PAR,en,Sitaare Zameen Par,2025-06-15,10861
SITAARE ZAMEEN PAR,en,Sitaare Zameen Par,2025-06-16,10900
SITAARE ZAMEEN PAR,en,Sitaare Zameen Par,2025-06-17,12500
SITAARE ZAMEEN PAR,en,Sitaare Zameen Par,2025-06-18,18958
SITAARE ZAMEEN PAR,en,Sitaare Zameen Par,2025-06-19,35485
SITAARE ZAMEEN PAR,en,Sitaare Zameen Par,2025-06-20,136698
SITAARE ZAMEEN PAR,en,Sitaare Zameen Par,2025-06-21,198322
SITAARE ZAMEEN PAR,en,Sitaare Zameen Par,2025-06-22,211338
SITAARE ZAMEEN PAR,en,Sitaare Zameen Par,2025-06-23,193618
SITAARE ZAMEEN PAR,en,Sitaare Zameen Par,2025-06-24,158309
SITAARE ZAMEEN PAR,en,Sitaare Zameen Par,2025-06-25,141459
SITAARE ZAMEEN PAR,en,Sitaare Zameen Par,2025-06-26,118592
SITAARE ZAMEEN PAR,en,Sitaare Zameen Par,2025-06-27,100600
SITAARE ZAMEEN PAR,en,Sitaare Zameen Par,2025-06-28,96070
SITAARE ZAMEEN PAR,en,Sitaare Zameen Par,2025-06-29,106443
SITAARE ZAMEEN PAR,en,Sitaare Zameen Par,2025-06-30,84351
SITAARE ZAMEEN PAR,en,Sitaare Zameen Par,2025-07-01,75642
SITAARE ZAMEEN PAR,en,Sitaare Zameen Par,2025-07-02,65202
SITAARE ZAMEEN PAR,en,Sitaare Zameen Par,2025-07-03,61034
SMURFS,en,Smurfs (film),2025-06-13,2864
SMURFS,en,Smurfs (film),2025-06-14,2684
SMURFS,en,Smurfs (film),2025-06-15,2777
SMURFS,en,Smurfs (film),2025-06-16,2904
SMURFS,en,Smurfs (film),2025-06-17,2657
SMURFS,en,Smurfs (film),2025-06-18,2768
SMURFS,en,Smurfs (film),2025-06-19,2695
SMURFS,en,Smurfs (film),2025-06-20,3305
SMURFS,en,Smurfs (film),2025-06-21,2840
SMURFS,en,Smurfs (film),2025-06-22,3269
SMURFS,en,Smurfs (film),2025-06-23,6479
SMURFS,en,Smurfs (film),2025-06-24,5721
SMURFS,en,Smurfs (film),2025-06-25,7844
SMURFS,en,Smurfs (film),2025-06-26,5346
SMURFS,en,Smurfs (film),2025-06-27,4919
SMURFS,en,Smurfs (film),2025-06-28,5774
SMURFS,en,Smurfs (film),2025-06-29,6230
SMURFS,en,Smurfs (film),2025-06-30,6403
SMURFS,en,Smurfs (film),2025-07-01,6824
SMURFS,en,Smurfs (film),2025-07-02,6017
SMURFS,en,Smurfs (film),2025-07-03,6308
SMURFS,en,Smurfs (film),2025-07-04,5945
SMURFS,en,Smurfs (film),2025-07-05,6590
SMURFS,en,Smurfs (film),2025-07-06,7547
SMURFS,en,Smurfs (film),2025-07-07,7550
SMURFS,en,Smurfs (film),2025-07-08,8056
SMURFS,en,Smurfs (film),2025-07-09,8182
SMURFS,en,Smurfs (film),2025-07-10,7757
SMURFS,en,Smurfs (film),2025-07-11,8359
SMURFS,en,Smurfs (film),2025-07-12,8136
SMURFS,en,Smurfs (film),2025-07-13,9970
SMURFS,en,Smurfs (film),2025-07-14,12136
SMURFS,en,Smurfs (film),2025-07-15,13838
SMURFS,en,Smurfs (film),2025-07-16,19857
SMURFS,en,Smurfs (film),2025-07-17,27160
SMURFS,en,Smurfs (film),2025-07-18,40887
SMURFS,en,Smurfs (film),2025-07-19,43408
SMURFS,en,Smurfs (film),2025-07-20,41526
SMURFS,en,Smurfs (film),2025-07-21,28341
SMURFS,en,Smurfs (film),2025-07-22,21930
SMURFS,en,Smurfs (film),2025-07-23,18088
SMURFS,en,Smurfs (film),2025-07-24,16557
SMURFS,en,Smurfs (film),2025-07-25,16124
SMURFS,en,Smurfs (film),2025-07-26,18539
SMURFS,en,Smurfs (film),2025-07-27,18247
SMURFS,en,Smurfs (film),2025-07-28,12706
SMURFS,en,Smurfs (film),2025-07-29,10956
SMURFS,id,Smurfs (film),2025-06-13,6
SMURFS,id,Smurfs (film),2025-06-14,3
SMURFS,id,Smurfs (film),2025-06-15,6
SMURFS,id,Smurfs (film),2025-06-16,0
SMURFS,id,Smurfs (film),2025-06-17,2
SMURFS,id,Smurfs (film),2025-06-18,5
SMURFS,id,Smurfs (film),2025-06-19,5
SMURFS,id,Smurfs (film),2025-06-20,12
SMURFS,id,Smurfs (film),2025-06-21,5
SMURFS,id,Smurfs (film),2025-06-22,4
SMURFS,id,Smurfs (film),2025-06-23,7
SMURFS,id,Smurfs (film),2025-06-24,10
SMURFS,id,Smurfs (film),2025-06-25,6
SMURFS,id,Smurfs (film),2025-06-26,16
SMURFS,id,Smurfs (film),2025-06-27,10
SMURFS,id,Smurfs (film),2025-06-28,10
SMURFS,id,Smurfs (film),2025-06-29,10
SMURFS,id,Smurfs (film),2025-06-30,10
SMURFS,id,Smurfs (film),2025-07-01,11
SMURFS,id,Smurfs (film),2025-07-02,15
SMURFS,id,Smurfs (film),2025-07-03,10
SMURFS,id,Smurfs (film),2025-07-04,20
SMURFS,id,Smurfs (film),2025-07-05,15
SMURFS,id,Smurfs (film),2025-07-06,12
SMURFS,id,Smurfs (film),2025-07-07,7
SMURFS,id,Smurfs (film),2025-07-08,11
SMURFS,id,Smurfs (film),2025-07-09,19
SMURFS,id,Smurfs (film),2025-07-10,14
SMURFS,id,Smurfs (film),2025-07-11,19
SMURFS,id,Smurfs (film),2025-07-12,44
SMURFS,id,Smurfs (film),2025-07-13,25
SMURFS,id,Smurfs (film),2025-07-14,22
SMURFS,id,Smurfs (film),2025-07-15,16
SMURFS,id,Smurfs (film),2025-07-16,14
SMURFS,id,Smurfs (film),2025-07-17,46
SMURFS,id,Smurfs (film),2025-07-18,74
SMURFS,id,Smurfs (film),2025-07-19,79
SMURFS,id,Smurfs (film),2025-07-20,65
SMURFS,id,Smurfs (film),2025-07-21,39
SMURFS,id,Smurfs (film),2025-07-22,35
SMURFS,id,Smurfs (film),2025-07-23,30
SMURFS,id,Smurfs (film),2025-07-24,23
SMURFS,id,Smurfs (film),2025-07-25,40
SMURFS,id,Smurfs (film),2025-07-26,38
SMURFS,id,Smurfs (film),2025-07-27,23
SMURFS,id,Smurfs (film),2025-07-28,32
SMURFS,id,Smurfs (film),2025-07-29,20
SNOW WHITE,en,Snow White (2025 film),2025-02-25,19830
SNOW WHITE,en,Snow White (2025 film),2025-02-26,15847
SNOW WHITE,en,Snow White (2025 film),2025-02-27,15500
SNOW WHITE,en,Snow White (2025 film),2025-02-28,14953
SNOW WHITE,en,Snow White (2025 film),2025-03-01,16359
SNOW WHITE,en,Snow White (2025 film),2025-03-02,18653
SNOW WHITE,en,Snow White (2025 film),2025-03-03,20882
SNOW WHITE,en,Snow White (2025 film),2025-03-04,18451
SNOW WHITE,en,Snow White (2025 film),2025-03-05,18954
SNOW WHITE,en,Snow White (2025 film),2025-03-06,21540
SNOW WHITE,en,Snow White (2025 film),2025-03-07,21484
SNOW WHITE,en,Snow White (2025 film),2025-03-08,24966
SNOW WHITE,en,Snow White (2025 film),2025-03-09,28876
SNOW WHITE,en,Snow White (2025 film),2025-03-10,29698
SNOW WHITE,en,Snow White (2025 film),2025-03-11,32853
SNOW WHITE,en,Snow White (2025 film),2025-03-12,43228
SNOW WHITE,en,Snow White (2025 film),2025-03-13,48964
SNOW WHITE,en,Snow White (2025 film),2025-03-14,47512
SNOW WHITE,en,Snow White (2025 film),2025-03-15,47475
SNOW WHITE,en,Snow White (2025 film),2025-03-16,63216
SNOW WHITE,en,Snow White (2025 film),2025-03-17,73031
SNOW WHITE,en,Snow White (2025 film),2025-03-18,74542
SNOW WHITE,en,Snow White (2025 film),2025-03-19,124940
SNOW WHITE,en,Snow White (2025 film),2025-03-20,178600
SNOW WHITE,en,Snow White (2025 film),2025-03-21,258650
SNOW WHITE,en,Snow White (2025 film),2025-03-22,315252
SNOW WHITE,en,Snow White (2025 film),2025-03-23,370901
SNOW WHITE,en,Snow White (2025 film),2025-03-24,352733
SNOW WHITE,en,Snow White (2025 film),2025-03-25,291572
SNOW WHITE,en,Snow White (2025 film),2025-03-26,254999
SNOW WHITE,en,Snow White (2025 film),2025-03-27,244554
SNOW WHITE,en,Snow White (2025 film),2025-03-28,210700
SNOW WHITE,en,Snow White (2025 film),2025-03-29,211092
SNOW WHITE,en,Snow White (2025 film),2025-03-30,201654
SNOW WHITE,en,Snow White (2025 film),2025-03-31,165864
SNOW WHITE,en,Snow White (2025 film),2025-04-01,130609
SNOW WHITE,en,Snow White (2025 film),2025-04-02,104793
SNOW WHITE,en,Snow White (2025 film),2025-04-03,97582
SNOW WHITE,en,Snow White (2025 film),2025-04-04,99459
SNOW WHITE,en,Snow White (2025 film),2025-04-05,94628
SNOW WHITE,en,Snow White (2025 film),2025-04-06,107704
SNOW WHITE,en,Snow White (2025 film),2025-04-07,95534
SNOW WHITE,en,Snow White (2025 film),2025-04-08,75026
SNOW WHITE,en,Snow White (2025 film),2025-04-09,62636
SNOW WHITE,en,Snow White (2025 film),2025-04-10,58742
SNOW WHITE,en,Snow White (2025 film),2025-04-11,57100
SNOW WHITE,en,Snow White (2025 film),2025-04-12,60053
SNOW WHITE,id,Snow White (film 2025),2025-02-25,3
SNOW WHITE,id,Snow White (film 2025),2025-02-26,6
SNOW WHITE,id,Snow White (film 2025),2025-02-27,6
SNOW WHITE,id,Snow White (film 2025),2025-02-28,7
SNOW WHITE,id,Snow White (film 2025),2025-03-01,7
SNOW WHITE,id,Snow White (film 2025),2025-03-02,3
SNOW WHITE,id,Snow White (film 2025),2025-03-03,6
SNOW WHITE,id,Snow White (film 2025),2025-03-04,3
SNOW WHITE,id,Snow White (film 2025),2025-03-05,2
SNOW WHITE,id,Snow White (film 2025),2025-03-06,7
SNOW WHITE,id,Snow White (film 2025),2025-03-07,1
SNOW WHITE,id,Snow White (film 2025),2025-03-08,7
SNOW WHITE,id,Snow White (film 2025),2025-03-09,7
SNOW WHITE,id,Snow White (film 2025),2025-03-10,3
SNOW WHITE,id,Snow White (film 2025),2025-03-11,2
SNOW WHITE,id,Snow White (film 2025),2025-03-12,4
SNOW WHITE,id,Snow White (film 2025),2025-03-13,11
SNOW WHITE,id,Snow White (film 2025),2025-03-14,11
SNOW WHITE,id,Snow White (film 2025),2025-03-15,5
SNOW WHITE,id,Snow White (film 2025),2025-03-16,16
SNOW WHITE,id,Snow White (film 2025),2025-03-17,10
SNOW WHITE,id,Snow White (film 2025),2025-03-18,10
SNOW WHITE,id,Snow White (film 2025),2025-03-19,38
SNOW WHITE,id,Snow White (film 2025),2025-03-20,46
SNOW WHITE,id,Snow White (film 2025),2025-03-21,19
SNOW WHITE,id,Snow White (film 2025),2025-03-22,30
SNOW WHITE,id,Snow White (film 2025),2025-03-23,32
SNOW WHITE,id,Snow White (film 2025),2025-03-24,44
SNOW WHITE,id,Snow White (film 2025),2025-03-25,27
SNOW WHITE,id,Snow White (film 2025),2025-03-26,21
SNOW WHITE,id,Snow White (film 2025),2025-03-27,19
SNOW WHITE,id,Snow White (film 2025),2025-03-28,37
SNOW WHITE,id,Snow White (film 2025),2025-03-29,37
SNOW WHITE,id,Snow White (film 2025),2025-03-30,15
SNOW WHITE,id,Snow White (film 2025),2025-03-31,13
SNOW WHITE,id,Snow White (film 2025),2025-04-01,13
SNOW WHITE,id,Snow White (film 2025),2025-04-02,18
SNOW WHITE,id,Snow White (film 2025),2025-04-03,17
SNOW WHITE,id,Snow White (film 2025),2025-04-04,8
SNOW WHITE,id,Snow White (film 2025),2025-04-05,19
SNOW WHITE,id,Snow White (film 2025),2025-04-06,11
SNOW WHITE,id,Snow White (film 2025),2025-04-07,12
SNOW WHITE,id,Snow White (film 2025),2025-04-08,11
SNOW WHITE,id,Snow White (film 2025),2025-04-09,6
SNOW WHITE,id,Snow White (film 2025),2025-04-10,5
SNOW WHITE,id,Snow White (film 2025),2025-04-11,12
SNOW WHITE,id,Snow White (film 2025),2025-04-12,25
SOMEBODY,en,Somebody (film),2025-03-21,0
SOMEBODY,en,Somebody (film),2025-03-22,0
SOMEBODY,en,Somebody (film),2025-03-23,0
SOMEBODY,en,Somebody (film),2025-03-24,0
SOMEBODY,en,Somebody (film),2025-03-25,1
SOMEBODY,en,Somebody (film),2025-03-27,0
SOMEBODY,en,Somebody (film),2025-03-28,0
SOMEBODY,en,Somebody (film),2025-03-29,0
SOMEBODY,en,Somebody (film),2025-03-30,0
SOMEBODY,en,Somebody (film),2025-03-31,0
SOMEBODY,en,Somebody (film),2025-04-01,0
SOMEBODY,en,Somebody (film),2025-04-02,0
SOMEBODY,en,Somebody (film),2025-04-03,91
SOMEBODY,en,Somebody (film),2025-04-04,58
SOMEBODY,en,Somebody (film),2025-04-05,63
SOMEBODY,en,Somebody (film),2025-04-06,54
SOMEBODY,en,Somebody (film),2025-04-07,53
SOMEBODY,en,Somebody (film),2025-04-08,38
SOMEBODY,en,Somebody (film),2025-04-09,49
SOMEBODY,en,Somebody (film),2025-04-10,41
SOMEBODY,en,Somebody (film),2025-04-11,49
SOMEBODY,en,Somebody (film),2025-04-12,38
SOMEBODY,en,Somebody (film),2025-04-13,51
SOMEBODY,en,Somebody (film),2025-04-14,49
SOMEBODY,en,Somebody (film),2025-04-15,45
SOMEBODY,en,Somebody (film),2025-04-16,44
SOMEBODY,en,Somebody (film),2025-04-17,44
SOMEBODY,en,Somebody (film),2025-04-18,45
SOMEBODY,en,Somebody (film),2025-04-19,90
SOMEBODY,en,Somebody (film),2025-04-20,60
SOMEBODY,en,Somebody (film),2025-04-21,57
SOMEBODY,en,Somebody (film),2025-04-22,52
SOMEBODY,en,Somebody (film),2025-04-23,47
SOMEBODY,en,Somebody (film),2025-04-24,54
SOMEBODY,en,Somebody (film),2025-04-25,65
SOMEBODY,en,Somebody (film),2025-04-26,66
SOMEBODY,en,Somebody (film),2025-04-27,69
SOMEBODY,en,Somebody (film),2025-04-28,62
SOMEBODY,en,Somebody (film),2025-04-29,61
SOMEBODY,en,Somebody (film),2025-04-30,118
SOMEBODY,en,Somebody (film),2025-05-01,225
SOMEBODY,en,Somebody (film),2025-05-02,400
SOMEBODY,en,Somebody (film),2025-05-03,352
SOMEBODY,en,Somebody (film),2025-05-04,294
SOMEBODY,en,Somebody (film),2025-05-05,182
SORE ISTRI DARI MASA DEPAN,id,Sore: Istri dari Masa Depan (film),2025-07-07,1
SORE ISTRI DARI MASA DEPAN,id,Sore: Istri dari Masa Depan (film),2025-07-08,1
SORE ISTRI DARI MASA DEPAN,id,Sore: Istri dari Masa Depan (film),2025-07-09,0
SUPERMAN,id,Superman (film 2025),2025-06-03,57
SUPERMAN,id,Superman (film 2025),2025-06-04,66
SUPERMAN,id,Superman (film 2025),2025-06-05,64
SUPERMAN,id,Superman (film 2025),2025-06-06,50
SUPERMAN,id,Superman (film 2025),2025-06-07,73
SUPERMAN,id,Superman (film 2025),2025-06-08,84
SUPERMAN,id,Superman (film 2025),2025-06-09,84
SUPERMAN,id,Superman (film 2025),2025-06-10,54
SUPERMAN,id,Superman (film 2025),2025-06-11,88
SUPERMAN,id,Superman (film 2025),2025-06-12,120
SUPERMAN,id,Superman (film 2025),2025-06-13,104
SUPERMAN,id,Superman (film 2025),2025-06-14,109
SUPERMAN,id,Superman (film 2025),2025-06-15,127
SUPERMAN,id,Superman (film 2025),2025-06-16,97
SUPERMAN,id,Superman (film 2025),2025-06-17,101
SUPERMAN,id,Superman (film 2025),2025-06-18,89
SUPERMAN,id,Superman (film 2025),2025-06-19,97
SUPERMAN,id,Superman (film 2025),2025-06-20,99
SUPERMAN,id,Superman (film 2025),2025-06-21,96
SUPERMAN,id,Superman (film 2025),2025-06-22,103
SUPERMAN,id,Superman (film 2025),2025-06-23,108
SUPERMAN,id,Superman (film 2025),2025-06-24,102
SUPERMAN,id,Superman (film 2025),2025-06-25,109
SUPERMAN,id,Superman (film 2025),2025-06-26,144
SUPERMAN,id,Superman (film 2025),2025-06-27,170
SUPERMAN,id,Superman (film 2025),2025-06-28,181
SUPERMAN,id,Superman (film 2025),2025-06-29,154
SUPERMAN,id,Superman (film 2025),2025-06-30,162
SUPERMAN,id,Superman (film 2025),2025-07-01,209
SUPERMAN,id,Superman (film 2025),2025-07-02,229
SUPERMAN,id,Superman (film 2025),2025-07-03,270
SUPERMAN,id,Superman (film 2025),2025-07-04,258
SUPERMAN,id,Superman (film 2025),2025-07-05,342
SUPERMAN,id,Superman (film 2025),2025-07-06,338
SUPERMAN,id,Superman (film 2025),2025-07-07,1015
SUPERMAN,id,Superman (film 2025),2025-07-08,1339
SUPERMAN,id,Superman (film 2025),2025-07-09,1919
SUPERMAN,id,Superman (film 2025),2025-07-10,1860
SUPERMAN,id,Superman (film 2025),2025-07-11,1967
SUPERMAN,id,Superman (film 2025),2025-07-12,2097
SUPERMAN,id,Superman (film 2025),2025-07-13,1818
SUPERMAN,id,Superman (film 2025),2025-07-14,1704
SUPERMAN,id,Superman (film 2025),2025-07-15,1165
SUPERMAN,id,Superman (film 2025),2025-07-16,1012
SUPERMAN,id,Superman (film 2025),2025-07-17,919
SUPERMAN,id,Superman (film 2025),2025-07-18,634
SUPERMAN,id,Superman (film 2025),2025-07-19,851
SUPERMAN (3D),en,Superman (2025 film),2025-06-04,18836
SUPERMAN (3D),en,Superman (2025 film),2025-06-05,20363
SUPERMAN (3D),en,Superman (2025 film),2025-06-06,20402
SUPERMAN (3D),en,Superman (2025 film),2025-06-07,19786
SUPERMAN (3D),en,Superman (2025 film),2025-06-08,19273
SUPERMAN (3D),en,Superman (2025 film),2025-06-09,18735
SUPERMAN (3D),en,Superman (2025 film),2025-06-10,22035
SUPERMAN (3D),en,Superman (2025 film),2025-06-11,36068
SUPERMAN (3D),en,Superman (2025 film),2025-06-12,44058
SUPERMAN (3D),en,Superman (2025 film),2025-06-13,34060
SUPERMAN (3D),en,Superman (2025 film),2025-06-14,29479
SUPERMAN (3D),en,Superman (2025 film),2025-06-15,29226
SUPERMAN (3D),en,Superman (2025 film),2025-06-16,26713
SUPERMAN (3D),en,Superman (2025 film),2025-06-17,26752
SUPERMAN (3D),en,Superman (2025 film),2025-06-18,25457
SUPERMAN (3D),en,Superman (2025 film),2025-06-19,27942
SUPERMAN (3D),en,Superman (2025 film),2025-06-20,31237
SUPERMAN (3D),en,Superman (2025 film),2025-06-21,35069
SUPERMAN (3D),en,Superman (2025 film),2025-06-22,30195
SUPERMAN (3D),en,Superman (2025 film),2025-06-23,31487
SUPERMAN (3D),en,Superman (2025 film),2025-06-24,29517
SUPERMAN (3D),en,Superman (2025 film),2025-06-25,31456
SUPERMAN (3D),en,Superman (2025 film),2025-06-26,41652
SUPERMAN (3D),en,Superman (2025 film),2025-06-27,40187
SUPERMAN (3D),en,Superman (2025 film),2025-06-28,37142
SUPERMAN (3D),en,Superman (2025 film),2025-06-29,43160
SUPERMAN (3D),en,Superman (2025 film),2025-06-30,40451
SUPERMAN (3D),en,Superman (2025 film),2025-07-01,41784
SUPERMAN (3D),en,Superman (2025 film),2025-07-02,44399
SUPERMAN (3D),en,Superman (2025 film),2025-07-03,54656
SUPERMAN (3D),en,Superman (2025 film),2025-07-04,57126
SUPERMAN (3D),en,Superman (2025 film),2025-07-05,63297
SUPERMAN (3D),en,Superman (2025 film),2025-07-06,74564
SUPERMAN (3D),en,Superman (2025 film),2025-07-07,100245
SUPERMAN (3D),en,Superman (2025 film),2025-07-08,275861
SUPERMAN (3D),en,Superman (2025 film),2025-07-09,415727
SUPERMAN (3D),en,Superman (2025 film),2025-07-10,438324
SUPERMAN (3D),en,Superman (2025 film),2025-07-11,624771
SUPERMAN (3D),en,Superman (2025 film),2025-07-12,624794
SUPERMAN (3D),en,Superman (2025 film),2025-07-13,651446
SUPERMAN (3D),en,Superman (2025 film),2025-07-14,544147
SUPERMAN (3D),en,Superman (2025 film),2025-07-15,452509
SUPERMAN (3D),en,Superman (2025 film),2025-07-16,424241
SUPERMAN (3D),en,Superman (2025 film),2025-07-17,372076
SUPERMAN (3D),en,Superman (2025 film),2025-07-18,329896
SUPERMAN (3D),en,Superman (2025 film),2025-07-19,362721
SUPERMAN (3D),en,Superman (2025 film),2025-07-20,400822
SUPERMAN (3D),id,Superman (film 2025),2025-06-04,66
SUPERMAN (3D),id,Superman (film 2025),2025-06-05,64
SUPERMAN (3D),id,Superman (film 2025),2025-06-06,50
SUPERMAN (3D),id,Superman (film 2025),2025-06-07,73
SUPERMAN (3D),id,Superman (film 2025),2025-06-08,84
SUPERMAN (3D),id,Superman (film 2025),2025-06-09,84
SUPERMAN (3D),id,Superman (film 2025),2025-06-10,54
SUPERMAN (3D),id,Superman (film 2025),2025-06-11,88
SUPERMAN (3D),id,Superman (film 2025),2025-06-12,120
SUPERMAN (3D),id,Superman (film 2025),2025-06-13,104
SUPERMAN (3D),id,Superman (film 2025),2025-06-14,109
SUPERMAN (3D),id,Superman (film 2025),2025-06-15,127
SUPERMAN (3D),id,Superman (film 2025),2025-06-16,97
SUPERMAN (3D),id,Superman (film 2025),2025-06-17,101
SUPERMAN (3D),id,Superman (film 2025),2025-06-18,89
SUPERMAN (3D),id,Superman (film 2025),2025-06-19,97
SUPERMAN (3D),id,Superman (film 2025),2025-06-20,99
SUPERMAN (3D),id,Superman (film 2025),2025-06-21,96
SUPERMAN (3D),id,Superman (film 2025),2025-06-22,103
SUPERMAN (3D),id,Superman (film 2025),2025-06-23,108
SUPERMAN (3D),id,Superman (film 2025),2025-06-24,102
SUPERMAN (3D),id,Superman (film 2025),2025-06-25,109
SUPERMAN (3D),id,Superman (film 2025),2025-06-26,144
SUPERMAN (3D),id,Superman (film 2025),2025-06-27,170
SUPERMAN (3D),id,Superman (film 2025),2025-06-28,181
SUPERMAN (3D),id,Superman (film 2025),2025-06-29,154
SUPERMAN (3D),id,Superman (film 2025),2025-06-30,162
SUPERMAN (3D),id,Superman (film 2025),2025-07-01,209
SUPERMAN (3D),id,Superman (film 2025),2025-07-02,229
SUPERMAN (3D),id,Superman (film 2025),2025-07-03,270
SUPERMAN (3D),id,Superman (film 2025),2025-07-04,258
SUPERMAN (3D),id,Superman (film 2025),2025-07-05,342
SUPERMAN (3D),id,Superman (film 2025),2025-07-06,338
SUPERMAN (3D),id,Superman (film 2025),2025-07-07,1015
SUPERMAN (3D),id,Superman (film 2025),2025-07-08,1339
SUPERMAN (3D),id,Superman (film 2025),2025-07-09,1919
SUPERMAN (3D),id,Superman (film 2025),2025-07-10,1860
SUPERMAN (3D),id,Superman (film 2025),2025-07-11,1967
SUPERMAN (3D),id,Superman (film 2025),2025-07-12,2097
SUPERMAN (3D),id,Superman (film 2025),2025-07-13,1818
SUPERMAN (3D),id,Superman (film 2025),2025-07-14,1704
SUPERMAN (3D),id,Superman (film 2025),2025-07-15,1165
SUPERMAN (3D),id,Superman (film 2025),2025-07-16,1012
SUPERMAN (3D),id,Superman (film 2025),2025-07-17,919
SUPERMAN (3D),id,Superman (film 2025),2025-07-18,634
SUPERMAN (3D),id,Superman (film 2025),2025-07-19,851
SUPERMAN (3D),id,Superman (film 2025),2025-07-20,766
SUPERMAN (IMAX 2D),en,Superman (2025 film),2025-06-03,16575
SUPERMAN (IMAX 2D),en,Superman (2025 film),2025-06-04,18836
SUPERMAN (IMAX 2D),en,Superman (2025 film),2025-06-05,20363
SUPERMAN (IMAX 2D),en,Superman (2025 film),2025-06-06,20402
SUPERMAN (IMAX 2D),en,Superman (2025 film),2025-06-07,19786
SUPERMAN (IMAX 2D),en,Superman (2025 film),2025-06-08,19273
SUPERMAN (IMAX 2D),en,Superman (2025 film),2025-06-09,18735
SUPERMAN (IMAX 2D),en,Superman (2025 film),2025-06-10,22035
SUPERMAN (IMAX 2D),en,Superman (2025 film),2025-06-11,36068
SUPERMAN (IMAX 2D),en,Superman (2025 film),2025-06-12,44058
SUPERMAN (IMAX 2D),en,Superman (2025 film),2025-06-13,34060
SUPERMAN (IMAX 2D),en,Superman (2025 film),2025-06-14,29479
SUPERMAN (IMAX 2D),en,Superman (2025 film),2025-06-15,29226
SUPERMAN (IMAX 2D),en,Superman (2025 film),2025-06-16,26713
SUPERMAN (IMAX 2D),en,Superman (2025 film),2025-06-17,26752
SUPERMAN (IMAX 2D),en,Superman (2025 film),2025-06-18,25457
SUPERMAN (IMAX 2D),en,Superman (2025 film),2025-06-19,27942
SUPERMAN (IMAX 2D),en,Superman (2025 film),2025-06-20,31237
SUPERMAN (IMAX 2D),en,Superman (2025 film),2025-06-21,35069
SUPERMAN (IMAX 2D),en,Superman (2025 film),2025-06-22,30195
SUPERMAN (IMAX 2D),en,Superman (2025 film),2025-06-23,31487
SUPERMAN (IMAX 2D),en,Superman (2025 film),2025-06-24,29517
SUPERMAN (IMAX 2D),en,Superman (2025 film),2025-06-25,31456
SUPERMAN (IMAX 2D),en,Superman (2025 film),2025-06-26,41652
SUPERMAN (IMAX 2D),en,Superman (2025 film),2025-06-27,40187
SUPERMAN (IMAX 2D),en,Superman (2025 film),2025-06-28,37142
SUPERMAN (IMAX 2D),en,Superman (2025 film),2025-06-29,43160
SUPERMAN (IMAX 2D),en,Superman (2025 film),2025-06-30,40451
SUPERMAN (IMAX 2D),en,Superman (2025 film),2025-07-01,41784
SUPERMAN (IMAX 2D),en,Superman (2025 film),2025-07-02,44399
SUPERMAN (IMAX 2D),en,Superman (2025 film),2025-07-03,54656
SUPERMAN (IMAX 2D),en,Superman (2025 film),2025-07-04,57126
SUPERMAN (IMAX 2D),en,Superman (2025 film),2025-07-05,63297
SUPERMAN (IMAX 2D),en,Superman (2025 film),2025-07-06,74564
SUPERMAN (IMAX 2D),en,Superman (2025 film),2025-07-07,100245
SUPERMAN (IMAX 2D),en,Superman (2025 film),2025-07-08,275861
SUPERMAN (IMAX 2D),en,Superman (2025 film),2025-07-09,415727
SUPERMAN (IMAX 2D),en,Superman (2025 film),2025-07-10,438324
SUPERMAN (IMAX 2D),en,Superman (2025 film),2025-07-11,624771
SUPERMAN (IMAX 2D),en,Superman (2025 film),2025-07-12,624794
SUPERMAN (IMAX 2D),en,Superman (2025 film),2025-07-13,651446
SUPERMAN (IMAX 2D),en,Superman (2025 film),2025-07-14,544147
SUPERMAN (IMAX 2D),en,Superman (2025 film),2025-07-15,452509
SUPERMAN (IMAX 2D),en,Superman (2025 film),2025-07-16,424241
SUPERMAN (IMAX 2D),en,Superman (2025 film),2025-07-17,372076
SUPERMAN (IMAX 2D),en,Superman (2025 film),2025-07-18,329896
SUPERMAN (IMAX 2D),en,Superman (2025 film),2025-07-19,362721
SUPERMAN (IMAX 2D),id,Superman (film 2025),2025-06-03,57
SUPERMAN (IMAX 2D),id,Superman (film 2025),2025-06-04,66
SUPERMAN (IMAX 2D),id,Superman (film 2025),2025-06-05,64
SUPERMAN (IMAX 2D),id,Superman (film 2025),2025-06-06,50
SUPERMAN (IMAX 2D),id,Superman (film 2025),2025-06-07,73
SUPERMAN (IMAX 2D),id,Superman (film 2025),2025-06-08,84
SUPERMAN (IMAX 2D),id,Superman (film 2025),2025-06-09,84
SUPERMAN (IMAX 2D),id,Superman (film 2025),2025-06-10,54
SUPERMAN (IMAX 2D),id,Superman (film 2025),2025-06-11,88
SUPERMAN (IMAX 2D),id,Superman (film 2025),2025-06-12,120
SUPERMAN (IMAX 2D),id,Superman (film 2025),2025-06-13,104
SUPERMAN (IMAX 2D),id,Superman (film 2025),2025-06-14,109
SUPERMAN (IMAX 2D),id,Superman (film 2025),2025-06-15,127
SUPERMAN (IMAX 2D),id,Superman (film 2025),2025-06-16,97
SUPERMAN (IMAX 2D),id,Superman (film 2025),2025-06-17,101
SUPERMAN (IMAX 2D),id,Superman (film 2025),2025-06-18,89
SUPERMAN (IMAX 2D),id,Superman (film 2025),2025-06-19,97
SUPERMAN (IMAX 2D),id,Superman (film 2025),2025-06-20,99
SUPERMAN (IMAX 2D),id,Superman (film 2025),2025-06-21,96
SUPERMAN (IMAX 2D),id,Superman (film 2025),2025-06-22,103
SUPERMAN (IMAX 2D),id,Superman (film 2025),2025-06-23,108
SUPERMAN (IMAX 2D),id,Superman (film 2025),2025-06-24,102
SUPERMAN (IMAX 2D),id,Superman (film 2025),2025-06-25,109
SUPERMAN (IMAX 2D),id,Superman (film 2025),2025-06-26,144
SUPERMAN (IMAX 2D),id,Superman (film 2025),2025-06-27,170
SUPERMAN (IMAX 2D),id,Superman (film 2025),2025-06-28,181
SUPERMAN (IMAX 2D),id,Superman (film 2025),2025-06-29,154
SUPERMAN (IMAX 2D),id,Superman (film 2025),2025-06-30,162
SUPERMAN (IMAX 2D),id,Superman (film 2025),2025-07-01,209
SUPERMAN (IMAX 2D),id,Superman (film 2025),2025-07-02,229
SUPERMAN (IMAX 2D),id,Superman (film 2025),2025-07-03,270
SUPERMAN (IMAX 2D),id,Superman (film 2025),2025-07-04,258
SUPERMAN (IMAX 2D),id,Superman (film 2025),2025-07-05,342
SUPERMAN (IMAX 2D),id,Superman (film 2025),2025-07-06,338
SUPERMAN (IMAX 2D),id,Superman (film 2025),2025-07-07,1015
SUPERMAN (IMAX 2D),id,Superman (film 2025),2025-07-08,1339
SUPERMAN (IMAX 2D),id,Superman (film 2025),2025-07-09,1919
SUPERMAN (IMAX 2D),id,Superman (film 2025),2025-07-10,1860
SUPERMAN (IMAX 2D),id,Superman (film 2025),2025-07-11,1967
SUPERMAN (IMAX 2D),id,Superman (film 2025),2025-07-12,2097
SUPERMAN (IMAX 2D),id,Superman (film 2025),2025-07-13,1818
SUPERMAN (IMAX 2D),id,Superman (film 2025),2025-07-14,1704
SUPERMAN (IMAX 2D),id,Superman (film 2025),2025-07-15,1165
SUPERMAN (IMAX 2D),id,Superman (film 2025),2025-07-16,1012
SUPERMAN (IMAX 2D),id,Superman (film 2025),2025-07-17,919
SUPERMAN (IMAX 2D),id,Superman (film 2025),2025-07-18,634
SUPERMAN (IMAX 2D),id,Superman (film 2025),2025-07-19,851
SUZZANNA: SANTET DOSA DI ATAS DOSA,id,Suzzanna: Santet Dosa di Atas Dosa,2026-03-24,40
SUZZANNA: SANTET DOSA DI ATAS DOSA,id,Suzzanna: Santet Dosa di Atas Dosa,2026-03-25,91
SUZZANNA: SANTET DOSA DI ATAS DOSA,id,Suzzanna: Santet Dosa di Atas Dosa,2026-03-26,272
SUZZANNA: SANTET DOSA DI ATAS DOSA,id,Suzzanna: Santet Dosa di Atas Dosa,2026-03-27,435
SUZZANNA: SANTET DOSA DI ATAS DOSA,id,Suzzanna: Santet Dosa di Atas Dosa,2026-03-28,612
SUZZANNA: SANTET DOSA DI ATAS DOSA,id,Suzzanna: Santet Dosa di Atas Dosa,2026-03-29,535
TABAYYUN,id,Tabayyun (film),2025-03-11,1
TABAYYUN,id,Tabayyun (film),2025-03-12,1
TABAYYUN,id,Tabayyun (film),2025-03-13,2
TABAYYUN,id,Tabayyun (film),2025-03-15,2
TABAYYUN,id,Tabayyun (film),2025-03-16,4
TABAYYUN,id,Tabayyun (film),2025-03-17,2
TABAYYUN,id,Tabayyun (film),2025-03-18,1
TABAYYUN,id,Tabayyun (film),2025-03-19,3
TABAYYUN,id,Tabayyun (film),2025-03-20,2
TABAYYUN,id,Tabayyun (film),2025-03-21,2
TABAYYUN,id,Tabayyun (film),2025-03-23,2
TABAYYUN,id,Tabayyun (film),2025-03-24,0
TABAYYUN,id,Tabayyun (film),2025-03-25,0
TABAYYUN,id,Tabayyun (film),2025-03-26,0
TABAYYUN,id,Tabayyun (film),2025-03-28,0
TABAYYUN,id,Tabayyun (film),2025-03-30,1
TABAYYUN,id,Tabayyun (film),2025-04-01,0
TABAYYUN,id,Tabayyun (film),2025-04-02,0
TABAYYUN,id,Tabayyun (film),2025-04-04,4
TABAYYUN,id,Tabayyun (film),2025-04-05,1
TABAYYUN,id,Tabayyun (film),2025-04-06,2
TABAYYUN,id,Tabayyun (film),2025-04-07,1
TABAYYUN,id,Tabayyun (film),2025-04-08,3
TABAYYUN,id,Tabayyun (film),2025-04-09,1
TABAYYUN,id,Tabayyun (film),2025-04-10,0
TABAYYUN,id,Tabayyun (film),2025-04-13,2
TABAYYUN,id,Tabayyun (film),2025-04-14,1
TABAYYUN,id,Tabayyun (film),2025-04-15,5
TABAYYUN,id,Tabayyun (film),2025-04-16,2
TABAYYUN,id,Tabayyun (film),2025-04-17,2
TABAYYUN,id,Tabayyun (film),2025-04-18,2
TABAYYUN,id,Tabayyun (film),2025-04-19,2
TABAYYUN,id,Tabayyun (film),2025-04-20,0
TAJ MAHAL: AN ETERNAL LOVE STORY,en,Taj Mahal: An Eternal Love Story,2026-01-09,134
TAJ MAHAL: AN ETERNAL LOVE STORY,en,Taj Mahal: An Eternal Love Story,2026-01-10,155
TAJ MAHAL: AN ETERNAL LOVE STORY,en,Taj Mahal: An Eternal Love Story,2026-01-11,156
TAJ MAHAL: AN ETERNAL LOVE STORY,en,Taj Mahal: An Eternal Love Story,2026-01-12,111
TAJ MAHAL: AN ETERNAL LOVE STORY,en,Taj Mahal: An Eternal Love Story,2026-01-13,125
TAJ MAHAL: AN ETERNAL LOVE STORY,en,Taj Mahal: An Eternal Love Story,2026-01-14,132
TAJ MAHAL: AN ETERNAL LOVE STORY,en,Taj Mahal: An Eternal Love Story,2026-01-15,135
TAJ MAHAL: AN ETERNAL LOVE STORY,en,Taj Mahal: An Eternal Love Story,2026-01-16,138
TAJ MAHAL: AN ETERNAL LOVE STORY,en,Taj Mahal: An Eternal Love Story,2026-01-17,144
TAJ MAHAL: AN ETERNAL LOVE STORY,en,Taj Mahal: An Eternal Love Story,2026-01-18,191
TAJ MAHAL: AN ETERNAL LOVE STORY,en,Taj Mahal: An Eternal Love Story,2026-01-19,238
TAJ MAHAL: AN ETERNAL LOVE STORY,en,Taj Mahal: An Eternal Love Story,2026-01-20,160
TAJ MAHAL: AN ETERNAL LOVE STORY,en,Taj Mahal: An Eternal Love Story,2026-01-21,137
TAJ MAHAL: AN ETERNAL LOVE STORY,en,Taj Mahal: An Eternal Love Story,2026-01-22,159
TAJ MAHAL: AN ETERNAL LOVE STORY,en,Taj Mahal: An Eternal Love Story,2026-01-23,127
TAJ MAHAL: AN ETERNAL LOVE STORY,en,Taj Mahal: An Eternal Love Story,2026-01-24,135
TAJ MAHAL: AN ETERNAL LOVE STORY,en,Taj Mahal: An Eternal Love Story,2026-01-25,139
TAJ MAHAL: AN ETERNAL LOVE STORY,en,Taj Mahal: An Eternal Love Story,2026-01-26,151
TAJ MAHAL: AN ETERNAL LOVE STORY,en,Taj Mahal: An Eternal Love Story,2026-01-27,108
TAJ MAHAL: AN ETERNAL LOVE STORY,en,Taj Mahal: An Eternal Love Story,2026-01-28,118
TAJ MAHAL: AN ETERNAL LOVE STORY,en,Taj Mahal: An Eternal Love Story,2026-01-29,182
TAJ MAHAL: AN ETERNAL LOVE STORY,en,Taj Mahal: An Eternal Love Story,2026-01-30,168
TAJ MAHAL: AN ETERNAL LOVE STORY,en,Taj Mahal: An Eternal Love Story,2026-01-31,161
TAJ MAHAL: AN ETERNAL LOVE STORY,en,Taj Mahal: An Eternal Love Story,2026-02-01,145
TAJ MAHAL: AN ETERNAL LOVE STORY,en,Taj Mahal: An Eternal Love Story,2026-02-02,120
TAJ MAHAL: AN ETERNAL LOVE STORY,en,Taj Mahal: An Eternal Love Story,2026-02-03,126
TAJ MAHAL: AN ETERNAL LOVE STORY,en,Taj Mahal: An Eternal Love Story,2026-02-04,153
TAJ MAHAL: AN ETERNAL LOVE STORY,en,Taj Mahal: An Eternal Love Story,2026-02-05,134
TAJ MAHAL: AN ETERNAL LOVE STORY,en,Taj Mahal: An Eternal Love Story,2026-02-06,318
TAJ MAHAL: AN ETERNAL LOVE STORY,en,Taj Mahal: An Eternal Love Story,2026-02-07,432
TAJ MAHAL: AN ETERNAL LOVE STORY,en,Taj Mahal: An Eternal Love Story,2026-02-08,249
TAJ MAHAL: AN ETERNAL LOVE STORY,en,Taj Mahal: An Eternal Love Story,2026-02-09,193
TAJ MAHAL: AN ETERNAL LOVE STORY,en,Taj Mahal: An Eternal Love Story,2026-02-10,189
TAJ MAHAL: AN ETERNAL LOVE STORY,en,Taj Mahal: An Eternal Love Story,2026-02-11,159
TAJ MAHAL: AN ETERNAL LOVE STORY,en,Taj Mahal: An Eternal Love Story,2026-02-12,160
TAJ MAHAL: AN ETERNAL LOVE STORY,en,Taj Mahal: An Eternal Love Story,2026-02-13,252
TAJ MAHAL: AN ETERNAL LOVE STORY,en,Taj Mahal: An Eternal Love Story,2026-02-14,179
TAJ MAHAL: AN ETERNAL LOVE STORY,en,Taj Mahal: An Eternal Love Story,2026-02-15,172
TAJ MAHAL: AN ETERNAL LOVE STORY,en,Taj Mahal: An Eternal Love Story,2026-02-16,134
TAJ MAHAL: AN ETERNAL LOVE STORY,en,Taj Mahal: An Eternal Love Story,2026-02-17,163
TAJ MAHAL: AN ETERNAL LOVE STORY,en,Taj Mahal: An Eternal Love Story,2026-02-18,162
TAJ MAHAL: AN ETERNAL LOVE STORY,en,Taj Mahal: An Eternal Love Story,2026-02-19,124
TAJ MAHAL: AN ETERNAL LOVE STORY,en,Taj Mahal: An Eternal Love Story,2026-02-20,110
TAJ MAHAL: AN ETERNAL LOVE STORY,en,Taj Mahal: An Eternal Love Story,2026-02-21,111
TAJ MAHAL: AN ETERNAL LOVE STORY,en,Taj Mahal: An Eternal Love Story,2026-02-22,109
TAJ MAHAL: AN ETERNAL LOVE STORY,en,Taj Mahal: An Eternal Love Story,2026-02-23,108
TAJ MAHAL: AN ETERNAL LOVE STORY,en,Taj Mahal: An Eternal Love Story,2026-02-24,136
TAJ MAHAL: AN ETERNAL LOVE STORY,id,Taj Mahal: An Eternal Love Story,2026-01-09,2
TAJ MAHAL: AN ETERNAL LOVE STORY,id,Taj Mahal: An Eternal Love Story,2026-01-10,1
TAJ MAHAL: AN ETERNAL LOVE STORY,id,Taj Mahal: An Eternal Love Story,2026-01-11,1
TAJ MAHAL: AN ETERNAL LOVE STORY,id,Taj Mahal: An Eternal Love Story,2026-01-12,0
TAJ MAHAL: AN ETERNAL LOVE STORY,id,Taj Mahal: An Eternal Love Story,2026-01-13,1
TAJ MAHAL: AN ETERNAL LOVE STORY,id,Taj Mahal: An Eternal Love Story,2026-01-14,0
TAJ MAHAL: AN ETERNAL LOVE STORY,id,Taj Mahal: An Eternal Love Story,2026-01-15,1
TAJ MAHAL: AN ETERNAL LOVE STORY,id,Taj Mahal: An Eternal Love Story,2026-01-16,1
TAJ MAHAL: AN ETERNAL LOVE STORY,id,Taj Mahal: An Eternal Love Story,2026-01-17,5
TAJ MAHAL: AN ETERNAL LOVE STORY,id,Taj Mahal: An Eternal Love Story,2026-01-18,4
TAJ MAHAL: AN ETERNAL LOVE STORY,id,Taj Mahal: An Eternal Love Story,2026-01-19,4
TAJ MAHAL: AN ETERNAL LOVE STORY,id,Taj Mahal: An Eternal Love Story,2026-01-20,0
TAJ MAHAL: AN ETERNAL LOVE STORY,id,Taj Mahal: An Eternal Love Story,2026-01-21,1
TAJ MAHAL: AN ETERNAL LOVE STORY,id,Taj Mahal: An Eternal Love Story,2026-01-22,1
TAJ MAHAL: AN ETERNAL LOVE STORY,id,Taj Mahal: An Eternal Love Story,2026-01-23,1
TAJ MAHAL: AN ETERNAL LOVE STORY,id,Taj Mahal: An Eternal Love Story,2026-01-24,0
TAJ MAHAL: AN ETERNAL LOVE STORY,id,Taj Mahal: An Eternal Love Story,2026-01-25,1
TAJ MAHAL: AN ETERNAL LOVE STORY,id,Taj Mahal: An Eternal Love Story,2026-01-26,2
TAJ MAHAL: AN ETERNAL LOVE STORY,id,Taj Mahal: An Eternal Love Story,2026-01-27,1
TAJ MAHAL: AN ETERNAL LOVE STORY,id,Taj Mahal: An Eternal Love Story,2026-01-28,1
TAJ MAHAL: AN ETERNAL LOVE STORY,id,Taj Mahal: An Eternal Love Story,2026-01-29,2
TAJ MAHAL: AN ETERNAL LOVE STORY,id,Taj Mahal: An Eternal Love Story,2026-01-30,3
TAJ MAHAL: AN ETERNAL LOVE STORY,id,Taj Mahal: An Eternal Love Story,2026-01-31,0
TAJ MAHAL: AN ETERNAL LOVE STORY,id,Taj Mahal: An Eternal Love Story,2026-02-02,2
TAJ MAHAL: AN ETERNAL LOVE STORY,id,Taj Mahal: An Eternal Love Story,2026-02-03,1
TAJ MAHAL: AN ETERNAL LOVE STORY,id,Taj Mahal: An Eternal Love Story,2026-02-04,1
TAJ MAHAL: AN ETERNAL LOVE STORY,id,Taj Mahal: An Eternal Love Story,2026-02-05,1
TAJ MAHAL: AN ETERNAL LOVE STORY,id,Taj Mahal: An Eternal Love Story,2026-02-06,3
TAJ MAHAL: AN ETERNAL LOVE STORY,id,Taj Mahal: An Eternal Love Story,2026-02-08,7
TAJ MAHAL: AN ETERNAL LOVE STORY,id,Taj Mahal: An Eternal Love Story,2026-02-09,3
TAJ MAHAL: AN ETERNAL LOVE STORY,id,Taj Mahal: An Eternal Love Story,2026-02-10,21
TAJ MAHAL: AN ETERNAL LOVE STORY,id,Taj Mahal: An Eternal Love Story,2026-02-11,25
TAJ MAHAL: AN ETERNAL LOVE STORY,id,Taj Mahal: An Eternal Love Story,2026-02-12,18
TAJ MAHAL: AN ETERNAL LOVE STORY,id,Taj Mahal: An Eternal Love Story,2026-02-13,66
TAJ MAHAL: AN ETERNAL LOVE STORY,id,Taj Mahal: An Eternal Love Story,2026-02-14,55
TAJ MAHAL: AN ETERNAL LOVE STORY,id,Taj Mahal: An Eternal Love Story,2026-02-15,18
TAJ MAHAL: AN ETERNAL LOVE STORY,id,Taj Mahal: An Eternal Love Story,2026-02-16,23
TAJ MAHAL: AN ETERNAL LOVE STORY,id,Taj Mahal: An Eternal Love Story,2026-02-17,19
TAJ MAHAL: AN ETERNAL LOVE STORY,id,Taj Mahal: An Eternal Love Story,2026-02-18,7
TAJ MAHAL: AN ETERNAL LOVE STORY,id,Taj Mahal: An Eternal Love Story,2026-02-19,7
TAJ MAHAL: AN ETERNAL LOVE STORY,id,Taj Mahal: An Eternal Love Story,2026-02-20,4
TAJ MAHAL: AN ETERNAL LOVE STORY,id,Taj Mahal: An Eternal Love Story,2026-02-21,6
TAJ MAHAL: AN ETERNAL LOVE STORY,id,Taj Mahal: An Eternal Love Story,2026-02-22,0
TAJ MAHAL: AN ETERNAL LOVE STORY,id,Taj Mahal: An Eternal Love Story,2026-02-23,0
TAJ MAHAL: AN ETERNAL LOVE STORY,id,Taj Mahal: An Eternal Love Story,2026-02-24,3
TENUNG BY RISA SARASWATI & DIMASTA,id,Tenung by Risa Saraswati & Dimasta,2025-06-05,74
TENUNG BY RISA SARASWATI & DIMASTA,id,Tenung by Risa Saraswati & Dimasta,2025-06-06,254
TENUNG BY RISA SARASWATI & DIMASTA,id,Tenung by Risa Saraswati & Dimasta,2025-06-07,263
TENUNG BY RISA SARASWATI & DIMASTA,id,Tenung by Risa Saraswati & Dimasta,2025-06-08,275
TENUNG BY RISA SARASWATI & DIMASTA,id,Tenung by Risa Saraswati & Dimasta,2025-06-09,198
TENUNG BY RISA SARASWATI & DIMASTA,id,Tenung by Risa Saraswati & Dimasta,2025-06-10,129
TENUNG BY RISA SARASWATI & DIMASTA,id,Tenung by Risa Saraswati & Dimasta,2025-06-11,110
TENUNG BY RISA SARASWATI & DIMASTA,id,Tenung by Risa Saraswati & Dimasta,2025-06-12,113
TENUNG BY RISA SARASWATI & DIMASTA,id,Tenung by Risa Saraswati & Dimasta,2025-06-13,68
TENUNG BY RISA SARASWATI & DIMASTA,id,Tenung by Risa Saraswati & Dimasta,2025-06-14,66
TENUNG BY RISA SARASWATI & DIMASTA,id,Tenung by Risa Saraswati & Dimasta,2025-06-15,50
TENUNG BY RISA SARASWATI & DIMASTA,id,Tenung by Risa Saraswati & Dimasta,2025-06-16,48
THE ACCOUNTANT 2,en,The Accountant 2,2025-03-19,3345
THE ACCOUNTANT 2,en,The Accountant 2,2025-03-20,3243
THE ACCOUNTANT 2,en,The Accountant 2,2025-03-21,3229
THE ACCOUNTANT 2,en,The Accountant 2,2025-03-22,4345
THE ACCOUNTANT 2,en,The Accountant 2,2025-03-23,4659
THE ACCOUNTANT 2,en,The Accountant 2,2025-03-24,4318
THE ACCOUNTANT 2,en,The Accountant 2,2025-03-25,5389
THE ACCOUNTANT 2,en,The Accountant 2,2025-03-26,5686
THE ACCOUNTANT 2,en,The Accountant 2,2025-03-27,5408
THE ACCOUNTANT 2,en,The Accountant 2,2025-03-28,7746
THE ACCOUNTANT 2,en,The Accountant 2,2025-03-29,9281
THE ACCOUNTANT 2,en,The Accountant 2,2025-03-30,10956
THE ACCOUNTANT 2,en,The Accountant 2,2025-03-31,8927
THE ACCOUNTANT 2,en,The Accountant 2,2025-04-01,8324
THE ACCOUNTANT 2,en,The Accountant 2,2025-04-02,7874
THE ACCOUNTANT 2,en,The Accountant 2,2025-04-03,9354
THE ACCOUNTANT 2,en,The Accountant 2,2025-04-04,9928
THE ACCOUNTANT 2,en,The Accountant 2,2025-04-05,11153
THE ACCOUNTANT 2,en,The Accountant 2,2025-04-06,11876
THE ACCOUNTANT 2,en,The Accountant 2,2025-04-07,9769
THE ACCOUNTANT 2,en,The Accountant 2,2025-04-08,9656
THE ACCOUNTANT 2,en,The Accountant 2,2025-04-09,9742
THE ACCOUNTANT 2,en,The Accountant 2,2025-04-10,10067
THE ACCOUNTANT 2,en,The Accountant 2,2025-04-11,11043
THE ACCOUNTANT 2,en,The Accountant 2,2025-04-12,13708
THE ACCOUNTANT 2,en,The Accountant 2,2025-04-13,15497
THE ACCOUNTANT 2,en,The Accountant 2,2025-04-14,13660
THE ACCOUNTANT 2,en,The Accountant 2,2025-04-15,14377
THE ACCOUNTANT 2,en,The Accountant 2,2025-04-16,17936
THE ACCOUNTANT 2,en,The Accountant 2,2025-04-17,20439
THE ACCOUNTANT 2,en,The Accountant 2,2025-04-18,23758
THE ACCOUNTANT 2,en,The Accountant 2,2025-04-19,27668
THE ACCOUNTANT 2,en,The Accountant 2,2025-04-20,31406
THE ACCOUNTANT 2,en,The Accountant 2,2025-04-21,29590
THE ACCOUNTANT 2,en,The Accountant 2,2025-04-22,33697
THE ACCOUNTANT 2,en,The Accountant 2,2025-04-23,41966
THE ACCOUNTANT 2,en,The Accountant 2,2025-04-24,58158
THE ACCOUNTANT 2,en,The Accountant 2,2025-04-25,87007
THE ACCOUNTANT 2,en,The Accountant 2,2025-04-26,120408
THE ACCOUNTANT 2,en,The Accountant 2,2025-04-27,133414
THE ACCOUNTANT 2,en,The Accountant 2,2025-04-28,93959
THE ACCOUNTANT 2,en,The Accountant 2,2025-04-29,70954
THE ACCOUNTANT 2,en,The Accountant 2,2025-04-30,59058
THE ACCOUNTANT 2,en,The Accountant 2,2025-05-01,52242
THE ACCOUNTANT 2,en,The Accountant 2,2025-05-02,47746
THE ACCOUNTANT 2,en,The Accountant 2,2025-05-03,59143
THE ACCOUNTANT 2,en,The Accountant 2,2025-05-04,79158
THE ACCOUNTANT 2,id,The Accountant 2,2025-04-24,1
THE ACCOUNTANT 2,id,The Accountant 2,2025-04-25,815
THE ACCOUNTANT 2,id,The Accountant 2,2025-04-26,271
THE ACCOUNTANT 2,id,The Accountant 2,2025-04-27,282
THE ACCOUNTANT 2,id,The Accountant 2,2025-04-28,180
THE ACCOUNTANT 2,id,The Accountant 2,2025-04-29,181
THE ACCOUNTANT 2,id,The Accountant 2,2025-04-30,132
THE ACCOUNTANT 2,id,The Accountant 2,2025-05-01,122
THE ACCOUNTANT 2,id,The Accountant 2,2025-05-02,111
THE ACCOUNTANT 2,id,The Accountant 2,2025-05-03,126
THE ACCOUNTANT 2,id,The Accountant 2,2025-05-04,111
THE AMATEUR,en,The Amateur (2025 film),2025-03-06,1907
THE AMATEUR,en,The Amateur (2025 film),2025-03-07,2172
THE AMATEUR,en,The Amateur (2025 film),2025-03-08,2389
THE AMATEUR,en,The Amateur (2025 film),2025-03-09,3094
THE AMATEUR,en,The Amateur (2025 film),2025-03-10,2892
THE AMATEUR,en,The Amateur (2025 film),2025-03-11,3923
THE AMATEUR,en,The Amateur (2025 film),2025-03-12,3852
THE AMATEUR,en,The Amateur (2025 film),2025-03-13,3232
THE AMATEUR,en,The Amateur (2025 film),2025-03-14,3839
THE AMATEUR,en,The Amateur (2025 film),2025-03-15,4421
THE AMATEUR,en,The Amateur (2025 film),2025-03-16,5055
THE AMATEUR,en,The Amateur (2025 film),2025-03-17,6619
THE AMATEUR,en,The Amateur (2025 film),2025-03-18,6270
THE AMATEUR,en,The Amateur (2025 film),2025-03-19,5353
THE AMATEUR,en,The Amateur (2025 film),2025-03-20,4774
THE AMATEUR,en,The Amateur (2025 film),2025-03-21,3769
THE AMATEUR,en,The Amateur (2025 film),2025-03-22,4079
THE AMATEUR,en,The Amateur (2025 film),2025-03-23,6769
THE AMATEUR,en,The Amateur (2025 film),2025-03-24,6291
THE AMATEUR,en,The Amateur (2025 film),2025-03-25,5793
THE AMATEUR,en,The Amateur (2025 film),2025-03-26,6546
THE AMATEUR,en,The Amateur (2025 film),2025-03-27,6351
THE AMATEUR,en,The Amateur (2025 film),2025-03-28,6908
THE AMATEUR,en,The Amateur (2025 film),2025-03-29,7910
THE AMATEUR,en,The Amateur (2025 film),2025-03-30,9655
THE AMATEUR,en,The Amateur (2025 film),2025-03-31,8936
THE AMATEUR,en,The Amateur (2025 film),2025-04-01,9237
THE AMATEUR,en,The Amateur (2025 film),2025-04-02,9675
THE AMATEUR,en,The Amateur (2025 film),2025-04-03,11858
THE AMATEUR,en,The Amateur (2025 film),2025-04-04,16262
THE AMATEUR,en,The Amateur (2025 film),2025-04-05,21667
THE AMATEUR,en,The Amateur (2025 film),2025-04-06,26589
THE AMATEUR,en,The Amateur (2025 film),2025-04-07,24608
THE AMATEUR,en,The Amateur (2025 film),2025-04-08,30795
THE AMATEUR,en,The Amateur (2025 film),2025-04-09,39538
THE AMATEUR,en,The Amateur (2025 film),2025-04-10,54593
THE AMATEUR,en,The Amateur (2025 film),2025-04-11,89901
THE AMATEUR,en,The Amateur (2025 film),2025-04-12,110972
THE AMATEUR,en,The Amateur (2025 film),2025-04-13,108178
THE AMATEUR,en,The Amateur (2025 film),2025-04-14,72923
THE AMATEUR,en,The Amateur (2025 film),2025-04-15,54478
THE AMATEUR,en,The Amateur (2025 film),2025-04-16,49353
THE AMATEUR,en,The Amateur (2025 film),2025-04-17,46432
THE AMATEUR,en,The Amateur (2025 film),2025-04-18,55030
THE AMATEUR,en,The Amateur (2025 film),2025-04-19,59619
THE AMATEUR,en,The Amateur (2025 film),2025-04-20,58742
THE AMATEUR,en,The Amateur (2025 film),2025-04-21,43178
THE AMATEUR,id,The Amateur (film 2025),2025-04-11,15
THE AMATEUR,id,The Amateur (film 2025),2025-04-12,51
THE AMATEUR,id,The Amateur (film 2025),2025-04-13,699
THE AMATEUR,id,The Amateur (film 2025),2025-04-14,504
THE AMATEUR,id,The Amateur (film 2025),2025-04-15,486
THE AMATEUR,id,The Amateur (film 2025),2025-04-16,405
THE AMATEUR,id,The Amateur (film 2025),2025-04-17,307
THE AMATEUR,id,The Amateur (film 2025),2025-04-18,346
THE AMATEUR,id,The Amateur (film 2025),2025-04-19,313
THE AMATEUR,id,The Amateur (film 2025),2025-04-20,241
THE AMATEUR,id,The Amateur (film 2025),2025-04-21,178
THE BAD GUYS 2,en,The Bad Guys 2,2025-06-22,2738
THE BAD GUYS 2,en,The Bad Guys 2,2025-06-23,2910
THE BAD GUYS 2,en,The Bad Guys 2,2025-06-24,2563
THE BAD GUYS 2,en,The Bad Guys 2,2025-06-25,3522
THE BAD GUYS 2,en,The Bad Guys 2,2025-06-26,3455
THE BAD GUYS 2,en,The Bad Guys 2,2025-06-27,2893
THE BAD GUYS 2,en,The Bad Guys 2,2025-06-28,2870
THE BAD GUYS 2,en,The Bad Guys 2,2025-06-29,2741
THE BAD GUYS 2,en,The Bad Guys 2,2025-06-30,2958
THE BAD GUYS 2,en,The Bad Guys 2,2025-07-01,2936
THE BAD GUYS 2,en,The Bad Guys 2,2025-07-02,3170
THE BAD GUYS 2,en,The Bad Guys 2,2025-07-03,3248
THE BAD GUYS 2,en,The Bad Guys 2,2025-07-04,3275
THE BAD GUYS 2,en,The Bad Guys 2,2025-07-05,3551
THE BAD GUYS 2,en,The Bad Guys 2,2025-07-06,3875
THE BAD GUYS 2,en,The Bad Guys 2,2025-07-07,4322
THE BAD GUYS 2,en,The Bad Guys 2,2025-07-08,4024
THE BAD GUYS 2,en,The Bad Guys 2,2025-07-09,4369
THE BAD GUYS 2,en,The Bad Guys 2,2025-07-10,4373
THE BAD GUYS 2,en,The Bad Guys 2,2025-07-11,5027
THE BAD GUYS 2,en,The Bad Guys 2,2025-07-12,4441
THE BAD GUYS 2,en,The Bad Guys 2,2025-07-13,4418
THE BAD GUYS 2,en,The Bad Guys 2,2025-07-14,4539
THE BAD GUYS 2,en,The Bad Guys 2,2025-07-15,4462
THE BAD GUYS 2,en,The Bad Guys 2,2025-07-16,4840
THE BAD GUYS 2,en,The Bad Guys 2,2025-07-17,5248
THE BAD GUYS 2,en,The Bad Guys 2,2025-07-18,5816
THE BAD GUYS 2,en,The Bad Guys 2,2025-07-19,6540
THE BAD GUYS 2,en,The Bad Guys 2,2025-07-20,6247
THE BAD GUYS 2,en,The Bad Guys 2,2025-07-21,6717
THE BAD GUYS 2,en,The Bad Guys 2,2025-07-22,7411
THE BAD GUYS 2,en,The Bad Guys 2,2025-07-23,7478
THE BAD GUYS 2,en,The Bad Guys 2,2025-07-24,9354
THE BAD GUYS 2,en,The Bad Guys 2,2025-07-25,18726
THE BAD GUYS 2,en,The Bad Guys 2,2025-07-26,22890
THE BAD GUYS 2,en,The Bad Guys 2,2025-07-27,23642
THE BAD GUYS 2,en,The Bad Guys 2,2025-07-28,23592
THE BAD GUYS 2,en,The Bad Guys 2,2025-07-29,22153
THE BAD GUYS 2,en,The Bad Guys 2,2025-07-30,28867
THE BAD GUYS 2,en,The Bad Guys 2,2025-07-31,35223
THE BAD GUYS 2,en,The Bad Guys 2,2025-08-01,48180
THE BAD GUYS 2,en,The Bad Guys 2,2025-08-02,50947
THE BAD GUYS 2,en,The Bad Guys 2,2025-08-03,45879
THE BAD GUYS 2,en,The Bad Guys 2,2025-08-04,39545
THE BAD GUYS 2,en,The Bad Guys 2,2025-08-05,30775
THE BAD GUYS 2,en,The Bad Guys 2,2025-08-06,25045
THE BAD GUYS 2,en,The Bad Guys 2,2025-08-07,19163
THE BAD GUYS 2,id,The Bad Guys 2,2025-08-07,11
THE BRIDE!,en,The Bride!,2026-01-28,4003
THE BRIDE!,en,The Bride!,2026-01-29,3525
THE BRIDE!,en,The Bride!,2026-01-30,3308
THE BRIDE!,en,The Bride!,2026-01-31,3663
THE BRIDE!,en,The Bride!,2026-02-01,4023
THE BRIDE!,en,The Bride!,2026-02-02,4248
THE BRIDE!,en,The Bride!,2026-02-03,4344
THE BRIDE!,en,The Bride!,2026-02-04,5460
THE BRIDE!,en,The Bride!,2026-02-05,5352
THE BRIDE!,en,The Bride!,2026-02-06,8724
THE BRIDE!,en,The Bride!,2026-02-07,9557
THE BRIDE!,en,The Bride!,2026-02-08,11803
THE BRIDE!,en,The Bride!,2026-02-09,8265
THE BRIDE!,en,The Bride!,2026-02-10,9396
THE BRIDE!,en,The Bride!,2026-02-11,8887
THE BRIDE!,en,The Bride!,2026-02-12,8633
THE BRIDE!,en,The Bride!,2026-02-13,8878
THE BRIDE!,en,The Bride!,2026-02-14,10868
THE BRIDE!,en,The Bride!,2026-02-15,12054
THE BRIDE!,en,The Bride!,2026-02-16,12909
THE BRIDE!,en,The Bride!,2026-02-17,10648
THE BRIDE!,en,The Bride!,2026-02-18,11346
THE BRIDE!,en,The Bride!,2026-02-19,13565
THE BRIDE!,en,The Bride!,2026-02-20,14464
THE BRIDE!,en,The Bride!,2026-02-21,15303
THE BRIDE!,en,The Bride!,2026-02-22,15390
THE BRIDE!,en,The Bride!,2026-02-23,14320
THE BRIDE!,en,The Bride!,2026-02-24,14086
THE BRIDE!,en,The Bride!,2026-02-25,15955
THE BRIDE!,en,The Bride!,2026-02-26,18796
THE BRIDE!,en,The Bride!,2026-02-27,27613
THE BRIDE!,en,The Bride!,2026-02-28,24656
THE BRIDE!,en,The Bride!,2026-03-01,25299
THE BRIDE!,en,The Bride!,2026-03-02,27994
THE BRIDE!,en,The Bride!,2026-03-03,34755
THE BRIDE!,en,The Bride!,2026-03-04,57667
THE BRIDE!,en,The Bride!,2026-03-05,74622
THE BRIDE!,en,The Bride!,2026-03-06,94008
THE BRIDE!,en,The Bride!,2026-03-07,103486
THE BRIDE!,en,The Bride!,2026-03-08,107622
THE BRIDE!,en,The Bride!,2026-03-09,103540
THE BRIDE!,en,The Bride!,2026-03-10,61092
THE BRIDE!,en,The Bride!,2026-03-11,41929
THE BRIDE!,en,The Bride!,2026-03-12,33004
THE BRIDE!,en,The Bride!,2026-03-13,25980
THE BRIDE!,en,The Bride!,2026-03-14,24385
THE BRIDE!,en,The Bride!,2026-03-15,25778
THE BRIDE!,id,The Bride!,2026-03-12,1
THE BRIDE! (IMAX 2D),en,The Bride!,2026-01-28,4003
THE BRIDE! (IMAX 2D),en,The Bride!,2026-01-29,3525
THE BRIDE! (IMAX 2D),en,The Bride!,2026-01-30,3308
THE BRIDE! (IMAX 2D),en,The Bride!,2026-01-31,3663
THE BRIDE! (IMAX 2D),en,The Bride!,2026-02-01,4023
THE BRIDE! (IMAX 2D),en,The Bride!,2026-02-02,4248
THE BRIDE! (IMAX 2D),en,The Bride!,2026-02-03,4344
THE BRIDE! (IMAX 2D),en,The Bride!,2026-02-04,5460
THE BRIDE! (IMAX 2D),en,The Bride!,2026-02-05,5352
THE BRIDE! (IMAX 2D),en,The Bride!,2026-02-06,8724
THE BRIDE! (IMAX 2D),en,The Bride!,2026-02-07,9557
THE BRIDE! (IMAX 2D),en,The Bride!,2026-02-08,11803
THE BRIDE! (IMAX 2D),en,The Bride!,2026-02-09,8265
THE BRIDE! (IMAX 2D),en,The Bride!,2026-02-10,9396
THE BRIDE! (IMAX 2D),en,The Bride!,2026-02-11,8887
THE BRIDE! (IMAX 2D),en,The Bride!,2026-02-12,8633
THE BRIDE! (IMAX 2D),en,The Bride!,2026-02-13,8878
THE BRIDE! (IMAX 2D),en,The Bride!,2026-02-14,10868
THE BRIDE! (IMAX 2D),en,The Bride!,2026-02-15,12054
THE BRIDE! (IMAX 2D),en,The Bride!,2026-02-16,12909
THE BRIDE! (IMAX 2D),en,The Bride!,2026-02-17,10648
THE BRIDE! (IMAX 2D),en,The Bride!,2026-02-18,11346
THE BRIDE! (IMAX 2D),en,The Bride!,2026-02-19,13565
THE BRIDE! (IMAX 2D),en,The Bride!,2026-02-20,14464
THE BRIDE! (IMAX 2D),en,The Bride!,2026-02-21,15303
THE BRIDE! (IMAX 2D),en,The Bride!,2026-02-22,15390
THE BRIDE! (IMAX 2D),en,The Bride!,2026-02-23,14320
THE BRIDE! (IMAX 2D),en,The Bride!,2026-02-24,14086
THE BRIDE! (IMAX 2D),en,The Bride!,2026-02-25,15955
THE BRIDE! (IMAX 2D),en,The Bride!,2026-02-26,18796
THE BRIDE! (IMAX 2D),en,The Bride!,2026-02-27,27613
THE BRIDE! (IMAX 2D),en,The Bride!,2026-02-28,24656
THE BRIDE! (IMAX 2D),en,The Bride!,2026-03-01,25299
THE BRIDE! (IMAX 2D),en,The Bride!,2026-03-02,27994
THE BRIDE! (IMAX 2D),en,The Bride!,2026-03-03,34755
THE BRIDE! (IMAX 2D),en,The Bride!,2026-03-04,57667
THE BRIDE! (IMAX 2D),en,The Bride!,2026-03-05,74622
THE BRIDE! (IMAX 2D),en,The Bride!,2026-03-06,94008
THE BRIDE! (IMAX 2D),en,The Bride!,2026-03-07,103486
THE BRIDE! (IMAX 2D),en,The Bride!,2026-03-08,107622
THE BRIDE! (IMAX 2D),en,The Bride!,2026-03-09,103540
THE BRIDE! (IMAX 2D),en,The Bride!,2026-03-10,61092
THE BRIDE! (IMAX 2D),en,The Bride!,2026-03-11,41929
THE BRIDE! (IMAX 2D),en,The Bride!,2026-03-12,33004
THE BRIDE! (IMAX 2D),en,The Bride!,2026-03-13,25980
THE BRIDE! (IMAX 2D),en,The Bride!,2026-03-14,24385
THE BRIDE! (IMAX 2D),en,The Bride!,2026-03-15,25778
THE BRIDE! (IMAX 2D),id,The Bride!,2026-03-12,1
THE CONJURING (REISSUE),en,The Conjuring,2025-07-11,2854
THE CONJURING (REISSUE),en,The Conjuring,2025-07-12,3602
THE CONJURING (REISSUE),en,The Conjuring,2025-07-13,4107
THE CONJURING (REISSUE),en,The Conjuring,2025-07-14,3450
THE CONJURING (REISSUE),en,The Conjuring,2025-07-15,3373
THE CONJURING (REISSUE),en,The Conjuring,2025-07-16,7412
THE CONJURING (REISSUE),en,The Conjuring,2025-07-17,7164
THE CONJURING (REISSUE),en,The Conjuring,2025-07-18,4874
THE CONJURING (REISSUE),en,The Conjuring,2025-07-19,4801
THE CONJURING (REISSUE),en,The Conjuring,2025-07-20,5037
THE CONJURING (REISSUE),en,The Conjuring,2025-07-21,4254
THE CONJURING (REISSUE),en,The Conjuring,2025-07-22,3405
THE CONJURING (REISSUE),en,The Conjuring,2025-07-23,3380
THE CONJURING (REISSUE),en,The Conjuring,2025-07-24,3359
THE CONJURING (REISSUE),en,The Conjuring,2025-07-25,3453
THE CONJURING (REISSUE),en,The Conjuring,2025-07-26,4230
THE CONJURING (REISSUE),en,The Conjuring,2025-07-27,4314
THE CONJURING (REISSUE),en,The Conjuring,2025-07-28,3628
THE CONJURING (REISSUE),en,The Conjuring,2025-07-29,3574
THE CONJURING (REISSUE),en,The Conjuring,2025-07-30,3293
THE CONJURING (REISSUE),en,The Conjuring,2025-07-31,8845
THE CONJURING (REISSUE),en,The Conjuring,2025-08-01,11986
THE CONJURING (REISSUE),en,The Conjuring,2025-08-02,10813
THE CONJURING (REISSUE),en,The Conjuring,2025-08-03,14373
THE CONJURING (REISSUE),en,The Conjuring,2025-08-04,8596
THE CONJURING (REISSUE),en,The Conjuring,2025-08-05,6606
THE CONJURING (REISSUE),en,The Conjuring,2025-08-06,5751
THE CONJURING (REISSUE),en,The Conjuring,2025-08-07,5490
THE CONJURING (REISSUE),en,The Conjuring,2025-08-08,5374
THE CONJURING (REISSUE),en,The Conjuring,2025-08-09,6396
THE CONJURING (REISSUE),en,The Conjuring,2025-08-10,7349
THE CONJURING (REISSUE),en,The Conjuring,2025-08-11,6102
THE CONJURING (REISSUE),en,The Conjuring,2025-08-12,5436
THE CONJURING (REISSUE),en,The Conjuring,2025-08-13,6649
THE CONJURING (REISSUE),en,The Conjuring,2025-08-14,6568
THE CONJURING (REISSUE),en,The Conjuring,2025-08-15,6825
THE CONJURING (REISSUE),en,The Conjuring,2025-08-16,8026
THE CONJURING (REISSUE),en,The Conjuring,2025-08-17,8074
THE CONJURING (REISSUE),en,The Conjuring,2025-08-18,7570
THE CONJURING (REISSUE),en,The Conjuring,2025-08-19,7221
THE CONJURING (REISSUE),en,The Conjuring,2025-08-20,7318
THE CONJURING (REISSUE),en,The Conjuring,2025-08-21,7542
THE CONJURING (REISSUE),en,The Conjuring,2025-08-22,8788
THE CONJURING (REISSUE),en,The Conjuring,2025-08-23,10192
THE CONJURING (REISSUE),en,The Conjuring,2025-08-24,10812
THE CONJURING (REISSUE),en,The Conjuring,2025-08-25,9941
THE CONJURING (REISSUE),en,The Conjuring,2025-08-26,9747
THE CONJURING (REISSUE),id,The Conjuring,2025-07-11,53
THE CONJURING (REISSUE),id,The Conjuring,2025-07-12,45
THE CONJURING (REISSUE),id,The Conjuring,2025-07-13,52
THE CONJURING (REISSUE),id,The Conjuring,2025-07-14,39
THE CONJURING (REISSUE),id,The Conjuring,2025-07-15,42
THE CONJURING (REISSUE),id,The Conjuring,2025-07-16,31
THE CONJURING (REISSUE),id,The Conjuring,2025-07-17,27
THE CONJURING (REISSUE),id,The Conjuring,2025-07-18,22
THE CONJURING (REISSUE),id,The Conjuring,2025-07-19,47
THE CONJURING (REISSUE),id,The Conjuring,2025-07-20,32
THE CONJURING (REISSUE),id,The Conjuring,2025-07-21,47
THE CONJURING (REISSUE),id,The Conjuring,2025-07-22,52
THE CONJURING (REISSUE),id,The Conjuring,2025-07-23,31
THE CONJURING (REISSUE),id,The Conjuring,2025-07-24,37
THE CONJURING (REISSUE),id,The Conjuring,2025-07-25,31
THE CONJURING (REISSUE),id,The Conjuring,2025-07-26,42
THE CONJURING (REISSUE),id,The Conjuring,2025-07-27,53
THE CONJURING (REISSUE),id,The Conjuring,2025-07-28,59
THE CONJURING (REISSUE),id,The Conjuring,2025-07-29,72
THE CONJURING (REISSUE),id,The Conjuring,2025-07-30,54
THE CONJURING (REISSUE),id,The Conjuring,2025-07-31,51
THE CONJURING (REISSUE),id,The Conjuring,2025-08-01,143
THE CONJURING (REISSUE),id,The Conjuring,2025-08-02,124
THE CONJURING (REISSUE),id,The Conjuring,2025-08-03,103
THE CONJURING (REISSUE),id,The Conjuring,2025-08-04,70
THE CONJURING (REISSUE),id,The Conjuring,2025-08-05,88
THE CONJURING (REISSUE),id,The Conjuring,2025-08-06,124
THE CONJURING (REISSUE),id,The Conjuring,2025-08-07,107
THE CONJURING (REISSUE),id,The Conjuring,2025-08-08,111
THE CONJURING (REISSUE),id,The Conjuring,2025-08-09,88
THE CONJURING (REISSUE),id,The Conjuring,2025-08-10,90
THE CONJURING (REISSUE),id,The Conjuring,2025-08-11,107
THE CONJURING (REISSUE),id,The Conjuring,2025-08-12,125
THE CONJURING (REISSUE),id,The Conjuring,2025-08-13,109
THE CONJURING (REISSUE),id,The Conjuring,2025-08-14,150
THE CONJURING (REISSUE),id,The Conjuring,2025-08-15,188
THE CONJURING (REISSUE),id,The Conjuring,2025-08-16,156
THE CONJURING (REISSUE),id,The Conjuring,2025-08-17,154
THE CONJURING (REISSUE),id,The Conjuring,2025-08-18,116
THE CONJURING (REISSUE),id,The Conjuring,2025-08-19,140
THE CONJURING (REISSUE),id,The Conjuring,2025-08-20,140
THE CONJURING (REISSUE),id,The Conjuring,2025-08-21,154
THE CONJURING (REISSUE),id,The Conjuring,2025-08-22,183
THE CONJURING (REISSUE),id,The Conjuring,2025-08-23,202
THE CONJURING (REISSUE),id,The Conjuring,2025-08-24,275
THE CONJURING (REISSUE),id,The Conjuring,2025-08-25,261
THE CONJURING (REISSUE),id,The Conjuring,2025-08-26,217
THE CONJURING 2 (REISSUE),en,The Conjuring 2,2025-07-18,1726
THE CONJURING 2 (REISSUE),en,The Conjuring 2,2025-07-19,1889
THE CONJURING 2 (REISSUE),en,The Conjuring 2,2025-07-20,1912
THE CONJURING 2 (REISSUE),en,The Conjuring 2,2025-07-21,1700
THE CONJURING 2 (REISSUE),en,The Conjuring 2,2025-07-22,1364
THE CONJURING 2 (REISSUE),en,The Conjuring 2,2025-07-23,1358
THE CONJURING 2 (REISSUE),en,The Conjuring 2,2025-07-24,1433
THE CONJURING 2 (REISSUE),en,The Conjuring 2,2025-07-25,1327
THE CONJURING 2 (REISSUE),en,The Conjuring 2,2025-07-26,1811
THE CONJURING 2 (REISSUE),en,The Conjuring 2,2025-07-27,2049
THE CONJURING 2 (REISSUE),en,The Conjuring 2,2025-07-28,1615
THE CONJURING 2 (REISSUE),en,The Conjuring 2,2025-07-29,1684
THE CONJURING 2 (REISSUE),en,The Conjuring 2,2025-07-30,1476
THE CONJURING 2 (REISSUE),en,The Conjuring 2,2025-07-31,3870
THE CONJURING 2 (REISSUE),en,The Conjuring 2,2025-08-01,5136
THE CONJURING 2 (REISSUE),en,The Conjuring 2,2025-08-02,4310
THE CONJURING 2 (REISSUE),en,The Conjuring 2,2025-08-03,5180
THE CONJURING 2 (REISSUE),en,The Conjuring 2,2025-08-04,3491
THE CONJURING 2 (REISSUE),en,The Conjuring 2,2025-08-05,2736
THE CONJURING 2 (REISSUE),en,The Conjuring 2,2025-08-06,2611
THE CONJURING 2 (REISSUE),en,The Conjuring 2,2025-08-07,2380
THE CONJURING 2 (REISSUE),en,The Conjuring 2,2025-08-08,2472
THE CONJURING 2 (REISSUE),en,The Conjuring 2,2025-08-09,2821
THE CONJURING 2 (REISSUE),en,The Conjuring 2,2025-08-10,3244
THE CONJURING 2 (REISSUE),en,The Conjuring 2,2025-08-11,2729
THE CONJURING 2 (REISSUE),en,The Conjuring 2,2025-08-12,2370
THE CONJURING 2 (REISSUE),en,The Conjuring 2,2025-08-13,2786
THE CONJURING 2 (REISSUE),en,The Conjuring 2,2025-08-14,2944
THE CONJURING 2 (REISSUE),en,The Conjuring 2,2025-08-15,3024
THE CONJURING 2 (REISSUE),en,The Conjuring 2,2025-08-16,3390
THE CONJURING 2 (REISSUE),en,The Conjuring 2,2025-08-17,3546
THE CONJURING 2 (REISSUE),en,The Conjuring 2,2025-08-18,3341
THE CONJURING 2 (REISSUE),en,The Conjuring 2,2025-08-19,3150
THE CONJURING 2 (REISSUE),en,The Conjuring 2,2025-08-20,3252
THE CONJURING 2 (REISSUE),en,The Conjuring 2,2025-08-21,3314
THE CONJURING 2 (REISSUE),en,The Conjuring 2,2025-08-22,3842
THE CONJURING 2 (REISSUE),en,The Conjuring 2,2025-08-23,4834
THE CONJURING 2 (REISSUE),en,The Conjuring 2,2025-08-24,5110
THE CONJURING 2 (REISSUE),en,The Conjuring 2,2025-08-25,4411
THE CONJURING 2 (REISSUE),en,The Conjuring 2,2025-08-26,4439
THE CONJURING 2 (REISSUE),en,The Conjuring 2,2025-08-27,4167
THE CONJURING 2 (REISSUE),en,The Conjuring 2,2025-08-28,4120
THE CONJURING 2 (REISSUE),en,The Conjuring 2,2025-08-29,4783
THE CONJURING 2 (REISSUE),en,The Conjuring 2,2025-08-30,5903
THE CONJURING 2 (REISSUE),en,The Conjuring 2,2025-08-31,7476
THE CONJURING 2 (REISSUE),en,The Conjuring 2,2025-09-01,8562
THE CONJURING 2 (REISSUE),en,The Conjuring 2,2025-09-02,8689
THE CONJURING 2 (REISSUE),id,The Conjuring 2,2025-07-18,9
THE CONJURING 2 (REISSUE),id,The Conjuring 2,2025-07-19,15
THE CONJURING 2 (REISSUE),id,The Conjuring 2,2025-07-20,14
THE CONJURING 2 (REISSUE),id,The Conjuring 2,2025-07-21,13
THE CONJURING 2 (REISSUE),id,The Conjuring 2,2025-07-22,12
THE CONJURING 2 (REISSUE),id,The Conjuring 2,2025-07-23,11
THE CONJURING 2 (REISSUE),id,The Conjuring 2,2025-07-24,14
THE CONJURING 2 (REISSUE),id,The Conjuring 2,2025-07-25,19
THE CONJURING 2 (REISSUE),id,The Conjuring 2,2025-07-26,16
THE CONJURING 2 (REISSUE),id,The Conjuring 2,2025-07-27,20
THE CONJURING 2 (REISSUE),id,The Conjuring 2,2025-07-28,21
THE CONJURING 2 (REISSUE),id,The Conjuring 2,2025-07-29,19
THE CONJURING 2 (REISSUE),id,The Conjuring 2,2025-07-30,23
THE CONJURING 2 (REISSUE),id,The Conjuring 2,2025-07-31,15
THE CONJURING 2 (REISSUE),id,The Conjuring 2,2025-08-01,51
THE CONJURING 2 (REISSUE),id,The Conjuring 2,2025-08-02,30
THE CONJURING 2 (REISSUE),id,The Conjuring 2,2025-08-03,39
THE CONJURING 2 (REISSUE),id,The Conjuring 2,2025-08-04,40
THE CONJURING 2 (REISSUE),id,The Conjuring 2,2025-08-05,28
THE CONJURING 2 (REISSUE),id,The Conjuring 2,2025-08-06,42
THE CONJURING 2 (REISSUE),id,The Conjuring 2,2025-08-07,44
THE CONJURING 2 (REISSUE),id,The Conjuring 2,2025-08-08,33
THE CONJURING 2 (REISSUE),id,The Conjuring 2,2025-08-09,28
THE CONJURING 2 (REISSUE),id,The Conjuring 2,2025-08-10,33
THE CONJURING 2 (REISSUE),id,The Conjuring 2,2025-08-11,41
THE CONJURING 2 (REISSUE),id,The Conjuring 2,2025-08-12,54
THE CONJURING 2 (REISSUE),id,The Conjuring 2,2025-08-13,39
THE CONJURING 2 (REISSUE),id,The Conjuring 2,2025-08-14,52
THE CONJURING 2 (REISSUE),id,The Conjuring 2,2025-08-15,54
THE CONJURING 2 (REISSUE),id,The Conjuring 2,2025-08-16,62
THE CONJURING 2 (REISSUE),id,The Conjuring 2,2025-08-17,59
THE CONJURING 2 (REISSUE),id,The Conjuring 2,2025-08-18,50
THE CONJURING 2 (REISSUE),id,The Conjuring 2,2025-08-19,71
THE CONJURING 2 (REISSUE),id,The Conjuring 2,2025-08-20,53
THE CONJURING 2 (REISSUE),id,The Conjuring 2,2025-08-21,95
THE CONJURING 2 (REISSUE),id,The Conjuring 2,2025-08-22,176
THE CONJURING 2 (REISSUE),id,The Conjuring 2,2025-08-23,191
THE CONJURING 2 (REISSUE),id,The Conjuring 2,2025-08-24,190
THE CONJURING 2 (REISSUE),id,The Conjuring 2,2025-08-25,135
THE CONJURING 2 (REISSUE),id,The Conjuring 2,2025-08-26,87
THE CONJURING 2 (REISSUE),id,The Conjuring 2,2025-08-27,111
THE CONJURING 2 (REISSUE),id,The Conjuring 2,2025-08-28,87
THE CONJURING 2 (REISSUE),id,The Conjuring 2,2025-08-29,59
THE CONJURING 2 (REISSUE),id,The Conjuring 2,2025-08-30,87
THE CONJURING 2 (REISSUE),id,The Conjuring 2,2025-08-31,69
THE CONJURING 2 (REISSUE),id,The Conjuring 2,2025-09-01,102
THE CONJURING 2 (REISSUE),id,The Conjuring 2,2025-09-02,150
THE CONJURING: LAST RITES,en,The Conjuring: Last Rites,2025-07-30,3581
THE CONJURING: LAST RITES,en,The Conjuring: Last Rites,2025-07-31,19588
THE CONJURING: LAST RITES,en,The Conjuring: Last Rites,2025-08-01,27216
THE CONJURING: LAST RITES,en,The Conjuring: Last Rites,2025-08-02,17963
THE CONJURING: LAST RITES,en,The Conjuring: Last Rites,2025-08-03,16431
THE CONJURING: LAST RITES,en,The Conjuring: Last Rites,2025-08-04,10927
THE CONJURING: LAST RITES,en,The Conjuring: Last Rites,2025-08-05,8444
THE CONJURING: LAST RITES,en,The Conjuring: Last Rites,2025-08-06,7318
THE CONJURING: LAST RITES,en,The Conjuring: Last Rites,2025-08-07,6819
THE CONJURING: LAST RITES,en,The Conjuring: Last Rites,2025-08-08,7124
THE CONJURING: LAST RITES,en,The Conjuring: Last Rites,2025-08-09,7750
THE CONJURING: LAST RITES,en,The Conjuring: Last Rites,2025-08-10,8762
THE CONJURING: LAST RITES,en,The Conjuring: Last Rites,2025-08-11,7951
THE CONJURING: LAST RITES,en,The Conjuring: Last Rites,2025-08-12,8010
THE CONJURING: LAST RITES,en,The Conjuring: Last Rites,2025-08-13,9621
THE CONJURING: LAST RITES,en,The Conjuring: Last Rites,2025-08-14,9722
THE CONJURING: LAST RITES,en,The Conjuring: Last Rites,2025-08-15,11212
THE CONJURING: LAST RITES,en,The Conjuring: Last Rites,2025-08-16,12062
THE CONJURING: LAST RITES,en,The Conjuring: Last Rites,2025-08-17,11190
THE CONJURING: LAST RITES,en,The Conjuring: Last Rites,2025-08-18,11013
THE CONJURING: LAST RITES,en,The Conjuring: Last Rites,2025-08-19,11645
THE CONJURING: LAST RITES,en,The Conjuring: Last Rites,2025-08-20,12035
THE CONJURING: LAST RITES,en,The Conjuring: Last Rites,2025-08-21,13400
THE CONJURING: LAST RITES,en,The Conjuring: Last Rites,2025-08-22,16010
THE CONJURING: LAST RITES,en,The Conjuring: Last Rites,2025-08-23,16743
THE CONJURING: LAST RITES,en,The Conjuring: Last Rites,2025-08-24,16833
THE CONJURING: LAST RITES,en,The Conjuring: Last Rites,2025-08-25,15788
THE CONJURING: LAST RITES,en,The Conjuring: Last Rites,2025-08-26,17004
THE CONJURING: LAST RITES,en,The Conjuring: Last Rites,2025-08-27,17537
THE CONJURING: LAST RITES,en,The Conjuring: Last Rites,2025-08-28,17205
THE CONJURING: LAST RITES,en,The Conjuring: Last Rites,2025-08-29,18838
THE CONJURING: LAST RITES,en,The Conjuring: Last Rites,2025-08-30,24479
THE CONJURING: LAST RITES,en,The Conjuring: Last Rites,2025-08-31,24900
THE CONJURING: LAST RITES,en,The Conjuring: Last Rites,2025-09-01,31211
THE CONJURING: LAST RITES,en,The Conjuring: Last Rites,2025-09-02,37662
THE CONJURING: LAST RITES,en,The Conjuring: Last Rites,2025-09-03,65370
THE CONJURING: LAST RITES,en,The Conjuring: Last Rites,2025-09-04,101282
THE CONJURING: LAST RITES,en,The Conjuring: Last Rites,2025-09-05,201731
THE CONJURING: LAST RITES,en,The Conjuring: Last Rites,2025-09-06,222794
THE CONJURING: LAST RITES,en,The Conjuring: Last Rites,2025-09-07,210498
THE CONJURING: LAST RITES,en,The Conjuring: Last Rites,2025-09-08,156201
THE CONJURING: LAST RITES,en,The Conjuring: Last Rites,2025-09-09,110681
THE CONJURING: LAST RITES,en,The Conjuring: Last Rites,2025-09-10,93007
THE CONJURING: LAST RITES,en,The Conjuring: Last Rites,2025-09-11,68562
THE CONJURING: LAST RITES,en,The Conjuring: Last Rites,2025-09-12,64038
THE CONJURING: LAST RITES,en,The Conjuring: Last Rites,2025-09-13,72716
THE CONJURING: LAST RITES,en,The Conjuring: Last Rites,2025-09-14,72175
THE CONJURING: LAST RITES,id,The Conjuring: Last Rites,2025-08-01,0
THE CONJURING: LAST RITES,id,The Conjuring: Last Rites,2025-08-02,0
THE CONJURING: LAST RITES,id,The Conjuring: Last Rites,2025-08-03,1
THE CONJURING: LAST RITES,id,The Conjuring: Last Rites,2025-08-04,0
THE CONJURING: LAST RITES,id,The Conjuring: Last Rites,2025-08-08,1
THE CONJURING: LAST RITES,id,The Conjuring: Last Rites,2025-08-11,0
THE CONJURING: LAST RITES,id,The Conjuring: Last Rites,2025-08-14,0
THE CONJURING: LAST RITES,id,The Conjuring: Last Rites,2025-08-19,0
THE CONJURING: LAST RITES,id,The Conjuring: Last Rites,2025-08-20,0
THE CONJURING: LAST RITES,id,The Conjuring: Last Rites,2025-08-21,1
THE CONJURING: LAST RITES,id,The Conjuring: Last Rites,2025-08-22,0
THE CONJURING: LAST RITES,id,The Conjuring: Last Rites,2025-08-23,0
THE CONJURING: LAST RITES,id,The Conjuring: Last Rites,2025-08-24,0
THE CONJURING: LAST RITES,id,The Conjuring: Last Rites,2025-08-25,0
THE CONJURING: LAST RITES,id,The Conjuring: Last Rites,2025-08-26,0
THE CONJURING: LAST RITES,id,The Conjuring: Last Rites,2025-08-28,21
THE CONJURING: LAST RITES,id,The Conjuring: Last Rites,2025-08-29,36
THE CONJURING: LAST RITES,id,The Conjuring: Last Rites,2025-08-30,105
THE CONJURING: LAST RITES,id,The Conjuring: Last Rites,2025-08-31,69
THE CONJURING: LAST RITES,id,The Conjuring: Last Rites,2025-09-01,121
THE CONJURING: LAST RITES,id,The Conjuring: Last Rites,2025-09-02,153
THE CONJURING: LAST RITES,id,The Conjuring: Last Rites,2025-09-03,712
THE CONJURING: LAST RITES,id,The Conjuring: Last Rites,2025-09-04,2615
THE CONJURING: LAST RITES,id,The Conjuring: Last Rites,2025-09-05,3058
THE CONJURING: LAST RITES,id,The Conjuring: Last Rites,2025-09-06,2571
THE CONJURING: LAST RITES,id,The Conjuring: Last Rites,2025-09-07,2202
THE CONJURING: LAST RITES,id,The Conjuring: Last Rites,2025-09-08,1500
THE CONJURING: LAST RITES,id,The Conjuring: Last Rites,2025-09-09,1202
THE CONJURING: LAST RITES,id,The Conjuring: Last Rites,2025-09-10,1089
THE CONJURING: LAST RITES,id,The Conjuring: Last Rites,2025-09-11,1030
THE CONJURING: LAST RITES,id,The Conjuring: Last Rites,2025-09-12,931
THE CONJURING: LAST RITES,id,The Conjuring: Last Rites,2025-09-13,1180
THE CONJURING: LAST RITES,id,The Conjuring: Last Rites,2025-09-14,934
THE CONJURING: LAST RITES (IMAX 2D),en,The Conjuring: Last Rites,2025-07-25,2973
THE CONJURING: LAST RITES (IMAX 2D),en,The Conjuring: Last Rites,2025-07-26,3399
THE CONJURING: LAST RITES (IMAX 2D),en,The Conjuring: Last Rites,2025-07-27,3608
THE CONJURING: LAST RITES (IMAX 2D),en,The Conjuring: Last Rites,2025-07-28,3499
THE CONJURING: LAST RITES (IMAX 2D),en,The Conjuring: Last Rites,2025-07-29,3393
THE CONJURING: LAST RITES (IMAX 2D),en,The Conjuring: Last Rites,2025-07-30,3581
THE CONJURING: LAST RITES (IMAX 2D),en,The Conjuring: Last Rites,2025-07-31,19588
THE CONJURING: LAST RITES (IMAX 2D),en,The Conjuring: Last Rites,2025-08-01,27216
THE CONJURING: LAST RITES (IMAX 2D),en,The Conjuring: Last Rites,2025-08-02,17963
THE CONJURING: LAST RITES (IMAX 2D),en,The Conjuring: Last Rites,2025-08-03,16431
THE CONJURING: LAST RITES (IMAX 2D),en,The Conjuring: Last Rites,2025-08-04,10927
THE CONJURING: LAST RITES (IMAX 2D),en,The Conjuring: Last Rites,2025-08-05,8444
THE CONJURING: LAST RITES (IMAX 2D),en,The Conjuring: Last Rites,2025-08-06,7318
THE CONJURING: LAST RITES (IMAX 2D),en,The Conjuring: Last Rites,2025-08-07,6819
THE CONJURING: LAST RITES (IMAX 2D),en,The Conjuring: Last Rites,2025-08-08,7124
THE CONJURING: LAST RITES (IMAX 2D),en,The Conjuring: Last Rites,2025-08-09,7750
THE CONJURING: LAST RITES (IMAX 2D),en,The Conjuring: Last Rites,2025-08-10,8762
THE CONJURING: LAST RITES (IMAX 2D),en,The Conjuring: Last Rites,2025-08-11,7951
THE CONJURING: LAST RITES (IMAX 2D),en,The Conjuring: Last Rites,2025-08-12,8010
THE CONJURING: LAST RITES (IMAX 2D),en,The Conjuring: Last Rites,2025-08-13,9621
THE CONJURING: LAST RITES (IMAX 2D),en,The Conjuring: Last Rites,2025-08-14,9722
THE CONJURING: LAST RITES (IMAX 2D),en,The Conjuring: Last Rites,2025-08-15,11212
THE CONJURING: LAST RITES (IMAX 2D),en,The Conjuring: Last Rites,2025-08-16,12062
THE CONJURING: LAST RITES (IMAX 2D),en,The Conjuring: Last Rites,2025-08-17,11190
THE CONJURING: LAST RITES (IMAX 2D),en,The Conjuring: Last Rites,2025-08-18,11013
THE CONJURING: LAST RITES (IMAX 2D),en,The Conjuring: Last Rites,2025-08-19,11645
THE CONJURING: LAST RITES (IMAX 2D),en,The Conjuring: Last Rites,2025-08-20,12035
THE CONJURING: LAST RITES (IMAX 2D),en,The Conjuring: Last Rites,2025-08-21,13400
THE CONJURING: LAST RITES (IMAX 2D),en,The Conjuring: Last Rites,2025-08-22,16010
THE CONJURING: LAST RITES (IMAX 2D),en,The Conjuring: Last Rites,2025-08-23,16743
THE CONJURING: LAST RITES (IMAX 2D),en,The Conjuring: Last Rites,2025-08-24,16833
THE CONJURING: LAST RITES (IMAX 2D),en,The Conjuring: Last Rites,2025-08-25,15788
THE CONJURING: LAST RITES (IMAX 2D),en,The Conjuring: Last Rites,2025-08-26,17004
THE CONJURING: LAST RITES (IMAX 2D),en,The Conjuring: Last Rites,2025-08-27,17537
THE CONJURING: LAST RITES (IMAX 2D),en,The Conjuring: Last Rites,2025-08-28,17205
THE CONJURING: LAST RITES (IMAX 2D),en,The Conjuring: Last Rites,2025-08-29,18838
THE CONJURING: LAST RITES (IMAX 2D),en,The Conjuring: Last Rites,2025-08-30,24479
THE CONJURING: LAST RITES (IMAX 2D),en,The Conjuring: Last Rites,2025-08-31,24900
THE CONJURING: LAST RITES (IMAX 2D),en,The Conjuring: Last Rites,2025-09-01,31211
THE CONJURING: LAST RITES (IMAX 2D),en,The Conjuring: Last Rites,2025-09-02,37662
THE CONJURING: LAST RITES (IMAX 2D),en,The Conjuring: Last Rites,2025-09-03,65370
THE CONJURING: LAST RITES (IMAX 2D),en,The Conjuring: Last Rites,2025-09-04,101282
THE CONJURING: LAST RITES (IMAX 2D),en,The Conjuring: Last Rites,2025-09-05,201731
THE CONJURING: LAST RITES (IMAX 2D),en,The Conjuring: Last Rites,2025-09-06,222794
THE CONJURING: LAST RITES (IMAX 2D),en,The Conjuring: Last Rites,2025-09-07,210498
THE CONJURING: LAST RITES (IMAX 2D),en,The Conjuring: Last Rites,2025-09-08,156201
THE CONJURING: LAST RITES (IMAX 2D),en,The Conjuring: Last Rites,2025-09-09,110681
THE CONJURING: LAST RITES (IMAX 2D),id,The Conjuring: Last Rites,2025-08-01,0
THE CONJURING: LAST RITES (IMAX 2D),id,The Conjuring: Last Rites,2025-08-02,0
THE CONJURING: LAST RITES (IMAX 2D),id,The Conjuring: Last Rites,2025-08-03,1
THE CONJURING: LAST RITES (IMAX 2D),id,The Conjuring: Last Rites,2025-08-04,0
THE CONJURING: LAST RITES (IMAX 2D),id,The Conjuring: Last Rites,2025-08-08,1
THE CONJURING: LAST RITES (IMAX 2D),id,The Conjuring: Last Rites,2025-08-11,0
THE CONJURING: LAST RITES (IMAX 2D),id,The Conjuring: Last Rites,2025-08-14,0
THE CONJURING: LAST RITES (IMAX 2D),id,The Conjuring: Last Rites,2025-08-19,0
THE CONJURING: LAST RITES (IMAX 2D),id,The Conjuring: Last Rites,2025-08-20,0
THE CONJURING: LAST RITES (IMAX 2D),id,The Conjuring: Last Rites,2025-08-21,1
THE CONJURING: LAST RITES (IMAX 2D),id,The Conjuring: Last Rites,2025-08-22,0
THE CONJURING: LAST RITES (IMAX 2D),id,The Conjuring: Last Rites,2025-08-23,0
THE CONJURING: LAST RITES (IMAX 2D),id,The Conjuring: Last Rites,2025-08-24,0
THE CONJURING: LAST RITES (IMAX 2D),id,The Conjuring: Last Rites,2025-08-25,0
THE CONJURING: LAST RITES (IMAX 2D),id,The Conjuring: Last Rites,2025-08-26,0
THE CONJURING: LAST RITES (IMAX 2D),id,The Conjuring: Last Rites,2025-08-28,21
THE CONJURING: LAST RITES (IMAX 2D),id,The Conjuring: Last Rites,2025-08-29,36
THE CONJURING: LAST RITES (IMAX 2D),id,The Conjuring: Last Rites,2025-08-30,105
THE CONJURING: LAST RITES (IMAX 2D),id,The Conjuring: Last Rites,2025-08-31,69
THE CONJURING: LAST RITES (IMAX 2D),id,The Conjuring: Last Rites,2025-09-01,121
THE CONJURING: LAST RITES (IMAX 2D),id,The Conjuring: Last Rites,2025-09-02,153
THE CONJURING: LAST RITES (IMAX 2D),id,The Conjuring: Last Rites,2025-09-03,712
THE CONJURING: LAST RITES (IMAX 2D),id,The Conjuring: Last Rites,2025-09-04,2615
THE CONJURING: LAST RITES (IMAX 2D),id,The Conjuring: Last Rites,2025-09-05,3058
THE CONJURING: LAST RITES (IMAX 2D),id,The Conjuring: Last Rites,2025-09-06,2571
THE CONJURING: LAST RITES (IMAX 2D),id,The Conjuring: Last Rites,2025-09-07,2202
THE CONJURING: LAST RITES (IMAX 2D),id,The Conjuring: Last Rites,2025-09-08,1500
THE CONJURING: LAST RITES (IMAX 2D),id,The Conjuring: Last Rites,2025-09-09,1202
THE CONJURING: THE DEVIL MADE ME DO IT (REISSUE),en,The Conjuring: The Devil Made Me Do It,2025-07-25,1464
THE CONJURING: THE DEVIL MADE ME DO IT (REISSUE),en,The Conjuring: The Devil Made Me Do It,2025-07-26,1774
THE CONJURING: THE DEVIL MADE ME DO IT (REISSUE),en,The Conjuring: The Devil Made Me Do It,2025-07-27,1888
THE CONJURING: THE DEVIL MADE ME DO IT (REISSUE),en,The Conjuring: The Devil Made Me Do It,2025-07-28,1702
THE CONJURING: THE DEVIL MADE ME DO IT (REISSUE),en,The Conjuring: The Devil Made Me Do It,2025-07-29,1548
THE CONJURING: THE DEVIL MADE ME DO IT (REISSUE),en,The Conjuring: The Devil Made Me Do It,2025-07-30,1590
THE CONJURING: THE DEVIL MADE ME DO IT (REISSUE),en,The Conjuring: The Devil Made Me Do It,2025-07-31,5831
THE CONJURING: THE DEVIL MADE ME DO IT (REISSUE),en,The Conjuring: The Devil Made Me Do It,2025-08-01,7990
THE CONJURING: THE DEVIL MADE ME DO IT (REISSUE),en,The Conjuring: The Devil Made Me Do It,2025-08-02,6017
THE CONJURING: THE DEVIL MADE ME DO IT (REISSUE),en,The Conjuring: The Devil Made Me Do It,2025-08-03,6563
THE CONJURING: THE DEVIL MADE ME DO IT (REISSUE),en,The Conjuring: The Devil Made Me Do It,2025-08-04,4234
THE CONJURING: THE DEVIL MADE ME DO IT (REISSUE),en,The Conjuring: The Devil Made Me Do It,2025-08-05,3219
THE CONJURING: THE DEVIL MADE ME DO IT (REISSUE),en,The Conjuring: The Devil Made Me Do It,2025-08-06,2851
THE CONJURING: THE DEVIL MADE ME DO IT (REISSUE),en,The Conjuring: The Devil Made Me Do It,2025-08-07,2751
THE CONJURING: THE DEVIL MADE ME DO IT (REISSUE),en,The Conjuring: The Devil Made Me Do It,2025-08-08,2760
THE CONJURING: THE DEVIL MADE ME DO IT (REISSUE),en,The Conjuring: The Devil Made Me Do It,2025-08-09,3306
THE CONJURING: THE DEVIL MADE ME DO IT (REISSUE),en,The Conjuring: The Devil Made Me Do It,2025-08-10,3755
THE CONJURING: THE DEVIL MADE ME DO IT (REISSUE),en,The Conjuring: The Devil Made Me Do It,2025-08-11,3217
THE CONJURING: THE DEVIL MADE ME DO IT (REISSUE),en,The Conjuring: The Devil Made Me Do It,2025-08-12,2844
THE CONJURING: THE DEVIL MADE ME DO IT (REISSUE),en,The Conjuring: The Devil Made Me Do It,2025-08-13,3464
THE CONJURING: THE DEVIL MADE ME DO IT (REISSUE),en,The Conjuring: The Devil Made Me Do It,2025-08-14,3446
THE CONJURING: THE DEVIL MADE ME DO IT (REISSUE),en,The Conjuring: The Devil Made Me Do It,2025-08-15,3628
THE CONJURING: THE DEVIL MADE ME DO IT (REISSUE),en,The Conjuring: The Devil Made Me Do It,2025-08-16,4082
THE CONJURING: THE DEVIL MADE ME DO IT (REISSUE),en,The Conjuring: The Devil Made Me Do It,2025-08-17,4416
THE CONJURING: THE DEVIL MADE ME DO IT (REISSUE),en,The Conjuring: The Devil Made Me Do It,2025-08-18,4029
THE CONJURING: THE DEVIL MADE ME DO IT (REISSUE),en,The Conjuring: The Devil Made Me Do It,2025-08-19,3868
THE CONJURING: THE DEVIL MADE ME DO IT (REISSUE),en,The Conjuring: The Devil Made Me Do It,2025-08-20,3866
THE CONJURING: THE DEVIL MADE ME DO IT (REISSUE),en,The Conjuring: The Devil Made Me Do It,2025-08-21,4299
THE CONJURING: THE DEVIL MADE ME DO IT (REISSUE),en,The Conjuring: The Devil Made Me Do It,2025-08-22,4662
THE CONJURING: THE DEVIL MADE ME DO IT (REISSUE),en,The Conjuring: The Devil Made Me Do It,2025-08-23,5486
THE CONJURING: THE DEVIL MADE ME DO IT (REISSUE),en,The Conjuring: The Devil Made Me Do It,2025-08-24,6151
THE CONJURING: THE DEVIL MADE ME DO IT (REISSUE),en,The Conjuring: The Devil Made Me Do It,2025-08-25,5535
THE CONJURING: THE DEVIL MADE ME DO IT (REISSUE),en,The Conjuring: The Devil Made Me Do It,2025-08-26,5553
THE CONJURING: THE DEVIL MADE ME DO IT (REISSUE),en,The Conjuring: The Devil Made Me Do It,2025-08-27,5529
THE CONJURING: THE DEVIL MADE ME DO IT (REISSUE),en,The Conjuring: The Devil Made Me Do It,2025-08-28,5459
THE CONJURING: THE DEVIL MADE ME DO IT (REISSUE),en,The Conjuring: The Devil Made Me Do It,2025-08-29,6324
THE CONJURING: THE DEVIL MADE ME DO IT (REISSUE),en,The Conjuring: The Devil Made Me Do It,2025-08-30,8257
THE CONJURING: THE DEVIL MADE ME DO IT (REISSUE),en,The Conjuring: The Devil Made Me Do It,2025-08-31,9643
THE CONJURING: THE DEVIL MADE ME DO IT (REISSUE),en,The Conjuring: The Devil Made Me Do It,2025-09-01,11251
THE CONJURING: THE DEVIL MADE ME DO IT (REISSUE),en,The Conjuring: The Devil Made Me Do It,2025-09-02,12266
THE CONJURING: THE DEVIL MADE ME DO IT (REISSUE),en,The Conjuring: The Devil Made Me Do It,2025-09-03,16265
THE CONJURING: THE DEVIL MADE ME DO IT (REISSUE),en,The Conjuring: The Devil Made Me Do It,2025-09-04,21936
THE CONJURING: THE DEVIL MADE ME DO IT (REISSUE),en,The Conjuring: The Devil Made Me Do It,2025-09-05,37294
THE CONJURING: THE DEVIL MADE ME DO IT (REISSUE),en,The Conjuring: The Devil Made Me Do It,2025-09-06,43308
THE CONJURING: THE DEVIL MADE ME DO IT (REISSUE),en,The Conjuring: The Devil Made Me Do It,2025-09-07,44345
THE CONJURING: THE DEVIL MADE ME DO IT (REISSUE),en,The Conjuring: The Devil Made Me Do It,2025-09-08,33863
THE CONJURING: THE DEVIL MADE ME DO IT (REISSUE),en,The Conjuring: The Devil Made Me Do It,2025-09-09,19567
THE DARK HOUSE,id,The Dark House,2025-06-12,50
THE DARK HOUSE,id,The Dark House,2025-06-13,25
THE FANTASTIC FOUR: FIRST STEPS,en,The Fantastic Four: First Steps,2025-06-17,11294
THE FANTASTIC FOUR: FIRST STEPS,en,The Fantastic Four: First Steps,2025-06-18,10884
THE FANTASTIC FOUR: FIRST STEPS,en,The Fantastic Four: First Steps,2025-06-19,11355
THE FANTASTIC FOUR: FIRST STEPS,en,The Fantastic Four: First Steps,2025-06-20,11781
THE FANTASTIC FOUR: FIRST STEPS,en,The Fantastic Four: First Steps,2025-06-21,10931
THE FANTASTIC FOUR: FIRST STEPS,en,The Fantastic Four: First Steps,2025-06-22,10175
THE FANTASTIC FOUR: FIRST STEPS,en,The Fantastic Four: First Steps,2025-06-23,12163
THE FANTASTIC FOUR: FIRST STEPS,en,The Fantastic Four: First Steps,2025-06-24,12145
THE FANTASTIC FOUR: FIRST STEPS,en,The Fantastic Four: First Steps,2025-06-25,30489
THE FANTASTIC FOUR: FIRST STEPS,en,The Fantastic Four: First Steps,2025-06-26,32144
THE FANTASTIC FOUR: FIRST STEPS,en,The Fantastic Four: First Steps,2025-06-27,22651
THE FANTASTIC FOUR: FIRST STEPS,en,The Fantastic Four: First Steps,2025-06-28,19205
THE FANTASTIC FOUR: FIRST STEPS,en,The Fantastic Four: First Steps,2025-06-29,19091
THE FANTASTIC FOUR: FIRST STEPS,en,The Fantastic Four: First Steps,2025-06-30,17359
THE FANTASTIC FOUR: FIRST STEPS,en,The Fantastic Four: First Steps,2025-07-01,18285
THE FANTASTIC FOUR: FIRST STEPS,en,The Fantastic Four: First Steps,2025-07-02,18868
THE FANTASTIC FOUR: FIRST STEPS,en,The Fantastic Four: First Steps,2025-07-03,18943
THE FANTASTIC FOUR: FIRST STEPS,en,The Fantastic Four: First Steps,2025-07-04,21967
THE FANTASTIC FOUR: FIRST STEPS,en,The Fantastic Four: First Steps,2025-07-05,26041
THE FANTASTIC FOUR: FIRST STEPS,en,The Fantastic Four: First Steps,2025-07-06,25797
THE FANTASTIC FOUR: FIRST STEPS,en,The Fantastic Four: First Steps,2025-07-07,27225
THE FANTASTIC FOUR: FIRST STEPS,en,The Fantastic Four: First Steps,2025-07-08,28304
THE FANTASTIC FOUR: FIRST STEPS,en,The Fantastic Four: First Steps,2025-07-09,31478
THE FANTASTIC FOUR: FIRST STEPS,en,The Fantastic Four: First Steps,2025-07-10,31323
THE FANTASTIC FOUR: FIRST STEPS,en,The Fantastic Four: First Steps,2025-07-11,34833
THE FANTASTIC FOUR: FIRST STEPS,en,The Fantastic Four: First Steps,2025-07-12,33781
THE FANTASTIC FOUR: FIRST STEPS,en,The Fantastic Four: First Steps,2025-07-13,37436
THE FANTASTIC FOUR: FIRST STEPS,en,The Fantastic Four: First Steps,2025-07-14,44062
THE FANTASTIC FOUR: FIRST STEPS,en,The Fantastic Four: First Steps,2025-07-15,43019
THE FANTASTIC FOUR: FIRST STEPS,en,The Fantastic Four: First Steps,2025-07-16,42679
THE FANTASTIC FOUR: FIRST STEPS,en,The Fantastic Four: First Steps,2025-07-17,43886
THE FANTASTIC FOUR: FIRST STEPS,en,The Fantastic Four: First Steps,2025-07-18,43062
THE FANTASTIC FOUR: FIRST STEPS,en,The Fantastic Four: First Steps,2025-07-19,57334
THE FANTASTIC FOUR: FIRST STEPS,en,The Fantastic Four: First Steps,2025-07-20,68227
THE FANTASTIC FOUR: FIRST STEPS,en,The Fantastic Four: First Steps,2025-07-21,89673
THE FANTASTIC FOUR: FIRST STEPS,en,The Fantastic Four: First Steps,2025-07-22,209446
THE FANTASTIC FOUR: FIRST STEPS,en,The Fantastic Four: First Steps,2025-07-23,285409
THE FANTASTIC FOUR: FIRST STEPS,en,The Fantastic Four: First Steps,2025-07-24,330517
THE FANTASTIC FOUR: FIRST STEPS,en,The Fantastic Four: First Steps,2025-07-25,462062
THE FANTASTIC FOUR: FIRST STEPS,en,The Fantastic Four: First Steps,2025-07-26,416501
THE FANTASTIC FOUR: FIRST STEPS,en,The Fantastic Four: First Steps,2025-07-27,398363
THE FANTASTIC FOUR: FIRST STEPS,en,The Fantastic Four: First Steps,2025-07-28,325192
THE FANTASTIC FOUR: FIRST STEPS,en,The Fantastic Four: First Steps,2025-07-29,236353
THE FANTASTIC FOUR: FIRST STEPS,en,The Fantastic Four: First Steps,2025-07-30,206278
THE FANTASTIC FOUR: FIRST STEPS,en,The Fantastic Four: First Steps,2025-07-31,168569
THE FANTASTIC FOUR: FIRST STEPS,en,The Fantastic Four: First Steps,2025-08-01,156675
THE FANTASTIC FOUR: FIRST STEPS,en,The Fantastic Four: First Steps,2025-08-02,191451
THE FANTASTIC FOUR: FIRST STEPS,id,The Fantastic Four: First Steps,2025-06-17,30
THE FANTASTIC FOUR: FIRST STEPS,id,The Fantastic Four: First Steps,2025-06-18,30
THE FANTASTIC FOUR: FIRST STEPS,id,The Fantastic Four: First Steps,2025-06-19,21
THE FANTASTIC FOUR: FIRST STEPS,id,The Fantastic Four: First Steps,2025-06-20,20
THE FANTASTIC FOUR: FIRST STEPS,id,The Fantastic Four: First Steps,2025-06-21,27
THE FANTASTIC FOUR: FIRST STEPS,id,The Fantastic Four: First Steps,2025-06-22,32
THE FANTASTIC FOUR: FIRST STEPS,id,The Fantastic Four: First Steps,2025-06-23,32
THE FANTASTIC FOUR: FIRST STEPS,id,The Fantastic Four: First Steps,2025-06-24,40
THE FANTASTIC FOUR: FIRST STEPS,id,The Fantastic Four: First Steps,2025-06-25,69
THE FANTASTIC FOUR: FIRST STEPS,id,The Fantastic Four: First Steps,2025-06-26,77
THE FANTASTIC FOUR: FIRST STEPS,id,The Fantastic Four: First Steps,2025-06-27,59
THE FANTASTIC FOUR: FIRST STEPS,id,The Fantastic Four: First Steps,2025-06-28,52
THE FANTASTIC FOUR: FIRST STEPS,id,The Fantastic Four: First Steps,2025-06-29,47
THE FANTASTIC FOUR: FIRST STEPS,id,The Fantastic Four: First Steps,2025-06-30,34
THE FANTASTIC FOUR: FIRST STEPS,id,The Fantastic Four: First Steps,2025-07-01,50
THE FANTASTIC FOUR: FIRST STEPS,id,The Fantastic Four: First Steps,2025-07-02,61
THE FANTASTIC FOUR: FIRST STEPS,id,The Fantastic Four: First Steps,2025-07-03,60
THE FANTASTIC FOUR: FIRST STEPS,id,The Fantastic Four: First Steps,2025-07-04,52
THE FANTASTIC FOUR: FIRST STEPS,id,The Fantastic Four: First Steps,2025-07-05,68
THE FANTASTIC FOUR: FIRST STEPS,id,The Fantastic Four: First Steps,2025-07-06,72
THE FANTASTIC FOUR: FIRST STEPS,id,The Fantastic Four: First Steps,2025-07-07,80
THE FANTASTIC FOUR: FIRST STEPS,id,The Fantastic Four: First Steps,2025-07-08,60
THE FANTASTIC FOUR: FIRST STEPS,id,The Fantastic Four: First Steps,2025-07-09,115
THE FANTASTIC FOUR: FIRST STEPS,id,The Fantastic Four: First Steps,2025-07-10,116
THE FANTASTIC FOUR: FIRST STEPS,id,The Fantastic Four: First Steps,2025-07-11,112
THE FANTASTIC FOUR: FIRST STEPS,id,The Fantastic Four: First Steps,2025-07-12,101
THE FANTASTIC FOUR: FIRST STEPS,id,The Fantastic Four: First Steps,2025-07-13,105
THE FANTASTIC FOUR: FIRST STEPS,id,The Fantastic Four: First Steps,2025-07-14,97
THE FANTASTIC FOUR: FIRST STEPS,id,The Fantastic Four: First Steps,2025-07-15,115
THE FANTASTIC FOUR: FIRST STEPS,id,The Fantastic Four: First Steps,2025-07-16,84
THE FANTASTIC FOUR: FIRST STEPS,id,The Fantastic Four: First Steps,2025-07-17,83
THE FANTASTIC FOUR: FIRST STEPS,id,The Fantastic Four: First Steps,2025-07-18,121
THE FANTASTIC FOUR: FIRST STEPS,id,The Fantastic Four: First Steps,2025-07-19,203
THE FANTASTIC FOUR: FIRST STEPS,id,The Fantastic Four: First Steps,2025-07-20,170
THE FANTASTIC FOUR: FIRST STEPS,id,The Fantastic Four: First Steps,2025-07-21,289
THE FANTASTIC FOUR: FIRST STEPS,id,The Fantastic Four: First Steps,2025-07-22,558
THE FANTASTIC FOUR: FIRST STEPS,id,The Fantastic Four: First Steps,2025-07-23,1727
THE FANTASTIC FOUR: FIRST STEPS,id,The Fantastic Four: First Steps,2025-07-24,1284
THE FANTASTIC FOUR: FIRST STEPS,id,The Fantastic Four: First Steps,2025-07-25,1431
THE FANTASTIC FOUR: FIRST STEPS,id,The Fantastic Four: First Steps,2025-07-26,1555
THE FANTASTIC FOUR: FIRST STEPS,id,The Fantastic Four: First Steps,2025-07-27,1229
THE FANTASTIC FOUR: FIRST STEPS,id,The Fantastic Four: First Steps,2025-07-28,981
THE FANTASTIC FOUR: FIRST STEPS,id,The Fantastic Four: First Steps,2025-07-29,767
THE FANTASTIC FOUR: FIRST STEPS,id,The Fantastic Four: First Steps,2025-07-30,646
THE FANTASTIC FOUR: FIRST STEPS,id,The Fantastic Four: First Steps,2025-07-31,580
THE FANTASTIC FOUR: FIRST STEPS,id,The Fantastic Four: First Steps,2025-08-01,527
THE FANTASTIC FOUR: FIRST STEPS,id,The Fantastic Four: First Steps,2025-08-02,694
THE FANTASTIC FOUR: FIRST STEPS (3D),en,The Fantastic Four: First Steps,2025-06-18,10884
THE FANTASTIC FOUR: FIRST STEPS (3D),en,The Fantastic Four: First Steps,2025-06-19,11355
THE FANTASTIC FOUR: FIRST STEPS (3D),en,The Fantastic Four: First Steps,2025-06-20,11781
THE FANTASTIC FOUR: FIRST STEPS (3D),en,The Fantastic Four: First Steps,2025-06-21,10931
THE FANTASTIC FOUR: FIRST STEPS (3D),en,The Fantastic Four: First Steps,2025-06-22,10175
THE FANTASTIC FOUR: FIRST STEPS (3D),en,The Fantastic Four: First Steps,2025-06-23,12163
THE FANTASTIC FOUR: FIRST STEPS (3D),en,The Fantastic Four: First Steps,2025-06-24,12145
THE FANTASTIC FOUR: FIRST STEPS (3D),en,The Fantastic Four: First Steps,2025-06-25,30489
THE FANTASTIC FOUR: FIRST STEPS (3D),en,The Fantastic Four: First Steps,2025-06-26,32144
THE FANTASTIC FOUR: FIRST STEPS (3D),en,The Fantastic Four: First Steps,2025-06-27,22651
THE FANTASTIC FOUR: FIRST STEPS (3D),en,The Fantastic Four: First Steps,2025-06-28,19205
THE FANTASTIC FOUR: FIRST STEPS (3D),en,The Fantastic Four: First Steps,2025-06-29,19091
THE FANTASTIC FOUR: FIRST STEPS (3D),en,The Fantastic Four: First Steps,2025-06-30,17359
THE FANTASTIC FOUR: FIRST STEPS (3D),en,The Fantastic Four: First Steps,2025-07-01,18285
THE FANTASTIC FOUR: FIRST STEPS (3D),en,The Fantastic Four: First Steps,2025-07-02,18868
THE FANTASTIC FOUR: FIRST STEPS (3D),en,The Fantastic Four: First Steps,2025-07-03,18943
THE FANTASTIC FOUR: FIRST STEPS (3D),en,The Fantastic Four: First Steps,2025-07-04,21967
THE FANTASTIC FOUR: FIRST STEPS (3D),en,The Fantastic Four: First Steps,2025-07-05,26041
THE FANTASTIC FOUR: FIRST STEPS (3D),en,The Fantastic Four: First Steps,2025-07-06,25797
THE FANTASTIC FOUR: FIRST STEPS (3D),en,The Fantastic Four: First Steps,2025-07-07,27225
THE FANTASTIC FOUR: FIRST STEPS (3D),en,The Fantastic Four: First Steps,2025-07-08,28304
THE FANTASTIC FOUR: FIRST STEPS (3D),en,The Fantastic Four: First Steps,2025-07-09,31478
THE FANTASTIC FOUR: FIRST STEPS (3D),en,The Fantastic Four: First Steps,2025-07-10,31323
THE FANTASTIC FOUR: FIRST STEPS (3D),en,The Fantastic Four: First Steps,2025-07-11,34833
THE FANTASTIC FOUR: FIRST STEPS (3D),en,The Fantastic Four: First Steps,2025-07-12,33781
THE FANTASTIC FOUR: FIRST STEPS (3D),en,The Fantastic Four: First Steps,2025-07-13,37436
THE FANTASTIC FOUR: FIRST STEPS (3D),en,The Fantastic Four: First Steps,2025-07-14,44062
THE FANTASTIC FOUR: FIRST STEPS (3D),en,The Fantastic Four: First Steps,2025-07-15,43019
THE FANTASTIC FOUR: FIRST STEPS (3D),en,The Fantastic Four: First Steps,2025-07-16,42679
THE FANTASTIC FOUR: FIRST STEPS (3D),en,The Fantastic Four: First Steps,2025-07-17,43886
THE FANTASTIC FOUR: FIRST STEPS (3D),en,The Fantastic Four: First Steps,2025-07-18,43062
THE FANTASTIC FOUR: FIRST STEPS (3D),en,The Fantastic Four: First Steps,2025-07-19,57334
THE FANTASTIC FOUR: FIRST STEPS (3D),en,The Fantastic Four: First Steps,2025-07-20,68227
THE FANTASTIC FOUR: FIRST STEPS (3D),en,The Fantastic Four: First Steps,2025-07-21,89673
THE FANTASTIC FOUR: FIRST STEPS (3D),en,The Fantastic Four: First Steps,2025-07-22,209446
THE FANTASTIC FOUR: FIRST STEPS (3D),en,The Fantastic Four: First Steps,2025-07-23,285409
THE FANTASTIC FOUR: FIRST STEPS (3D),en,The Fantastic Four: First Steps,2025-07-24,330517
THE FANTASTIC FOUR: FIRST STEPS (3D),en,The Fantastic Four: First Steps,2025-07-25,462062
THE FANTASTIC FOUR: FIRST STEPS (3D),en,The Fantastic Four: First Steps,2025-07-26,416501
THE FANTASTIC FOUR: FIRST STEPS (3D),en,The Fantastic Four: First Steps,2025-07-27,398363
THE FANTASTIC FOUR: FIRST STEPS (3D),en,The Fantastic Four: First Steps,2025-07-28,325192
THE FANTASTIC FOUR: FIRST STEPS (3D),en,The Fantastic Four: First Steps,2025-07-29,236353
THE FANTASTIC FOUR: FIRST STEPS (3D),en,The Fantastic Four: First Steps,2025-07-30,206278
THE FANTASTIC FOUR: FIRST STEPS (3D),en,The Fantastic Four: First Steps,2025-07-31,168569
THE FANTASTIC FOUR: FIRST STEPS (3D),en,The Fantastic Four: First Steps,2025-08-01,156675
THE FANTASTIC FOUR: FIRST STEPS (3D),en,The Fantastic Four: First Steps,2025-08-02,191451
THE FANTASTIC FOUR: FIRST STEPS (3D),en,The Fantastic Four: First Steps,2025-08-03,276313
THE FANTASTIC FOUR: FIRST STEPS (3D),id,The Fantastic Four: First Steps,2025-06-18,30
THE FANTASTIC FOUR: FIRST STEPS (3D),id,The Fantastic Four: First Steps,2025-06-19,21
THE FANTASTIC FOUR: FIRST STEPS (3D),id,The Fantastic Four: First Steps,2025-06-20,20
THE FANTASTIC FOUR: FIRST STEPS (3D),id,The Fantastic Four: First Steps,2025-06-21,27
THE FANTASTIC FOUR: FIRST STEPS (3D),id,The Fantastic Four: First Steps,2025-06-22,32
THE FANTASTIC FOUR: FIRST STEPS (3D),id,The Fantastic Four: First Steps,2025-06-23,32
THE FANTASTIC FOUR: FIRST STEPS (3D),id,The Fantastic Four: First Steps,2025-06-24,40
THE FANTASTIC FOUR: FIRST STEPS (3D),id,The Fantastic Four: First Steps,2025-06-25,69
THE FANTASTIC FOUR: FIRST STEPS (3D),id,The Fantastic Four: First Steps,2025-06-26,77
THE FANTASTIC FOUR: FIRST STEPS (3D),id,The Fantastic Four: First Steps,2025-06-27,59
THE FANTASTIC FOUR: FIRST STEPS (3D),id,The Fantastic Four: First Steps,2025-06-28,52
THE FANTASTIC FOUR: FIRST STEPS (3D),id,The Fantastic Four: First Steps,2025-06-29,47
THE FANTASTIC FOUR: FIRST STEPS (3D),id,The Fantastic Four: First Steps,2025-06-30,34
THE FANTASTIC FOUR: FIRST STEPS (3D),id,The Fantastic Four: First Steps,2025-07-01,50
THE FANTASTIC FOUR: FIRST STEPS (3D),id,The Fantastic Four: First Steps,2025-07-02,61
THE FANTASTIC FOUR: FIRST STEPS (3D),id,The Fantastic Four: First Steps,2025-07-03,60
THE FANTASTIC FOUR: FIRST STEPS (3D),id,The Fantastic Four: First Steps,2025-07-04,52
THE FANTASTIC FOUR: FIRST STEPS (3D),id,The Fantastic Four: First Steps,2025-07-05,68
THE FANTASTIC FOUR: FIRST STEPS (3D),id,The Fantastic Four: First Steps,2025-07-06,72
THE FANTASTIC FOUR: FIRST STEPS (3D),id,The Fantastic Four: First Steps,2025-07-07,80
THE FANTASTIC FOUR: FIRST STEPS (3D),id,The Fantastic Four: First Steps,2025-07-08,60
THE FANTASTIC FOUR: FIRST STEPS (3D),id,The Fantastic Four: First Steps,2025-07-09,115
THE FANTASTIC FOUR: FIRST STEPS (3D),id,The Fantastic Four: First Steps,2025-07-10,116
THE FANTASTIC FOUR: FIRST STEPS (3D),id,The Fantastic Four: First Steps,2025-07-11,112
THE FANTASTIC FOUR: FIRST STEPS (3D),id,The Fantastic Four: First Steps,2025-07-12,101
THE FANTASTIC FOUR: FIRST STEPS (3D),id,The Fantastic Four: First Steps,2025-07-13,105
THE FANTASTIC FOUR: FIRST STEPS (3D),id,The Fantastic Four: First Steps,2025-07-14,97
THE FANTASTIC FOUR: FIRST STEPS (3D),id,The Fantastic Four: First Steps,2025-07-15,115
THE FANTASTIC FOUR: FIRST STEPS (3D),id,The Fantastic Four: First Steps,2025-07-16,84
THE FANTASTIC FOUR: FIRST STEPS (3D),id,The Fantastic Four: First Steps,2025-07-17,83
THE FANTASTIC FOUR: FIRST STEPS (3D),id,The Fantastic Four: First Steps,2025-07-18,121
THE FANTASTIC FOUR: FIRST STEPS (3D),id,The Fantastic Four: First Steps,2025-07-19,203
THE FANTASTIC FOUR: FIRST STEPS (3D),id,The Fantastic Four: First Steps,2025-07-20,170
THE FANTASTIC FOUR: FIRST STEPS (3D),id,The Fantastic Four: First Steps,2025-07-21,289
THE FANTASTIC FOUR: FIRST STEPS (3D),id,The Fantastic Four: First Steps,2025-07-22,558
THE FANTASTIC FOUR: FIRST STEPS (3D),id,The Fantastic Four: First Steps,2025-07-23,1727
THE FANTASTIC FOUR: FIRST STEPS (3D),id,The Fantastic Four: First Steps,2025-07-24,1284
THE FANTASTIC FOUR: FIRST STEPS (3D),id,The Fantastic Four: First Steps,2025-07-25,1431
THE FANTASTIC FOUR: FIRST STEPS (3D),id,The Fantastic Four: First Steps,2025-07-26,1555
THE FANTASTIC FOUR: FIRST STEPS (3D),id,The Fantastic Four: First Steps,2025-07-27,1229
THE FANTASTIC FOUR: FIRST STEPS (3D),id,The Fantastic Four: First Steps,2025-07-28,981
THE FANTASTIC FOUR: FIRST STEPS (3D),id,The Fantastic Four: First Steps,2025-07-29,767
THE FANTASTIC FOUR: FIRST STEPS (3D),id,The Fantastic Four: First Steps,2025-07-30,646
THE FANTASTIC FOUR: FIRST STEPS (3D),id,The Fantastic Four: First Steps,2025-07-31,580
THE FANTASTIC FOUR: FIRST STEPS (3D),id,The Fantastic Four: First Steps,2025-08-01,527
THE FANTASTIC FOUR: FIRST STEPS (3D),id,The Fantastic Four: First Steps,2025-08-02,694
THE FANTASTIC FOUR: FIRST STEPS (3D),id,The Fantastic Four: First Steps,2025-08-03,660
THE FANTASTIC FOUR: FIRST STEPS (IMAX 2D),en,The Fantastic Four: First Steps,2025-06-17,11294
THE FANTASTIC FOUR: FIRST STEPS (IMAX 2D),en,The Fantastic Four: First Steps,2025-06-18,10884
THE FANTASTIC FOUR: FIRST STEPS (IMAX 2D),en,The Fantastic Four: First Steps,2025-06-19,11355
THE FANTASTIC FOUR: FIRST STEPS (IMAX 2D),en,The Fantastic Four: First Steps,2025-06-20,11781
THE FANTASTIC FOUR: FIRST STEPS (IMAX 2D),en,The Fantastic Four: First Steps,2025-06-21,10931
THE FANTASTIC FOUR: FIRST STEPS (IMAX 2D),en,The Fantastic Four: First Steps,2025-06-22,10175
THE FANTASTIC FOUR: FIRST STEPS (IMAX 2D),en,The Fantastic Four: First Steps,2025-06-23,12163
THE FANTASTIC FOUR: FIRST STEPS (IMAX 2D),en,The Fantastic Four: First Steps,2025-06-24,12145
THE FANTASTIC FOUR: FIRST STEPS (IMAX 2D),en,The Fantastic Four: First Steps,2025-06-25,30489
THE FANTASTIC FOUR: FIRST STEPS (IMAX 2D),en,The Fantastic Four: First Steps,2025-06-26,32144
THE FANTASTIC FOUR: FIRST STEPS (IMAX 2D),en,The Fantastic Four: First Steps,2025-06-27,22651
THE FANTASTIC FOUR: FIRST STEPS (IMAX 2D),en,The Fantastic Four: First Steps,2025-06-28,19205
THE FANTASTIC FOUR: FIRST STEPS (IMAX 2D),en,The Fantastic Four: First Steps,2025-06-29,19091
THE FANTASTIC FOUR: FIRST STEPS (IMAX 2D),en,The Fantastic Four: First Steps,2025-06-30,17359
THE FANTASTIC FOUR: FIRST STEPS (IMAX 2D),en,The Fantastic Four: First Steps,2025-07-01,18285
THE FANTASTIC FOUR: FIRST STEPS (IMAX 2D),en,The Fantastic Four: First Steps,2025-07-02,18868
THE FANTASTIC FOUR: FIRST STEPS (IMAX 2D),en,The Fantastic Four: First Steps,2025-07-03,18943
THE FANTASTIC FOUR: FIRST STEPS (IMAX 2D),en,The Fantastic Four: First Steps,2025-07-04,21967
THE FANTASTIC FOUR: FIRST STEPS (IMAX 2D),en,The Fantastic Four: First Steps,2025-07-05,26041
THE FANTASTIC FOUR: FIRST STEPS (IMAX 2D),en,The Fantastic Four: First Steps,2025-07-06,25797
THE FANTASTIC FOUR: FIRST STEPS (IMAX 2D),en,The Fantastic Four: First Steps,2025-07-07,27225
THE FANTASTIC FOUR: FIRST STEPS (IMAX 2D),en,The Fantastic Four: First Steps,2025-07-08,28304
THE FANTASTIC FOUR: FIRST STEPS (IMAX 2D),en,The Fantastic Four: First Steps,2025-07-09,31478
THE FANTASTIC FOUR: FIRST STEPS (IMAX 2D),en,The Fantastic Four: First Steps,2025-07-10,31323
THE FANTASTIC FOUR: FIRST STEPS (IMAX 2D),en,The Fantastic Four: First Steps,2025-07-11,34833
THE FANTASTIC FOUR: FIRST STEPS (IMAX 2D),en,The Fantastic Four: First Steps,2025-07-12,33781
THE FANTASTIC FOUR: FIRST STEPS (IMAX 2D),en,The Fantastic Four: First Steps,2025-07-13,37436
THE FANTASTIC FOUR: FIRST STEPS (IMAX 2D),en,The Fantastic Four: First Steps,2025-07-14,44062
THE FANTASTIC FOUR: FIRST STEPS (IMAX 2D),en,The Fantastic Four: First Steps,2025-07-15,43019
THE FANTASTIC FOUR: FIRST STEPS (IMAX 2D),en,The Fantastic Four: First Steps,2025-07-16,42679
THE FANTASTIC FOUR: FIRST STEPS (IMAX 2D),en,The Fantastic Four: First Steps,2025-07-17,43886
THE FANTASTIC FOUR: FIRST STEPS (IMAX 2D),en,The Fantastic Four: First Steps,2025-07-18,43062
THE FANTASTIC FOUR: FIRST STEPS (IMAX 2D),en,The Fantastic Four: First Steps,2025-07-19,57334
THE FANTASTIC FOUR: FIRST STEPS (IMAX 2D),en,The Fantastic Four: First Steps,2025-07-20,68227
THE FANTASTIC FOUR: FIRST STEPS (IMAX 2D),en,The Fantastic Four: First Steps,2025-07-21,89673
THE FANTASTIC FOUR: FIRST STEPS (IMAX 2D),en,The Fantastic Four: First Steps,2025-07-22,209446
THE FANTASTIC FOUR: FIRST STEPS (IMAX 2D),en,The Fantastic Four: First Steps,2025-07-23,285409
THE FANTASTIC FOUR: FIRST STEPS (IMAX 2D),en,The Fantastic Four: First Steps,2025-07-24,330517
THE FANTASTIC FOUR: FIRST STEPS (IMAX 2D),en,The Fantastic Four: First Steps,2025-07-25,462062
THE FANTASTIC FOUR: FIRST STEPS (IMAX 2D),en,The Fantastic Four: First Steps,2025-07-26,416501
THE FANTASTIC FOUR: FIRST STEPS (IMAX 2D),en,The Fantastic Four: First Steps,2025-07-27,398363
THE FANTASTIC FOUR: FIRST STEPS (IMAX 2D),en,The Fantastic Four: First Steps,2025-07-28,325192
THE FANTASTIC FOUR: FIRST STEPS (IMAX 2D),en,The Fantastic Four: First Steps,2025-07-29,236353
THE FANTASTIC FOUR: FIRST STEPS (IMAX 2D),en,The Fantastic Four: First Steps,2025-07-30,206278
THE FANTASTIC FOUR: FIRST STEPS (IMAX 2D),en,The Fantastic Four: First Steps,2025-07-31,168569
THE FANTASTIC FOUR: FIRST STEPS (IMAX 2D),en,The Fantastic Four: First Steps,2025-08-01,156675
THE FANTASTIC FOUR: FIRST STEPS (IMAX 2D),en,The Fantastic Four: First Steps,2025-08-02,191451
THE FANTASTIC FOUR: FIRST STEPS (IMAX 2D),id,The Fantastic Four: First Steps,2025-06-17,30
THE FANTASTIC FOUR: FIRST STEPS (IMAX 2D),id,The Fantastic Four: First Steps,2025-06-18,30
THE FANTASTIC FOUR: FIRST STEPS (IMAX 2D),id,The Fantastic Four: First Steps,2025-06-19,21
THE FANTASTIC FOUR: FIRST STEPS (IMAX 2D),id,The Fantastic Four: First Steps,2025-06-20,20
THE FANTASTIC FOUR: FIRST STEPS (IMAX 2D),id,The Fantastic Four: First Steps,2025-06-21,27
THE FANTASTIC FOUR: FIRST STEPS (IMAX 2D),id,The Fantastic Four: First Steps,2025-06-22,32
THE FANTASTIC FOUR: FIRST STEPS (IMAX 2D),id,The Fantastic Four: First Steps,2025-06-23,32
THE FANTASTIC FOUR: FIRST STEPS (IMAX 2D),id,The Fantastic Four: First Steps,2025-06-24,40
THE FANTASTIC FOUR: FIRST STEPS (IMAX 2D),id,The Fantastic Four: First Steps,2025-06-25,69
THE FANTASTIC FOUR: FIRST STEPS (IMAX 2D),id,The Fantastic Four: First Steps,2025-06-26,77
THE FANTASTIC FOUR: FIRST STEPS (IMAX 2D),id,The Fantastic Four: First Steps,2025-06-27,59
THE FANTASTIC FOUR: FIRST STEPS (IMAX 2D),id,The Fantastic Four: First Steps,2025-06-28,52
THE FANTASTIC FOUR: FIRST STEPS (IMAX 2D),id,The Fantastic Four: First Steps,2025-06-29,47
THE FANTASTIC FOUR: FIRST STEPS (IMAX 2D),id,The Fantastic Four: First Steps,2025-06-30,34
THE FANTASTIC FOUR: FIRST STEPS (IMAX 2D),id,The Fantastic Four: First Steps,2025-07-01,50
THE FANTASTIC FOUR: FIRST STEPS (IMAX 2D),id,The Fantastic Four: First Steps,2025-07-02,61
THE FANTASTIC FOUR: FIRST STEPS (IMAX 2D),id,The Fantastic Four: First Steps,2025-07-03,60
THE FANTASTIC FOUR: FIRST STEPS (IMAX 2D),id,The Fantastic Four: First Steps,2025-07-04,52
THE FANTASTIC FOUR: FIRST STEPS (IMAX 2D),id,The Fantastic Four: First Steps,2025-07-05,68
THE FANTASTIC FOUR: FIRST STEPS (IMAX 2D),id,The Fantastic Four: First Steps,2025-07-06,72
THE FANTASTIC FOUR: FIRST STEPS (IMAX 2D),id,The Fantastic Four: First Steps,2025-07-07,80
THE FANTASTIC FOUR: FIRST STEPS (IMAX 2D),id,The Fantastic Four: First Steps,2025-07-08,60
THE FANTASTIC FOUR: FIRST STEPS (IMAX 2D),id,The Fantastic Four: First Steps,2025-07-09,115
THE FANTASTIC FOUR: FIRST STEPS (IMAX 2D),id,The Fantastic Four: First Steps,2025-07-10,116
THE FANTASTIC FOUR: FIRST STEPS (IMAX 2D),id,The Fantastic Four: First Steps,2025-07-11,112
THE FANTASTIC FOUR: FIRST STEPS (IMAX 2D),id,The Fantastic Four: First Steps,2025-07-12,101
THE FANTASTIC FOUR: FIRST STEPS (IMAX 2D),id,The Fantastic Four: First Steps,2025-07-13,105
THE FANTASTIC FOUR: FIRST STEPS (IMAX 2D),id,The Fantastic Four: First Steps,2025-07-14,97
THE FANTASTIC FOUR: FIRST STEPS (IMAX 2D),id,The Fantastic Four: First Steps,2025-07-15,115
THE FANTASTIC FOUR: FIRST STEPS (IMAX 2D),id,The Fantastic Four: First Steps,2025-07-16,84
THE FANTASTIC FOUR: FIRST STEPS (IMAX 2D),id,The Fantastic Four: First Steps,2025-07-17,83
THE FANTASTIC FOUR: FIRST STEPS (IMAX 2D),id,The Fantastic Four: First Steps,2025-07-18,121
THE FANTASTIC FOUR: FIRST STEPS (IMAX 2D),id,The Fantastic Four: First Steps,2025-07-19,203
THE FANTASTIC FOUR: FIRST STEPS (IMAX 2D),id,The Fantastic Four: First Steps,2025-07-20,170
THE FANTASTIC FOUR: FIRST STEPS (IMAX 2D),id,The Fantastic Four: First Steps,2025-07-21,289
THE FANTASTIC FOUR: FIRST STEPS (IMAX 2D),id,The Fantastic Four: First Steps,2025-07-22,558
THE FANTASTIC FOUR: FIRST STEPS (IMAX 2D),id,The Fantastic Four: First Steps,2025-07-23,1727
THE FANTASTIC FOUR: FIRST STEPS (IMAX 2D),id,The Fantastic Four: First Steps,2025-07-24,1284
THE FANTASTIC FOUR: FIRST STEPS (IMAX 2D),id,The Fantastic Four: First Steps,2025-07-25,1431
THE FANTASTIC FOUR: FIRST STEPS (IMAX 2D),id,The Fantastic Four: First Steps,2025-07-26,1555
THE FANTASTIC FOUR: FIRST STEPS (IMAX 2D),id,The Fantastic Four: First Steps,2025-07-27,1229
THE FANTASTIC FOUR: FIRST STEPS (IMAX 2D),id,The Fantastic Four: First Steps,2025-07-28,981
THE FANTASTIC FOUR: FIRST STEPS (IMAX 2D),id,The Fantastic Four: First Steps,2025-07-29,767
THE FANTASTIC FOUR: FIRST STEPS (IMAX 2D),id,The Fantastic Four: First Steps,2025-07-30,646
THE FANTASTIC FOUR: FIRST STEPS (IMAX 2D),id,The Fantastic Four: First Steps,2025-07-31,580
THE FANTASTIC FOUR: FIRST STEPS (IMAX 2D),id,The Fantastic Four: First Steps,2025-08-01,527
THE FANTASTIC FOUR: FIRST STEPS (IMAX 2D),id,The Fantastic Four: First Steps,2025-08-02,694
THE FIRST RIDE,en,The First Ride,2025-10-03,712
THE FIRST RIDE,en,The First Ride,2025-10-04,598
THE FIRST RIDE,en,The First Ride,2025-10-05,594
THE FIRST RIDE,en,The First Ride,2025-10-06,567
THE FIRST RIDE,en,The First Ride,2025-10-07,595
THE FIRST RIDE,en,The First Ride,2025-10-08,413
THE FIRST RIDE,en,The First Ride,2025-10-09,444
THE FIRST RIDE,en,The First Ride,2025-10-10,441
THE FIRST RIDE,en,The First Ride,2025-10-11,559
THE FIRST RIDE,en,The First Ride,2025-10-12,487
THE FIRST RIDE,en,The First Ride,2025-10-13,602
THE FIRST RIDE,en,The First Ride,2025-10-14,592
THE FIRST RIDE,en,The First Ride,2025-10-15,590
THE FIRST RIDE,en,The First Ride,2025-10-16,565
THE FIRST RIDE,en,The First Ride,2025-10-17,560
THE FIRST RIDE,en,The First Ride,2025-10-18,574
THE FIRST RIDE,en,The First Ride,2025-10-19,707
THE FIRST RIDE,en,The First Ride,2025-10-20,621
THE FIRST RIDE,en,The First Ride,2025-10-21,573
THE FIRST RIDE,en,The First Ride,2025-10-22,575
THE FIRST RIDE,en,The First Ride,2025-10-23,571
THE FIRST RIDE,en,The First Ride,2025-10-24,655
THE FIRST RIDE,en,The First Ride,2025-10-25,673
THE FIRST RIDE,en,The First Ride,2025-10-26,744
THE FIRST RIDE,en,The First Ride,2025-10-27,3829
THE FIRST RIDE,en,The First Ride,2025-10-28,2213
THE FIRST RIDE,en,The First Ride,2025-10-29,2027
THE FIRST RIDE,en,The First Ride,2025-10-30,1663
THE FIRST RIDE,en,The First Ride,2025-10-31,1336
THE FIRST RIDE,en,The First Ride,2025-11-01,1050
THE FIRST RIDE,en,The First Ride,2025-11-02,1076
THE FIRST RIDE,en,The First Ride,2025-11-03,858
THE FIRST RIDE,en,The First Ride,2025-11-04,974
THE FIRST RIDE,en,The First Ride,2025-11-05,987
THE FIRST RIDE,en,The First Ride,2025-11-06,999
THE FIRST RIDE,en,The First Ride,2025-11-07,1488
THE FIRST RIDE,en,The First Ride,2025-11-08,1410
THE FIRST RIDE,en,The First Ride,2025-11-09,1327
THE FIRST RIDE,en,The First Ride,2025-11-10,1196
THE FIRST RIDE,en,The First Ride,2025-11-11,1053
THE FIRST RIDE,en,The First Ride,2025-11-12,951
THE FIRST RIDE,en,The First Ride,2025-11-13,1038
THE FIRST RIDE,en,The First Ride,2025-11-14,1196
THE FIRST RIDE,en,The First Ride,2025-11-15,1273
THE FIRST RIDE,en,The First Ride,2025-11-16,1355
THE FIRST RIDE,en,The First Ride,2025-11-17,986
THE FIRST RIDE,en,The First Ride,2025-11-18,933
THE FIRST RIDE,id,The First Ride,2025-10-03,62
THE FIRST RIDE,id,The First Ride,2025-10-04,38
THE FIRST RIDE,id,The First Ride,2025-10-05,24
THE FIRST RIDE,id,The First Ride,2025-10-06,26
THE FIRST RIDE,id,The First Ride,2025-10-07,34
THE FIRST RIDE,id,The First Ride,2025-10-08,19
THE FIRST RIDE,id,The First Ride,2025-10-09,52
THE FIRST RIDE,id,The First Ride,2025-10-10,29
THE FIRST RIDE,id,The First Ride,2025-10-11,49
THE FIRST RIDE,id,The First Ride,2025-10-12,26
THE FIRST RIDE,id,The First Ride,2025-10-13,32
THE FIRST RIDE,id,The First Ride,2025-10-14,39
THE FIRST RIDE,id,The First Ride,2025-10-15,27
THE FIRST RIDE,id,The First Ride,2025-10-16,48
THE FIRST RIDE,id,The First Ride,2025-10-17,41
THE FIRST RIDE,id,The First Ride,2025-10-18,30
THE FIRST RIDE,id,The First Ride,2025-10-19,36
THE FIRST RIDE,id,The First Ride,2025-10-20,41
THE FIRST RIDE,id,The First Ride,2025-10-21,53
THE FIRST RIDE,id,The First Ride,2025-10-22,65
THE FIRST RIDE,id,The First Ride,2025-10-23,59
THE FIRST RIDE,id,The First Ride,2025-10-24,74
THE FIRST RIDE,id,The First Ride,2025-10-25,62
THE FIRST RIDE,id,The First Ride,2025-10-26,74
THE FIRST RIDE,id,The First Ride,2025-10-27,193
THE FIRST RIDE,id,The First Ride,2025-10-28,179
THE FIRST RIDE,id,The First Ride,2025-10-29,106
THE FIRST RIDE,id,The First Ride,2025-10-30,86
THE FIRST RIDE,id,The First Ride,2025-10-31,71
THE FIRST RIDE,id,The First Ride,2025-11-01,84
THE FIRST RIDE,id,The First Ride,2025-11-02,71
THE FIRST RIDE,id,The First Ride,2025-11-03,67
THE FIRST RIDE,id,The First Ride,2025-11-04,58
THE FIRST RIDE,id,The First Ride,2025-11-05,68
THE FIRST RIDE,id,The First Ride,2025-11-06,94
THE FIRST RIDE,id,The First Ride,2025-11-07,383
THE FIRST RIDE,id,The First Ride,2025-11-08,435
THE FIRST RIDE,id,The First Ride,2025-11-09,403
THE FIRST RIDE,id,The First Ride,2025-11-10,290
THE FIRST RIDE,id,The First Ride,2025-11-11,321
THE FIRST RIDE,id,The First Ride,2025-11-12,246
THE FIRST RIDE,id,The First Ride,2025-11-13,216
THE FIRST RIDE,id,The First Ride,2025-11-14,144
THE FIRST RIDE,id,The First Ride,2025-11-15,155
THE FIRST RIDE,id,The First Ride,2025-11-16,135
THE FIRST RIDE,id,The First Ride,2025-11-17,131
THE FIRST RIDE,id,The First Ride,2025-11-18,85
THE HOUSEMAID,en,The Housemaid (2025 film),2025-11-26,8800
THE HOUSEMAID,en,The Housemaid (2025 film),2025-11-27,9095
THE HOUSEMAID,en,The Housemaid (2025 film),2025-11-28,9989
THE HOUSEMAID,en,The Housemaid (2025 film),2025-11-29,10136
THE HOUSEMAID,en,The Housemaid (2025 film),2025-11-30,10245
THE HOUSEMAID,en,The Housemaid (2025 film),2025-12-01,11786
THE HOUSEMAID,en,The Housemaid (2025 film),2025-12-02,12065
THE HOUSEMAID,en,The Housemaid (2025 film),2025-12-03,27466
THE HOUSEMAID,en,The Housemaid (2025 film),2025-12-04,25902
THE HOUSEMAID,en,The Housemaid (2025 film),2025-12-05,28516
THE HOUSEMAID,en,The Housemaid (2025 film),2025-12-06,19656
THE HOUSEMAID,en,The Housemaid (2025 film),2025-12-07,18944
THE HOUSEMAID,en,The Housemaid (2025 film),2025-12-08,17566
THE HOUSEMAID,en,The Housemaid (2025 film),2025-12-09,15633
THE HOUSEMAID,en,The Housemaid (2025 film),2025-12-10,16254
THE HOUSEMAID,en,The Housemaid (2025 film),2025-12-11,16579
THE HOUSEMAID,en,The Housemaid (2025 film),2025-12-12,15821
THE HOUSEMAID,en,The Housemaid (2025 film),2025-12-13,14611
THE HOUSEMAID,en,The Housemaid (2025 film),2025-12-14,15004
THE HOUSEMAID,en,The Housemaid (2025 film),2025-12-15,16538
THE HOUSEMAID,en,The Housemaid (2025 film),2025-12-16,37746
THE HOUSEMAID,en,The Housemaid (2025 film),2025-12-17,39124
THE HOUSEMAID,en,The Housemaid (2025 film),2025-12-18,39787
THE HOUSEMAID,en,The Housemaid (2025 film),2025-12-19,62885
THE HOUSEMAID,en,The Housemaid (2025 film),2025-12-20,80608
THE HOUSEMAID,en,The Housemaid (2025 film),2025-12-21,85528
THE HOUSEMAID,en,The Housemaid (2025 film),2025-12-22,86553
THE HOUSEMAID,en,The Housemaid (2025 film),2025-12-23,80390
THE HOUSEMAID,en,The Housemaid (2025 film),2025-12-24,70104
THE HOUSEMAID,en,The Housemaid (2025 film),2025-12-25,64593
THE HOUSEMAID,en,The Housemaid (2025 film),2025-12-26,83568
THE HOUSEMAID,en,The Housemaid (2025 film),2025-12-27,82968
THE HOUSEMAID,en,The Housemaid (2025 film),2025-12-28,91413
THE HOUSEMAID,en,The Housemaid (2025 film),2025-12-29,92824
THE HOUSEMAID,en,The Housemaid (2025 film),2025-12-30,89726
THE HOUSEMAID,en,The Housemaid (2025 film),2025-12-31,75371
THE HOUSEMAID,en,The Housemaid (2025 film),2026-01-01,81626
THE HOUSEMAID,en,The Housemaid (2025 film),2026-01-02,100943
THE HOUSEMAID,en,The Housemaid (2025 film),2026-01-03,107862
THE HOUSEMAID,en,The Housemaid (2025 film),2026-01-04,112140
THE HOUSEMAID,en,The Housemaid (2025 film),2026-01-05,97657
THE HOUSEMAID,en,The Housemaid (2025 film),2026-01-06,95240
THE HOUSEMAID,en,The Housemaid (2025 film),2026-01-07,99055
THE HOUSEMAID,en,The Housemaid (2025 film),2026-01-08,73939
THE HOUSEMAID,en,The Housemaid (2025 film),2026-01-09,68754
THE HOUSEMAID,en,The Housemaid (2025 film),2026-01-10,82045
THE HOUSEMAID,en,The Housemaid (2025 film),2026-01-11,89178
THE KING OF KINGS,en,The King of Kings (2025 film),2025-03-07,1879
THE KING OF KINGS,en,The King of Kings (2025 film),2025-03-08,1946
THE KING OF KINGS,en,The King of Kings (2025 film),2025-03-09,2502
THE KING OF KINGS,en,The King of Kings (2025 film),2025-03-10,2100
THE KING OF KINGS,en,The King of Kings (2025 film),2025-03-11,1863
THE KING OF KINGS,en,The King of Kings (2025 film),2025-03-12,1839
THE KING OF KINGS,en,The King of Kings (2025 film),2025-03-13,1858
THE KING OF KINGS,en,The King of Kings (2025 film),2025-03-14,2035
THE KING OF KINGS,en,The King of Kings (2025 film),2025-03-15,2403
THE KING OF KINGS,en,The King of Kings (2025 film),2025-03-16,2582
THE KING OF KINGS,en,The King of Kings (2025 film),2025-03-17,2253
THE KING OF KINGS,en,The King of Kings (2025 film),2025-03-18,2167
THE KING OF KINGS,en,The King of Kings (2025 film),2025-03-19,2473
THE KING OF KINGS,en,The King of Kings (2025 film),2025-03-20,2664
THE KING OF KINGS,en,The King of Kings (2025 film),2025-03-21,2849
THE KING OF KINGS,en,The King of Kings (2025 film),2025-03-22,3401
THE KING OF KINGS,en,The King of Kings (2025 film),2025-03-23,3934
THE KING OF KINGS,en,The King of Kings (2025 film),2025-03-24,3528
THE KING OF KINGS,en,The King of Kings (2025 film),2025-03-25,3149
THE KING OF KINGS,en,The King of Kings (2025 film),2025-03-26,3075
THE KING OF KINGS,en,The King of Kings (2025 film),2025-03-27,3156
THE KING OF KINGS,en,The King of Kings (2025 film),2025-03-28,3721
THE KING OF KINGS,en,The King of Kings (2025 film),2025-03-29,4676
THE KING OF KINGS,en,The King of Kings (2025 film),2025-03-30,5297
THE KING OF KINGS,en,The King of Kings (2025 film),2025-03-31,4950
THE KING OF KINGS,en,The King of Kings (2025 film),2025-04-01,5914
THE KING OF KINGS,en,The King of Kings (2025 film),2025-04-02,6293
THE KING OF KINGS,en,The King of Kings (2025 film),2025-04-03,5997
THE KING OF KINGS,en,The King of Kings (2025 film),2025-04-04,6682
THE KING OF KINGS,en,The King of Kings (2025 film),2025-04-05,7492
THE KING OF KINGS,en,The King of Kings (2025 film),2025-04-06,8633
THE KING OF KINGS,en,The King of Kings (2025 film),2025-04-07,9857
THE KING OF KINGS,en,The King of Kings (2025 film),2025-04-08,13880
THE KING OF KINGS,en,The King of Kings (2025 film),2025-04-09,13532
THE KING OF KINGS,en,The King of Kings (2025 film),2025-04-10,16279
THE KING OF KINGS,en,The King of Kings (2025 film),2025-04-11,25802
THE KING OF KINGS,en,The King of Kings (2025 film),2025-04-12,33934
THE KING OF KINGS,en,The King of Kings (2025 film),2025-04-13,33193
THE KING OF KINGS,en,The King of Kings (2025 film),2025-04-14,26553
THE KING OF KINGS,en,The King of Kings (2025 film),2025-04-15,22760
THE KING OF KINGS,en,The King of Kings (2025 film),2025-04-16,21295
THE KING OF KINGS,en,The King of Kings (2025 film),2025-04-17,21705
THE KING OF KINGS,en,The King of Kings (2025 film),2025-04-18,32958
THE KING OF KINGS,en,The King of Kings (2025 film),2025-04-19,35243
THE KING OF KINGS,en,The King of Kings (2025 film),2025-04-20,41211
THE KING OF KINGS,en,The King of Kings (2025 film),2025-04-21,29130
THE KING OF KINGS,en,The King of Kings (2025 film),2025-04-22,18590
THE KING OF KINGS,id,The King of Kings (film 2025),2025-04-11,5
THE KING OF KINGS,id,The King of Kings (film 2025),2025-04-12,22
THE KING OF KINGS,id,The King of Kings (film 2025),2025-04-13,10
THE KING OF KINGS,id,The King of Kings (film 2025),2025-04-14,10
THE KING OF KINGS,id,The King of Kings (film 2025),2025-04-15,19
THE KING OF KINGS,id,The King of Kings (film 2025),2025-04-16,45
THE KING OF KINGS,id,The King of Kings (film 2025),2025-04-17,88
THE KING OF KINGS,id,The King of Kings (film 2025),2025-04-18,533
THE KING OF KINGS,id,The King of Kings (film 2025),2025-04-19,342
THE KING OF KINGS,id,The King of Kings (film 2025),2025-04-20,264
THE KING OF KINGS,id,The King of Kings (film 2025),2025-04-21,190
THE KING OF KINGS,id,The King of Kings (film 2025),2025-04-22,132
THE LAST SUPPER,id,The Last Supper (film 2025),2025-03-13,59
THE LAST SUPPER,id,The Last Supper (film 2025),2025-03-14,62
THE LAST SUPPER,id,The Last Supper (film 2025),2025-03-15,128
THE LAST SUPPER,id,The Last Supper (film 2025),2025-03-16,133
THE LAST SUPPER,id,The Last Supper (film 2025),2025-03-17,155
THE LAST SUPPER,id,The Last Supper (film 2025),2025-03-18,227
THE LAST SUPPER,id,The Last Supper (film 2025),2025-03-19,384
THE LAST SUPPER,id,The Last Supper (film 2025),2025-03-20,756
THE LAST SUPPER,id,The Last Supper (film 2025),2025-03-21,671
THE LAST SUPPER,id,The Last Supper (film 2025),2025-03-22,1036
THE LAST SUPPER,id,The Last Supper (film 2025),2025-03-23,1311
THE LAST SUPPER,id,The Last Supper (film 2025),2025-03-24,1187
THE LAST SUPPER,id,The Last Supper (film 2025),2025-03-25,996
THE LAST SUPPER,id,The Last Supper (film 2025),2025-03-26,828
THE LAST SUPPER,id,The Last Supper (film 2025),2025-03-27,1012
THE LAST SUPPER,id,The Last Supper (film 2025),2025-03-28,992
THE LAST SUPPER,id,The Last Supper (film 2025),2025-03-29,1001
THE LAST SUPPER,id,The Last Supper (film 2025),2025-03-30,918
THE LAST SUPPER,id,The Last Supper (film 2025),2025-03-31,558
THE LAST SUPPER,id,The Last Supper (film 2025),2025-04-01,639
THE LAST SUPPER,id,The Last Supper (film 2025),2025-04-02,678
THE LAST SUPPER,id,The Last Supper (film 2025),2025-04-03,575
THE LAST SUPPER,id,The Last Supper (film 2025),2025-04-04,657
THE LAST SUPPER,id,The Last Supper (film 2025),2025-04-05,709
THE LAST SUPPER,id,The Last Supper (film 2025),2025-04-06,762
THE LAST SUPPER,id,The Last Supper (film 2025),2025-04-07,657
THE LAST SUPPER,id,The Last Supper (film 2025),2025-04-08,510
THE LAST SUPPER,id,The Last Supper (film 2025),2025-04-09,401
THE LAST SUPPER,id,The Last Supper (film 2025),2025-04-10,327
THE LAST SUPPER,id,The Last Supper (film 2025),2025-04-11,241
THE LAST SUPPER,id,The Last Supper (film 2025),2025-04-12,302
THE LONG WALK,en,The Long Walk (2025 film),2025-08-05,3270
THE LONG WALK,en,The Long Walk (2025 film),2025-08-06,3769
THE LONG WALK,en,The Long Walk (2025 film),2025-08-07,3829
THE LONG WALK,en,The Long Walk (2025 film),2025-08-08,4268
THE LONG WALK,en,The Long Walk (2025 film),2025-08-09,4039
THE LONG WALK,en,The Long Walk (2025 film),2025-08-10,4527
THE LONG WALK,en,The Long Walk (2025 film),2025-08-11,4302
THE LONG WALK,en,The Long Walk (2025 film),2025-08-12,4013
THE LONG WALK,en,The Long Walk (2025 film),2025-08-13,6895
THE LONG WALK,en,The Long Walk (2025 film),2025-08-14,5017
THE LONG WALK,en,The Long Walk (2025 film),2025-08-15,5321
THE LONG WALK,en,The Long Walk (2025 film),2025-08-16,5372
THE LONG WALK,en,The Long Walk (2025 film),2025-08-17,6149
THE LONG WALK,en,The Long Walk (2025 film),2025-08-18,6706
THE LONG WALK,en,The Long Walk (2025 film),2025-08-19,12626
THE LONG WALK,en,The Long Walk (2025 film),2025-08-20,25257
THE LONG WALK,en,The Long Walk (2025 film),2025-08-21,12107
THE LONG WALK,en,The Long Walk (2025 film),2025-08-22,11887
THE LONG WALK,en,The Long Walk (2025 film),2025-08-23,14902
THE LONG WALK,en,The Long Walk (2025 film),2025-08-24,19811
THE LONG WALK,en,The Long Walk (2025 film),2025-08-25,22531
THE LONG WALK,en,The Long Walk (2025 film),2025-08-26,21303
THE LONG WALK,en,The Long Walk (2025 film),2025-08-27,25624
THE LONG WALK,en,The Long Walk (2025 film),2025-08-28,19468
THE LONG WALK,en,The Long Walk (2025 film),2025-08-29,31932
THE LONG WALK,en,The Long Walk (2025 film),2025-08-30,35350
THE LONG WALK,en,The Long Walk (2025 film),2025-08-31,31840
THE LONG WALK,en,The Long Walk (2025 film),2025-09-01,26805
THE LONG WALK,en,The Long Walk (2025 film),2025-09-02,39186
THE LONG WALK,en,The Long Walk (2025 film),2025-09-03,39030
THE LONG WALK,en,The Long Walk (2025 film),2025-09-04,29047
THE LONG WALK,en,The Long Walk (2025 film),2025-09-05,31613
THE LONG WALK,en,The Long Walk (2025 film),2025-09-06,38080
THE LONG WALK,en,The Long Walk (2025 film),2025-09-07,49409
THE LONG WALK,en,The Long Walk (2025 film),2025-09-08,39422
THE LONG WALK,en,The Long Walk (2025 film),2025-09-09,41808
THE LONG WALK,en,The Long Walk (2025 film),2025-09-10,42671
THE LONG WALK,en,The Long Walk (2025 film),2025-09-11,52927
THE LONG WALK,en,The Long Walk (2025 film),2025-09-12,129279
THE LONG WALK,en,The Long Walk (2025 film),2025-09-13,142761
THE LONG WALK,en,The Long Walk (2025 film),2025-09-14,139866
THE LONG WALK,en,The Long Walk (2025 film),2025-09-15,112856
THE LONG WALK,en,The Long Walk (2025 film),2025-09-16,83096
THE LONG WALK,en,The Long Walk (2025 film),2025-09-17,70570
THE LONG WALK,en,The Long Walk (2025 film),2025-09-18,62523
THE LONG WALK,en,The Long Walk (2025 film),2025-09-19,61206
THE LONG WALK,en,The Long Walk (2025 film),2025-09-20,62567
THE LONG WALK,id,The Long Walk (film 2025),2025-09-10,6
THE LONG WALK,id,The Long Walk (film 2025),2025-09-11,253
THE LONG WALK,id,The Long Walk (film 2025),2025-09-12,704
THE LONG WALK,id,The Long Walk (film 2025),2025-09-13,721
THE LONG WALK,id,The Long Walk (film 2025),2025-09-14,686
THE LONG WALK,id,The Long Walk (film 2025),2025-09-15,575
THE LONG WALK,id,The Long Walk (film 2025),2025-09-16,510
THE LONG WALK,id,The Long Walk (film 2025),2025-09-17,349
THE LONG WALK,id,The Long Walk (film 2025),2025-09-18,290
THE LONG WALK,id,The Long Walk (film 2025),2025-09-19,284
THE LONG WALK,id,The Long Walk (film 2025),2025-09-20,348
THE NAKED GUN,en,The Naked Gun (2025 film),2025-06-23,7109
THE NAKED GUN,en,The Naked Gun (2025 film),2025-06-24,5456
THE NAKED GUN,en,The Naked Gun (2025 film),2025-06-25,4699
THE NAKED GUN,en,The Naked Gun (2025 film),2025-06-26,4469
THE NAKED GUN,en,The Naked Gun (2025 film),2025-06-27,5847
THE NAKED GUN,en,The Naked Gun (2025 film),2025-06-28,10639
THE NAKED GUN,en,The Naked Gun (2025 film),2025-06-29,7400
THE NAKED GUN,en,The Naked Gun (2025 film),2025-06-30,5430
THE NAKED GUN,en,The Naked Gun (2025 film),2025-07-01,5445
THE NAKED GUN,en,The Naked Gun (2025 film),2025-07-02,5176
THE NAKED GUN,en,The Naked Gun (2025 film),2025-07-03,5322
THE NAKED GUN,en,The Naked Gun (2025 film),2025-07-04,5142
THE NAKED GUN,en,The Naked Gun (2025 film),2025-07-05,5273
THE NAKED GUN,en,The Naked Gun (2025 film),2025-07-06,5460
THE NAKED GUN,en,The Naked Gun (2025 film),2025-07-07,5432
THE NAKED GUN,en,The Naked Gun (2025 film),2025-07-08,8244
THE NAKED GUN,en,The Naked Gun (2025 film),2025-07-09,9440
THE NAKED GUN,en,The Naked Gun (2025 film),2025-07-10,8136
THE NAKED GUN,en,The Naked Gun (2025 film),2025-07-11,10616
THE NAKED GUN,en,The Naked Gun (2025 film),2025-07-12,10780
THE NAKED GUN,en,The Naked Gun (2025 film),2025-07-13,12408
THE NAKED GUN,en,The Naked Gun (2025 film),2025-07-14,10265
THE NAKED GUN,en,The Naked Gun (2025 film),2025-07-15,12897
THE NAKED GUN,en,The Naked Gun (2025 film),2025-07-16,11997
THE NAKED GUN,en,The Naked Gun (2025 film),2025-07-17,13861
THE NAKED GUN,en,The Naked Gun (2025 film),2025-07-18,13255
THE NAKED GUN,en,The Naked Gun (2025 film),2025-07-19,15867
THE NAKED GUN,en,The Naked Gun (2025 film),2025-07-20,14866
THE NAKED GUN,en,The Naked Gun (2025 film),2025-07-21,15029
THE NAKED GUN,en,The Naked Gun (2025 film),2025-07-22,17011
THE NAKED GUN,en,The Naked Gun (2025 film),2025-07-23,19141
THE NAKED GUN,en,The Naked Gun (2025 film),2025-07-24,18085
THE NAKED GUN,en,The Naked Gun (2025 film),2025-07-25,19247
THE NAKED GUN,en,The Naked Gun (2025 film),2025-07-26,22198
THE NAKED GUN,en,The Naked Gun (2025 film),2025-07-27,23216
THE NAKED GUN,en,The Naked Gun (2025 film),2025-07-28,23105
THE NAKED GUN,en,The Naked Gun (2025 film),2025-07-29,44567
THE NAKED GUN,en,The Naked Gun (2025 film),2025-07-30,103247
THE NAKED GUN,en,The Naked Gun (2025 film),2025-07-31,116808
THE NAKED GUN,en,The Naked Gun (2025 film),2025-08-01,162178
THE NAKED GUN,en,The Naked Gun (2025 film),2025-08-02,168109
THE NAKED GUN,en,The Naked Gun (2025 film),2025-08-03,158022
THE NAKED GUN,en,The Naked Gun (2025 film),2025-08-04,123641
THE NAKED GUN,en,The Naked Gun (2025 film),2025-08-05,89111
THE NAKED GUN,en,The Naked Gun (2025 film),2025-08-06,69922
THE NAKED GUN,en,The Naked Gun (2025 film),2025-08-07,57294
THE NAKED GUN,en,The Naked Gun (2025 film),2025-08-08,47371
THE PHOENICIAN SCHEME,en,The Phoenician Scheme,2025-05-02,6844
THE PHOENICIAN SCHEME,en,The Phoenician Scheme,2025-05-03,6285
THE PHOENICIAN SCHEME,en,The Phoenician Scheme,2025-05-04,6631
THE PHOENICIAN SCHEME,en,The Phoenician Scheme,2025-05-05,7114
THE PHOENICIAN SCHEME,en,The Phoenician Scheme,2025-05-06,7925
THE PHOENICIAN SCHEME,en,The Phoenician Scheme,2025-05-07,7556
THE PHOENICIAN SCHEME,en,The Phoenician Scheme,2025-05-08,7888
THE PHOENICIAN SCHEME,en,The Phoenician Scheme,2025-05-09,8451
THE PHOENICIAN SCHEME,en,The Phoenician Scheme,2025-05-10,8808
THE PHOENICIAN SCHEME,en,The Phoenician Scheme,2025-05-11,9185
THE PHOENICIAN SCHEME,en,The Phoenician Scheme,2025-05-12,9818
THE PHOENICIAN SCHEME,en,The Phoenician Scheme,2025-05-13,14603
THE PHOENICIAN SCHEME,en,The Phoenician Scheme,2025-05-14,13260
THE PHOENICIAN SCHEME,en,The Phoenician Scheme,2025-05-15,12475
THE PHOENICIAN SCHEME,en,The Phoenician Scheme,2025-05-16,11419
THE PHOENICIAN SCHEME,en,The Phoenician Scheme,2025-05-17,12782
THE PHOENICIAN SCHEME,en,The Phoenician Scheme,2025-05-18,21925
THE PHOENICIAN SCHEME,en,The Phoenician Scheme,2025-05-19,26689
THE PHOENICIAN SCHEME,en,The Phoenician Scheme,2025-05-20,21276
THE PHOENICIAN SCHEME,en,The Phoenician Scheme,2025-05-21,19443
THE PHOENICIAN SCHEME,en,The Phoenician Scheme,2025-05-22,22649
THE PHOENICIAN SCHEME,en,The Phoenician Scheme,2025-05-23,26919
THE PHOENICIAN SCHEME,en,The Phoenician Scheme,2025-05-24,25893
THE PHOENICIAN SCHEME,en,The Phoenician Scheme,2025-05-25,25853
THE PHOENICIAN SCHEME,en,The Phoenician Scheme,2025-05-26,28420
THE PHOENICIAN SCHEME,en,The Phoenician Scheme,2025-05-27,29823
THE PHOENICIAN SCHEME,en,The Phoenician Scheme,2025-05-28,33645
THE PHOENICIAN SCHEME,en,The Phoenician Scheme,2025-05-29,40140
THE PHOENICIAN SCHEME,en,The Phoenician Scheme,2025-05-30,43193
THE PHOENICIAN SCHEME,en,The Phoenician Scheme,2025-05-31,41331
THE PHOENICIAN SCHEME,en,The Phoenician Scheme,2025-06-01,37614
THE PHOENICIAN SCHEME,en,The Phoenician Scheme,2025-06-02,32642
THE PHOENICIAN SCHEME,en,The Phoenician Scheme,2025-06-03,30670
THE PHOENICIAN SCHEME,en,The Phoenician Scheme,2025-06-04,28171
THE PHOENICIAN SCHEME,en,The Phoenician Scheme,2025-06-05,34083
THE PHOENICIAN SCHEME,en,The Phoenician Scheme,2025-06-06,45604
THE PHOENICIAN SCHEME,en,The Phoenician Scheme,2025-06-07,52167
THE PHOENICIAN SCHEME,en,The Phoenician Scheme,2025-06-08,49480
THE PHOENICIAN SCHEME,en,The Phoenician Scheme,2025-06-09,38073
THE PHOENICIAN SCHEME,en,The Phoenician Scheme,2025-06-10,29162
THE PHOENICIAN SCHEME,en,The Phoenician Scheme,2025-06-11,28765
THE PHOENICIAN SCHEME,en,The Phoenician Scheme,2025-06-12,24697
THE PHOENICIAN SCHEME,en,The Phoenician Scheme,2025-06-13,25248
THE PHOENICIAN SCHEME,en,The Phoenician Scheme,2025-06-14,26090
THE PHOENICIAN SCHEME,en,The Phoenician Scheme,2025-06-15,27032
THE PHOENICIAN SCHEME,en,The Phoenician Scheme,2025-06-16,20442
THE PHOENICIAN SCHEME,en,The Phoenician Scheme,2025-06-17,17627
THE PHOENICIAN SCHEME,id,The Phoenician Scheme,2025-05-30,3
THE PHOENICIAN SCHEME,id,The Phoenician Scheme,2025-05-31,4
THE PHOENICIAN SCHEME,id,The Phoenician Scheme,2025-06-01,8
THE PHOENICIAN SCHEME,id,The Phoenician Scheme,2025-06-02,17
THE PHOENICIAN SCHEME,id,The Phoenician Scheme,2025-06-03,12
THE PHOENICIAN SCHEME,id,The Phoenician Scheme,2025-06-04,7
THE PHOENICIAN SCHEME,id,The Phoenician Scheme,2025-06-05,23
THE PHOENICIAN SCHEME,id,The Phoenician Scheme,2025-06-06,97
THE PHOENICIAN SCHEME,id,The Phoenician Scheme,2025-06-07,52
THE PHOENICIAN SCHEME,id,The Phoenician Scheme,2025-06-08,50
THE PHOENICIAN SCHEME,id,The Phoenician Scheme,2025-06-09,40
THE PHOENICIAN SCHEME,id,The Phoenician Scheme,2025-06-10,30
THE PHOENICIAN SCHEME,id,The Phoenician Scheme,2025-06-11,26
THE PHOENICIAN SCHEME,id,The Phoenician Scheme,2025-06-12,26
THE PHOENICIAN SCHEME,id,The Phoenician Scheme,2025-06-13,13
THE PHOENICIAN SCHEME,id,The Phoenician Scheme,2025-06-14,18
THE PHOENICIAN SCHEME,id,The Phoenician Scheme,2025-06-15,13
THE PHOENICIAN SCHEME,id,The Phoenician Scheme,2025-06-16,9
THE PHOENICIAN SCHEME,id,The Phoenician Scheme,2025-06-17,11
THE RITUAL,en,The Ritual (2025 film),2025-04-18,1480
THE RITUAL,en,The Ritual (2025 film),2025-04-19,1628
THE RITUAL,en,The Ritual (2025 film),2025-04-20,1274
THE RITUAL,en,The Ritual (2025 film),2025-04-21,1196
THE RITUAL,en,The Ritual (2025 film),2025-04-22,963
THE RITUAL,en,The Ritual (2025 film),2025-04-23,1015
THE RITUAL,en,The Ritual (2025 film),2025-04-24,1220
THE RITUAL,en,The Ritual (2025 film),2025-04-25,1399
THE RITUAL,en,The Ritual (2025 film),2025-04-26,1223
THE RITUAL,en,The Ritual (2025 film),2025-04-27,1217
THE RITUAL,en,The Ritual (2025 film),2025-04-28,1112
THE RITUAL,en,The Ritual (2025 film),2025-04-29,1051
THE RITUAL,en,The Ritual (2025 film),2025-04-30,988
THE RITUAL,en,The Ritual (2025 film),2025-05-01,1032
THE RITUAL,en,The Ritual (2025 film),2025-05-02,1025
THE RITUAL,en,The Ritual (2025 film),2025-05-03,1032
THE RITUAL,en,The Ritual (2025 film),2025-05-04,1068
THE RITUAL,en,The Ritual (2025 film),2025-05-05,1008
THE RITUAL,en,The Ritual (2025 film),2025-05-06,1713
THE RITUAL,en,The Ritual (2025 film),2025-05-07,2008
THE RITUAL,en,The Ritual (2025 film),2025-05-08,1584
THE RITUAL,en,The Ritual (2025 film),2025-05-09,1481
THE RITUAL,en,The Ritual (2025 film),2025-05-10,1660
THE RITUAL,en,The Ritual (2025 film),2025-05-11,2054
THE RITUAL,en,The Ritual (2025 film),2025-05-12,2084
THE RITUAL,en,The Ritual (2025 film),2025-05-13,1376
THE RITUAL,en,The Ritual (2025 film),2025-05-14,1396
THE RITUAL,en,The Ritual (2025 film),2025-05-15,1448
THE RITUAL,en,The Ritual (2025 film),2025-05-16,1360
THE RITUAL,en,The Ritual (2025 film),2025-05-17,1543
THE RITUAL,en,The Ritual (2025 film),2025-05-18,1671
THE RITUAL,en,The Ritual (2025 film),2025-05-19,1574
THE RITUAL,en,The Ritual (2025 film),2025-05-20,1474
THE RITUAL,en,The Ritual (2025 film),2025-05-21,1815
THE RITUAL,en,The Ritual (2025 film),2025-05-22,1730
THE RITUAL,en,The Ritual (2025 film),2025-05-23,1679
THE RITUAL,en,The Ritual (2025 film),2025-05-24,1726
THE RITUAL,en,The Ritual (2025 film),2025-05-25,1719
THE RITUAL,en,The Ritual (2025 film),2025-05-26,2034
THE RITUAL,en,The Ritual (2025 film),2025-05-27,2669
THE RITUAL,en,The Ritual (2025 film),2025-05-28,2686
THE RITUAL,en,The Ritual (2025 film),2025-05-29,3708
THE RITUAL,en,The Ritual (2025 film),2025-05-30,4176
THE RITUAL,en,The Ritual (2025 film),2025-05-31,5048
THE RITUAL,en,The Ritual (2025 film),2025-06-01,5318
THE RITUAL,en,The Ritual (2025 film),2025-06-02,4607
THE RITUAL,en,The Ritual (2025 film),2025-06-03,5669
THE RUNNING MAN,en,The Running Man (2025 film),2025-10-08,4759
THE RUNNING MAN,en,The Running Man (2025 film),2025-10-09,5367
THE RUNNING MAN,en,The Running Man (2025 film),2025-10-10,10250
THE RUNNING MAN,en,The Running Man (2025 film),2025-10-11,9121
THE RUNNING MAN,en,The Running Man (2025 film),2025-10-12,7465
THE RUNNING MAN,en,The Running Man (2025 film),2025-10-13,18398
THE RUNNING MAN,en,The Running Man (2025 film),2025-10-14,17539
THE RUNNING MAN,en,The Running Man (2025 film),2025-10-15,11773
THE RUNNING MAN,en,The Running Man (2025 film),2025-10-16,10262
THE RUNNING MAN,en,The Running Man (2025 film),2025-10-17,8844
THE RUNNING MAN,en,The Running Man (2025 film),2025-10-18,7981
THE RUNNING MAN,en,The Running Man (2025 film),2025-10-19,9978
THE RUNNING MAN,en,The Running Man (2025 film),2025-10-20,11525
THE RUNNING MAN,en,The Running Man (2025 film),2025-10-21,15815
THE RUNNING MAN,en,The Running Man (2025 film),2025-10-22,11220
THE RUNNING MAN,en,The Running Man (2025 film),2025-10-23,10109
THE RUNNING MAN,en,The Running Man (2025 film),2025-10-24,9458
THE RUNNING MAN,en,The Running Man (2025 film),2025-10-25,12527
THE RUNNING MAN,en,The Running Man (2025 film),2025-10-26,14736
THE RUNNING MAN,en,The Running Man (2025 film),2025-10-27,14170
THE RUNNING MAN,en,The Running Man (2025 film),2025-10-28,15499
THE RUNNING MAN,en,The Running Man (2025 film),2025-10-29,12558
THE RUNNING MAN,en,The Running Man (2025 film),2025-10-30,12834
THE RUNNING MAN,en,The Running Man (2025 film),2025-10-31,13487
THE RUNNING MAN,en,The Running Man (2025 film),2025-11-01,17590
THE RUNNING MAN,en,The Running Man (2025 film),2025-11-02,20837
THE RUNNING MAN,en,The Running Man (2025 film),2025-11-03,20067
THE RUNNING MAN,en,The Running Man (2025 film),2025-11-04,19855
THE RUNNING MAN,en,The Running Man (2025 film),2025-11-05,21637
THE RUNNING MAN,en,The Running Man (2025 film),2025-11-06,30085
THE RUNNING MAN,en,The Running Man (2025 film),2025-11-07,34927
THE RUNNING MAN,en,The Running Man (2025 film),2025-11-08,30898
THE RUNNING MAN,en,The Running Man (2025 film),2025-11-09,32705
THE RUNNING MAN,en,The Running Man (2025 film),2025-11-10,39780
THE RUNNING MAN,en,The Running Man (2025 film),2025-11-11,59290
THE RUNNING MAN,en,The Running Man (2025 film),2025-11-12,72720
THE RUNNING MAN,en,The Running Man (2025 film),2025-11-13,75250
THE RUNNING MAN,en,The Running Man (2025 film),2025-11-14,109148
THE RUNNING MAN,en,The Running Man (2025 film),2025-11-15,110343
THE RUNNING MAN,en,The Running Man (2025 film),2025-11-16,104602
THE RUNNING MAN,en,The Running Man (2025 film),2025-11-17,86781
THE RUNNING MAN,en,The Running Man (2025 film),2025-11-18,55803
THE RUNNING MAN,en,The Running Man (2025 film),2025-11-19,50614
THE RUNNING MAN,en,The Running Man (2025 film),2025-11-20,39752
THE RUNNING MAN,en,The Running Man (2025 film),2025-11-21,33331
THE RUNNING MAN,en,The Running Man (2025 film),2025-11-22,36006
THE RUNNING MAN,en,The Running Man (2025 film),2025-11-23,36722
THE RUNNING MAN (IMAX 2D),en,The Running Man (2025 film),2025-10-08,4759
THE RUNNING MAN (IMAX 2D),en,The Running Man (2025 film),2025-10-09,5367
THE RUNNING MAN (IMAX 2D),en,The Running Man (2025 film),2025-10-10,10250
THE RUNNING MAN (IMAX 2D),en,The Running Man (2025 film),2025-10-11,9121
THE RUNNING MAN (IMAX 2D),en,The Running Man (2025 film),2025-10-12,7465
THE RUNNING MAN (IMAX 2D),en,The Running Man (2025 film),2025-10-13,18398
THE RUNNING MAN (IMAX 2D),en,The Running Man (2025 film),2025-10-14,17539
THE RUNNING MAN (IMAX 2D),en,The Running Man (2025 film),2025-10-15,11773
THE RUNNING MAN (IMAX 2D),en,The Running Man (2025 film),2025-10-16,10262
THE RUNNING MAN (IMAX 2D),en,The Running Man (2025 film),2025-10-17,8844
THE RUNNING MAN (IMAX 2D),en,The Running Man (2025 film),2025-10-18,7981
THE RUNNING MAN (IMAX 2D),en,The Running Man (2025 film),2025-10-19,9978
THE RUNNING MAN (IMAX 2D),en,The Running Man (2025 film),2025-10-20,11525
THE RUNNING MAN (IMAX 2D),en,The Running Man (2025 film),2025-10-21,15815
THE RUNNING MAN (IMAX 2D),en,The Running Man (2025 film),2025-10-22,11220
THE RUNNING MAN (IMAX 2D),en,The Running Man (2025 film),2025-10-23,10109
THE RUNNING MAN (IMAX 2D),en,The Running Man (2025 film),2025-10-24,9458
THE RUNNING MAN (IMAX 2D),en,The Running Man (2025 film),2025-10-25,12527
THE RUNNING MAN (IMAX 2D),en,The Running Man (2025 film),2025-10-26,14736
THE RUNNING MAN (IMAX 2D),en,The Running Man (2025 film),2025-10-27,14170
THE RUNNING MAN (IMAX 2D),en,The Running Man (2025 film),2025-10-28,15499
THE RUNNING MAN (IMAX 2D),en,The Running Man (2025 film),2025-10-29,12558
THE RUNNING MAN (IMAX 2D),en,The Running Man (2025 film),2025-10-30,12834
THE RUNNING MAN (IMAX 2D),en,The Running Man (2025 film),2025-10-31,13487
THE RUNNING MAN (IMAX 2D),en,The Running Man (2025 film),2025-11-01,17590
THE RUNNING MAN (IMAX 2D),en,The Running Man (2025 film),2025-11-02,20837
THE RUNNING MAN (IMAX 2D),en,The Running Man (2025 film),2025-11-03,20067
THE RUNNING MAN (IMAX 2D),en,The Running Man (2025 film),2025-11-04,19855
THE RUNNING MAN (IMAX 2D),en,The Running Man (2025 film),2025-11-05,21637
THE RUNNING MAN (IMAX 2D),en,The Running Man (2025 film),2025-11-06,30085
THE RUNNING MAN (IMAX 2D),en,The Running Man (2025 film),2025-11-07,34927
THE RUNNING MAN (IMAX 2D),en,The Running Man (2025 film),2025-11-08,30898
THE RUNNING MAN (IMAX 2D),en,The Running Man (2025 film),2025-11-09,32705
THE RUNNING MAN (IMAX 2D),en,The Running Man (2025 film),2025-11-10,39780
THE RUNNING MAN (IMAX 2D),en,The Running Man (2025 film),2025-11-11,59290
THE RUNNING MAN (IMAX 2D),en,The Running Man (2025 film),2025-11-12,72720
THE RUNNING MAN (IMAX 2D),en,The Running Man (2025 film),2025-11-13,75250
THE RUNNING MAN (IMAX 2D),en,The Running Man (2025 film),2025-11-14,109148
THE RUNNING MAN (IMAX 2D),en,The Running Man (2025 film),2025-11-15,110343
THE RUNNING MAN (IMAX 2D),en,The Running Man (2025 film),2025-11-16,104602
THE RUNNING MAN (IMAX 2D),en,The Running Man (2025 film),2025-11-17,86781
THE RUNNING MAN (IMAX 2D),en,The Running Man (2025 film),2025-11-18,55803
THE RUNNING MAN (IMAX 2D),en,The Running Man (2025 film),2025-11-19,50614
THE RUNNING MAN (IMAX 2D),en,The Running Man (2025 film),2025-11-20,39752
THE RUNNING MAN (IMAX 2D),en,The Running Man (2025 film),2025-11-21,33331
THE RUNNING MAN (IMAX 2D),en,The Running Man (2025 film),2025-11-22,36006
THE RUNNING MAN (IMAX 2D),en,The Running Man (2025 film),2025-11-23,36722
THE SMASHING MACHINE,en,The Smashing Machine (2025 film),2025-09-05,27418
THE SMASHING MACHINE,en,The Smashing Machine (2025 film),2025-09-06,21537
THE SMASHING MACHINE,en,The Smashing Machine (2025 film),2025-09-07,25706
THE SMASHING MACHINE,en,The Smashing Machine (2025 film),2025-09-08,17312
THE SMASHING MACHINE,en,The Smashing Machine (2025 film),2025-09-09,38113
THE SMASHING MACHINE,en,The Smashing Machine (2025 film),2025-09-10,33820
THE SMASHING MACHINE,en,The Smashing Machine (2025 film),2025-09-11,19565
THE SMASHING MACHINE,en,The Smashing Machine (2025 film),2025-09-12,14637
THE SMASHING MACHINE,en,The Smashing Machine (2025 film),2025-09-13,12995
THE SMASHING MACHINE,en,The Smashing Machine (2025 film),2025-09-14,11590
THE SMASHING MACHINE,en,The Smashing Machine (2025 film),2025-09-15,11188
THE SMASHING MACHINE,en,The Smashing Machine (2025 film),2025-09-16,12978
THE SMASHING MACHINE,en,The Smashing Machine (2025 film),2025-09-17,13469
THE SMASHING MACHINE,en,The Smashing Machine (2025 film),2025-09-18,10644
THE SMASHING MACHINE,en,The Smashing Machine (2025 film),2025-09-19,11455
THE SMASHING MACHINE,en,The Smashing Machine (2025 film),2025-09-20,11890
THE SMASHING MACHINE,en,The Smashing Machine (2025 film),2025-09-21,17475
THE SMASHING MACHINE,en,The Smashing Machine (2025 film),2025-09-22,14838
THE SMASHING MACHINE,en,The Smashing Machine (2025 film),2025-09-23,18346
THE SMASHING MACHINE,en,The Smashing Machine (2025 film),2025-09-24,16513
THE SMASHING MACHINE,en,The Smashing Machine (2025 film),2025-09-25,19701
THE SMASHING MACHINE,en,The Smashing Machine (2025 film),2025-09-26,25431
THE SMASHING MACHINE,en,The Smashing Machine (2025 film),2025-09-27,25953
THE SMASHING MACHINE,en,The Smashing Machine (2025 film),2025-09-28,29337
THE SMASHING MACHINE,en,The Smashing Machine (2025 film),2025-09-29,23578
THE SMASHING MACHINE,en,The Smashing Machine (2025 film),2025-09-30,57875
THE SMASHING MACHINE,en,The Smashing Machine (2025 film),2025-10-01,58813
THE SMASHING MACHINE,en,The Smashing Machine (2025 film),2025-10-02,64889
THE SMASHING MACHINE,en,The Smashing Machine (2025 film),2025-10-03,71748
THE SMASHING MACHINE,en,The Smashing Machine (2025 film),2025-10-04,66297
THE SMASHING MACHINE,en,The Smashing Machine (2025 film),2025-10-05,62019
THE SMASHING MACHINE,en,The Smashing Machine (2025 film),2025-10-06,78640
THE SMASHING MACHINE,en,The Smashing Machine (2025 film),2025-10-07,85076
THE SMASHING MACHINE,en,The Smashing Machine (2025 film),2025-10-08,53611
THE SMASHING MACHINE,en,The Smashing Machine (2025 film),2025-10-09,34556
THE SMASHING MACHINE,en,The Smashing Machine (2025 film),2025-10-10,28274
THE SMASHING MACHINE,en,The Smashing Machine (2025 film),2025-10-11,26997
THE SMASHING MACHINE,en,The Smashing Machine (2025 film),2025-10-12,26879
THE SMASHING MACHINE,en,The Smashing Machine (2025 film),2025-10-13,23464
THE SMASHING MACHINE,en,The Smashing Machine (2025 film),2025-10-14,20317
THE SMASHING MACHINE,en,The Smashing Machine (2025 film),2025-10-15,22820
THE SMASHING MACHINE,en,The Smashing Machine (2025 film),2025-10-16,22906
THE SMASHING MACHINE,en,The Smashing Machine (2025 film),2025-10-17,17020
THE SMASHING MACHINE,en,The Smashing Machine (2025 film),2025-10-18,14206
THE SMASHING MACHINE,en,The Smashing Machine (2025 film),2025-10-19,12824
THE SMASHING MACHINE,en,The Smashing Machine (2025 film),2025-10-20,13020
THE SMASHING MACHINE,en,The Smashing Machine (2025 film),2025-10-21,12366
THE SMASHING MACHINE,id,The Smashing Machine,2025-09-27,11
THE SMASHING MACHINE,id,The Smashing Machine,2025-09-28,3
THE SMASHING MACHINE,id,The Smashing Machine,2025-09-29,7
THE SMASHING MACHINE,id,The Smashing Machine,2025-09-30,23
THE SMASHING MACHINE,id,The Smashing Machine,2025-10-01,19
THE SMASHING MACHINE,id,The Smashing Machine,2025-10-02,36
THE SMASHING MACHINE,id,The Smashing Machine,2025-10-03,72
THE SMASHING MACHINE,id,The Smashing Machine,2025-10-04,57
THE SMASHING MACHINE,id,The Smashing Machine,2025-10-05,54
THE SMASHING MACHINE,id,The Smashing Machine,2025-10-06,60
THE SMASHING MACHINE,id,The Smashing Machine,2025-10-07,107
THE SMASHING MACHINE,id,The Smashing Machine,2025-10-08,92
THE SMASHING MACHINE,id,The Smashing Machine,2025-10-09,68
THE SMASHING MACHINE,id,The Smashing Machine,2025-10-10,165
THE SMASHING MACHINE,id,The Smashing Machine,2025-10-11,244
THE SMASHING MACHINE,id,The Smashing Machine,2025-10-12,227
THE SMASHING MACHINE,id,The Smashing Machine,2025-10-13,113
THE SMASHING MACHINE,id,The Smashing Machine,2025-10-14,83
THE SMASHING MACHINE,id,The Smashing Machine,2025-10-15,74
THE SMASHING MACHINE,id,The Smashing Machine,2025-10-16,54
THE SMASHING MACHINE,id,The Smashing Machine,2025-10-17,51
THE SMASHING MACHINE,id,The Smashing Machine,2025-10-18,99
THE SMASHING MACHINE,id,The Smashing Machine,2025-10-19,67
THE SMASHING MACHINE,id,The Smashing Machine,2025-10-20,43
THE SMASHING MACHINE,id,The Smashing Machine,2025-10-21,33
THE SPONGEBOB MOVIE: SEARCH FOR SQUAREPANTS,en,The SpongeBob Movie: Search for SquarePants,2025-11-19,3946
THE SPONGEBOB MOVIE: SEARCH FOR SQUAREPANTS,en,The SpongeBob Movie: Search for SquarePants,2025-11-20,3576
THE SPONGEBOB MOVIE: SEARCH FOR SQUAREPANTS,en,The SpongeBob Movie: Search for SquarePants,2025-11-21,3313
THE SPONGEBOB MOVIE: SEARCH FOR SQUAREPANTS,en,The SpongeBob Movie: Search for SquarePants,2025-11-22,3515
THE SPONGEBOB MOVIE: SEARCH FOR SQUAREPANTS,en,The SpongeBob Movie: Search for SquarePants,2025-11-23,3521
THE SPONGEBOB MOVIE: SEARCH FOR SQUAREPANTS,en,The SpongeBob Movie: Search for SquarePants,2025-11-24,4217
THE SPONGEBOB MOVIE: SEARCH FOR SQUAREPANTS,en,The SpongeBob Movie: Search for SquarePants,2025-11-25,4318
THE SPONGEBOB MOVIE: SEARCH FOR SQUAREPANTS,en,The SpongeBob Movie: Search for SquarePants,2025-11-26,4024
THE SPONGEBOB MOVIE: SEARCH FOR SQUAREPANTS,en,The SpongeBob Movie: Search for SquarePants,2025-11-27,3984
THE SPONGEBOB MOVIE: SEARCH FOR SQUAREPANTS,en,The SpongeBob Movie: Search for SquarePants,2025-11-28,4344
THE SPONGEBOB MOVIE: SEARCH FOR SQUAREPANTS,en,The SpongeBob Movie: Search for SquarePants,2025-11-29,3827
THE SPONGEBOB MOVIE: SEARCH FOR SQUAREPANTS,en,The SpongeBob Movie: Search for SquarePants,2025-11-30,3962
THE SPONGEBOB MOVIE: SEARCH FOR SQUAREPANTS,en,The SpongeBob Movie: Search for SquarePants,2025-12-01,4324
THE SPONGEBOB MOVIE: SEARCH FOR SQUAREPANTS,en,The SpongeBob Movie: Search for SquarePants,2025-12-02,4850
THE SPONGEBOB MOVIE: SEARCH FOR SQUAREPANTS,en,The SpongeBob Movie: Search for SquarePants,2025-12-03,5162
THE SPONGEBOB MOVIE: SEARCH FOR SQUAREPANTS,en,The SpongeBob Movie: Search for SquarePants,2025-12-04,5418
THE SPONGEBOB MOVIE: SEARCH FOR SQUAREPANTS,en,The SpongeBob Movie: Search for SquarePants,2025-12-05,5088
THE SPONGEBOB MOVIE: SEARCH FOR SQUAREPANTS,en,The SpongeBob Movie: Search for SquarePants,2025-12-06,5321
THE SPONGEBOB MOVIE: SEARCH FOR SQUAREPANTS,en,The SpongeBob Movie: Search for SquarePants,2025-12-07,5486
THE SPONGEBOB MOVIE: SEARCH FOR SQUAREPANTS,en,The SpongeBob Movie: Search for SquarePants,2025-12-08,5262
THE SPONGEBOB MOVIE: SEARCH FOR SQUAREPANTS,en,The SpongeBob Movie: Search for SquarePants,2025-12-09,5569
THE SPONGEBOB MOVIE: SEARCH FOR SQUAREPANTS,en,The SpongeBob Movie: Search for SquarePants,2025-12-10,5696
THE SPONGEBOB MOVIE: SEARCH FOR SQUAREPANTS,en,The SpongeBob Movie: Search for SquarePants,2025-12-11,5457
THE SPONGEBOB MOVIE: SEARCH FOR SQUAREPANTS,en,The SpongeBob Movie: Search for SquarePants,2025-12-12,5248
THE SPONGEBOB MOVIE: SEARCH FOR SQUAREPANTS,en,The SpongeBob Movie: Search for SquarePants,2025-12-13,5836
THE SPONGEBOB MOVIE: SEARCH FOR SQUAREPANTS,en,The SpongeBob Movie: Search for SquarePants,2025-12-14,7106
THE SPONGEBOB MOVIE: SEARCH FOR SQUAREPANTS,en,The SpongeBob Movie: Search for SquarePants,2025-12-15,7430
THE SPONGEBOB MOVIE: SEARCH FOR SQUAREPANTS,en,The SpongeBob Movie: Search for SquarePants,2025-12-16,8364
THE SPONGEBOB MOVIE: SEARCH FOR SQUAREPANTS,en,The SpongeBob Movie: Search for SquarePants,2025-12-17,10041
THE SPONGEBOB MOVIE: SEARCH FOR SQUAREPANTS,en,The SpongeBob Movie: Search for SquarePants,2025-12-18,18805
THE SPONGEBOB MOVIE: SEARCH FOR SQUAREPANTS,en,The SpongeBob Movie: Search for SquarePants,2025-12-19,29467
THE SPONGEBOB MOVIE: SEARCH FOR SQUAREPANTS,en,The SpongeBob Movie: Search for SquarePants,2025-12-20,29720
THE SPONGEBOB MOVIE: SEARCH FOR SQUAREPANTS,en,The SpongeBob Movie: Search for SquarePants,2025-12-21,26405
THE SPONGEBOB MOVIE: SEARCH FOR SQUAREPANTS,en,The SpongeBob Movie: Search for SquarePants,2025-12-22,22480
THE SPONGEBOB MOVIE: SEARCH FOR SQUAREPANTS,en,The SpongeBob Movie: Search for SquarePants,2025-12-23,18209
THE SPONGEBOB MOVIE: SEARCH FOR SQUAREPANTS,en,The SpongeBob Movie: Search for SquarePants,2025-12-24,16338
THE SPONGEBOB MOVIE: SEARCH FOR SQUAREPANTS,en,The SpongeBob Movie: Search for SquarePants,2025-12-25,15068
THE SPONGEBOB MOVIE: SEARCH FOR SQUAREPANTS,en,The SpongeBob Movie: Search for SquarePants,2025-12-26,16282
THE SPONGEBOB MOVIE: SEARCH FOR SQUAREPANTS,en,The SpongeBob Movie: Search for SquarePants,2025-12-27,16758
THE SPONGEBOB MOVIE: SEARCH FOR SQUAREPANTS,en,The SpongeBob Movie: Search for SquarePants,2025-12-28,17045
THE SPONGEBOB MOVIE: SEARCH FOR SQUAREPANTS,en,The SpongeBob Movie: Search for SquarePants,2025-12-29,15609
THE SPONGEBOB MOVIE: SEARCH FOR SQUAREPANTS,en,The SpongeBob Movie: Search for SquarePants,2025-12-30,13915
THE SPONGEBOB MOVIE: SEARCH FOR SQUAREPANTS,en,The SpongeBob Movie: Search for SquarePants,2025-12-31,11997
THE SPONGEBOB MOVIE: SEARCH FOR SQUAREPANTS,en,The SpongeBob Movie: Search for SquarePants,2026-01-01,11924
THE SPONGEBOB MOVIE: SEARCH FOR SQUAREPANTS,en,The SpongeBob Movie: Search for SquarePants,2026-01-02,13719
THE SPONGEBOB MOVIE: SEARCH FOR SQUAREPANTS,en,The SpongeBob Movie: Search for SquarePants,2026-01-03,13650
THE SPONGEBOB MOVIE: SEARCH FOR SQUAREPANTS,en,The SpongeBob Movie: Search for SquarePants,2026-01-04,12976
THE STRANGERS: CHAPTER 2,en,The Strangers – Chapter 2,2025-08-22,766
THE STRANGERS: CHAPTER 2,en,The Strangers – Chapter 2,2025-08-23,723
THE STRANGERS: CHAPTER 2,en,The Strangers – Chapter 2,2025-08-24,873
THE STRANGERS: CHAPTER 2,en,The Strangers – Chapter 2,2025-08-25,861
THE STRANGERS: CHAPTER 2,en,The Strangers – Chapter 2,2025-08-26,829
THE STRANGERS: CHAPTER 2,en,The Strangers – Chapter 2,2025-08-27,893
THE STRANGERS: CHAPTER 2,en,The Strangers – Chapter 2,2025-08-28,841
THE STRANGERS: CHAPTER 2,en,The Strangers – Chapter 2,2025-08-29,873
THE STRANGERS: CHAPTER 2,en,The Strangers – Chapter 2,2025-08-30,944
THE STRANGERS: CHAPTER 2,en,The Strangers – Chapter 2,2025-08-31,1018
THE STRANGERS: CHAPTER 2,en,The Strangers – Chapter 2,2025-09-01,995
THE STRANGERS: CHAPTER 2,en,The Strangers – Chapter 2,2025-09-02,1013
THE STRANGERS: CHAPTER 2,en,The Strangers – Chapter 2,2025-09-03,1027
THE STRANGERS: CHAPTER 2,en,The Strangers – Chapter 2,2025-09-04,940
THE STRANGERS: CHAPTER 2,en,The Strangers – Chapter 2,2025-09-05,1025
THE STRANGERS: CHAPTER 2,en,The Strangers – Chapter 2,2025-09-06,1145
THE STRANGERS: CHAPTER 2,en,The Strangers – Chapter 2,2025-09-07,1481
THE STRANGERS: CHAPTER 2,en,The Strangers – Chapter 2,2025-09-08,1696
THE STRANGERS: CHAPTER 2,en,The Strangers – Chapter 2,2025-09-09,1624
THE STRANGERS: CHAPTER 2,en,The Strangers – Chapter 2,2025-09-10,1838
THE STRANGERS: CHAPTER 2,en,The Strangers – Chapter 2,2025-09-11,1757
THE STRANGERS: CHAPTER 2,en,The Strangers – Chapter 2,2025-09-12,1961
THE STRANGERS: CHAPTER 2,en,The Strangers – Chapter 2,2025-09-13,2488
THE STRANGERS: CHAPTER 2,en,The Strangers – Chapter 2,2025-09-14,2579
THE STRANGERS: CHAPTER 2,en,The Strangers – Chapter 2,2025-09-15,2557
THE STRANGERS: CHAPTER 2,en,The Strangers – Chapter 2,2025-09-16,2442
THE STRANGERS: CHAPTER 2,en,The Strangers – Chapter 2,2025-09-17,2953
THE STRANGERS: CHAPTER 2,en,The Strangers – Chapter 2,2025-09-18,3089
THE STRANGERS: CHAPTER 2,en,The Strangers – Chapter 2,2025-09-19,3038
THE STRANGERS: CHAPTER 2,en,The Strangers – Chapter 2,2025-09-20,3458
THE STRANGERS: CHAPTER 2,en,The Strangers – Chapter 2,2025-09-21,6059
THE STRANGERS: CHAPTER 2,en,The Strangers – Chapter 2,2025-09-22,5516
THE STRANGERS: CHAPTER 2,en,The Strangers – Chapter 2,2025-09-23,6496
THE STRANGERS: CHAPTER 2,en,The Strangers – Chapter 2,2025-09-24,8471
THE STRANGERS: CHAPTER 2,en,The Strangers – Chapter 2,2025-09-25,12669
THE STRANGERS: CHAPTER 2,en,The Strangers – Chapter 2,2025-09-26,28321
THE STRANGERS: CHAPTER 2,en,The Strangers – Chapter 2,2025-09-27,26116
THE STRANGERS: CHAPTER 2,en,The Strangers – Chapter 2,2025-09-28,23331
THE STRANGERS: CHAPTER 2,en,The Strangers – Chapter 2,2025-09-29,21350
THE STRANGERS: CHAPTER 2,en,The Strangers – Chapter 2,2025-09-30,13206
THE STRANGERS: CHAPTER 2,en,The Strangers – Chapter 2,2025-10-01,11697
THE STRANGERS: CHAPTER 2,en,The Strangers – Chapter 2,2025-10-02,9775
THE STRANGERS: CHAPTER 2,en,The Strangers – Chapter 2,2025-10-03,8455
THE STRANGERS: CHAPTER 2,en,The Strangers – Chapter 2,2025-10-04,9292
THE STRANGERS: CHAPTER 2,en,The Strangers – Chapter 2,2025-10-05,9617
THE STRANGERS: CHAPTER 2,en,The Strangers – Chapter 2,2025-10-06,7059
THE STRANGERS: CHAPTER 2,en,The Strangers – Chapter 2,2025-10-07,6027
THE STRANGERS: CHAPTER 3,en,The Strangers – Chapter 3,2026-01-02,1576
THE STRANGERS: CHAPTER 3,en,The Strangers – Chapter 3,2026-01-03,1584
THE STRANGERS: CHAPTER 3,en,The Strangers – Chapter 3,2026-01-04,1461
THE STRANGERS: CHAPTER 3,en,The Strangers – Chapter 3,2026-01-05,1227
THE STRANGERS: CHAPTER 3,en,The Strangers – Chapter 3,2026-01-06,1289
THE STRANGERS: CHAPTER 3,en,The Strangers – Chapter 3,2026-01-07,3178
THE STRANGERS: CHAPTER 3,en,The Strangers – Chapter 3,2026-01-08,4273
THE STRANGERS: CHAPTER 3,en,The Strangers – Chapter 3,2026-01-09,2619
THE STRANGERS: CHAPTER 3,en,The Strangers – Chapter 3,2026-01-10,2301
THE STRANGERS: CHAPTER 3,en,The Strangers – Chapter 3,2026-01-11,2367
THE STRANGERS: CHAPTER 3,en,The Strangers – Chapter 3,2026-01-12,1555
THE STRANGERS: CHAPTER 3,en,The Strangers – Chapter 3,2026-01-13,1417
THE STRANGERS: CHAPTER 3,en,The Strangers – Chapter 3,2026-01-14,1319
THE STRANGERS: CHAPTER 3,en,The Strangers – Chapter 3,2026-01-15,1289
THE STRANGERS: CHAPTER 3,en,The Strangers – Chapter 3,2026-01-16,1470
THE STRANGERS: CHAPTER 3,en,The Strangers – Chapter 3,2026-01-17,1717
THE STRANGERS: CHAPTER 3,en,The Strangers – Chapter 3,2026-01-18,1607
THE STRANGERS: CHAPTER 3,en,The Strangers – Chapter 3,2026-01-19,1331
THE STRANGERS: CHAPTER 3,en,The Strangers – Chapter 3,2026-01-20,1301
THE STRANGERS: CHAPTER 3,en,The Strangers – Chapter 3,2026-01-21,1448
THE STRANGERS: CHAPTER 3,en,The Strangers – Chapter 3,2026-01-22,1344
THE STRANGERS: CHAPTER 3,en,The Strangers – Chapter 3,2026-01-23,1292
THE STRANGERS: CHAPTER 3,en,The Strangers – Chapter 3,2026-01-24,1642
THE STRANGERS: CHAPTER 3,en,The Strangers – Chapter 3,2026-01-25,2466
THE STRANGERS: CHAPTER 3,en,The Strangers – Chapter 3,2026-01-26,2325
THE STRANGERS: CHAPTER 3,en,The Strangers – Chapter 3,2026-01-27,2369
THE STRANGERS: CHAPTER 3,en,The Strangers – Chapter 3,2026-01-28,2049
THE STRANGERS: CHAPTER 3,en,The Strangers – Chapter 3,2026-01-29,2555
THE STRANGERS: CHAPTER 3,en,The Strangers – Chapter 3,2026-01-30,2542
THE STRANGERS: CHAPTER 3,en,The Strangers – Chapter 3,2026-01-31,2766
THE STRANGERS: CHAPTER 3,en,The Strangers – Chapter 3,2026-02-01,3449
THE STRANGERS: CHAPTER 3,en,The Strangers – Chapter 3,2026-02-02,3835
THE STRANGERS: CHAPTER 3,en,The Strangers – Chapter 3,2026-02-03,4535
THE STRANGERS: CHAPTER 3,en,The Strangers – Chapter 3,2026-02-04,5453
THE STRANGERS: CHAPTER 3,en,The Strangers – Chapter 3,2026-02-05,8306
THE STRANGERS: CHAPTER 3,en,The Strangers – Chapter 3,2026-02-06,24744
THE STRANGERS: CHAPTER 3,en,The Strangers – Chapter 3,2026-02-07,25013
THE STRANGERS: CHAPTER 3,en,The Strangers – Chapter 3,2026-02-08,22071
THE STRANGERS: CHAPTER 3,en,The Strangers – Chapter 3,2026-02-09,12989
THE STRANGERS: CHAPTER 3,en,The Strangers – Chapter 3,2026-02-10,13046
THE STRANGERS: CHAPTER 3,en,The Strangers – Chapter 3,2026-02-11,11202
THE STRANGERS: CHAPTER 3,en,The Strangers – Chapter 3,2026-02-12,7586
THE STRANGERS: CHAPTER 3,en,The Strangers – Chapter 3,2026-02-13,5986
THE STRANGERS: CHAPTER 3,en,The Strangers – Chapter 3,2026-02-14,6427
THE STRANGERS: CHAPTER 3,en,The Strangers – Chapter 3,2026-02-15,7078
THE STRANGERS: CHAPTER 3,en,The Strangers – Chapter 3,2026-02-16,5726
THE STRANGERS: CHAPTER 3,en,The Strangers – Chapter 3,2026-02-17,5092
THE TOXIC AVENGER,en,The Toxic Avenger (2023 film),2025-09-17,3127
THE TOXIC AVENGER,en,The Toxic Avenger (2023 film),2025-09-18,3927
THE TOXIC AVENGER,en,The Toxic Avenger (2023 film),2025-09-19,3374
THE TOXIC AVENGER,en,The Toxic Avenger (2023 film),2025-09-20,3132
THE TOXIC AVENGER,en,The Toxic Avenger (2023 film),2025-09-21,2687
THE TOXIC AVENGER,en,The Toxic Avenger (2023 film),2025-09-22,2574
THE TOXIC AVENGER,en,The Toxic Avenger (2023 film),2025-09-23,2538
THE TOXIC AVENGER,en,The Toxic Avenger (2023 film),2025-09-24,2391
THE TOXIC AVENGER,en,The Toxic Avenger (2023 film),2025-09-25,2629
THE TOXIC AVENGER,en,The Toxic Avenger (2023 film),2025-09-26,2097
THE TOXIC AVENGER,en,The Toxic Avenger (2023 film),2025-09-27,2227
THE TOXIC AVENGER,en,The Toxic Avenger (2023 film),2025-09-28,2058
THE TOXIC AVENGER,en,The Toxic Avenger (2023 film),2025-09-29,2432
THE TOXIC AVENGER,en,The Toxic Avenger (2023 film),2025-09-30,8882
THE TOXIC AVENGER,en,The Toxic Avenger (2023 film),2025-10-01,11488
THE TOXIC AVENGER,en,The Toxic Avenger (2023 film),2025-10-02,9895
THE TOXIC AVENGER,en,The Toxic Avenger (2023 film),2025-10-03,8044
THE TOXIC AVENGER,en,The Toxic Avenger (2023 film),2025-10-04,7703
THE TOXIC AVENGER,en,The Toxic Avenger (2023 film),2025-10-05,7554
THE TOXIC AVENGER,en,The Toxic Avenger (2023 film),2025-10-06,6196
THE TOXIC AVENGER,en,The Toxic Avenger (2023 film),2025-10-07,5035
THE TOXIC AVENGER,en,The Toxic Avenger (2023 film),2025-10-08,4735
THE TOXIC AVENGER,en,The Toxic Avenger (2023 film),2025-10-09,4415
THE TOXIC AVENGER,en,The Toxic Avenger (2023 film),2025-10-10,3606
THE TOXIC AVENGER,en,The Toxic Avenger (2023 film),2025-10-11,4095
THE TOXIC AVENGER,en,The Toxic Avenger (2023 film),2025-10-12,4355
THE TOXIC AVENGER,en,The Toxic Avenger (2023 film),2025-10-13,3181
THE TOXIC AVENGER,en,The Toxic Avenger (2023 film),2025-10-14,3078
THE TOXIC AVENGER,en,The Toxic Avenger (2023 film),2025-10-15,2920
THE TOXIC AVENGER,en,The Toxic Avenger (2023 film),2025-10-16,2515
THE TOXIC AVENGER,en,The Toxic Avenger (2023 film),2025-10-17,2675
THE TOXIC AVENGER,en,The Toxic Avenger (2023 film),2025-10-18,2935
THE TOXIC AVENGER,en,The Toxic Avenger (2023 film),2025-10-19,3059
THE TOXIC AVENGER,en,The Toxic Avenger (2023 film),2025-10-20,2649
THE TOXIC AVENGER,en,The Toxic Avenger (2023 film),2025-10-21,2312
THE TOXIC AVENGER,en,The Toxic Avenger (2023 film),2025-10-22,2648
THE TOXIC AVENGER,en,The Toxic Avenger (2023 film),2025-10-23,2285
THE TOXIC AVENGER,en,The Toxic Avenger (2023 film),2025-10-24,2288
THE TOXIC AVENGER,en,The Toxic Avenger (2023 film),2025-10-25,2452
THE TOXIC AVENGER,en,The Toxic Avenger (2023 film),2025-10-26,2674
THE TOXIC AVENGER,en,The Toxic Avenger (2023 film),2025-10-27,2409
THE TOXIC AVENGER,en,The Toxic Avenger (2023 film),2025-10-28,2374
THE TOXIC AVENGER,en,The Toxic Avenger (2023 film),2025-10-29,2302
THE TOXIC AVENGER,en,The Toxic Avenger (2023 film),2025-10-30,2234
THE TOXIC AVENGER,en,The Toxic Avenger (2023 film),2025-10-31,2398
THE TOXIC AVENGER,en,The Toxic Avenger (2023 film),2025-11-01,2894
THE TOXIC AVENGER,en,The Toxic Avenger (2023 film),2025-11-02,2833
THUNDERBOLTS*,id,Thunderbolts*,2025-03-25,35
THUNDERBOLTS*,id,Thunderbolts*,2025-03-26,53
THUNDERBOLTS*,id,Thunderbolts*,2025-03-27,80
THUNDERBOLTS*,id,Thunderbolts*,2025-03-28,75
THUNDERBOLTS*,id,Thunderbolts*,2025-03-29,64
THUNDERBOLTS*,id,Thunderbolts*,2025-03-30,55
THUNDERBOLTS*,id,Thunderbolts*,2025-03-31,55
THUNDERBOLTS*,id,Thunderbolts*,2025-04-01,59
THUNDERBOLTS*,id,Thunderbolts*,2025-04-02,60
THUNDERBOLTS*,id,Thunderbolts*,2025-04-03,81
THUNDERBOLTS*,id,Thunderbolts*,2025-04-04,118
THUNDERBOLTS*,id,Thunderbolts*,2025-04-05,82
THUNDERBOLTS*,id,Thunderbolts*,2025-04-06,92
THUNDERBOLTS*,id,Thunderbolts*,2025-04-07,161
THUNDERBOLTS*,id,Thunderbolts*,2025-04-08,152
THUNDERBOLTS*,id,Thunderbolts*,2025-04-09,173
THUNDERBOLTS*,id,Thunderbolts*,2025-04-10,170
THUNDERBOLTS*,id,Thunderbolts*,2025-04-11,154
THUNDERBOLTS*,id,Thunderbolts*,2025-04-12,146
THUNDERBOLTS*,id,Thunderbolts*,2025-04-13,142
THUNDERBOLTS*,id,Thunderbolts*,2025-04-14,150
THUNDERBOLTS*,id,Thunderbolts*,2025-04-15,128
THUNDERBOLTS*,id,Thunderbolts*,2025-04-16,114
THUNDERBOLTS*,id,Thunderbolts*,2025-04-17,168
THUNDERBOLTS*,id,Thunderbolts*,2025-04-18,242
THUNDERBOLTS*,id,Thunderbolts*,2025-04-19,186
THUNDERBOLTS*,id,Thunderbolts*,2025-04-20,199
THUNDERBOLTS*,id,Thunderbolts*,2025-04-21,169
THUNDERBOLTS*,id,Thunderbolts*,2025-04-22,172
THUNDERBOLTS*,id,Thunderbolts*,2025-04-23,244
THUNDERBOLTS*,id,Thunderbolts*,2025-04-24,444
THUNDERBOLTS*,id,Thunderbolts*,2025-04-25,697
THUNDERBOLTS*,id,Thunderbolts*,2025-04-26,476
THUNDERBOLTS*,id,Thunderbolts*,2025-04-27,493
THUNDERBOLTS*,id,Thunderbolts*,2025-04-28,524
THUNDERBOLTS*,id,Thunderbolts*,2025-04-29,798
THUNDERBOLTS*,id,Thunderbolts*,2025-04-30,3493
THUNDERBOLTS*,id,Thunderbolts*,2025-05-01,4799
THUNDERBOLTS*,id,Thunderbolts*,2025-05-02,2834
THUNDERBOLTS*,id,Thunderbolts*,2025-05-03,3291
THUNDERBOLTS*,id,Thunderbolts*,2025-05-04,2648
THUNDERBOLTS*,id,Thunderbolts*,2025-05-05,2008
THUNDERBOLTS*,id,Thunderbolts*,2025-05-06,2087
THUNDERBOLTS*,id,Thunderbolts*,2025-05-07,1632
THUNDERBOLTS*,id,Thunderbolts*,2025-05-08,1512
THUNDERBOLTS*,id,Thunderbolts*,2025-05-09,1371
THUNDERBOLTS*,id,Thunderbolts*,2025-05-10,1664
THUNDERBOLTS* (3D),en,Thunderbolts*,2025-03-26,22465
THUNDERBOLTS* (3D),en,Thunderbolts*,2025-03-27,31367
THUNDERBOLTS* (3D),en,Thunderbolts*,2025-03-28,27312
THUNDERBOLTS* (3D),en,Thunderbolts*,2025-03-29,20729
THUNDERBOLTS* (3D),en,Thunderbolts*,2025-03-30,18072
THUNDERBOLTS* (3D),en,Thunderbolts*,2025-03-31,16320
THUNDERBOLTS* (3D),en,Thunderbolts*,2025-04-01,16269
THUNDERBOLTS* (3D),en,Thunderbolts*,2025-04-02,15549
THUNDERBOLTS* (3D),en,Thunderbolts*,2025-04-03,17485
THUNDERBOLTS* (3D),en,Thunderbolts*,2025-04-04,20613
THUNDERBOLTS* (3D),en,Thunderbolts*,2025-04-05,23982
THUNDERBOLTS* (3D),en,Thunderbolts*,2025-04-06,21784
THUNDERBOLTS* (3D),en,Thunderbolts*,2025-04-07,37807
THUNDERBOLTS* (3D),en,Thunderbolts*,2025-04-08,49220
THUNDERBOLTS* (3D),en,Thunderbolts*,2025-04-09,32651
THUNDERBOLTS* (3D),en,Thunderbolts*,2025-04-10,27623
THUNDERBOLTS* (3D),en,Thunderbolts*,2025-04-11,26555
THUNDERBOLTS* (3D),en,Thunderbolts*,2025-04-12,28588
THUNDERBOLTS* (3D),en,Thunderbolts*,2025-04-13,31394
THUNDERBOLTS* (3D),en,Thunderbolts*,2025-04-14,28537
THUNDERBOLTS* (3D),en,Thunderbolts*,2025-04-15,29502
THUNDERBOLTS* (3D),en,Thunderbolts*,2025-04-16,35061
THUNDERBOLTS* (3D),en,Thunderbolts*,2025-04-17,42931
THUNDERBOLTS* (3D),en,Thunderbolts*,2025-04-18,34338
THUNDERBOLTS* (3D),en,Thunderbolts*,2025-04-19,31228
THUNDERBOLTS* (3D),en,Thunderbolts*,2025-04-20,30481
THUNDERBOLTS* (3D),en,Thunderbolts*,2025-04-21,30753
THUNDERBOLTS* (3D),en,Thunderbolts*,2025-04-22,44571
THUNDERBOLTS* (3D),en,Thunderbolts*,2025-04-23,96901
THUNDERBOLTS* (3D),en,Thunderbolts*,2025-04-24,84590
THUNDERBOLTS* (3D),en,Thunderbolts*,2025-04-25,77470
THUNDERBOLTS* (3D),en,Thunderbolts*,2025-04-26,66732
THUNDERBOLTS* (3D),en,Thunderbolts*,2025-04-27,85093
THUNDERBOLTS* (3D),en,Thunderbolts*,2025-04-28,89255
THUNDERBOLTS* (3D),en,Thunderbolts*,2025-04-29,184571
THUNDERBOLTS* (3D),en,Thunderbolts*,2025-04-30,279764
THUNDERBOLTS* (3D),en,Thunderbolts*,2025-05-01,376327
THUNDERBOLTS* (3D),en,Thunderbolts*,2025-05-02,493402
THUNDERBOLTS* (3D),en,Thunderbolts*,2025-05-03,469024
THUNDERBOLTS* (3D),en,Thunderbolts*,2025-05-04,455994
THUNDERBOLTS* (3D),en,Thunderbolts*,2025-05-05,518385
THUNDERBOLTS* (3D),en,Thunderbolts*,2025-05-06,441458
THUNDERBOLTS* (3D),en,Thunderbolts*,2025-05-07,288715
THUNDERBOLTS* (3D),en,Thunderbolts*,2025-05-08,228914
THUNDERBOLTS* (3D),en,Thunderbolts*,2025-05-09,217856
THUNDERBOLTS* (3D),en,Thunderbolts*,2025-05-10,235298
THUNDERBOLTS* (3D),en,Thunderbolts*,2025-05-11,250148
THUNDERBOLTS* (3D),id,Thunderbolts*,2025-03-26,53
THUNDERBOLTS* (3D),id,Thunderbolts*,2025-03-27,80
THUNDERBOLTS* (3D),id,Thunderbolts*,2025-03-28,75
THUNDERBOLTS* (3D),id,Thunderbolts*,2025-03-29,64
THUNDERBOLTS* (3D),id,Thunderbolts*,2025-03-30,55
THUNDERBOLTS* (3D),id,Thunderbolts*,2025-03-31,55
THUNDERBOLTS* (3D),id,Thunderbolts*,2025-04-01,59
THUNDERBOLTS* (3D),id,Thunderbolts*,2025-04-02,60
THUNDERBOLTS* (3D),id,Thunderbolts*,2025-04-03,81
THUNDERBOLTS* (3D),id,Thunderbolts*,2025-04-04,118
THUNDERBOLTS* (3D),id,Thunderbolts*,2025-04-05,82
THUNDERBOLTS* (3D),id,Thunderbolts*,2025-04-06,92
THUNDERBOLTS* (3D),id,Thunderbolts*,2025-04-07,161
THUNDERBOLTS* (3D),id,Thunderbolts*,2025-04-08,152
THUNDERBOLTS* (3D),id,Thunderbolts*,2025-04-09,173
THUNDERBOLTS* (3D),id,Thunderbolts*,2025-04-10,170
THUNDERBOLTS* (3D),id,Thunderbolts*,2025-04-11,154
THUNDERBOLTS* (3D),id,Thunderbolts*,2025-04-12,146
THUNDERBOLTS* (3D),id,Thunderbolts*,2025-04-13,142
THUNDERBOLTS* (3D),id,Thunderbolts*,2025-04-14,150
THUNDERBOLTS* (3D),id,Thunderbolts*,2025-04-15,128
THUNDERBOLTS* (3D),id,Thunderbolts*,2025-04-16,114
THUNDERBOLTS* (3D),id,Thunderbolts*,2025-04-17,168
THUNDERBOLTS* (3D),id,Thunderbolts*,2025-04-18,242
THUNDERBOLTS* (3D),id,Thunderbolts*,2025-04-19,186
THUNDERBOLTS* (3D),id,Thunderbolts*,2025-04-20,199
THUNDERBOLTS* (3D),id,Thunderbolts*,2025-04-21,169
THUNDERBOLTS* (3D),id,Thunderbolts*,2025-04-22,172
THUNDERBOLTS* (3D),id,Thunderbolts*,2025-04-23,244
THUNDERBOLTS* (3D),id,Thunderbolts*,2025-04-24,444
THUNDERBOLTS* (3D),id,Thunderbolts*,2025-04-25,697
THUNDERBOLTS* (3D),id,Thunderbolts*,2025-04-26,476
THUNDERBOLTS* (3D),id,Thunderbolts*,2025-04-27,493
THUNDERBOLTS* (3D),id,Thunderbolts*,2025-04-28,524
THUNDERBOLTS* (3D),id,Thunderbolts*,2025-04-29,798
THUNDERBOLTS* (3D),id,Thunderbolts*,2025-04-30,3493
THUNDERBOLTS* (3D),id,Thunderbolts*,2025-05-01,4799
THUNDERBOLTS* (3D),id,Thunderbolts*,2025-05-02,2834
THUNDERBOLTS* (3D),id,Thunderbolts*,2025-05-03,3291
THUNDERBOLTS* (3D),id,Thunderbolts*,2025-05-04,2648
THUNDERBOLTS* (3D),id,Thunderbolts*,2025-05-05,2008
THUNDERBOLTS* (3D),id,Thunderbolts*,2025-05-06,2087
THUNDERBOLTS* (3D),id,Thunderbolts*,2025-05-07,1632
THUNDERBOLTS* (3D),id,Thunderbolts*,2025-05-08,1512
THUNDERBOLTS* (3D),id,Thunderbolts*,2025-05-09,1371
THUNDERBOLTS* (3D),id,Thunderbolts*,2025-05-10,1664
THUNDERBOLTS* (3D),id,Thunderbolts*,2025-05-11,2075
THUNDERBOLTS* (IMAX 2D),en,Thunderbolts*,2025-03-21,7880
THUNDERBOLTS* (IMAX 2D),en,Thunderbolts*,2025-03-22,8462
THUNDERBOLTS* (IMAX 2D),en,Thunderbolts*,2025-03-23,9458
THUNDERBOLTS* (IMAX 2D),en,Thunderbolts*,2025-03-24,9083
THUNDERBOLTS* (IMAX 2D),en,Thunderbolts*,2025-03-25,8478
THUNDERBOLTS* (IMAX 2D),en,Thunderbolts*,2025-03-26,22465
THUNDERBOLTS* (IMAX 2D),en,Thunderbolts*,2025-03-27,31367
THUNDERBOLTS* (IMAX 2D),en,Thunderbolts*,2025-03-28,27312
THUNDERBOLTS* (IMAX 2D),en,Thunderbolts*,2025-03-29,20729
THUNDERBOLTS* (IMAX 2D),en,Thunderbolts*,2025-03-30,18072
THUNDERBOLTS* (IMAX 2D),en,Thunderbolts*,2025-03-31,16320
THUNDERBOLTS* (IMAX 2D),en,Thunderbolts*,2025-04-01,16269
THUNDERBOLTS* (IMAX 2D),en,Thunderbolts*,2025-04-02,15549
THUNDERBOLTS* (IMAX 2D),en,Thunderbolts*,2025-04-03,17485
THUNDERBOLTS* (IMAX 2D),en,Thunderbolts*,2025-04-04,20613
THUNDERBOLTS* (IMAX 2D),en,Thunderbolts*,2025-04-05,23982
THUNDERBOLTS* (IMAX 2D),en,Thunderbolts*,2025-04-06,21784
THUNDERBOLTS* (IMAX 2D),en,Thunderbolts*,2025-04-07,37807
THUNDERBOLTS* (IMAX 2D),en,Thunderbolts*,2025-04-08,49220
THUNDERBOLTS* (IMAX 2D),en,Thunderbolts*,2025-04-09,32651
THUNDERBOLTS* (IMAX 2D),en,Thunderbolts*,2025-04-10,27623
THUNDERBOLTS* (IMAX 2D),en,Thunderbolts*,2025-04-11,26555
THUNDERBOLTS* (IMAX 2D),en,Thunderbolts*,2025-04-12,28588
THUNDERBOLTS* (IMAX 2D),en,Thunderbolts*,2025-04-13,31394
THUNDERBOLTS* (IMAX 2D),en,Thunderbolts*,2025-04-14,28537
THUNDERBOLTS* (IMAX 2D),en,Thunderbolts*,2025-04-15,29502
THUNDERBOLTS* (IMAX 2D),en,Thunderbolts*,2025-04-16,35061
THUNDERBOLTS* (IMAX 2D),en,Thunderbolts*,2025-04-17,42931
THUNDERBOLTS* (IMAX 2D),en,Thunderbolts*,2025-04-18,34338
THUNDERBOLTS* (IMAX 2D),en,Thunderbolts*,2025-04-19,31228
THUNDERBOLTS* (IMAX 2D),en,Thunderbolts*,2025-04-20,30481
THUNDERBOLTS* (IMAX 2D),en,Thunderbolts*,2025-04-21,30753
THUNDERBOLTS* (IMAX 2D),en,Thunderbolts*,2025-04-22,44571
THUNDERBOLTS* (IMAX 2D),en,Thunderbolts*,2025-04-23,96901
THUNDERBOLTS* (IMAX 2D),en,Thunderbolts*,2025-04-24,84590
THUNDERBOLTS* (IMAX 2D),en,Thunderbolts*,2025-04-25,77470
THUNDERBOLTS* (IMAX 2D),en,Thunderbolts*,2025-04-26,66732
THUNDERBOLTS* (IMAX 2D),en,Thunderbolts*,2025-04-27,85093
THUNDERBOLTS* (IMAX 2D),en,Thunderbolts*,2025-04-28,89255
THUNDERBOLTS* (IMAX 2D),en,Thunderbolts*,2025-04-29,184571
THUNDERBOLTS* (IMAX 2D),en,Thunderbolts*,2025-04-30,279764
THUNDERBOLTS* (IMAX 2D),en,Thunderbolts*,2025-05-01,376327
THUNDERBOLTS* (IMAX 2D),en,Thunderbolts*,2025-05-02,493402
THUNDERBOLTS* (IMAX 2D),en,Thunderbolts*,2025-05-03,469024
THUNDERBOLTS* (IMAX 2D),en,Thunderbolts*,2025-05-04,455994
THUNDERBOLTS* (IMAX 2D),en,Thunderbolts*,2025-05-05,518385
THUNDERBOLTS* (IMAX 2D),en,Thunderbolts*,2025-05-06,441458
THUNDERBOLTS* (IMAX 2D),id,Thunderbolts*,2025-03-21,28
THUNDERBOLTS* (IMAX 2D),id,Thunderbolts*,2025-03-22,36
THUNDERBOLTS* (IMAX 2D),id,Thunderbolts*,2025-03-23,41
THUNDERBOLTS* (IMAX 2D),id,Thunderbolts*,2025-03-24,30
THUNDERBOLTS* (IMAX 2D),id,Thunderbolts*,2025-03-25,35
THUNDERBOLTS* (IMAX 2D),id,Thunderbolts*,2025-03-26,53
THUNDERBOLTS* (IMAX 2D),id,Thunderbolts*,2025-03-27,80
THUNDERBOLTS* (IMAX 2D),id,Thunderbolts*,2025-03-28,75
THUNDERBOLTS* (IMAX 2D),id,Thunderbolts*,2025-03-29,64
THUNDERBOLTS* (IMAX 2D),id,Thunderbolts*,2025-03-30,55
THUNDERBOLTS* (IMAX 2D),id,Thunderbolts*,2025-03-31,55
THUNDERBOLTS* (IMAX 2D),id,Thunderbolts*,2025-04-01,59
THUNDERBOLTS* (IMAX 2D),id,Thunderbolts*,2025-04-02,60
THUNDERBOLTS* (IMAX 2D),id,Thunderbolts*,2025-04-03,81
THUNDERBOLTS* (IMAX 2D),id,Thunderbolts*,2025-04-04,118
THUNDERBOLTS* (IMAX 2D),id,Thunderbolts*,2025-04-05,82
THUNDERBOLTS* (IMAX 2D),id,Thunderbolts*,2025-04-06,92
THUNDERBOLTS* (IMAX 2D),id,Thunderbolts*,2025-04-07,161
THUNDERBOLTS* (IMAX 2D),id,Thunderbolts*,2025-04-08,152
THUNDERBOLTS* (IMAX 2D),id,Thunderbolts*,2025-04-09,173
THUNDERBOLTS* (IMAX 2D),id,Thunderbolts*,2025-04-10,170
THUNDERBOLTS* (IMAX 2D),id,Thunderbolts*,2025-04-11,154
THUNDERBOLTS* (IMAX 2D),id,Thunderbolts*,2025-04-12,146
THUNDERBOLTS* (IMAX 2D),id,Thunderbolts*,2025-04-13,142
THUNDERBOLTS* (IMAX 2D),id,Thunderbolts*,2025-04-14,150
THUNDERBOLTS* (IMAX 2D),id,Thunderbolts*,2025-04-15,128
THUNDERBOLTS* (IMAX 2D),id,Thunderbolts*,2025-04-16,114
THUNDERBOLTS* (IMAX 2D),id,Thunderbolts*,2025-04-17,168
THUNDERBOLTS* (IMAX 2D),id,Thunderbolts*,2025-04-18,242
THUNDERBOLTS* (IMAX 2D),id,Thunderbolts*,2025-04-19,186
THUNDERBOLTS* (IMAX 2D),id,Thunderbolts*,2025-04-20,199
THUNDERBOLTS* (IMAX 2D),id,Thunderbolts*,2025-04-21,169
THUNDERBOLTS* (IMAX 2D),id,Thunderbolts*,2025-04-22,172
THUNDERBOLTS* (IMAX 2D),id,Thunderbolts*,2025-04-23,244
THUNDERBOLTS* (IMAX 2D),id,Thunderbolts*,2025-04-24,444
THUNDERBOLTS* (IMAX 2D),id,Thunderbolts*,2025-04-25,697
THUNDERBOLTS* (IMAX 2D),id,Thunderbolts*,2025-04-26,476
THUNDERBOLTS* (IMAX 2D),id,Thunderbolts*,2025-04-27,493
THUNDERBOLTS* (IMAX 2D),id,Thunderbolts*,2025-04-28,524
THUNDERBOLTS* (IMAX 2D),id,Thunderbolts*,2025-04-29,798
THUNDERBOLTS* (IMAX 2D),id,Thunderbolts*,2025-04-30,3493
THUNDERBOLTS* (IMAX 2D),id,Thunderbolts*,2025-05-01,4799
THUNDERBOLTS* (IMAX 2D),id,Thunderbolts*,2025-05-02,2834
THUNDERBOLTS* (IMAX 2D),id,Thunderbolts*,2025-05-03,3291
THUNDERBOLTS* (IMAX 2D),id,Thunderbolts*,2025-05-04,2648
THUNDERBOLTS* (IMAX 2D),id,Thunderbolts*,2025-05-05,2008
THUNDERBOLTS* (IMAX 2D),id,Thunderbolts*,2025-05-06,2087
TIMUR,id,Timur (film),2025-11-13,84
TIMUR,id,Timur (film),2025-11-14,103
TIMUR,id,Timur (film),2025-11-15,85
TIMUR,id,Timur (film),2025-11-16,55
TIMUR,id,Timur (film),2025-11-17,80
TIMUR,id,Timur (film),2025-11-18,54
TIMUR,id,Timur (film),2025-11-19,47
TIMUR,id,Timur (film),2025-11-20,46
TIMUR,id,Timur (film),2025-11-21,53
TIMUR,id,Timur (film),2025-11-22,57
TIMUR,id,Timur (film),2025-11-23,61
TIMUR,id,Timur (film),2025-11-24,71
TIMUR,id,Timur (film),2025-11-25,73
TIMUR,id,Timur (film),2025-11-26,55
TIMUR,id,Timur (film),2025-11-27,41
TIMUR,id,Timur (film),2025-11-28,182
TIMUR,id,Timur (film),2025-11-29,146
TIMUR,id,Timur (film),2025-11-30,94
TIMUR,id,Timur (film),2025-12-01,115
TIMUR,id,Timur (film),2025-12-02,153
TIMUR,id,Timur (film),2025-12-03,153
TIMUR,id,Timur (film),2025-12-04,390
TIMUR,id,Timur (film),2025-12-05,1052
TIMUR,id,Timur (film),2025-12-06,1009
TIMUR,id,Timur (film),2025-12-07,610
TIMUR,id,Timur (film),2025-12-08,554
TIMUR,id,Timur (film),2025-12-09,446
TIMUR,id,Timur (film),2025-12-10,331
TIMUR,id,Timur (film),2025-12-11,364
TIMUR,id,Timur (film),2025-12-12,366
TIMUR,id,Timur (film),2025-12-13,443
TIMUR,id,Timur (film),2025-12-14,389
TIMUR,id,Timur (film),2025-12-15,321
TIMUR,id,Timur (film),2025-12-16,333
TIMUR,id,Timur (film),2025-12-17,512
TIMUR,id,Timur (film),2025-12-18,1378
TIMUR,id,Timur (film),2025-12-19,1397
TIMUR,id,Timur (film),2025-12-20,1898
TIMUR,id,Timur (film),2025-12-21,1529
TIMUR,id,Timur (film),2025-12-22,1674
TIMUR,id,Timur (film),2025-12-23,1653
TIMUR,id,Timur (film),2025-12-24,1374
TIMUR,id,Timur (film),2025-12-25,813
TIMUR,id,Timur (film),2025-12-26,644
TIMUR,id,Timur (film),2025-12-27,440
TIMUR,id,Timur (film),2025-12-28,518
TIMUR,id,Timur (film),2025-12-29,634
TIN SOLDIER,en,Tin Soldier (film),2025-09-24,581
TIN SOLDIER,en,Tin Soldier (film),2025-09-25,481
TIN SOLDIER,en,Tin Soldier (film),2025-09-26,508
TIN SOLDIER,en,Tin Soldier (film),2025-09-27,570
TIN SOLDIER,en,Tin Soldier (film),2025-09-28,647
TIN SOLDIER,en,Tin Soldier (film),2025-09-29,639
TIN SOLDIER,en,Tin Soldier (film),2025-09-30,490
TIN SOLDIER,en,Tin Soldier (film),2025-10-01,516
TIN SOLDIER,en,Tin Soldier (film),2025-10-02,506
TIN SOLDIER,en,Tin Soldier (film),2025-10-03,502
TIN SOLDIER,en,Tin Soldier (film),2025-10-04,543
TIN SOLDIER,en,Tin Soldier (film),2025-10-05,630
TIN SOLDIER,en,Tin Soldier (film),2025-10-06,501
TIN SOLDIER,en,Tin Soldier (film),2025-10-07,461
TIN SOLDIER,en,Tin Soldier (film),2025-10-08,441
TIN SOLDIER,en,Tin Soldier (film),2025-10-09,457
TIN SOLDIER,en,Tin Soldier (film),2025-10-10,443
TIN SOLDIER,en,Tin Soldier (film),2025-10-11,599
TIN SOLDIER,en,Tin Soldier (film),2025-10-12,667
TIN SOLDIER,en,Tin Soldier (film),2025-10-13,621
TIN SOLDIER,en,Tin Soldier (film),2025-10-14,564
TIN SOLDIER,en,Tin Soldier (film),2025-10-15,541
TIN SOLDIER,en,Tin Soldier (film),2025-10-16,479
TIN SOLDIER,en,Tin Soldier (film),2025-10-17,476
TIN SOLDIER,en,Tin Soldier (film),2025-10-18,549
TIN SOLDIER,en,Tin Soldier (film),2025-10-19,565
TIN SOLDIER,en,Tin Soldier (film),2025-10-20,567
TIN SOLDIER,en,Tin Soldier (film),2025-10-21,521
TIN SOLDIER,en,Tin Soldier (film),2025-10-22,433
TIN SOLDIER,en,Tin Soldier (film),2025-10-23,657
TIN SOLDIER,en,Tin Soldier (film),2025-10-24,544
TIN SOLDIER,en,Tin Soldier (film),2025-10-25,456
TIN SOLDIER,en,Tin Soldier (film),2025-10-26,548
TIN SOLDIER,en,Tin Soldier (film),2025-10-27,502
TIN SOLDIER,en,Tin Soldier (film),2025-10-28,427
TIN SOLDIER,en,Tin Soldier (film),2025-10-29,534
TIN SOLDIER,en,Tin Soldier (film),2025-10-30,470
TIN SOLDIER,en,Tin Soldier (film),2025-10-31,486
TIN SOLDIER,en,Tin Soldier (film),2025-11-01,524
TIN SOLDIER,en,Tin Soldier (film),2025-11-02,515
TIN SOLDIER,en,Tin Soldier (film),2025-11-03,440
TIN SOLDIER,en,Tin Soldier (film),2025-11-04,452
TIN SOLDIER,en,Tin Soldier (film),2025-11-05,383
TIN SOLDIER,en,Tin Soldier (film),2025-11-06,329
TIN SOLDIER,en,Tin Soldier (film),2025-11-07,346
TIN SOLDIER,en,Tin Soldier (film),2025-11-08,368
TIN SOLDIER,en,Tin Soldier (film),2025-11-09,451
TIN SOLDIER,id,Tin Soldier (film),2025-10-20,3
TIN SOLDIER,id,Tin Soldier (film),2025-10-21,1
TIN SOLDIER,id,Tin Soldier (film),2025-10-22,1
TIN SOLDIER,id,Tin Soldier (film),2025-10-24,4
TIN SOLDIER,id,Tin Soldier (film),2025-10-25,1
TIN SOLDIER,id,Tin Soldier (film),2025-10-27,4
TIN SOLDIER,id,Tin Soldier (film),2025-10-28,10
TIN SOLDIER,id,Tin Soldier (film),2025-10-29,88
TIN SOLDIER,id,Tin Soldier (film),2025-10-30,74
TIN SOLDIER,id,Tin Soldier (film),2025-10-31,85
TIN SOLDIER,id,Tin Soldier (film),2025-11-01,187
TIN SOLDIER,id,Tin Soldier (film),2025-11-02,144
TIN SOLDIER,id,Tin Soldier (film),2025-11-03,84
TIN SOLDIER,id,Tin Soldier (film),2025-11-04,92
TIN SOLDIER,id,Tin Soldier (film),2025-11-05,54
TIN SOLDIER,id,Tin Soldier (film),2025-11-06,26
TIN SOLDIER,id,Tin Soldier (film),2025-11-07,15
TIN SOLDIER,id,Tin Soldier (film),2025-11-08,12
TIN SOLDIER,id,Tin Soldier (film),2025-11-09,8
TINGGAL MENINGGAL,id,Tinggal Meninggal,2025-06-24,0
TINGGAL MENINGGAL,id,Tinggal Meninggal,2025-06-29,0
TINGGAL MENINGGAL,id,Tinggal Meninggal,2025-07-09,0
TINGGAL MENINGGAL,id,Tinggal Meninggal,2025-07-11,0
TINGGAL MENINGGAL,id,Tinggal Meninggal,2025-07-12,1
TINGGAL MENINGGAL,id,Tinggal Meninggal,2025-07-15,0
TINGGAL MENINGGAL,id,Tinggal Meninggal,2025-08-03,0
TINGGAL MENINGGAL,id,Tinggal Meninggal,2025-08-04,0
TRON: ARES (3D),en,Tron: Ares,2025-09-03,5724
TRON: ARES (3D),en,Tron: Ares,2025-09-04,11385
TRON: ARES (3D),en,Tron: Ares,2025-09-05,17616
TRON: ARES (3D),en,Tron: Ares,2025-09-06,14643
TRON: ARES (3D),en,Tron: Ares,2025-09-07,13365
TRON: ARES (3D),en,Tron: Ares,2025-09-08,12124
TRON: ARES (3D),en,Tron: Ares,2025-09-09,8734
TRON: ARES (3D),en,Tron: Ares,2025-09-10,8624
TRON: ARES (3D),en,Tron: Ares,2025-09-11,10794
TRON: ARES (3D),en,Tron: Ares,2025-09-12,10759
TRON: ARES (3D),en,Tron: Ares,2025-09-13,9978
TRON: ARES (3D),en,Tron: Ares,2025-09-14,13016
TRON: ARES (3D),en,Tron: Ares,2025-09-15,11817
TRON: ARES (3D),en,Tron: Ares,2025-09-16,12001
TRON: ARES (3D),en,Tron: Ares,2025-09-17,9953
TRON: ARES (3D),en,Tron: Ares,2025-09-18,10110
TRON: ARES (3D),en,Tron: Ares,2025-09-19,17776
TRON: ARES (3D),en,Tron: Ares,2025-09-20,16346
TRON: ARES (3D),en,Tron: Ares,2025-09-21,15532
TRON: ARES (3D),en,Tron: Ares,2025-09-22,15552
TRON: ARES (3D),en,Tron: Ares,2025-09-23,15314
TRON: ARES (3D),en,Tron: Ares,2025-09-24,12783
TRON: ARES (3D),en,Tron: Ares,2025-09-25,12412
TRON: ARES (3D),en,Tron: Ares,2025-09-26,13751
TRON: ARES (3D),en,Tron: Ares,2025-09-27,13818
TRON: ARES (3D),en,Tron: Ares,2025-09-28,16851
TRON: ARES (3D),en,Tron: Ares,2025-09-29,15894
TRON: ARES (3D),en,Tron: Ares,2025-09-30,16960
TRON: ARES (3D),en,Tron: Ares,2025-10-01,17353
TRON: ARES (3D),en,Tron: Ares,2025-10-02,18668
TRON: ARES (3D),en,Tron: Ares,2025-10-03,25700
TRON: ARES (3D),en,Tron: Ares,2025-10-04,25344
TRON: ARES (3D),en,Tron: Ares,2025-10-05,27813
TRON: ARES (3D),en,Tron: Ares,2025-10-06,35071
TRON: ARES (3D),en,Tron: Ares,2025-10-07,73120
TRON: ARES (3D),en,Tron: Ares,2025-10-08,90949
TRON: ARES (3D),en,Tron: Ares,2025-10-09,108764
TRON: ARES (3D),en,Tron: Ares,2025-10-10,169329
TRON: ARES (3D),en,Tron: Ares,2025-10-11,150697
TRON: ARES (3D),en,Tron: Ares,2025-10-12,156579
TRON: ARES (3D),en,Tron: Ares,2025-10-13,125580
TRON: ARES (3D),en,Tron: Ares,2025-10-14,85168
TRON: ARES (3D),en,Tron: Ares,2025-10-15,85299
TRON: ARES (3D),en,Tron: Ares,2025-10-16,79740
TRON: ARES (3D),en,Tron: Ares,2025-10-17,63454
TRON: ARES (3D),en,Tron: Ares,2025-10-18,56893
TRON: ARES (3D),en,Tron: Ares,2025-10-19,52217
TRON: ARES (3D),id,Tron: Ares,2025-10-15,28
TRON: ARES (3D),id,Tron: Ares,2025-10-16,49
TRON: ARES (3D),id,Tron: Ares,2025-10-17,16
TRON: ARES (3D),id,Tron: Ares,2025-10-18,363
TRON: ARES (3D),id,Tron: Ares,2025-10-19,325
TRON: ARES (IMAX 2D),en,Tron: Ares,2025-09-03,5724
TRON: ARES (IMAX 2D),en,Tron: Ares,2025-09-04,11385
TRON: ARES (IMAX 2D),en,Tron: Ares,2025-09-05,17616
TRON: ARES (IMAX 2D),en,Tron: Ares,2025-09-06,14643
TRON: ARES (IMAX 2D),en,Tron: Ares,2025-09-07,13365
TRON: ARES (IMAX 2D),en,Tron: Ares,2025-09-08,12124
TRON: ARES (IMAX 2D),en,Tron: Ares,2025-09-09,8734
TRON: ARES (IMAX 2D),en,Tron: Ares,2025-09-10,8624
TRON: ARES (IMAX 2D),en,Tron: Ares,2025-09-11,10794
TRON: ARES (IMAX 2D),en,Tron: Ares,2025-09-12,10759
TRON: ARES (IMAX 2D),en,Tron: Ares,2025-09-13,9978
TRON: ARES (IMAX 2D),en,Tron: Ares,2025-09-14,13016
TRON: ARES (IMAX 2D),en,Tron: Ares,2025-09-15,11817
TRON: ARES (IMAX 2D),en,Tron: Ares,2025-09-16,12001
TRON: ARES (IMAX 2D),en,Tron: Ares,2025-09-17,9953
TRON: ARES (IMAX 2D),en,Tron: Ares,2025-09-18,10110
TRON: ARES (IMAX 2D),en,Tron: Ares,2025-09-19,17776
TRON: ARES (IMAX 2D),en,Tron: Ares,2025-09-20,16346
TRON: ARES (IMAX 2D),en,Tron: Ares,2025-09-21,15532
TRON: ARES (IMAX 2D),en,Tron: Ares,2025-09-22,15552
TRON: ARES (IMAX 2D),en,Tron: Ares,2025-09-23,15314
TRON: ARES (IMAX 2D),en,Tron: Ares,2025-09-24,12783
TRON: ARES (IMAX 2D),en,Tron: Ares,2025-09-25,12412
TRON: ARES (IMAX 2D),en,Tron: Ares,2025-09-26,13751
TRON: ARES (IMAX 2D),en,Tron: Ares,2025-09-27,13818
TRON: ARES (IMAX 2D),en,Tron: Ares,2025-09-28,16851
TRON: ARES (IMAX 2D),en,Tron: Ares,2025-09-29,15894
TRON: ARES (IMAX 2D),en,Tron: Ares,2025-09-30,16960
TRON: ARES (IMAX 2D),en,Tron: Ares,2025-10-01,17353
TRON: ARES (IMAX 2D),en,Tron: Ares,2025-10-02,18668
TRON: ARES (IMAX 2D),en,Tron: Ares,2025-10-03,25700
TRON: ARES (IMAX 2D),en,Tron: Ares,2025-10-04,25344
TRON: ARES (IMAX 2D),en,Tron: Ares,2025-10-05,27813
TRON: ARES (IMAX 2D),en,Tron: Ares,2025-10-06,35071
TRON: ARES (IMAX 2D),en,Tron: Ares,2025-10-07,73120
TRON: ARES (IMAX 2D),en,Tron: Ares,2025-10-08,90949
TRON: ARES (IMAX 2D),en,Tron: Ares,2025-10-09,108764
TRON: ARES (IMAX 2D),en,Tron: Ares,2025-10-10,169329
TRON: ARES (IMAX 2D),en,Tron: Ares,2025-10-11,150697
TRON: ARES (IMAX 2D),en,Tron: Ares,2025-10-12,156579
TRON: ARES (IMAX 2D),en,Tron: Ares,2025-10-13,125580
TRON: ARES (IMAX 2D),en,Tron: Ares,2025-10-14,85168
TRON: ARES (IMAX 2D),en,Tron: Ares,2025-10-15,85299
TRON: ARES (IMAX 2D),en,Tron: Ares,2025-10-16,79740
TRON: ARES (IMAX 2D),en,Tron: Ares,2025-10-17,63454
TRON: ARES (IMAX 2D),en,Tron: Ares,2025-10-18,56893
TRON: ARES (IMAX 2D),en,Tron: Ares,2025-10-19,52217
TRON: ARES (IMAX 2D),id,Tron: Ares,2025-10-15,28
TRON: ARES (IMAX 2D),id,Tron: Ares,2025-10-16,49
TRON: ARES (IMAX 2D),id,Tron: Ares,2025-10-17,16
TRON: ARES (IMAX 2D),id,Tron: Ares,2025-10-18,363
TRON: ARES (IMAX 2D),id,Tron: Ares,2025-10-19,325
TUKAR TAKDIR,id,Tukar Takdir,2025-10-01,23
TUKAR TAKDIR,id,Tukar Takdir,2025-10-02,153
TUKAR TAKDIR,id,Tukar Takdir,2025-10-03,729
TUKAR TAKDIR,id,Tukar Takdir,2025-10-04,726
TUKAR TAKDIR,id,Tukar Takdir,2025-10-05,600
TUKAR TAKDIR,id,Tukar Takdir,2025-10-06,587
TUNGGU AKU SUKSES NANTI,id,Tunggu Aku Sukses Nanti,2026-02-19,3
TUNGGU AKU SUKSES NANTI,id,Tunggu Aku Sukses Nanti,2026-02-20,3
TUNGGU AKU SUKSES NANTI,id,Tunggu Aku Sukses Nanti,2026-02-21,17
TUNGGU AKU SUKSES NANTI,id,Tunggu Aku Sukses Nanti,2026-02-22,26
TUNGGU AKU SUKSES NANTI,id,Tunggu Aku Sukses Nanti,2026-02-23,54
TUNGGU AKU SUKSES NANTI,id,Tunggu Aku Sukses Nanti,2026-02-24,71
TUNGGU AKU SUKSES NANTI,id,Tunggu Aku Sukses Nanti,2026-02-25,53
TUNGGU AKU SUKSES NANTI,id,Tunggu Aku Sukses Nanti,2026-02-26,60
TUNGGU AKU SUKSES NANTI,id,Tunggu Aku Sukses Nanti,2026-02-27,61
TUNGGU AKU SUKSES NANTI,id,Tunggu Aku Sukses Nanti,2026-02-28,71
TUNGGU AKU SUKSES NANTI,id,Tunggu Aku Sukses Nanti,2026-03-01,62
TUNGGU AKU SUKSES NANTI,id,Tunggu Aku Sukses Nanti,2026-03-02,62
TUNGGU AKU SUKSES NANTI,id,Tunggu Aku Sukses Nanti,2026-03-03,52
TUNGGU AKU SUKSES NANTI,id,Tunggu Aku Sukses Nanti,2026-03-04,64
TUNGGU AKU SUKSES NANTI,id,Tunggu Aku Sukses Nanti,2026-03-05,146
TUNGGU AKU SUKSES NANTI,id,Tunggu Aku Sukses Nanti,2026-03-06,144
TUNGGU AKU SUKSES NANTI,id,Tunggu Aku Sukses Nanti,2026-03-07,115
TUNGGU AKU SUKSES NANTI,id,Tunggu Aku Sukses Nanti,2026-03-08,157
TUNGGU AKU SUKSES NANTI,id,Tunggu Aku Sukses Nanti,2026-03-09,461
TUNGGU AKU SUKSES NANTI,id,Tunggu Aku Sukses Nanti,2026-03-10,1486
TUNGGU AKU SUKSES NANTI,id,Tunggu Aku Sukses Nanti,2026-03-11,989
TUNGGU AKU SUKSES NANTI,id,Tunggu Aku Sukses Nanti,2026-03-12,688
TUNGGU AKU SUKSES NANTI,id,Tunggu Aku Sukses Nanti,2026-03-13,561
TUNGGU AKU SUKSES NANTI,id,Tunggu Aku Sukses Nanti,2026-03-14,587
TUNGGU AKU SUKSES NANTI,id,Tunggu Aku Sukses Nanti,2026-03-15,469
TUNGGU AKU SUKSES NANTI,id,Tunggu Aku Sukses Nanti,2026-03-16,454
TUNGGU AKU SUKSES NANTI,id,Tunggu Aku Sukses Nanti,2026-03-17,473
TUNGGU AKU SUKSES NANTI,id,Tunggu Aku Sukses Nanti,2026-03-18,1199
TUNGGU AKU SUKSES NANTI,id,Tunggu Aku Sukses Nanti,2026-03-19,1607
TUNGGU AKU SUKSES NANTI,id,Tunggu Aku Sukses Nanti,2026-03-20,1700
TUNGGU AKU SUKSES NANTI,id,Tunggu Aku Sukses Nanti,2026-03-21,2108
TUNGGU AKU SUKSES NANTI,id,Tunggu Aku Sukses Nanti,2026-03-22,3588
TUNGGU AKU SUKSES NANTI,id,Tunggu Aku Sukses Nanti,2026-03-23,4406
TUNGGU AKU SUKSES NANTI,id,Tunggu Aku Sukses Nanti,2026-03-24,5148
TUNGGU AKU SUKSES NANTI,id,Tunggu Aku Sukses Nanti,2026-03-25,4836
TUNGGU AKU SUKSES NANTI,id,Tunggu Aku Sukses Nanti,2026-03-26,5364
TUNGGU AKU SUKSES NANTI,id,Tunggu Aku Sukses Nanti,2026-03-27,4794
TUNGGU AKU SUKSES NANTI,id,Tunggu Aku Sukses Nanti,2026-03-28,4728
TUNGGU AKU SUKSES NANTI,id,Tunggu Aku Sukses Nanti,2026-03-29,4314
UNTIL DAWN,en,Until Dawn (film),2025-03-18,2052
UNTIL DAWN,en,Until Dawn (film),2025-03-19,1954
UNTIL DAWN,en,Until Dawn (film),2025-03-20,2087
UNTIL DAWN,en,Until Dawn (film),2025-03-21,2309
UNTIL DAWN,en,Until Dawn (film),2025-03-22,2303
UNTIL DAWN,en,Until Dawn (film),2025-03-23,2870
UNTIL DAWN,en,Until Dawn (film),2025-03-24,2757
UNTIL DAWN,en,Until Dawn (film),2025-03-25,2782
UNTIL DAWN,en,Until Dawn (film),2025-03-26,2881
UNTIL DAWN,en,Until Dawn (film),2025-03-27,2936
UNTIL DAWN,en,Until Dawn (film),2025-03-28,5391
UNTIL DAWN,en,Until Dawn (film),2025-03-29,5541
UNTIL DAWN,en,Until Dawn (film),2025-03-30,6653
UNTIL DAWN,en,Until Dawn (film),2025-03-31,6036
UNTIL DAWN,en,Until Dawn (film),2025-04-01,5882
UNTIL DAWN,en,Until Dawn (film),2025-04-02,5543
UNTIL DAWN,en,Until Dawn (film),2025-04-03,5597
UNTIL DAWN,en,Until Dawn (film),2025-04-04,6640
UNTIL DAWN,en,Until Dawn (film),2025-04-05,7536
UNTIL DAWN,en,Until Dawn (film),2025-04-06,7762
UNTIL DAWN,en,Until Dawn (film),2025-04-07,7203
UNTIL DAWN,en,Until Dawn (film),2025-04-08,6796
UNTIL DAWN,en,Until Dawn (film),2025-04-09,7172
UNTIL DAWN,en,Until Dawn (film),2025-04-10,8183
UNTIL DAWN,en,Until Dawn (film),2025-04-11,8032
UNTIL DAWN,en,Until Dawn (film),2025-04-12,8838
UNTIL DAWN,en,Until Dawn (film),2025-04-13,8786
UNTIL DAWN,en,Until Dawn (film),2025-04-14,9375
UNTIL DAWN,en,Until Dawn (film),2025-04-15,9432
UNTIL DAWN,en,Until Dawn (film),2025-04-16,10022
UNTIL DAWN,en,Until Dawn (film),2025-04-17,11809
UNTIL DAWN,en,Until Dawn (film),2025-04-18,13525
UNTIL DAWN,en,Until Dawn (film),2025-04-19,15284
UNTIL DAWN,en,Until Dawn (film),2025-04-20,18076
UNTIL DAWN,en,Until Dawn (film),2025-04-21,27406
UNTIL DAWN,en,Until Dawn (film),2025-04-22,23476
UNTIL DAWN,en,Until Dawn (film),2025-04-23,31645
UNTIL DAWN,en,Until Dawn (film),2025-04-24,51000
UNTIL DAWN,en,Until Dawn (film),2025-04-25,91334
UNTIL DAWN,en,Until Dawn (film),2025-04-26,96613
UNTIL DAWN,en,Until Dawn (film),2025-04-27,92465
UNTIL DAWN,en,Until Dawn (film),2025-04-28,64041
UNTIL DAWN,en,Until Dawn (film),2025-04-29,50969
UNTIL DAWN,en,Until Dawn (film),2025-04-30,44128
UNTIL DAWN,en,Until Dawn (film),2025-05-01,37160
UNTIL DAWN,en,Until Dawn (film),2025-05-02,37511
UNTIL DAWN,en,Until Dawn (film),2025-05-03,41969
UNTIL DAWN,id,Until Dawn (film),2025-04-24,0
UNTIL DAWN,id,Until Dawn (film),2025-04-25,109
UNTIL DAWN,id,Until Dawn (film),2025-04-26,96
UNTIL DAWN,id,Until Dawn (film),2025-04-27,90
UNTIL DAWN,id,Until Dawn (film),2025-04-28,108
UNTIL DAWN,id,Until Dawn (film),2025-04-29,121
UNTIL DAWN,id,Until Dawn (film),2025-04-30,90
UNTIL DAWN,id,Until Dawn (film),2025-05-01,59
UNTIL DAWN,id,Until Dawn (film),2025-05-02,41
UNTIL DAWN,id,Until Dawn (film),2025-05-03,34
WAKTU MAGHRIB 2,id,Waktu Maghrib 2,2025-05-28,84
WAKTU MAGHRIB 2,id,Waktu Maghrib 2,2025-05-29,205
WAKTU MAGHRIB 2,id,Waktu Maghrib 2,2025-05-30,620
WAKTU MAGHRIB 2,id,Waktu Maghrib 2,2025-05-31,598
WAKTU MAGHRIB 2,id,Waktu Maghrib 2,2025-06-01,531
WAR 2,en,War 2 (film),2025-07-10,5540
WAR 2,en,War 2 (film),2025-07-11,5417
WAR 2,en,War 2 (film),2025-07-12,5612
WAR 2,en,War 2 (film),2025-07-13,5598
WAR 2,en,War 2 (film),2025-07-14,5385
WAR 2,en,War 2 (film),2025-07-15,6291
WAR 2,en,War 2 (film),2025-07-16,8057
WAR 2,en,War 2 (film),2025-07-17,7035
WAR 2,en,War 2 (film),2025-07-18,6142
WAR 2,en,War 2 (film),2025-07-19,6559
WAR 2,en,War 2 (film),2025-07-20,7185
WAR 2,en,War 2 (film),2025-07-21,7532
WAR 2,en,War 2 (film),2025-07-22,9149
WAR 2,en,War 2 (film),2025-07-23,8680
WAR 2,en,War 2 (film),2025-07-24,11563
WAR 2,en,War 2 (film),2025-07-25,46959
WAR 2,en,War 2 (film),2025-07-26,27162
WAR 2,en,War 2 (film),2025-07-27,18419
WAR 2,en,War 2 (film),2025-07-28,14872
WAR 2,en,War 2 (film),2025-07-29,13562
WAR 2,en,War 2 (film),2025-07-30,13410
WAR 2,en,War 2 (film),2025-07-31,17514
WAR 2,en,War 2 (film),2025-08-01,15875
WAR 2,en,War 2 (film),2025-08-02,15926
WAR 2,en,War 2 (film),2025-08-03,16954
WAR 2,en,War 2 (film),2025-08-04,15050
WAR 2,en,War 2 (film),2025-08-05,16708
WAR 2,en,War 2 (film),2025-08-06,19738
WAR 2,en,War 2 (film),2025-08-07,24232
WAR 2,en,War 2 (film),2025-08-08,23481
WAR 2,en,War 2 (film),2025-08-09,24018
WAR 2,en,War 2 (film),2025-08-10,42362
WAR 2,en,War 2 (film),2025-08-11,50304
WAR 2,en,War 2 (film),2025-08-12,45773
WAR 2,en,War 2 (film),2025-08-13,67792
WAR 2,en,War 2 (film),2025-08-14,370451
WAR 2,en,War 2 (film),2025-08-15,462599
WAR 2,en,War 2 (film),2025-08-16,379611
WAR 2,en,War 2 (film),2025-08-17,319537
WAR 2,en,War 2 (film),2025-08-18,279092
WAR 2,en,War 2 (film),2025-08-19,227898
WAR 2,en,War 2 (film),2025-08-20,188597
WAR 2,en,War 2 (film),2025-08-21,172031
WAR 2,en,War 2 (film),2025-08-22,148051
WAR 2,en,War 2 (film),2025-08-23,132664
WAR 2,en,War 2 (film),2025-08-24,124776
WAR 2,en,War 2 (film),2025-08-25,106959
WARFARE,en,Warfare (film),2025-03-10,5437
WARFARE,en,Warfare (film),2025-03-11,4373
WARFARE,en,Warfare (film),2025-03-12,4664
WARFARE,en,Warfare (film),2025-03-13,6479
WARFARE,en,Warfare (film),2025-03-14,8582
WARFARE,en,Warfare (film),2025-03-15,6947
WARFARE,en,Warfare (film),2025-03-16,6468
WARFARE,en,Warfare (film),2025-03-17,5975
WARFARE,en,Warfare (film),2025-03-18,7139
WARFARE,en,Warfare (film),2025-03-19,8406
WARFARE,en,Warfare (film),2025-03-20,6684
WARFARE,en,Warfare (film),2025-03-21,6024
WARFARE,en,Warfare (film),2025-03-22,6407
WARFARE,en,Warfare (film),2025-03-23,6369
WARFARE,en,Warfare (film),2025-03-24,6927
WARFARE,en,Warfare (film),2025-03-25,13459
WARFARE,en,Warfare (film),2025-03-26,14570
WARFARE,en,Warfare (film),2025-03-27,14816
WARFARE,en,Warfare (film),2025-03-28,22583
WARFARE,en,Warfare (film),2025-03-29,28278
WARFARE,en,Warfare (film),2025-03-30,18442
WARFARE,en,Warfare (film),2025-03-31,12860
WARFARE,en,Warfare (film),2025-04-01,20499
WARFARE,en,Warfare (film),2025-04-02,20339
WARFARE,en,Warfare (film),2025-04-03,14816
WARFARE,en,Warfare (film),2025-04-04,13965
WARFARE,en,Warfare (film),2025-04-05,14608
WARFARE,en,Warfare (film),2025-04-06,20601
WARFARE,en,Warfare (film),2025-04-07,19186
WARFARE,en,Warfare (film),2025-04-08,27752
WARFARE,en,Warfare (film),2025-04-09,32425
WARFARE,en,Warfare (film),2025-04-10,41150
WARFARE,en,Warfare (film),2025-04-11,70624
WARFARE,en,Warfare (film),2025-04-12,73948
WARFARE,en,Warfare (film),2025-04-13,71994
WARFARE,en,Warfare (film),2025-04-14,63326
WARFARE,en,Warfare (film),2025-04-15,64184
WARFARE,en,Warfare (film),2025-04-16,67375
WARFARE,en,Warfare (film),2025-04-17,58151
WARFARE,en,Warfare (film),2025-04-18,68184
WARFARE,en,Warfare (film),2025-04-19,66858
WARFARE,en,Warfare (film),2025-04-20,69567
WARFARE,en,Warfare (film),2025-04-21,57797
WARFARE,en,Warfare (film),2025-04-22,44450
WARFARE,en,Warfare (film),2025-04-23,45523
WARFARE,en,Warfare (film),2025-04-24,37639
WARFARE,en,Warfare (film),2025-04-25,34309
WARKOP DKI KARTUN,id,Warkop DKI Kartun,2025-06-25,8
WARKOP DKI KARTUN,id,Warkop DKI Kartun,2025-06-26,44
WARKOP DKI KARTUN,id,Warkop DKI Kartun,2025-06-27,34
WARKOP DKI KARTUN,id,Warkop DKI Kartun,2025-06-28,36
WARKOP DKI KARTUN,id,Warkop DKI Kartun,2025-06-29,40
WARKOP DKI KARTUN,id,Warkop DKI Kartun,2025-06-30,39
WARKOP DKI KARTUN,id,Warkop DKI Kartun,2025-07-01,20
WARKOP DKI KARTUN,id,Warkop DKI Kartun,2025-07-02,12
WE BURY THE DEAD,en,We Bury the Dead,2025-12-05,1037
WE BURY THE DEAD,en,We Bury the Dead,2025-12-06,1038
WE BURY THE DEAD,en,We Bury the Dead,2025-12-07,1107
WE BURY THE DEAD,en,We Bury the Dead,2025-12-08,1084
WE BURY THE DEAD,en,We Bury the Dead,2025-12-09,1132
WE BURY THE DEAD,en,We Bury the Dead,2025-12-10,1072
WE BURY THE DEAD,en,We Bury the Dead,2025-12-11,1097
WE BURY THE DEAD,en,We Bury the Dead,2025-12-12,1016
WE BURY THE DEAD,en,We Bury the Dead,2025-12-13,1261
WE BURY THE DEAD,en,We Bury the Dead,2025-12-14,1202
WE BURY THE DEAD,en,We Bury the Dead,2025-12-15,1597
WE BURY THE DEAD,en,We Bury the Dead,2025-12-16,3884
WE BURY THE DEAD,en,We Bury the Dead,2025-12-17,4175
WE BURY THE DEAD,en,We Bury the Dead,2025-12-18,3136
WE BURY THE DEAD,en,We Bury the Dead,2025-12-19,2339
WE BURY THE DEAD,en,We Bury the Dead,2025-12-20,1833
WE BURY THE DEAD,en,We Bury the Dead,2025-12-21,2004
WE BURY THE DEAD,en,We Bury the Dead,2025-12-22,4399
WE BURY THE DEAD,en,We Bury the Dead,2025-12-23,8537
WE BURY THE DEAD,en,We Bury the Dead,2025-12-24,4339
WE BURY THE DEAD,en,We Bury the Dead,2025-12-25,4196
WE BURY THE DEAD,en,We Bury the Dead,2025-12-26,4314
WE BURY THE DEAD,en,We Bury the Dead,2025-12-27,4236
WE BURY THE DEAD,en,We Bury the Dead,2025-12-28,4504
WE BURY THE DEAD,en,We Bury the Dead,2025-12-29,4433
WE BURY THE DEAD,en,We Bury the Dead,2025-12-30,4932
WE BURY THE DEAD,en,We Bury the Dead,2025-12-31,5451
WE BURY THE DEAD,en,We Bury the Dead,2026-01-01,8304
WE BURY THE DEAD,en,We Bury the Dead,2026-01-02,17353
WE BURY THE DEAD,en,We Bury the Dead,2026-01-03,19414
WE BURY THE DEAD,en,We Bury the Dead,2026-01-04,16109
WE BURY THE DEAD,en,We Bury the Dead,2026-01-05,12117
WE BURY THE DEAD,en,We Bury the Dead,2026-01-06,9790
WE BURY THE DEAD,en,We Bury the Dead,2026-01-07,8346
WE BURY THE DEAD,en,We Bury the Dead,2026-01-08,7199
WE BURY THE DEAD,en,We Bury the Dead,2026-01-09,7368
WE BURY THE DEAD,en,We Bury the Dead,2026-01-10,6403
WE BURY THE DEAD,en,We Bury the Dead,2026-01-11,5285
WE BURY THE DEAD,en,We Bury the Dead,2026-01-12,4606
WE BURY THE DEAD,en,We Bury the Dead,2026-01-13,4269
WE BURY THE DEAD,en,We Bury the Dead,2026-01-14,4139
WE BURY THE DEAD,en,We Bury the Dead,2026-01-15,3740
WE BURY THE DEAD,en,We Bury the Dead,2026-01-16,3487
WE BURY THE DEAD,en,We Bury the Dead,2026-01-17,3010
WE BURY THE DEAD,en,We Bury the Dead,2026-01-18,2860
WE BURY THE DEAD,en,We Bury the Dead,2026-01-19,3069
WE BURY THE DEAD,en,We Bury the Dead,2026-01-20,3215
WEAPONS,en,Weapons (2025 film),2025-06-27,19008
WEAPONS,en,Weapons (2025 film),2025-06-28,14431
WEAPONS,en,Weapons (2025 film),2025-06-29,13594
WEAPONS,en,Weapons (2025 film),2025-06-30,10050
WEAPONS,en,Weapons (2025 film),2025-07-01,8111
WEAPONS,en,Weapons (2025 film),2025-07-02,7825
WEAPONS,en,Weapons (2025 film),2025-07-03,7047
WEAPONS,en,Weapons (2025 film),2025-07-04,6650
WEAPONS,en,Weapons (2025 film),2025-07-05,6913
WEAPONS,en,Weapons (2025 film),2025-07-06,7447
WEAPONS,en,Weapons (2025 film),2025-07-07,8116
WEAPONS,en,Weapons (2025 film),2025-07-08,8863
WEAPONS,en,Weapons (2025 film),2025-07-09,11848
WEAPONS,en,Weapons (2025 film),2025-07-10,20543
WEAPONS,en,Weapons (2025 film),2025-07-11,9936
WEAPONS,en,Weapons (2025 film),2025-07-12,10758
WEAPONS,en,Weapons (2025 film),2025-07-13,10649
WEAPONS,en,Weapons (2025 film),2025-07-14,15037
WEAPONS,en,Weapons (2025 film),2025-07-15,21816
WEAPONS,en,Weapons (2025 film),2025-07-16,18965
WEAPONS,en,Weapons (2025 film),2025-07-17,16684
WEAPONS,en,Weapons (2025 film),2025-07-18,17334
WEAPONS,en,Weapons (2025 film),2025-07-19,21977
WEAPONS,en,Weapons (2025 film),2025-07-20,20831
WEAPONS,en,Weapons (2025 film),2025-07-21,21433
WEAPONS,en,Weapons (2025 film),2025-07-22,23488
WEAPONS,en,Weapons (2025 film),2025-07-23,29938
WEAPONS,en,Weapons (2025 film),2025-07-24,29972
WEAPONS,en,Weapons (2025 film),2025-07-25,37899
WEAPONS,en,Weapons (2025 film),2025-07-26,42547
WEAPONS,en,Weapons (2025 film),2025-07-27,43294
WEAPONS,en,Weapons (2025 film),2025-07-28,47446
WEAPONS,en,Weapons (2025 film),2025-07-29,119616
WEAPONS,en,Weapons (2025 film),2025-07-30,103293
WEAPONS,en,Weapons (2025 film),2025-07-31,84259
WEAPONS,en,Weapons (2025 film),2025-08-01,79554
WEAPONS,en,Weapons (2025 film),2025-08-02,72166
WEAPONS,en,Weapons (2025 film),2025-08-03,79011
WEAPONS,en,Weapons (2025 film),2025-08-04,89552
WEAPONS,en,Weapons (2025 film),2025-08-05,161224
WEAPONS,en,Weapons (2025 film),2025-08-06,228789
WEAPONS,en,Weapons (2025 film),2025-08-07,354177
WEAPONS,en,Weapons (2025 film),2025-08-08,605840
WEAPONS,en,Weapons (2025 film),2025-08-09,532725
WEAPONS,en,Weapons (2025 film),2025-08-10,500527
WEAPONS,en,Weapons (2025 film),2025-08-11,432511
WEAPONS,en,Weapons (2025 film),2025-08-12,287778
WEAPONS,id,Weapons (film 2025),2025-08-05,18
WEAPONS,id,Weapons (film 2025),2025-08-06,1520
WEAPONS,id,Weapons (film 2025),2025-08-07,2842
WEAPONS,id,Weapons (film 2025),2025-08-08,2731
WEAPONS,id,Weapons (film 2025),2025-08-09,3220
WEAPONS,id,Weapons (film 2025),2025-08-10,3002
WEAPONS,id,Weapons (film 2025),2025-08-11,2957
WEAPONS,id,Weapons (film 2025),2025-08-12,2758
WEAPONS (IMAX 2D),en,Weapons (2025 film),2025-07-02,7825
WEAPONS (IMAX 2D),en,Weapons (2025 film),2025-07-03,7047
WEAPONS (IMAX 2D),en,Weapons (2025 film),2025-07-04,6650
WEAPONS (IMAX 2D),en,Weapons (2025 film),2025-07-05,6913
WEAPONS (IMAX 2D),en,Weapons (2025 film),2025-07-06,7447
WEAPONS (IMAX 2D),en,Weapons (2025 film),2025-07-07,8116
WEAPONS (IMAX 2D),en,Weapons (2025 film),2025-07-08,8863
WEAPONS (IMAX 2D),en,Weapons (2025 film),2025-07-09,11848
WEAPONS (IMAX 2D),en,Weapons (2025 film),2025-07-10,20543
WEAPONS (IMAX 2D),en,Weapons (2025 film),2025-07-11,9936
WEAPONS (IMAX 2D),en,Weapons (2025 film),2025-07-12,10758
WEAPONS (IMAX 2D),en,Weapons (2025 film),2025-07-13,10649
WEAPONS (IMAX 2D),en,Weapons (2025 film),2025-07-14,15037
WEAPONS (IMAX 2D),en,Weapons (2025 film),2025-07-15,21816
WEAPONS (IMAX 2D),en,Weapons (2025 film),2025-07-16,18965
WEAPONS (IMAX 2D),en,Weapons (2025 film),2025-07-17,16684
WEAPONS (IMAX 2D),en,Weapons (2025 film),2025-07-18,17334
WEAPONS (IMAX 2D),en,Weapons (2025 film),2025-07-19,21977
WEAPONS (IMAX 2D),en,Weapons (2025 film),2025-07-20,20831
WEAPONS (IMAX 2D),en,Weapons (2025 film),2025-07-21,21433
WEAPONS (IMAX 2D),en,Weapons (2025 film),2025-07-22,23488
WEAPONS (IMAX 2D),en,Weapons (2025 film),2025-07-23,29938
WEAPONS (IMAX 2D),en,Weapons (2025 film),2025-07-24,29972
WEAPONS (IMAX 2D),en,Weapons (2025 film),2025-07-25,37899
WEAPONS (IMAX 2D),en,Weapons (2025 film),2025-07-26,42547
WEAPONS (IMAX 2D),en,Weapons (2025 film),2025-07-27,43294
WEAPONS (IMAX 2D),en,Weapons (2025 film),2025-07-28,47446
WEAPONS (IMAX 2D),en,Weapons (2025 film),2025-07-29,119616
WEAPONS (IMAX 2D),en,Weapons (2025 film),2025-07-30,103293
WEAPONS (IMAX 2D),en,Weapons (2025 film),2025-07-31,84259
WEAPONS (IMAX 2D),en,Weapons (2025 film),2025-08-01,79554
WEAPONS (IMAX 2D),en,Weapons (2025 film),2025-08-02,72166
WEAPONS (IMAX 2D),en,Weapons (2025 film),2025-08-03,79011
WEAPONS (IMAX 2D),en,Weapons (2025 film),2025-08-04,89552
WEAPONS (IMAX 2D),en,Weapons (2025 film),2025-08-05,161224
WEAPONS (IMAX 2D),en,Weapons (2025 film),2025-08-06,228789
WEAPONS (IMAX 2D),en,Weapons (2025 film),2025-08-07,354177
WEAPONS (IMAX 2D),en,Weapons (2025 film),2025-08-08,605840
WEAPONS (IMAX 2D),en,Weapons (2025 film),2025-08-09,532725
WEAPONS (IMAX 2D),en,Weapons (2025 film),2025-08-10,500527
WEAPONS (IMAX 2D),en,Weapons (2025 film),2025-08-11,432511
WEAPONS (IMAX 2D),en,Weapons (2025 film),2025-08-12,287778
WEAPONS (IMAX 2D),en,Weapons (2025 film),2025-08-13,261180
WEAPONS (IMAX 2D),en,Weapons (2025 film),2025-08-14,195768
WEAPONS (IMAX 2D),en,Weapons (2025 film),2025-08-15,179891
WEAPONS (IMAX 2D),en,Weapons (2025 film),2025-08-16,190939
WEAPONS (IMAX 2D),en,Weapons (2025 film),2025-08-17,203364
WEAPONS (IMAX 2D),id,Weapons (film 2025),2025-08-05,18
WEAPONS (IMAX 2D),id,Weapons (film 2025),2025-08-06,1520
WEAPONS (IMAX 2D),id,Weapons (film 2025),2025-08-07,2842
WEAPONS (IMAX 2D),id,Weapons (film 2025),2025-08-08,2731
WEAPONS (IMAX 2D),id,Weapons (film 2025),2025-08-09,3220
WEAPONS (IMAX 2D),id,Weapons (film 2025),2025-08-10,3002
WEAPONS (IMAX 2D),id,Weapons (film 2025),2025-08-11,2957
WEAPONS (IMAX 2D),id,Weapons (film 2025),2025-08-12,2758
WEAPONS (IMAX 2D),id,Weapons (film 2025),2025-08-13,2776
WEAPONS (IMAX 2D),id,Weapons (film 2025),2025-08-14,2529
WEAPONS (IMAX 2D),id,Weapons (film 2025),2025-08-15,1999
WEAPONS (IMAX 2D),id,Weapons (film 2025),2025-08-16,2129
WEAPONS (IMAX 2D),id,Weapons (film 2025),2025-08-17,2408
WHISTLE,en,Whistle (2025 film),2026-01-07,4675
WHISTLE,en,Whistle (2025 film),2026-01-08,1838
WHISTLE,en,Whistle (2025 film),2026-01-09,1425
WHISTLE,en,Whistle (2025 film),2026-01-10,1282
WHISTLE,en,Whistle (2025 film),2026-01-11,1182
WHISTLE,en,Whistle (2025 film),2026-01-12,1001
WHISTLE,en,Whistle (2025 film),2026-01-13,1103
WHISTLE,en,Whistle (2025 film),2026-01-14,1136
WHISTLE,en,Whistle (2025 film),2026-01-15,1205
WHISTLE,en,Whistle (2025 film),2026-01-16,1126
WHISTLE,en,Whistle (2025 film),2026-01-17,1113
WHISTLE,en,Whistle (2025 film),2026-01-18,1100
WHISTLE,en,Whistle (2025 film),2026-01-19,930
WHISTLE,en,Whistle (2025 film),2026-01-20,1157
WHISTLE,en,Whistle (2025 film),2026-01-21,1311
WHISTLE,en,Whistle (2025 film),2026-01-22,986
WHISTLE,en,Whistle (2025 film),2026-01-23,1021
WHISTLE,en,Whistle (2025 film),2026-01-24,1250
WHISTLE,en,Whistle (2025 film),2026-01-25,1344
WHISTLE,en,Whistle (2025 film),2026-01-26,1451
WHISTLE,en,Whistle (2025 film),2026-01-27,1716
WHISTLE,en,Whistle (2025 film),2026-01-28,2240
WHISTLE,en,Whistle (2025 film),2026-01-29,2843
WHISTLE,en,Whistle (2025 film),2026-01-30,2248
WHISTLE,en,Whistle (2025 film),2026-01-31,1799
WHISTLE,en,Whistle (2025 film),2026-02-01,2032
WHISTLE,en,Whistle (2025 film),2026-02-02,2423
WHISTLE,en,Whistle (2025 film),2026-02-03,2874
WHISTLE,en,Whistle (2025 film),2026-02-04,4233
WHISTLE,en,Whistle (2025 film),2026-02-05,6559
WHISTLE,en,Whistle (2025 film),2026-02-06,10770
WHISTLE,en,Whistle (2025 film),2026-02-07,10928
WHISTLE,en,Whistle (2025 film),2026-02-08,12575
WHISTLE,en,Whistle (2025 film),2026-02-09,9355
WHISTLE,en,Whistle (2025 film),2026-02-10,7453
WHISTLE,en,Whistle (2025 film),2026-02-11,7459
WHISTLE,en,Whistle (2025 film),2026-02-12,6477
WHISTLE,en,Whistle (2025 film),2026-02-13,6656
WHISTLE,en,Whistle (2025 film),2026-02-14,6314
WHISTLE,en,Whistle (2025 film),2026-02-15,5848
WHISTLE,en,Whistle (2025 film),2026-02-16,5080
WHISTLE,en,Whistle (2025 film),2026-02-17,4217
WHISTLE,en,Whistle (2025 film),2026-02-18,4445
WHISTLE,en,Whistle (2025 film),2026-02-19,4200
WHISTLE,en,Whistle (2025 film),2026-02-20,3779
WHISTLE,en,Whistle (2025 film),2026-02-21,4303
WHISTLE,en,Whistle (2025 film),2026-02-22,3743
WICKED: FOR GOOD,en,Wicked: For Good,2025-10-15,6618
WICKED: FOR GOOD,en,Wicked: For Good,2025-10-16,7450
WICKED: FOR GOOD,en,Wicked: For Good,2025-10-17,9256
WICKED: FOR GOOD,en,Wicked: For Good,2025-10-18,7899
WICKED: FOR GOOD,en,Wicked: For Good,2025-10-19,7439
WICKED: FOR GOOD,en,Wicked: For Good,2025-10-20,11680
WICKED: FOR GOOD,en,Wicked: For Good,2025-10-21,11313
WICKED: FOR GOOD,en,Wicked: For Good,2025-10-22,16189
WICKED: FOR GOOD,en,Wicked: For Good,2025-10-23,10356
WICKED: FOR GOOD,en,Wicked: For Good,2025-10-24,8509
WICKED: FOR GOOD,en,Wicked: For Good,2025-10-25,8399
WICKED: FOR GOOD,en,Wicked: For Good,2025-10-26,8548
WICKED: FOR GOOD,en,Wicked: For Good,2025-10-27,9305
WICKED: FOR GOOD,en,Wicked: For Good,2025-10-28,9827
WICKED: FOR GOOD,en,Wicked: For Good,2025-10-29,9228
WICKED: FOR GOOD,en,Wicked: For Good,2025-10-30,9281
WICKED: FOR GOOD,en,Wicked: For Good,2025-10-31,9590
WICKED: FOR GOOD,en,Wicked: For Good,2025-11-01,9774
WICKED: FOR GOOD,en,Wicked: For Good,2025-11-02,13193
WICKED: FOR GOOD,en,Wicked: For Good,2025-11-03,12181
WICKED: FOR GOOD,en,Wicked: For Good,2025-11-04,14230
WICKED: FOR GOOD,en,Wicked: For Good,2025-11-05,14776
WICKED: FOR GOOD,en,Wicked: For Good,2025-11-06,14400
WICKED: FOR GOOD,en,Wicked: For Good,2025-11-07,20818
WICKED: FOR GOOD,en,Wicked: For Good,2025-11-08,19844
WICKED: FOR GOOD,en,Wicked: For Good,2025-11-09,20744
WICKED: FOR GOOD,en,Wicked: For Good,2025-11-10,21310
WICKED: FOR GOOD,en,Wicked: For Good,2025-11-11,22332
WICKED: FOR GOOD,en,Wicked: For Good,2025-11-12,20480
WICKED: FOR GOOD,en,Wicked: For Good,2025-11-13,22728
WICKED: FOR GOOD,en,Wicked: For Good,2025-11-14,28373
WICKED: FOR GOOD,en,Wicked: For Good,2025-11-15,28244
WICKED: FOR GOOD,en,Wicked: For Good,2025-11-16,33342
WICKED: FOR GOOD,en,Wicked: For Good,2025-11-17,42491
WICKED: FOR GOOD,en,Wicked: For Good,2025-11-18,85481
WICKED: FOR GOOD,en,Wicked: For Good,2025-11-19,110674
WICKED: FOR GOOD,en,Wicked: For Good,2025-11-20,130321
WICKED: FOR GOOD,en,Wicked: For Good,2025-11-21,196127
WICKED: FOR GOOD,en,Wicked: For Good,2025-11-22,227960
WICKED: FOR GOOD,en,Wicked: For Good,2025-11-23,231066
WICKED: FOR GOOD,en,Wicked: For Good,2025-11-24,207499
WICKED: FOR GOOD,en,Wicked: For Good,2025-11-25,149539
WICKED: FOR GOOD,en,Wicked: For Good,2025-11-26,122000
WICKED: FOR GOOD,en,Wicked: For Good,2025-11-27,102760
WICKED: FOR GOOD,en,Wicked: For Good,2025-11-28,95554
WICKED: FOR GOOD,en,Wicked: For Good,2025-11-29,100278
WICKED: FOR GOOD,en,Wicked: For Good,2025-11-30,97738
WICKED: FOR GOOD (3D),en,Wicked: For Good,2025-10-15,6618
WICKED: FOR GOOD (3D),en,Wicked: For Good,2025-10-16,7450
WICKED: FOR GOOD (3D),en,Wicked: For Good,2025-10-17,9256
WICKED: FOR GOOD (3D),en,Wicked: For Good,2025-10-18,7899
WICKED: FOR GOOD (3D),en,Wicked: For Good,2025-10-19,7439
WICKED: FOR GOOD (3D),en,Wicked: For Good,2025-10-20,11680
WICKED: FOR GOOD (3D),en,Wicked: For Good,2025-10-21,11313
WICKED: FOR GOOD (3D),en,Wicked: For Good,2025-10-22,16189
WICKED: FOR GOOD (3D),en,Wicked: For Good,2025-10-23,10356
WICKED: FOR GOOD (3D),en,Wicked: For Good,2025-10-24,8509
WICKED: FOR GOOD (3D),en,Wicked: For Good,2025-10-25,8399
WICKED: FOR GOOD (3D),en,Wicked: For Good,2025-10-26,8548
WICKED: FOR GOOD (3D),en,Wicked: For Good,2025-10-27,9305
WICKED: FOR GOOD (3D),en,Wicked: For Good,2025-10-28,9827
WICKED: FOR GOOD (3D),en,Wicked: For Good,2025-10-29,9228
WICKED: FOR GOOD (3D),en,Wicked: For Good,2025-10-30,9281
WICKED: FOR GOOD (3D),en,Wicked: For Good,2025-10-31,9590
WICKED: FOR GOOD (3D),en,Wicked: For Good,2025-11-01,9774
WICKED: FOR GOOD (3D),en,Wicked: For Good,2025-11-02,13193
WICKED: FOR GOOD (3D),en,Wicked: For Good,2025-11-03,12181
WICKED: FOR GOOD (3D),en,Wicked: For Good,2025-11-04,14230
WICKED: FOR GOOD (3D),en,Wicked: For Good,2025-11-05,14776
WICKED: FOR GOOD (3D),en,Wicked: For Good,2025-11-06,14400
WICKED: FOR GOOD (3D),en,Wicked: For Good,2025-11-07,20818
WICKED: FOR GOOD (3D),en,Wicked: For Good,2025-11-08,19844
WICKED: FOR GOOD (3D),en,Wicked: For Good,2025-11-09,20744
WICKED: FOR GOOD (3D),en,Wicked: For Good,2025-11-10,21310
WICKED: FOR GOOD (3D),en,Wicked: For Good,2025-11-11,22332
WICKED: FOR GOOD (3D),en,Wicked: For Good,2025-11-12,20480
WICKED: FOR GOOD (3D),en,Wicked: For Good,2025-11-13,22728
WICKED: FOR GOOD (3D),en,Wicked: For Good,2025-11-14,28373
WICKED: FOR GOOD (3D),en,Wicked: For Good,2025-11-15,28244
WICKED: FOR GOOD (3D),en,Wicked: For Good,2025-11-16,33342
WICKED: FOR GOOD (3D),en,Wicked: For Good,2025-11-17,42491
WICKED: FOR GOOD (3D),en,Wicked: For Good,2025-11-18,85481
WICKED: FOR GOOD (3D),en,Wicked: For Good,2025-11-19,110674
WICKED: FOR GOOD (3D),en,Wicked: For Good,2025-11-20,130321
WICKED: FOR GOOD (3D),en,Wicked: For Good,2025-11-21,196127
WICKED: FOR GOOD (3D),en,Wicked: For Good,2025-11-22,227960
WICKED: FOR GOOD (3D),en,Wicked: For Good,2025-11-23,231066
WICKED: FOR GOOD (3D),en,Wicked: For Good,2025-11-24,207499
WICKED: FOR GOOD (3D),en,Wicked: For Good,2025-11-25,149539
WICKED: FOR GOOD (3D),en,Wicked: For Good,2025-11-26,122000
WICKED: FOR GOOD (3D),en,Wicked: For Good,2025-11-27,102760
WICKED: FOR GOOD (3D),en,Wicked: For Good,2025-11-28,95554
WICKED: FOR GOOD (3D),en,Wicked: For Good,2025-11-29,100278
WICKED: FOR GOOD (3D),en,Wicked: For Good,2025-11-30,97738
WICKED: FOR GOOD (3D),id,Wicked: For Good,2025-10-15,10
WICKED: FOR GOOD (3D),id,Wicked: For Good,2025-10-16,7
WICKED: FOR GOOD (3D),id,Wicked: For Good,2025-10-17,6
WICKED: FOR GOOD (3D),id,Wicked: For Good,2025-10-18,13
WICKED: FOR GOOD (3D),id,Wicked: For Good,2025-10-19,9
WICKED: FOR GOOD (3D),id,Wicked: For Good,2025-10-20,12
WICKED: FOR GOOD (3D),id,Wicked: For Good,2025-10-21,13
WICKED: FOR GOOD (3D),id,Wicked: For Good,2025-10-22,10
WICKED: FOR GOOD (3D),id,Wicked: For Good,2025-10-23,9
WICKED: FOR GOOD (3D),id,Wicked: For Good,2025-10-24,10
WICKED: FOR GOOD (3D),id,Wicked: For Good,2025-10-25,9
WICKED: FOR GOOD (3D),id,Wicked: For Good,2025-10-26,17
WICKED: FOR GOOD (3D),id,Wicked: For Good,2025-10-27,15
WICKED: FOR GOOD (3D),id,Wicked: For Good,2025-10-28,16
WICKED: FOR GOOD (3D),id,Wicked: For Good,2025-10-29,19
WICKED: FOR GOOD (3D),id,Wicked: For Good,2025-10-30,23
WICKED: FOR GOOD (3D),id,Wicked: For Good,2025-10-31,16
WICKED: FOR GOOD (3D),id,Wicked: For Good,2025-11-01,15
WICKED: FOR GOOD (3D),id,Wicked: For Good,2025-11-02,25
WICKED: FOR GOOD (3D),id,Wicked: For Good,2025-11-03,19
WICKED: FOR GOOD (3D),id,Wicked: For Good,2025-11-04,20
WICKED: FOR GOOD (3D),id,Wicked: For Good,2025-11-05,21
WICKED: FOR GOOD (3D),id,Wicked: For Good,2025-11-06,33
WICKED: FOR GOOD (3D),id,Wicked: For Good,2025-11-07,35
WICKED: FOR GOOD (3D),id,Wicked: For Good,2025-11-08,32
WICKED: FOR GOOD (3D),id,Wicked: For Good,2025-11-09,42
WICKED: FOR GOOD (3D),id,Wicked: For Good,2025-11-10,40
WICKED: FOR GOOD (3D),id,Wicked: For Good,2025-11-11,37
WICKED: FOR GOOD (3D),id,Wicked: For Good,2025-11-12,58
WICKED: FOR GOOD (3D),id,Wicked: For Good,2025-11-13,69
WICKED: FOR GOOD (3D),id,Wicked: For Good,2025-11-14,183
WICKED: FOR GOOD (3D),id,Wicked: For Good,2025-11-15,145
WICKED: FOR GOOD (3D),id,Wicked: For Good,2025-11-16,154
WICKED: FOR GOOD (3D),id,Wicked: For Good,2025-11-17,98
WICKED: FOR GOOD (3D),id,Wicked: For Good,2025-11-18,173
WICKED: FOR GOOD (3D),id,Wicked: For Good,2025-11-19,355
WICKED: FOR GOOD (3D),id,Wicked: For Good,2025-11-20,368
WICKED: FOR GOOD (3D),id,Wicked: For Good,2025-11-21,358
WICKED: FOR GOOD (3D),id,Wicked: For Good,2025-11-22,481
WICKED: FOR GOOD (3D),id,Wicked: For Good,2025-11-23,447
WICKED: FOR GOOD (3D),id,Wicked: For Good,2025-11-24,251
WICKED: FOR GOOD (3D),id,Wicked: For Good,2025-11-25,245
WICKED: FOR GOOD (3D),id,Wicked: For Good,2025-11-26,244
WICKED: FOR GOOD (3D),id,Wicked: For Good,2025-11-27,181
WICKED: FOR GOOD (3D),id,Wicked: For Good,2025-11-28,134
WICKED: FOR GOOD (3D),id,Wicked: For Good,2025-11-29,158
WICKED: FOR GOOD (3D),id,Wicked: For Good,2025-11-30,132
WICKED: FOR GOOD (IMAX 2D),en,Wicked: For Good,2025-10-15,6618
WICKED: FOR GOOD (IMAX 2D),en,Wicked: For Good,2025-10-16,7450
WICKED: FOR GOOD (IMAX 2D),en,Wicked: For Good,2025-10-17,9256
WICKED: FOR GOOD (IMAX 2D),en,Wicked: For Good,2025-10-18,7899
WICKED: FOR GOOD (IMAX 2D),en,Wicked: For Good,2025-10-19,7439
WICKED: FOR GOOD (IMAX 2D),en,Wicked: For Good,2025-10-20,11680
WICKED: FOR GOOD (IMAX 2D),en,Wicked: For Good,2025-10-21,11313
WICKED: FOR GOOD (IMAX 2D),en,Wicked: For Good,2025-10-22,16189
WICKED: FOR GOOD (IMAX 2D),en,Wicked: For Good,2025-10-23,10356
WICKED: FOR GOOD (IMAX 2D),en,Wicked: For Good,2025-10-24,8509
WICKED: FOR GOOD (IMAX 2D),en,Wicked: For Good,2025-10-25,8399
WICKED: FOR GOOD (IMAX 2D),en,Wicked: For Good,2025-10-26,8548
WICKED: FOR GOOD (IMAX 2D),en,Wicked: For Good,2025-10-27,9305
WICKED: FOR GOOD (IMAX 2D),en,Wicked: For Good,2025-10-28,9827
WICKED: FOR GOOD (IMAX 2D),en,Wicked: For Good,2025-10-29,9228
WICKED: FOR GOOD (IMAX 2D),en,Wicked: For Good,2025-10-30,9281
WICKED: FOR GOOD (IMAX 2D),en,Wicked: For Good,2025-10-31,9590
WICKED: FOR GOOD (IMAX 2D),en,Wicked: For Good,2025-11-01,9774
WICKED: FOR GOOD (IMAX 2D),en,Wicked: For Good,2025-11-02,13193
WICKED: FOR GOOD (IMAX 2D),en,Wicked: For Good,2025-11-03,12181
WICKED: FOR GOOD (IMAX 2D),en,Wicked: For Good,2025-11-04,14230
WICKED: FOR GOOD (IMAX 2D),en,Wicked: For Good,2025-11-05,14776
WICKED: FOR GOOD (IMAX 2D),en,Wicked: For Good,2025-11-06,14400
WICKED: FOR GOOD (IMAX 2D),en,Wicked: For Good,2025-11-07,20818
WICKED: FOR GOOD (IMAX 2D),en,Wicked: For Good,2025-11-08,19844
WICKED: FOR GOOD (IMAX 2D),en,Wicked: For Good,2025-11-09,20744
WICKED: FOR GOOD (IMAX 2D),en,Wicked: For Good,2025-11-10,21310
WICKED: FOR GOOD (IMAX 2D),en,Wicked: For Good,2025-11-11,22332
WICKED: FOR GOOD (IMAX 2D),en,Wicked: For Good,2025-11-12,20480
WICKED: FOR GOOD (IMAX 2D),en,Wicked: For Good,2025-11-13,22728
WICKED: FOR GOOD (IMAX 2D),en,Wicked: For Good,2025-11-14,28373
WICKED: FOR GOOD (IMAX 2D),en,Wicked: For Good,2025-11-15,28244
WICKED: FOR GOOD (IMAX 2D),en,Wicked: For Good,2025-11-16,33342
WICKED: FOR GOOD (IMAX 2D),en,Wicked: For Good,2025-11-17,42491
WICKED: FOR GOOD (IMAX 2D),en,Wicked: For Good,2025-11-18,85481
WICKED: FOR GOOD (IMAX 2D),en,Wicked: For Good,2025-11-19,110674
WICKED: FOR GOOD (IMAX 2D),en,Wicked: For Good,2025-11-20,130321
WICKED: FOR GOOD (IMAX 2D),en,Wicked: For Good,2025-11-21,196127
WICKED: FOR GOOD (IMAX 2D),en,Wicked: For Good,2025-11-22,227960
WICKED: FOR GOOD (IMAX 2D),en,Wicked: For Good,2025-11-23,231066
WICKED: FOR GOOD (IMAX 2D),en,Wicked: For Good,2025-11-24,207499
WICKED: FOR GOOD (IMAX 2D),en,Wicked: For Good,2025-11-25,149539
WICKED: FOR GOOD (IMAX 2D),en,Wicked: For Good,2025-11-26,122000
WICKED: FOR GOOD (IMAX 2D),en,Wicked: For Good,2025-11-27,102760
WICKED: FOR GOOD (IMAX 2D),en,Wicked: For Good,2025-11-28,95554
WICKED: FOR GOOD (IMAX 2D),en,Wicked: For Good,2025-11-29,100278
WICKED: FOR GOOD (IMAX 2D),en,Wicked: For Good,2025-11-30,97738
WICKED: FOR GOOD (IMAX 2D),id,Wicked: For Good,2025-10-15,10
WICKED: FOR GOOD (IMAX 2D),id,Wicked: For Good,2025-10-16,7
WICKED: FOR GOOD (IMAX 2D),id,Wicked: For Good,2025-10-17,6
WICKED: FOR GOOD (IMAX 2D),id,Wicked: For Good,2025-10-18,13
WICKED: FOR GOOD (IMAX 2D),id,Wicked: For Good,2025-10-19,9
WICKED: FOR GOOD (IMAX 2D),id,Wicked: For Good,2025-10-20,12
WICKED: FOR GOOD (IMAX 2D),id,Wicked: For Good,2025-10-21,13
WICKED: FOR GOOD (IMAX 2D),id,Wicked: For Good,2025-10-22,10
WICKED: FOR GOOD (IMAX 2D),id,Wicked: For Good,2025-10-23,9
WICKED: FOR GOOD (IMAX 2D),id,Wicked: For Good,2025-10-24,10
WICKED: FOR GOOD (IMAX 2D),id,Wicked: For Good,2025-10-25,9
WICKED: FOR GOOD (IMAX 2D),id,Wicked: For Good,2025-10-26,17
WICKED: FOR GOOD (IMAX 2D),id,Wicked: For Good,2025-10-27,15
WICKED: FOR GOOD (IMAX 2D),id,Wicked: For Good,2025-10-28,16
WICKED: FOR GOOD (IMAX 2D),id,Wicked: For Good,2025-10-29,19
WICKED: FOR GOOD (IMAX 2D),id,Wicked: For Good,2025-10-30,23
WICKED: FOR GOOD (IMAX 2D),id,Wicked: For Good,2025-10-31,16
WICKED: FOR GOOD (IMAX 2D),id,Wicked: For Good,2025-11-01,15
WICKED: FOR GOOD (IMAX 2D),id,Wicked: For Good,2025-11-02,25
WICKED: FOR GOOD (IMAX 2D),id,Wicked: For Good,2025-11-03,19
WICKED: FOR GOOD (IMAX 2D),id,Wicked: For Good,2025-11-04,20
WICKED: FOR GOOD (IMAX 2D),id,Wicked: For Good,2025-11-05,21
WICKED: FOR GOOD (IMAX 2D),id,Wicked: For Good,2025-11-06,33
WICKED: FOR GOOD (IMAX 2D),id,Wicked: For Good,2025-11-07,35
WICKED: FOR GOOD (IMAX 2D),id,Wicked: For Good,2025-11-08,32
WICKED: FOR GOOD (IMAX 2D),id,Wicked: For Good,2025-11-09,42
WICKED: FOR GOOD (IMAX 2D),id,Wicked: For Good,2025-11-10,40
WICKED: FOR GOOD (IMAX 2D),id,Wicked: For Good,2025-11-11,37
WICKED: FOR GOOD (IMAX 2D),id,Wicked: For Good,2025-11-12,58
WICKED: FOR GOOD (IMAX 2D),id,Wicked: For Good,2025-11-13,69
WICKED: FOR GOOD (IMAX 2D),id,Wicked: For Good,2025-11-14,183
WICKED: FOR GOOD (IMAX 2D),id,Wicked: For Good,2025-11-15,145
WICKED: FOR GOOD (IMAX 2D),id,Wicked: For Good,2025-11-16,154
WICKED: FOR GOOD (IMAX 2D),id,Wicked: For Good,2025-11-17,98
WICKED: FOR GOOD (IMAX 2D),id,Wicked: For Good,2025-11-18,173
WICKED: FOR GOOD (IMAX 2D),id,Wicked: For Good,2025-11-19,355
WICKED: FOR GOOD (IMAX 2D),id,Wicked: For Good,2025-11-20,368
WICKED: FOR GOOD (IMAX 2D),id,Wicked: For Good,2025-11-21,358
WICKED: FOR GOOD (IMAX 2D),id,Wicked: For Good,2025-11-22,481
WICKED: FOR GOOD (IMAX 2D),id,Wicked: For Good,2025-11-23,447
WICKED: FOR GOOD (IMAX 2D),id,Wicked: For Good,2025-11-24,251
WICKED: FOR GOOD (IMAX 2D),id,Wicked: For Good,2025-11-25,245
WICKED: FOR GOOD (IMAX 2D),id,Wicked: For Good,2025-11-26,244
WICKED: FOR GOOD (IMAX 2D),id,Wicked: For Good,2025-11-27,181
WICKED: FOR GOOD (IMAX 2D),id,Wicked: For Good,2025-11-28,134
WICKED: FOR GOOD (IMAX 2D),id,Wicked: For Good,2025-11-29,158
WICKED: FOR GOOD (IMAX 2D),id,Wicked: For Good,2025-11-30,132
WUTHERING HEIGHTS,en,Wuthering Heights (2026 film),2026-01-07,7040
WUTHERING HEIGHTS,en,Wuthering Heights (2026 film),2026-01-08,6809
WUTHERING HEIGHTS,en,Wuthering Heights (2026 film),2026-01-09,6538
WUTHERING HEIGHTS,en,Wuthering Heights (2026 film),2026-01-10,9356
WUTHERING HEIGHTS,en,Wuthering Heights (2026 film),2026-01-11,10529
WUTHERING HEIGHTS,en,Wuthering Heights (2026 film),2026-01-12,15703
WUTHERING HEIGHTS,en,Wuthering Heights (2026 film),2026-01-13,13559
WUTHERING HEIGHTS,en,Wuthering Heights (2026 film),2026-01-14,14607
WUTHERING HEIGHTS,en,Wuthering Heights (2026 film),2026-01-15,15528
WUTHERING HEIGHTS,en,Wuthering Heights (2026 film),2026-01-16,14374
WUTHERING HEIGHTS,en,Wuthering Heights (2026 film),2026-01-17,14075
WUTHERING HEIGHTS,en,Wuthering Heights (2026 film),2026-01-18,13482
WUTHERING HEIGHTS,en,Wuthering Heights (2026 film),2026-01-19,12586
WUTHERING HEIGHTS,en,Wuthering Heights (2026 film),2026-01-20,13221
WUTHERING HEIGHTS,en,Wuthering Heights (2026 film),2026-01-21,19857
WUTHERING HEIGHTS,en,Wuthering Heights (2026 film),2026-01-22,18885
WUTHERING HEIGHTS,en,Wuthering Heights (2026 film),2026-01-23,18194
WUTHERING HEIGHTS,en,Wuthering Heights (2026 film),2026-01-24,25807
WUTHERING HEIGHTS,en,Wuthering Heights (2026 film),2026-01-25,23925
WUTHERING HEIGHTS,en,Wuthering Heights (2026 film),2026-01-26,18328
WUTHERING HEIGHTS,en,Wuthering Heights (2026 film),2026-01-27,20523
WUTHERING HEIGHTS,en,Wuthering Heights (2026 film),2026-01-28,23681
WUTHERING HEIGHTS,en,Wuthering Heights (2026 film),2026-01-29,42934
WUTHERING HEIGHTS,en,Wuthering Heights (2026 film),2026-01-30,41650
WUTHERING HEIGHTS,en,Wuthering Heights (2026 film),2026-01-31,35436
WUTHERING HEIGHTS,en,Wuthering Heights (2026 film),2026-02-01,31051
WUTHERING HEIGHTS,en,Wuthering Heights (2026 film),2026-02-02,26233
WUTHERING HEIGHTS,en,Wuthering Heights (2026 film),2026-02-03,26096
WUTHERING HEIGHTS,en,Wuthering Heights (2026 film),2026-02-04,30717
WUTHERING HEIGHTS,en,Wuthering Heights (2026 film),2026-02-05,34966
WUTHERING HEIGHTS,en,Wuthering Heights (2026 film),2026-02-06,50042
WUTHERING HEIGHTS,en,Wuthering Heights (2026 film),2026-02-07,40339
WUTHERING HEIGHTS,en,Wuthering Heights (2026 film),2026-02-08,35517
WUTHERING HEIGHTS,en,Wuthering Heights (2026 film),2026-02-09,39243
WUTHERING HEIGHTS,en,Wuthering Heights (2026 film),2026-02-10,75928
WUTHERING HEIGHTS,en,Wuthering Heights (2026 film),2026-02-11,74323
WUTHERING HEIGHTS,en,Wuthering Heights (2026 film),2026-02-12,86295
WUTHERING HEIGHTS,en,Wuthering Heights (2026 film),2026-02-13,162165
WUTHERING HEIGHTS,en,Wuthering Heights (2026 film),2026-02-14,212383
WUTHERING HEIGHTS,en,Wuthering Heights (2026 film),2026-02-15,229819
WUTHERING HEIGHTS,en,Wuthering Heights (2026 film),2026-02-16,198046
WUTHERING HEIGHTS,en,Wuthering Heights (2026 film),2026-02-17,141300
WUTHERING HEIGHTS,en,Wuthering Heights (2026 film),2026-02-18,116887
WUTHERING HEIGHTS,en,Wuthering Heights (2026 film),2026-02-19,98119
WUTHERING HEIGHTS,en,Wuthering Heights (2026 film),2026-02-20,86246
WUTHERING HEIGHTS,en,Wuthering Heights (2026 film),2026-02-21,95730
WUTHERING HEIGHTS,en,Wuthering Heights (2026 film),2026-02-22,93023
WUTHERING HEIGHTS (IMAX 2D),en,Wuthering Heights (2026 film),2026-01-07,7040
WUTHERING HEIGHTS (IMAX 2D),en,Wuthering Heights (2026 film),2026-01-08,6809
WUTHERING HEIGHTS (IMAX 2D),en,Wuthering Heights (2026 film),2026-01-09,6538
WUTHERING HEIGHTS (IMAX 2D),en,Wuthering Heights (2026 film),2026-01-10,9356
WUTHERING HEIGHTS (IMAX 2D),en,Wuthering Heights (2026 film),2026-01-11,10529
WUTHERING HEIGHTS (IMAX 2D),en,Wuthering Heights (2026 film),2026-01-12,15703
WUTHERING HEIGHTS (IMAX 2D),en,Wuthering Heights (2026 film),2026-01-13,13559
WUTHERING HEIGHTS (IMAX 2D),en,Wuthering Heights (2026 film),2026-01-14,14607
WUTHERING HEIGHTS (IMAX 2D),en,Wuthering Heights (2026 film),2026-01-15,15528
WUTHERING HEIGHTS (IMAX 2D),en,Wuthering Heights (2026 film),2026-01-16,14374
WUTHERING HEIGHTS (IMAX 2D),en,Wuthering Heights (2026 film),2026-01-17,14075
WUTHERING HEIGHTS (IMAX 2D),en,Wuthering Heights (2026 film),2026-01-18,13482
WUTHERING HEIGHTS (IMAX 2D),en,Wuthering Heights (2026 film),2026-01-19,12586
WUTHERING HEIGHTS (IMAX 2D),en,Wuthering Heights (2026 film),2026-01-20,13221
WUTHERING HEIGHTS (IMAX 2D),en,Wuthering Heights (2026 film),2026-01-21,19857
WUTHERING HEIGHTS (IMAX 2D),en,Wuthering Heights (2026 film),2026-01-22,18885
WUTHERING HEIGHTS (IMAX 2D),en,Wuthering Heights (2026 film),2026-01-23,18194
WUTHERING HEIGHTS (IMAX 2D),en,Wuthering Heights (2026 film),2026-01-24,25807
WUTHERING HEIGHTS (IMAX 2D),en,Wuthering Heights (2026 film),2026-01-25,23925
WUTHERING HEIGHTS (IMAX 2D),en,Wuthering Heights (2026 film),2026-01-26,18328
WUTHERING HEIGHTS (IMAX 2D),en,Wuthering Heights (2026 film),2026-01-27,20523
WUTHERING HEIGHTS (IMAX 2D),en,Wuthering Heights (2026 film),2026-01-28,23681
WUTHERING HEIGHTS (IMAX 2D),en,Wuthering Heights (2026 film),2026-01-29,42934
WUTHERING HEIGHTS (IMAX 2D),en,Wuthering Heights (2026 film),2026-01-30,41650
WUTHERING HEIGHTS (IMAX 2D),en,Wuthering Heights (2026 film),2026-01-31,35436
WUTHERING HEIGHTS (IMAX 2D),en,Wuthering Heights (2026 film),2026-02-01,31051
WUTHERING HEIGHTS (IMAX 2D),en,Wuthering Heights (2026 film),2026-02-02,26233
WUTHERING HEIGHTS (IMAX 2D),en,Wuthering Heights (2026 film),2026-02-03,26096
WUTHERING HEIGHTS (IMAX 2D),en,Wuthering Heights (2026 film),2026-02-04,30717
WUTHERING HEIGHTS (IMAX 2D),en,Wuthering Heights (2026 film),2026-02-05,34966
WUTHERING HEIGHTS (IMAX 2D),en,Wuthering Heights (2026 film),2026-02-06,50042
WUTHERING HEIGHTS (IMAX 2D),en,Wuthering Heights (2026 film),2026-02-07,40339
WUTHERING HEIGHTS (IMAX 2D),en,Wuthering Heights (2026 film),2026-02-08,35517
WUTHERING HEIGHTS (IMAX 2D),en,Wuthering Heights (2026 film),2026-02-09,39243
WUTHERING HEIGHTS (IMAX 2D),en,Wuthering Heights (2026 film),2026-02-10,75928
WUTHERING HEIGHTS (IMAX 2D),en,Wuthering Heights (2026 film),2026-02-11,74323
WUTHERING HEIGHTS (IMAX 2D),en,Wuthering Heights (2026 film),2026-02-12,86295
WUTHERING HEIGHTS (IMAX 2D),en,Wuthering Heights (2026 film),2026-02-13,162165
WUTHERING HEIGHTS (IMAX 2D),en,Wuthering Heights (2026 film),2026-02-14,212383
WUTHERING HEIGHTS (IMAX 2D),en,Wuthering Heights (2026 film),2026-02-15,229819
WUTHERING HEIGHTS (IMAX 2D),en,Wuthering Heights (2026 film),2026-02-16,198046
WUTHERING HEIGHTS (IMAX 2D),en,Wuthering Heights (2026 film),2026-02-17,141300
WUTHERING HEIGHTS (IMAX 2D),en,Wuthering Heights (2026 film),2026-02-18,116887
WUTHERING HEIGHTS (IMAX 2D),en,Wuthering Heights (2026 film),2026-02-19,98119
WUTHERING HEIGHTS (IMAX 2D),en,Wuthering Heights (2026 film),2026-02-20,86246
WUTHERING HEIGHTS (IMAX 2D),en,Wuthering Heights (2026 film),2026-02-21,95730
WUTHERING HEIGHTS (IMAX 2D),en,Wuthering Heights (2026 film),2026-02-22,93023
WUTHERING HEIGHTS (IMAX 2D),id,Wuthering Heights (film 2026),2026-01-07,13
WUTHERING HEIGHTS (IMAX 2D),id,Wuthering Heights (film 2026),2026-01-08,16
WUTHERING HEIGHTS (IMAX 2D),id,Wuthering Heights (film 2026),2026-01-09,14
WUTHERING HEIGHTS (IMAX 2D),id,Wuthering Heights (film 2026),2026-01-10,10
WUTHERING HEIGHTS (IMAX 2D),id,Wuthering Heights (film 2026),2026-01-11,17
WUTHERING HEIGHTS (IMAX 2D),id,Wuthering Heights (film 2026),2026-01-12,17
WUTHERING HEIGHTS (IMAX 2D),id,Wuthering Heights (film 2026),2026-01-13,16
WUTHERING HEIGHTS (IMAX 2D),id,Wuthering Heights (film 2026),2026-01-14,21
WUTHERING HEIGHTS (IMAX 2D),id,Wuthering Heights (film 2026),2026-01-15,18
WUTHERING HEIGHTS (IMAX 2D),id,Wuthering Heights (film 2026),2026-01-16,24
WUTHERING HEIGHTS (IMAX 2D),id,Wuthering Heights (film 2026),2026-01-17,17
WUTHERING HEIGHTS (IMAX 2D),id,Wuthering Heights (film 2026),2026-01-18,18
WUTHERING HEIGHTS (IMAX 2D),id,Wuthering Heights (film 2026),2026-01-19,19
WUTHERING HEIGHTS (IMAX 2D),id,Wuthering Heights (film 2026),2026-01-20,36
WUTHERING HEIGHTS (IMAX 2D),id,Wuthering Heights (film 2026),2026-01-21,43
WUTHERING HEIGHTS (IMAX 2D),id,Wuthering Heights (film 2026),2026-01-22,18
WUTHERING HEIGHTS (IMAX 2D),id,Wuthering Heights (film 2026),2026-01-23,16
WUTHERING HEIGHTS (IMAX 2D),id,Wuthering Heights (film 2026),2026-01-24,20
WUTHERING HEIGHTS (IMAX 2D),id,Wuthering Heights (film 2026),2026-01-25,17
WUTHERING HEIGHTS (IMAX 2D),id,Wuthering Heights (film 2026),2026-01-26,19
WUTHERING HEIGHTS (IMAX 2D),id,Wuthering Heights (film 2026),2026-01-27,19
WUTHERING HEIGHTS (IMAX 2D),id,Wuthering Heights (film 2026),2026-01-28,19
WUTHERING HEIGHTS (IMAX 2D),id,Wuthering Heights (film 2026),2026-01-29,50
WUTHERING HEIGHTS (IMAX 2D),id,Wuthering Heights (film 2026),2026-01-30,35
WUTHERING HEIGHTS (IMAX 2D),id,Wuthering Heights (film 2026),2026-01-31,24
WUTHERING HEIGHTS (IMAX 2D),id,Wuthering Heights (film 2026),2026-02-01,33
WUTHERING HEIGHTS (IMAX 2D),id,Wuthering Heights (film 2026),2026-02-02,38
WUTHERING HEIGHTS (IMAX 2D),id,Wuthering Heights (film 2026),2026-02-03,35
WUTHERING HEIGHTS (IMAX 2D),id,Wuthering Heights (film 2026),2026-02-04,43
WUTHERING HEIGHTS (IMAX 2D),id,Wuthering Heights (film 2026),2026-02-05,32
WUTHERING HEIGHTS (IMAX 2D),id,Wuthering Heights (film 2026),2026-02-06,51
WUTHERING HEIGHTS (IMAX 2D),id,Wuthering Heights (film 2026),2026-02-07,61
WUTHERING HEIGHTS (IMAX 2D),id,Wuthering Heights (film 2026),2026-02-08,64
WUTHERING HEIGHTS (IMAX 2D),id,Wuthering Heights (film 2026),2026-02-09,65
WUTHERING HEIGHTS (IMAX 2D),id,Wuthering Heights (film 2026),2026-02-10,183
WUTHERING HEIGHTS (IMAX 2D),id,Wuthering Heights (film 2026),2026-02-11,632
WUTHERING HEIGHTS (IMAX 2D),id,Wuthering Heights (film 2026),2026-02-12,790
WUTHERING HEIGHTS (IMAX 2D),id,Wuthering Heights (film 2026),2026-02-13,710
WUTHERING HEIGHTS (IMAX 2D),id,Wuthering Heights (film 2026),2026-02-14,756
WUTHERING HEIGHTS (IMAX 2D),id,Wuthering Heights (film 2026),2026-02-15,755
WUTHERING HEIGHTS (IMAX 2D),id,Wuthering Heights (film 2026),2026-02-16,618
WUTHERING HEIGHTS (IMAX 2D),id,Wuthering Heights (film 2026),2026-02-17,603
WUTHERING HEIGHTS (IMAX 2D),id,Wuthering Heights (film 2026),2026-02-18,413
WUTHERING HEIGHTS (IMAX 2D),id,Wuthering Heights (film 2026),2026-02-19,263
WUTHERING HEIGHTS (IMAX 2D),id,Wuthering Heights (film 2026),2026-02-20,254
WUTHERING HEIGHTS (IMAX 2D),id,Wuthering Heights (film 2026),2026-02-21,246
WUTHERING HEIGHTS (IMAX 2D),id,Wuthering Heights (film 2026),2026-02-22,274
ZOOTOPIA 2,en,Zootopia 2,2025-10-22,6156
ZOOTOPIA 2,en,Zootopia 2,2025-10-23,6368
ZOOTOPIA 2,en,Zootopia 2,2025-10-24,6198
ZOOTOPIA 2,en,Zootopia 2,2025-10-25,6715
ZOOTOPIA 2,en,Zootopia 2,2025-10-26,7107
ZOOTOPIA 2,en,Zootopia 2,2025-10-27,13805
ZOOTOPIA 2,en,Zootopia 2,2025-10-28,15007
ZOOTOPIA 2,en,Zootopia 2,2025-10-29,11996
ZOOTOPIA 2,en,Zootopia 2,2025-10-30,10476
ZOOTOPIA 2,en,Zootopia 2,2025-10-31,8860
ZOOTOPIA 2,en,Zootopia 2,2025-11-01,10416
ZOOTOPIA 2,en,Zootopia 2,2025-11-02,12822
ZOOTOPIA 2,en,Zootopia 2,2025-11-03,11952
ZOOTOPIA 2,en,Zootopia 2,2025-11-04,12019
ZOOTOPIA 2,en,Zootopia 2,2025-11-05,12021
ZOOTOPIA 2,en,Zootopia 2,2025-11-06,11665
ZOOTOPIA 2,en,Zootopia 2,2025-11-07,12668
ZOOTOPIA 2,en,Zootopia 2,2025-11-08,14975
ZOOTOPIA 2,en,Zootopia 2,2025-11-09,14974
ZOOTOPIA 2,en,Zootopia 2,2025-11-10,13239
ZOOTOPIA 2,en,Zootopia 2,2025-11-11,14310
ZOOTOPIA 2,en,Zootopia 2,2025-11-12,20071
ZOOTOPIA 2,en,Zootopia 2,2025-11-13,20579
ZOOTOPIA 2,en,Zootopia 2,2025-11-14,28790
ZOOTOPIA 2,en,Zootopia 2,2025-11-15,29188
ZOOTOPIA 2,en,Zootopia 2,2025-11-16,25981
ZOOTOPIA 2,en,Zootopia 2,2025-11-17,24553
ZOOTOPIA 2,en,Zootopia 2,2025-11-18,23822
ZOOTOPIA 2,en,Zootopia 2,2025-11-19,22742
ZOOTOPIA 2,en,Zootopia 2,2025-11-20,21742
ZOOTOPIA 2,en,Zootopia 2,2025-11-21,24586
ZOOTOPIA 2,en,Zootopia 2,2025-11-22,26249
ZOOTOPIA 2,en,Zootopia 2,2025-11-23,30097
ZOOTOPIA 2,en,Zootopia 2,2025-11-24,39925
ZOOTOPIA 2,en,Zootopia 2,2025-11-25,64396
ZOOTOPIA 2,en,Zootopia 2,2025-11-26,123734
ZOOTOPIA 2,en,Zootopia 2,2025-11-27,136397
ZOOTOPIA 2,en,Zootopia 2,2025-11-28,148003
ZOOTOPIA 2,en,Zootopia 2,2025-11-29,155291
ZOOTOPIA 2,en,Zootopia 2,2025-11-30,174433
ZOOTOPIA 2,en,Zootopia 2,2025-12-01,163246
ZOOTOPIA 2,en,Zootopia 2,2025-12-02,113818
ZOOTOPIA 2,en,Zootopia 2,2025-12-03,108902
ZOOTOPIA 2,en,Zootopia 2,2025-12-04,97257
ZOOTOPIA 2,en,Zootopia 2,2025-12-05,80440
ZOOTOPIA 2,en,Zootopia 2,2025-12-06,89320
ZOOTOPIA 2,en,Zootopia 2,2025-12-07,106001
ZOOTOPIA 2 (3D),en,Zootopia 2,2025-10-22,6156
ZOOTOPIA 2 (3D),en,Zootopia 2,2025-10-23,6368
ZOOTOPIA 2 (3D),en,Zootopia 2,2025-10-24,6198
ZOOTOPIA 2 (3D),en,Zootopia 2,2025-10-25,6715
ZOOTOPIA 2 (3D),en,Zootopia 2,2025-10-26,7107
ZOOTOPIA 2 (3D),en,Zootopia 2,2025-10-27,13805
ZOOTOPIA 2 (3D),en,Zootopia 2,2025-10-28,15007
ZOOTOPIA 2 (3D),en,Zootopia 2,2025-10-29,11996
ZOOTOPIA 2 (3D),en,Zootopia 2,2025-10-30,10476
ZOOTOPIA 2 (3D),en,Zootopia 2,2025-10-31,8860
ZOOTOPIA 2 (3D),en,Zootopia 2,2025-11-01,10416
ZOOTOPIA 2 (3D),en,Zootopia 2,2025-11-02,12822
ZOOTOPIA 2 (3D),en,Zootopia 2,2025-11-03,11952
ZOOTOPIA 2 (3D),en,Zootopia 2,2025-11-04,12019
ZOOTOPIA 2 (3D),en,Zootopia 2,2025-11-05,12021
ZOOTOPIA 2 (3D),en,Zootopia 2,2025-11-06,11665
ZOOTOPIA 2 (3D),en,Zootopia 2,2025-11-07,12668
ZOOTOPIA 2 (3D),en,Zootopia 2,2025-11-08,14975
ZOOTOPIA 2 (3D),en,Zootopia 2,2025-11-09,14974
ZOOTOPIA 2 (3D),en,Zootopia 2,2025-11-10,13239
ZOOTOPIA 2 (3D),en,Zootopia 2,2025-11-11,14310
ZOOTOPIA 2 (3D),en,Zootopia 2,2025-11-12,20071
ZOOTOPIA 2 (3D),en,Zootopia 2,2025-11-13,20579
ZOOTOPIA 2 (3D),en,Zootopia 2,2025-11-14,28790
ZOOTOPIA 2 (3D),en,Zootopia 2,2025-11-15,29188
ZOOTOPIA 2 (3D),en,Zootopia 2,2025-11-16,25981
ZOOTOPIA 2 (3D),en,Zootopia 2,2025-11-17,24553
ZOOTOPIA 2 (3D),en,Zootopia 2,2025-11-18,23822
ZOOTOPIA 2 (3D),en,Zootopia 2,2025-11-19,22742
ZOOTOPIA 2 (3D),en,Zootopia 2,2025-11-20,21742
ZOOTOPIA 2 (3D),en,Zootopia 2,2025-11-21,24586
ZOOTOPIA 2 (3D),en,Zootopia 2,2025-11-22,26249
ZOOTOPIA 2 (3D),en,Zootopia 2,2025-11-23,30097
ZOOTOPIA 2 (3D),en,Zootopia 2,2025-11-24,39925
ZOOTOPIA 2 (3D),en,Zootopia 2,2025-11-25,64396
ZOOTOPIA 2 (3D),en,Zootopia 2,2025-11-26,123734
ZOOTOPIA 2 (3D),en,Zootopia 2,2025-11-27,136397
ZOOTOPIA 2 (3D),en,Zootopia 2,2025-11-28,148003
ZOOTOPIA 2 (3D),en,Zootopia 2,2025-11-29,155291
ZOOTOPIA 2 (3D),en,Zootopia 2,2025-11-30,174433
ZOOTOPIA 2 (3D),en,Zootopia 2,2025-12-01,163246
ZOOTOPIA 2 (3D),en,Zootopia 2,2025-12-02,113818
ZOOTOPIA 2 (3D),en,Zootopia 2,2025-12-03,108902
ZOOTOPIA 2 (3D),en,Zootopia 2,2025-12-04,97257
ZOOTOPIA 2 (3D),en,Zootopia 2,2025-12-05,80440
ZOOTOPIA 2 (3D),en,Zootopia 2,2025-12-06,89320
ZOOTOPIA 2 (3D),en,Zootopia 2,2025-12-07,106001
ZOOTOPIA 2 (3D),id,Zootopia 2,2025-10-22,59
ZOOTOPIA 2 (3D),id,Zootopia 2,2025-10-23,46
ZOOTOPIA 2 (3D),id,Zootopia 2,2025-10-24,82
ZOOTOPIA 2 (3D),id,Zootopia 2,2025-10-25,80
ZOOTOPIA 2 (3D),id,Zootopia 2,2025-10-26,86
ZOOTOPIA 2 (3D),id,Zootopia 2,2025-10-27,61
ZOOTOPIA 2 (3D),id,Zootopia 2,2025-10-28,71
ZOOTOPIA 2 (3D),id,Zootopia 2,2025-10-29,92
ZOOTOPIA 2 (3D),id,Zootopia 2,2025-10-30,136
ZOOTOPIA 2 (3D),id,Zootopia 2,2025-10-31,163
ZOOTOPIA 2 (3D),id,Zootopia 2,2025-11-01,237
ZOOTOPIA 2 (3D),id,Zootopia 2,2025-11-02,249
ZOOTOPIA 2 (3D),id,Zootopia 2,2025-11-03,181
ZOOTOPIA 2 (3D),id,Zootopia 2,2025-11-04,199
ZOOTOPIA 2 (3D),id,Zootopia 2,2025-11-05,195
ZOOTOPIA 2 (3D),id,Zootopia 2,2025-11-06,208
ZOOTOPIA 2 (3D),id,Zootopia 2,2025-11-07,186
ZOOTOPIA 2 (3D),id,Zootopia 2,2025-11-08,177
ZOOTOPIA 2 (3D),id,Zootopia 2,2025-11-09,190
ZOOTOPIA 2 (3D),id,Zootopia 2,2025-11-10,151
ZOOTOPIA 2 (3D),id,Zootopia 2,2025-11-11,151
ZOOTOPIA 2 (3D),id,Zootopia 2,2025-11-12,133
ZOOTOPIA 2 (3D),id,Zootopia 2,2025-11-13,197
ZOOTOPIA 2 (3D),id,Zootopia 2,2025-11-14,143
ZOOTOPIA 2 (3D),id,Zootopia 2,2025-11-15,152
ZOOTOPIA 2 (3D),id,Zootopia 2,2025-11-16,154
ZOOTOPIA 2 (3D),id,Zootopia 2,2025-11-17,122
ZOOTOPIA 2 (3D),id,Zootopia 2,2025-11-18,163
ZOOTOPIA 2 (3D),id,Zootopia 2,2025-11-19,131
ZOOTOPIA 2 (3D),id,Zootopia 2,2025-11-20,202
ZOOTOPIA 2 (3D),id,Zootopia 2,2025-11-21,245
ZOOTOPIA 2 (3D),id,Zootopia 2,2025-11-22,281
ZOOTOPIA 2 (3D),id,Zootopia 2,2025-11-23,296
ZOOTOPIA 2 (3D),id,Zootopia 2,2025-11-24,322
ZOOTOPIA 2 (3D),id,Zootopia 2,2025-11-25,384
ZOOTOPIA 2 (3D),id,Zootopia 2,2025-11-26,720
ZOOTOPIA 2 (3D),id,Zootopia 2,2025-11-27,755
ZOOTOPIA 2 (3D),id,Zootopia 2,2025-11-28,1072
ZOOTOPIA 2 (3D),id,Zootopia 2,2025-11-29,1541
ZOOTOPIA 2 (3D),id,Zootopia 2,2025-11-30,1175
ZOOTOPIA 2 (3D),id,Zootopia 2,2025-12-01,1073
ZOOTOPIA 2 (3D),id,Zootopia 2,2025-12-02,1405
ZOOTOPIA 2 (3D),id,Zootopia 2,2025-12-03,3207
ZOOTOPIA 2 (3D),id,Zootopia 2,2025-12-04,2343
ZOOTOPIA 2 (3D),id,Zootopia 2,2025-12-05,722
ZOOTOPIA 2 (3D),id,Zootopia 2,2025-12-06,889
ZOOTOPIA 2 (3D),id,Zootopia 2,2025-12-07,920
ZOOTOPIA 2 (IMAX 2D),en,Zootopia 2,2025-10-22,6156
ZOOTOPIA 2 (IMAX 2D),en,Zootopia 2,2025-10-23,6368
ZOOTOPIA 2 (IMAX 2D),en,Zootopia 2,2025-10-24,6198
ZOOTOPIA 2 (IMAX 2D),en,Zootopia 2,2025-10-25,6715
ZOOTOPIA 2 (IMAX 2D),en,Zootopia 2,2025-10-26,7107
ZOOTOPIA 2 (IMAX 2D),en,Zootopia 2,2025-10-27,13805
ZOOTOPIA 2 (IMAX 2D),en,Zootopia 2,2025-10-28,15007
ZOOTOPIA 2 (IMAX 2D),en,Zootopia 2,2025-10-29,11996
ZOOTOPIA 2 (IMAX 2D),en,Zootopia 2,2025-10-30,10476
ZOOTOPIA 2 (IMAX 2D),en,Zootopia 2,2025-10-31,8860
ZOOTOPIA 2 (IMAX 2D),en,Zootopia 2,2025-11-01,10416
ZOOTOPIA 2 (IMAX 2D),en,Zootopia 2,2025-11-02,12822
ZOOTOPIA 2 (IMAX 2D),en,Zootopia 2,2025-11-03,11952
ZOOTOPIA 2 (IMAX 2D),en,Zootopia 2,2025-11-04,12019
ZOOTOPIA 2 (IMAX 2D),en,Zootopia 2,2025-11-05,12021
ZOOTOPIA 2 (IMAX 2D),en,Zootopia 2,2025-11-06,11665
ZOOTOPIA 2 (IMAX 2D),en,Zootopia 2,2025-11-07,12668
ZOOTOPIA 2 (IMAX 2D),en,Zootopia 2,2025-11-08,14975
ZOOTOPIA 2 (IMAX 2D),en,Zootopia 2,2025-11-09,14974
ZOOTOPIA 2 (IMAX 2D),en,Zootopia 2,2025-11-10,13239
ZOOTOPIA 2 (IMAX 2D),en,Zootopia 2,2025-11-11,14310
ZOOTOPIA 2 (IMAX 2D),en,Zootopia 2,2025-11-12,20071
ZOOTOPIA 2 (IMAX 2D),en,Zootopia 2,2025-11-13,20579
ZOOTOPIA 2 (IMAX 2D),en,Zootopia 2,2025-11-14,28790
ZOOTOPIA 2 (IMAX 2D),en,Zootopia 2,2025-11-15,29188
ZOOTOPIA 2 (IMAX 2D),en,Zootopia 2,2025-11-16,25981
ZOOTOPIA 2 (IMAX 2D),en,Zootopia 2,2025-11-17,24553
ZOOTOPIA 2 (IMAX 2D),en,Zootopia 2,2025-11-18,23822
ZOOTOPIA 2 (IMAX 2D),en,Zootopia 2,2025-11-19,22742
ZOOTOPIA 2 (IMAX 2D),en,Zootopia 2,2025-11-20,21742
ZOOTOPIA 2 (IMAX 2D),en,Zootopia 2,2025-11-21,24586
ZOOTOPIA 2 (IMAX 2D),en,Zootopia 2,2025-11-22,26249
ZOOTOPIA 2 (IMAX 2D),en,Zootopia 2,2025-11-23,30097
ZOOTOPIA 2 (IMAX 2D),en,Zootopia 2,2025-11-24,39925
ZOOTOPIA 2 (IMAX 2D),en,Zootopia 2,2025-11-25,64396
ZOOTOPIA 2 (IMAX 2D),en,Zootopia 2,2025-11-26,123734
ZOOTOPIA 2 (IMAX 2D),en,Zootopia 2,2025-11-27,136397
ZOOTOPIA 2 (IMAX 2D),en,Zootopia 2,2025-11-28,148003
ZOOTOPIA 2 (IMAX 2D),en,Zootopia 2,2025-11-29,155291
ZOOTOPIA 2 (IMAX 2D),en,Zootopia 2,2025-11-30,174433
ZOOTOPIA 2 (IMAX 2D),en,Zootopia 2,2025-12-01,163246
ZOOTOPIA 2 (IMAX 2D),en,Zootopia 2,2025-12-02,113818
ZOOTOPIA 2 (IMAX 2D),en,Zootopia 2,2025-12-03,108902
ZOOTOPIA 2 (IMAX 2D),en,Zootopia 2,2025-12-04,97257
ZOOTOPIA 2 (IMAX 2D),en,Zootopia 2,2025-12-05,80440
ZOOTOPIA 2 (IMAX 2D),en,Zootopia 2,2025-12-06,89320
ZOOTOPIA 2 (IMAX 2D),en,Zootopia 2,2025-12-07,106001
ZOOTOPIA 2 (IMAX 2D),id,Zootopia 2,2025-10-22,59
ZOOTOPIA 2 (IMAX 2D),id,Zootopia 2,2025-10-23,46
ZOOTOPIA 2 (IMAX 2D),id,Zootopia 2,2025-10-24,82
ZOOTOPIA 2 (IMAX 2D),id,Zootopia 2,2025-10-25,80
ZOOTOPIA 2 (IMAX 2D),id,Zootopia 2,2025-10-26,86
ZOOTOPIA 2 (IMAX 2D),id,Zootopia 2,2025-10-27,61
ZOOTOPIA 2 (IMAX 2D),id,Zootopia 2,2025-10-28,71
ZOOTOPIA 2 (IMAX 2D),id,Zootopia 2,2025-10-29,92
ZOOTOPIA 2 (IMAX 2D),id,Zootopia 2,2025-10-30,136
ZOOTOPIA 2 (IMAX 2D),id,Zootopia 2,2025-10-31,163
ZOOTOPIA 2 (IMAX 2D),id,Zootopia 2,2025-11-01,237
ZOOTOPIA 2 (IMAX 2D),id,Zootopia 2,2025-11-02,249
ZOOTOPIA 2 (IMAX 2D),id,Zootopia 2,2025-11-03,181
ZOOTOPIA 2 (IMAX 2D),id,Zootopia 2,2025-11-04,199
ZOOTOPIA 2 (IMAX 2D),id,Zootopia 2,2025-11-05,195
ZOOTOPIA 2 (IMAX 2D),id,Zootopia 2,2025-11-06,208
ZOOTOPIA 2 (IMAX 2D),id,Zootopia 2,2025-11-07,186
ZOOTOPIA 2 (IMAX 2D),id,Zootopia 2,2025-11-08,177
ZOOTOPIA 2 (IMAX 2D),id,Zootopia 2,2025-11-09,190
ZOOTOPIA 2 (IMAX 2D),id,Zootopia 2,2025-11-10,151
ZOOTOPIA 2 (IMAX 2D),id,Zootopia 2,2025-11-11,151
ZOOTOPIA 2 (IMAX 2D),id,Zootopia 2,2025-11-12,133
ZOOTOPIA 2 (IMAX 2D),id,Zootopia 2,2025-11-13,197
ZOOTOPIA 2 (IMAX 2D),id,Zootopia 2,2025-11-14,143
ZOOTOPIA 2 (IMAX 2D),id,Zootopia 2,2025-11-15,152
ZOOTOPIA 2 (IMAX 2D),id,Zootopia 2,2025-11-16,154
ZOOTOPIA 2 (IMAX 2D),id,Zootopia 2,2025-11-17,122
ZOOTOPIA 2 (IMAX 2D),id,Zootopia 2,2025-11-18,163
ZOOTOPIA 2 (IMAX 2D),id,Zootopia 2,2025-11-19,131
ZOOTOPIA 2 (IMAX 2D),id,Zootopia 2,2025-11-20,202
ZOOTOPIA 2 (IMAX 2D),id,Zootopia 2,2025-11-21,245
ZOOTOPIA 2 (IMAX 2D),id,Zootopia 2,2025-11-22,281
ZOOTOPIA 2 (IMAX 2D),id,Zootopia 2,2025-11-23,296
ZOOTOPIA 2 (IMAX 2D),id,Zootopia 2,2025-11-24,322
ZOOTOPIA 2 (IMAX 2D),id,Zootopia 2,2025-11-25,384
ZOOTOPIA 2 (IMAX 2D),id,Zootopia 2,2025-11-26,720
ZOOTOPIA 2 (IMAX 2D),id,Zootopia 2,2025-11-27,755
ZOOTOPIA 2 (IMAX 2D),id,Zootopia 2,2025-11-28,1072
ZOOTOPIA 2 (IMAX 2D),id,Zootopia 2,2025-11-29,1541
ZOOTOPIA 2 (IMAX 2D),id,Zootopia 2,2025-11-30,1175
ZOOTOPIA 2 (IMAX 2D),id,Zootopia 2,2025-12-01,1073
ZOOTOPIA 2 (IMAX 2D),id,Zootopia 2,2025-12-02,1405
ZOOTOPIA 2 (IMAX 2D),id,Zootopia 2,2025-12-03,3207
ZOOTOPIA 2 (IMAX 2D),id,Zootopia 2,2025-12-04,2343
ZOOTOPIA 2 (IMAX 2D),id,Zootopia 2,2025-12-05,722
ZOOTOPIA 2 (IMAX 2D),id,Zootopia 2,2025-12-06,889
ZOOTOPIA 2 (IMAX 2D),id,Zootopia 2,2025-12-07,920
